"Version","No","AdvisoryID","Title","Severity","CVSS","Published","CVEs","Link","FixedInfo"
"5.0; 500; 4.1; 410; 4.0; 400; 3.5; 41","1","VCDSA23424","VMSA-2011-0009:VMware hosted product updates, ESX patches and VI Client update resolve multiple security issue","HIGH","","31 May 2011","CVE-2009-4536; CVE-2010-1188; CVE-2009-3080; CVE-2010-2240; CVE-2011-2146; CVE-2011-1787; CVE-2011-2145; CVE-2011-2217","https://support.broadcom.com/web/ecx/support-content-notification/-/external/content/SecurityAdvisories/0/23424","ESXi | 5.0 | N/A | N/A | N/A | N/A | N/A | N/A | <br>ESXi | 500 | N/A | N/A | N/A | N/A | N/A | N/A | <br>ESXi | 4.1 | N/A | N/A | N/A | N/A | N/A | N/A | <br>ESXi | 410 | N/A | N/A | N/A | N/A | N/A | N/A | <br>ESXi | 4.0 | N/A | N/A | N/A | N/A | N/A | N/A | <br>ESXi | 400 | N/A | N/A | N/A | N/A | N/A | N/A | <br>ESXi | 3.5 | N/A | N/A | N/A | N/A | N/A | N/A | <br>ESXi | 41 | N/A | N/A | N/A | N/A | N/A | N/A | <br>VMware Tools | 5 | N/A | N/A | N/A | N/A | N/A | N/A | "
"6.7; 6.5; 6.0","2","VCDSA23557","VMSA-2019-0012:VMware ESXi, Workstation and Fusion updates address out-of-bounds read/write vulnerabilities","HIGH","6.3-8.5","31 July 2019","CVE-2019-5521; CVE-2019-5684","https://support.broadcom.com/web/ecx/support-content-notification/-/external/content/SecurityAdvisories/0/23557","ESXi | 6.7 | Any | CVE-2019-5521/CVE-2019-5684 | 6.3/8.5 | Important | ESXi670-201904101-SG | see VMSA-2018-0025 | None<br>ESXi | 6.5 | Any | CVE-2019-5521/CVE-2019-5684 | 6.3/8.5 | Important | ESXi650-201903001 | see VMSA-2018-0025 | None<br>ESXi | 6.0 | Any | CVE-2019-5521/CVE-2019-5684 | N/A | N/A | Not affected | N/A | N/A<br>Workstation | 15.x | Any | CVE-2019-5521/CVE-2019-5684 | 7.7/8.5 | Important | 15.0.3 | see VMSA-2018-0025 | None<br>Workstation | 14.x | Any | CVE-2019-5521/CVE-2019-5684 | 7.7/8.5 | Important | 14.1.6 | see VMSA-2018-0025 | None<br>Fusion | 11.x | OSX | CVE-2019-5521/CVE-2019-5684 | 7.7/8.5 | Important | 11.0.3 | see VMSA-2018-0025 | None<br>Fusion | 10.x | OSX | CVE-2019-5521/CVE-2019-5684 | 7.7/8.5 | Important | 10.1.6 | see VMSA-2018-0025 | None"
"4.1; 410; 4.0; 400; 3.5","3","VCDSA23404","VMSA-2010-0018:VMware hosted products and ESX patches resolve multiple security issues","HIGH","","30 November 2010","CVE-2010-4295; CVE-2010-4296; CVE-2010-4297; CVE-2010-4294","https://support.broadcom.com/web/ecx/support-content-notification/-/external/content/SecurityAdvisories/0/23404","ESXi | 4.1 | N/A | N/A | N/A | N/A | N/A | N/A | <br>ESXi | 410 | N/A | N/A | N/A | N/A | N/A | N/A | <br>ESXi | 4.0 | N/A | N/A | N/A | N/A | N/A | N/A | <br>ESXi | 400 | N/A | N/A | N/A | N/A | N/A | N/A | <br>ESXi | 3.5 | N/A | N/A | N/A | N/A | N/A | N/A | <br>VMware Tools | 5 | N/A | N/A | N/A | N/A | N/A | N/A | "
"3.5","4","VCDSA23366","VMSA-2008-0019:VMware Hosted products and patches for ESX and ESXi resolve a CRITICAL security issue and update bzip2","CRITICAL","","30 November 2008","CVE-2008-4917; CVE-2008-1372","https://support.broadcom.com/web/ecx/support-content-notification/-/external/content/SecurityAdvisories/0/23366","ESXi | 3.5 | N/A | N/A | N/A | N/A | N/A | N/A | "
"6.7; 670; 6.5; 650; 6.0; 600; 5.5; 550; 5.1; 510; 5.0; 500; 5.5 U3","5","VCDSA23482","VMSA-2015-0007:VMware vCenter and ESXi updates address CRITICAL security issues.","CRITICAL","","29 September 2015","CVE-2015-5177; CVE-2015-2342; CVE-2015-1047; CVE-2105-2342","https://support.broadcom.com/web/ecx/support-content-notification/-/external/content/SecurityAdvisories/0/23482","vCenter Server | 6.0 | N/A | N/A | N/A | N/A | N/A | N/A | <br>vCenter Server | 5.5 | N/A | N/A | N/A | N/A | N/A | N/A | <br>vCenter Server | 5.1 | N/A | N/A | N/A | N/A | N/A | N/A | <br>vCenter Server | 5.0 | N/A | N/A | N/A | N/A | N/A | N/A | <br>vCenter Server | 5.0 U3 | N/A | N/A | N/A | N/A | N/A | N/A | <br>vCenter Server | 5.1 u3 | N/A | N/A | N/A | N/A | N/A | N/A | <br>vCenter Server | 6.0.0 | N/A | N/A | N/A | N/A | N/A | N/A | <br>vCenter Server | 5.5 U3 | N/A | N/A | N/A | N/A | N/A | N/A | <br>ESXi | 6.7 | N/A | N/A | N/A | N/A | N/A | N/A | <br>ESXi | 670 | N/A | N/A | N/A | N/A | N/A | N/A | <br>ESXi | 6.5 | N/A | N/A | N/A | N/A | N/A | N/A | <br>ESXi | 650 | N/A | N/A | N/A | N/A | N/A | N/A | <br>ESXi | 6.0 | N/A | N/A | N/A | N/A | N/A | N/A | <br>ESXi | 600 | N/A | N/A | N/A | N/A | N/A | N/A | <br>ESXi | 5.5 | N/A | N/A | N/A | N/A | N/A | N/A | <br>ESXi | 550 | N/A | N/A | N/A | N/A | N/A | N/A | <br>ESXi | 5.1 | N/A | N/A | N/A | N/A | N/A | N/A | <br>ESXi | 510 | N/A | N/A | N/A | N/A | N/A | N/A | <br>ESXi | 5.0 | N/A | N/A | N/A | N/A | N/A | N/A | <br>ESXi | 500 | N/A | N/A | N/A | N/A | N/A | N/A | <br>ESXi | 5.5 U3 | N/A | N/A | N/A | N/A | N/A | N/A | "
"3.5","6","VCDSA23364","VMSA-2008-0017:Updated ESX packages for libxml2, ucd-snmp, libtiff","MEDIUM","","29 October 2008","CVE-2008-3281; CVE-2008-0960; CVE-2008-2327; CVE-2008-3529","https://support.broadcom.com/web/ecx/support-content-notification/-/external/content/SecurityAdvisories/0/23364","ESXi | 3.5 | N/A | N/A | N/A | N/A | N/A | N/A | "
"9.1.x.x; 9.0.x.x; 5.x; 5.0.x, 5.1.x","7","VCDSA38017","VMSA-2026-0006.1: VMware ESX, vCenter, Workstation, and Fusion updates address multiple vulnerabilities (CVE-2026-59309, CVE-2026-59310, CVE-2026-47876, CVE-2026-41703, CVE-2026-41709)","CRITICAL","2.7-9.8","29 July 2026","CVE-2026-59309; CVE-2026-59310; CVE-2026-47876; CVE-2026-41703; CVE-2026-41709","https://support.broadcom.com/web/ecx/support-content-notification/-/external/content/SecurityAdvisories/0/38017","VMware Cloud Foundation, VMware vSphere Foundation | vCenter | 9.1.x.x | Any | CVE-2026-59309, CVE-2026-59310 | 9.8 | Critical | [1] 9.1.0.0300 | None | FAQ<br>VMware Cloud Foundation, VMware vSphere Foundation | vCenter | 9.0.x.x | Any | CVE-2026-59309, CVE-2026-59310 | 9.8 | Critical | 9.0.2.0100 | None | FAQ<br>VMware Cloud Foundation | vCenter | 5.x | Any | CVE-2026-59309, CVE-2026-59310 | 9.8 | Critical | Async patch to 8.0 U3k | None | Async Patching Guide: KB88287<br>VMware Cloud Foundation, VMware vSphere Foundation | ESX | 9.1.x.x | Any | CVE-2026-47876 | 9.3 | Critical | ESXi-9.1.0.0200-25557999 | None | FAQ<br>VMware Cloud Foundation, VMware vSphere Foundation | ESX | 9.0.x.x | Any | CVE-2026-47876 | 9.3 | Critical | ESXi-9.0.2.0100-25595025 | None | FAQ<br>VMware ESX | N/A | 8.0 | Any | CVE-2026-47876 | 9.3 | Critical | ESXi80U3k-25595708 | None | FAQ<br>VMware ESX | N/A | 8.0 | Any | CVE-2026-47876 | 9.3 | Critical | ESXi80U2f-25626445 | None | FAQ<br>VMware ESX | N/A | 7.0 | Any | CVE-2026-47876 | 9.3 | Critical | Contact Broadcom Support if you have extended support contract. | None | FAQ<br>VMware Cloud Foundation | ESX | 5.x | Any | CVE-2026-47876 | 9.3 | Critical | Async Patching Guide: KB88287 | None | FAQ<br>VMware Telco Cloud Platform | ESX | 5.0.x, 5.1.x | Any | CVE-2026-47876 | 9.3 | Critical | KB449886 | None | None<br>VMware Cloud Foundation, VMware vSphere Foundation | ESX | 9.1.x.x | Any | CVE-2026-41703 | 7.6 | Important | ESXi-9.1.0.0-25370933 | None | None<br>VMware Cloud Foundation, VMware vSphere Foundation | ESX | 9.0.x.x | Any | CVE-2026-41703 | 7.6 | Important | ESXi-9.0.2.0100-25595025 | None | None<br>VMware ESX | N/A | 8.0 | Any | CVE-2026-41703 | 7.6 | Important | ESXi80U3i-25205845 | None | None<br>VMware Workstation | N/A | 25H2 | Any | CVE-2026-41703 | 2.7 | Low | 26H1 | None | None<br>VMware Fusion | N/A | 25H2 | Any | CVE-2026-41703 | 2.7 | Low | 26H1 | None | None<br>VMware Cloud Foundation | ESX | 5.x | Any | CVE-2026-41703 | 7.6 | Important | 5.2.3 | None | Async Patching Guide: KB88287<br>VMware Telco Cloud Platform | ESX | 5.0.x, 5.1.x | Any | CVE-2026-41703 | 7.6 | Important | KB449886 | None | None<br>VMware Cloud Foundation, VMware vSphere Foundation | ESX | 9.1.x.x | Any | CVE-2026-41709 | 2.7 | Low | ESXi-9.1.0.0-25370933 | None | None<br>VMware Cloud Foundation, VMware vSphere Foundation | ESX | 9.0.x.x | Any | CVE-2026-41709 | 2.7 | Low | ESXi-9.0.2.0100-25595025 | None | None<br>VMware ESX | N/A | 8.0 | Any | CVE-2026-41709 | 2.7 | Low | ESXi80U3j-25429389 | None | None<br>VMware Cloud Foundation | ESX | 5.x | Any | CVE-2026-41709 | 2.7 | Low | 5.2.4 | None | Async Patching Guide: KB88287<br>VMware Telco Cloud Platform | ESX | 5.0.x, 5.1.x | Any | CVE-2026-41709 | 2.7 | Low | KB449886 | None | None"
"5.1; 510; 5.0; 4.1; 410; 4.0; 400; 500","8","VCDSA23453","VMSA-2013-0009:VMware vSphere, ESX and ESXi updates to third party libraries","HIGH","","29 July 2013","CVE-2013-1662; CVE-2013-0169; CVE-2013-0166; CVE-2013-0338; CVE-2013-2116; CVE-2013-0268; CVE-2013-0871","https://support.broadcom.com/web/ecx/support-content-notification/-/external/content/SecurityAdvisories/0/23453","vCenter Server | 5.1 | N/A | N/A | N/A | N/A | N/A | N/A | <br>vCenter Server | 5.0 | N/A | N/A | N/A | N/A | N/A | N/A | <br>ESXi | 5.1 | N/A | N/A | N/A | N/A | N/A | N/A | <br>ESXi | 510 | N/A | N/A | N/A | N/A | N/A | N/A | <br>ESXi | 5.0 | N/A | N/A | N/A | N/A | N/A | N/A | <br>ESXi | 4.1 | N/A | N/A | N/A | N/A | N/A | N/A | <br>ESXi | 410 | N/A | N/A | N/A | N/A | N/A | N/A | <br>ESXi | 4.0 | N/A | N/A | N/A | N/A | N/A | N/A | <br>ESXi | 400 | N/A | N/A | N/A | N/A | N/A | N/A | <br>ESXi | 500 | N/A | N/A | N/A | N/A | N/A | N/A | "
"5.0; 500; 4.1; 410; 4.0; 400; 3.5; 5.1; 2; 350","9","VCDSA23442","VMSA-2013-0001:VMware vSphere security updates for the authentication service and third party libraries","MEDIUM","","29 January 2013","CVE-2013-1406; CVE-2013-1405; CVE-2011-3102; CVE-2012-2807; CVE-2012-4244; CVE-2011-1202; CVE-2011-3970; CVE-2012-2825; CVE-2012-2870; CVE-2012-2871","https://support.broadcom.com/web/ecx/support-content-notification/-/external/content/SecurityAdvisories/0/23442","vCenter Server | 4.1 | N/A | N/A | N/A | N/A | N/A | N/A | <br>vCenter Server | 4.0 | N/A | N/A | N/A | N/A | N/A | N/A | <br>vCenter Server | 5.1 | N/A | N/A | N/A | N/A | N/A | N/A | <br>vCenter Server | 5.0 | N/A | N/A | N/A | N/A | N/A | N/A | <br>ESXi | 5.0 | N/A | N/A | N/A | N/A | N/A | N/A | <br>ESXi | 500 | N/A | N/A | N/A | N/A | N/A | N/A | <br>ESXi | 4.1 | N/A | N/A | N/A | N/A | N/A | N/A | <br>ESXi | 410 | N/A | N/A | N/A | N/A | N/A | N/A | <br>ESXi | 4.0 | N/A | N/A | N/A | N/A | N/A | N/A | <br>ESXi | 400 | N/A | N/A | N/A | N/A | N/A | N/A | <br>ESXi | 3.5 | N/A | N/A | N/A | N/A | N/A | N/A | <br>ESXi | 5.1 | N/A | N/A | N/A | N/A | N/A | N/A | <br>ESXi | 2 | N/A | N/A | N/A | N/A | N/A | N/A | <br>ESXi | 350 | N/A | N/A | N/A | N/A | N/A | N/A | "
"3.5","10","VCDSA23385","VMSA-2009-0008:ESX Service Console update for krb5","HIGH","","28 June 2009","CVE-2009-0846; CVE-2009-0845; CVE-2009-0844","https://support.broadcom.com/web/ecx/support-content-notification/-/external/content/SecurityAdvisories/0/23385","ESXi | 3.5 | N/A | N/A | N/A | N/A | N/A | N/A | "
"5.0; 500; 4.1; 410; 4.0; 400; 3.5","11","VCDSA23405","VMSA-2012-0001:VMware ESXi and ESX updates to third party library and ESX Service Console","HIGH","","28 January 2012","CVE-2011-0726; CVE-2011-1078; CVE-2011-1079; CVE-2011-1080; CVE-2011-1093; CVE-2011-1163; CVE-2011-1166; CVE-2011-1170; CVE-2011-1171; CVE-2011-1172; CVE-2011-1494; CVE-2011-1495; CVE-2011-1577; CVE-2011-1763; CVE-2010-4649; CVE-2011-0695; CVE-2011-0711; CVE-2011-1044; CVE-2011-1182; CVE-2011-1573; CVE-2011-1576; CVE-2011-1593; CVE-2011-1745; CVE-2011-1746; CVE-2011-1776; CVE-2011-1936; CVE-2011-2022; CVE-2011-2213; CVE-2011-2492; CVE-2011-1780; CVE-2011-2525; CVE-2011-2689; CVE-2011-2482; CVE-2011-2491; CVE-2011-2495; CVE-2011-2517; CVE-2011-2519; CVE-2011-2901; CVE-2011-2192; CVE-2010-2059; CVE-2011-3378; CVE-2010-0547; CVE-2010-0787; CVE-2011-1678; CVE-2011-2522; CVE-2011-2694; CVE-2009-3720; CVE-2010-3493; CVE-2011-1015; CVE-2011-1521; CVE-2009-3560; CVE-2010-1634; CVE-2010-2089","https://support.broadcom.com/web/ecx/support-content-notification/-/external/content/SecurityAdvisories/0/23405","ESXi | 5.0 | N/A | N/A | N/A | N/A | N/A | N/A | <br>ESXi | 500 | N/A | N/A | N/A | N/A | N/A | N/A | <br>ESXi | 4.1 | N/A | N/A | N/A | N/A | N/A | N/A | <br>ESXi | 410 | N/A | N/A | N/A | N/A | N/A | N/A | <br>ESXi | 4.0 | N/A | N/A | N/A | N/A | N/A | N/A | <br>ESXi | 400 | N/A | N/A | N/A | N/A | N/A | N/A | <br>ESXi | 3.5 | N/A | N/A | N/A | N/A | N/A | N/A | "
"3.5","12","VCDSA23382","VMSA-2009-0001:ESX patches address an issue loading corrupt virtual disks and update Service Console packages","MEDIUM","","28 January 2009","CVE-2008-4914; CVE-2008-4309; CVE-2008-4226; CVE-2008-4225","https://support.broadcom.com/web/ecx/support-content-notification/-/external/content/SecurityAdvisories/0/23382","ESXi | 3.5 | N/A | N/A | N/A | N/A | N/A | N/A | "
"4.1; 410; 5.0; 5.0.0; 4.0; 3.5","13","VCDSA23437","VMSA-2012-0013:VMware vSphere and vCOps updates to third party libraries","HIGH","","28 August 2012","CVE-2010-4180; CVE-2010-4252; CVE-2011-0014; CVE-2011-4108; CVE-2011-4109; CVE-2011-4576; CVE-2011-4577; CVE-2011-4619; CVE-2012-0050; CVE-2012-2110; CVE-2011-1833; CVE-2011-2484; CVE-2011-2496; CVE-2011-3188; CVE-2011-3209; CVE-2011-3363; CVE-2011-4110; CVE-2011-1020; CVE-2011-4132; CVE-2011-4324; CVE-2011-4325; CVE-2012-0207; CVE-2011-2699; CVE-2012-1583; CVE-2010-2761; CVE-2010-4410; CVE-2011-3597; CVE-2012-0841; CVE-2009-5029; CVE-2009-5064; CVE-2010-0830; CVE-2011-1089; CVE-2011-4609; CVE-2012-0864; CVE-2011-4128; CVE-2012-1569; CVE-2012-1573; CVE-2012-0060; CVE-2012-0061; CVE-2012-0815; CVE-2012-0393; CVE-2011-5057; CVE-2012-0391; CVE-2012-0392; CVE-2012-0394","https://support.broadcom.com/web/ecx/support-content-notification/-/external/content/SecurityAdvisories/0/23437","vCenter Server | 5.0 | N/A | N/A | N/A | N/A | N/A | N/A | <br>vCenter Server | 4.1 | N/A | N/A | N/A | N/A | N/A | N/A | <br>vCenter Server | 4.0 | N/A | N/A | N/A | N/A | N/A | N/A | <br>ESXi | 4.1 | N/A | N/A | N/A | N/A | N/A | N/A | <br>ESXi | 410 | N/A | N/A | N/A | N/A | N/A | N/A | <br>ESXi | 5.0 | N/A | N/A | N/A | N/A | N/A | N/A | <br>ESXi | 5.0.0 | N/A | N/A | N/A | N/A | N/A | N/A | <br>ESXi | 4.0 | N/A | N/A | N/A | N/A | N/A | N/A | <br>ESXi | 3.5 | N/A | N/A | N/A | N/A | N/A | N/A | "
"5.5; 550; 5.1; 510; 5.0; 500","14","VCDSA23446","VMSA-2014-0005:VMware Workstation, Player, Fusion, and ESXi patches address a guest privilege escalation","HIGH","","27 May 2014","CVE-2014-3793","https://support.broadcom.com/web/ecx/support-content-notification/-/external/content/SecurityAdvisories/0/23446","ESXi | 5.5 | N/A | N/A | N/A | N/A | N/A | N/A | <br>ESXi | 550 | N/A | N/A | N/A | N/A | N/A | N/A | <br>ESXi | 5.1 | N/A | N/A | N/A | N/A | N/A | N/A | <br>ESXi | 510 | N/A | N/A | N/A | N/A | N/A | N/A | <br>ESXi | 5.0 | N/A | N/A | N/A | N/A | N/A | N/A | <br>ESXi | 500 | N/A | N/A | N/A | N/A | N/A | N/A | "
"4.1; 410; 4.0; 400; 3.5; 5.0","15","VCDSA23430","VMSA-2012-0006:VMware ESXi and ESX address several security issues","HIGH","","27 March 2012","CVE-2012-1515; CVE-2011-2482; CVE-2011-3191; CVE-2011-4348; CVE-2011-4862","https://support.broadcom.com/web/ecx/support-content-notification/-/external/content/SecurityAdvisories/0/23430","ESXi | 4.1 | N/A | N/A | N/A | N/A | N/A | N/A | <br>ESXi | 410 | N/A | N/A | N/A | N/A | N/A | N/A | <br>ESXi | 4.0 | N/A | N/A | N/A | N/A | N/A | N/A | <br>ESXi | 400 | N/A | N/A | N/A | N/A | N/A | N/A | <br>ESXi | 3.5 | N/A | N/A | N/A | N/A | N/A | N/A | <br>ESXi | 5.0 | N/A | N/A | N/A | N/A | N/A | N/A | <br>VMware Tools | 5 | N/A | N/A | N/A | N/A | N/A | N/A | "
"5.1; 510; 5.0; 500; 4.1; 410; 4.0; 400","16","VCDSA23455","VMSA-2013-0011:VMware ESXi and ESX address an NFC Protocol Unhandled Exception","MEDIUM","","27 August 2013","CVE-2013-5970; CVE-2013-5971; CVE-2013-1661","https://support.broadcom.com/web/ecx/support-content-notification/-/external/content/SecurityAdvisories/0/23455","ESXi | 5.1 | N/A | N/A | N/A | N/A | N/A | N/A | <br>ESXi | 510 | N/A | N/A | N/A | N/A | N/A | N/A | <br>ESXi | 5.0 | N/A | N/A | N/A | N/A | N/A | N/A | <br>ESXi | 500 | N/A | N/A | N/A | N/A | N/A | N/A | <br>ESXi | 4.1 | N/A | N/A | N/A | N/A | N/A | N/A | <br>ESXi | 410 | N/A | N/A | N/A | N/A | N/A | N/A | <br>ESXi | 4.0 | N/A | N/A | N/A | N/A | N/A | N/A | <br>ESXi | 400 | N/A | N/A | N/A | N/A | N/A | N/A | "
"3.5","17","VCDSA23361","VMSA-2008-0014:Updates to VMware Workstation, VMware Player, VMware ACE, VMware Server, VMware ESX, VMware VCB address information disclosure, privilege escalation and other security issues.","HIGH","","27 August 2008","CVE-2008-2101; CVE-2007-5269; CVE-2008-1447; CVE-2008-3691; CVE-2008-3692; CVE-2008-3693; CVE-2008-3694; CVE-2008-3695; CVE-2007-5438; CVE-2008-3696; CVE-2008-3697; CVE-2008-3698; CVE-2008-1806; CVE-2008-1807; CVE-2008-1808; CVE-2007-5503","https://support.broadcom.com/web/ecx/support-content-notification/-/external/content/SecurityAdvisories/0/23361","ESXi | 3.5 | N/A | N/A | N/A | N/A | N/A | N/A | "
"7.0; 6.7; 6.5","18","VCDSA23579","VMSA-2020-0012:VMware ESXi, Workstation and Fusion updates address out-of-bounds read vulnerability","HIGH","","26 May 2020","CVE-2020-3960","https://support.broadcom.com/web/ecx/support-content-notification/-/external/content/SecurityAdvisories/0/23579","ESXi | 7.0 | Any | CVE-2020-3960 | N/A | N/A | Unaffected | N/A | N/A<br>ESXi | 6.7 | Any | CVE-2020-3960 | 7.1 | important | ESXi670-202006401-SG | None | None<br>ESXi | 6.5 | Any | CVE-2020-3960 | 7.1 | important | ESXi650-202005401-SG | None | None<br>Workstation | 15.x | Any | CVE-2020-3960 | 7.1 | important | 15.5.5 | None | None<br>Fusion | 11.x | Any | CVE-2020-3960 | 7.1 | important | 11.5.5 | None | None"
"3.5; 4.0","19","VCDSA23384","VMSA-2009-0007:VMware Hosted products and ESX and ESXi patches resolve security issues","MEDIUM","","26 May 2009","CVE-2009-1805; CVE-2009-0040; CVE-2008-1382","https://support.broadcom.com/web/ecx/support-content-notification/-/external/content/SecurityAdvisories/0/23384","ESXi | 3.5 | N/A | N/A | N/A | N/A | N/A | N/A | <br>ESXi | 4.0 | N/A | N/A | N/A | N/A | N/A | N/A | "
"6.7; 670; 6.5; 650; 6.0; 600","20","VCDSA23550","VMSA-2019-0005:VMware ESXi, Workstation and Fusion updates address multiple security issues.","CRITICAL","","26 March 2019","CVE-2019-5514; CVE-2019-5515; CVE-2019-5518; CVE-2019-5519; CVE-2019-5524","https://support.broadcom.com/web/ecx/support-content-notification/-/external/content/SecurityAdvisories/0/23550","ESXi | 6.7 | N/A | N/A | N/A | N/A | N/A | N/A | <br>ESXi | 670 | N/A | N/A | N/A | N/A | N/A | N/A | <br>ESXi | 6.5 | N/A | N/A | N/A | N/A | N/A | N/A | <br>ESXi | 650 | N/A | N/A | N/A | N/A | N/A | N/A | <br>ESXi | 6.0 | N/A | N/A | N/A | N/A | N/A | N/A | <br>ESXi | 600 | N/A | N/A | N/A | N/A | N/A | N/A | "
"6.0; 6.5; 650; 6.0 U3; 600; 6.0 U2; 6.0 U1; 5.5; 550; 60U2; 60U1","21","VCDSA23517","VMSA-2017-0006:VMware ESXi, Workstation and Fusion updates address CRITICAL and MEDIUM security issues","CRITICAL","","26 March 2017","CVE-2017-4902; CVE-2017-4903; CVE-2017-4904; CVE-2017-4905","https://support.broadcom.com/web/ecx/support-content-notification/-/external/content/SecurityAdvisories/0/23517","ESXi | 6.0 | N/A | N/A | N/A | N/A | N/A | N/A | <br>ESXi | 6.5 | N/A | N/A | N/A | N/A | N/A | N/A | <br>ESXi | 650 | N/A | N/A | N/A | N/A | N/A | N/A | <br>ESXi | 6.0 U3 | N/A | N/A | N/A | N/A | N/A | N/A | <br>ESXi | 600 | N/A | N/A | N/A | N/A | N/A | N/A | <br>ESXi | 6.0 U2 | N/A | N/A | N/A | N/A | N/A | N/A | <br>ESXi | 6.0 U1 | N/A | N/A | N/A | N/A | N/A | N/A | <br>ESXi | 5.5 | N/A | N/A | N/A | N/A | N/A | N/A | <br>ESXi | 550 | N/A | N/A | N/A | N/A | N/A | N/A | <br>ESXi | 60U2 | N/A | N/A | N/A | N/A | N/A | N/A | <br>ESXi | 60U1 | N/A | N/A | N/A | N/A | N/A | N/A | "
"5.1; 510; 5.0; 500; 4.0; 400; 4.1; 410; 2","22","VCDSA23409","VMSA-2013-0004:VMware ESXi and ESX security update for third party library","MEDIUM","","26 March 2013","CVE-2013-1899; CVE-2013-1900; CVE-2013-1901; CVE-2012-5134","https://support.broadcom.com/web/ecx/support-content-notification/-/external/content/SecurityAdvisories/0/23409","ESXi | 5.1 | N/A | N/A | N/A | N/A | N/A | N/A | <br>ESXi | 510 | N/A | N/A | N/A | N/A | N/A | N/A | <br>ESXi | 5.0 | N/A | N/A | N/A | N/A | N/A | N/A | <br>ESXi | 500 | N/A | N/A | N/A | N/A | N/A | N/A | <br>ESXi | 4.0 | N/A | N/A | N/A | N/A | N/A | N/A | <br>ESXi | 400 | N/A | N/A | N/A | N/A | N/A | N/A | <br>ESXi | 4.1 | N/A | N/A | N/A | N/A | N/A | N/A | <br>ESXi | 410 | N/A | N/A | N/A | N/A | N/A | N/A | <br>ESXi | 2 | N/A | N/A | N/A | N/A | N/A | N/A | "
"6.7; 670; 6.5; 6.0; 5.5","23","VCDSA23542","VMSA-2018-0016:VMware ESXi, Workstation, and Fusion updates address multiple out-of-bounds read vulnerabilities","HIGH","","26 June 2018","CVE-2018-6965; CVE-2018-6966; CVE-2018-6967","https://support.broadcom.com/web/ecx/support-content-notification/-/external/content/SecurityAdvisories/0/23542","ESXi | 6.7 | N/A | N/A | N/A | N/A | N/A | N/A | <br>ESXi | 670 | N/A | N/A | N/A | N/A | N/A | N/A | <br>ESXi | 6.5 | N/A | N/A | N/A | N/A | N/A | N/A | <br>ESXi | 6.0 | N/A | N/A | N/A | N/A | N/A | N/A | <br>ESXi | 5.5 | N/A | N/A | N/A | N/A | N/A | N/A | "
"3.5","24","VCDSA23358","VMSA-2008-0011:Updated ESX service console packages for Samba and vmnix","MEDIUM","","26 July 2008","CVE-2007-5001; CVE-2007-6151; CVE-2007-6206; CVE-2008-0007; CVE-2008-1367; CVE-2008-1375; CVE-2008-1669; CVE-2006-4814; CVE-2008-1105","https://support.broadcom.com/web/ecx/support-content-notification/-/external/content/SecurityAdvisories/0/23358","ESXi | 3.5 | N/A | N/A | N/A | N/A | N/A | N/A | "
"4.1; 410; 4.0; 400","25","VCDSA23422","VMSA-2011-0007:VMware ESXi and ESX Denial of Service and third party updates for Likewise components and ESX Service Console","MEDIUM","","26 April 2011","CVE-2011-1785; CVE-2011-1786; CVE-2010-1324; CVE-2010-1323; CVE-2010-4020; CVE-2010-4021; CVE-2010-2240","https://support.broadcom.com/web/ecx/support-content-notification/-/external/content/SecurityAdvisories/0/23422","ESXi | 4.1 | N/A | N/A | N/A | N/A | N/A | N/A | <br>ESXi | 410 | N/A | N/A | N/A | N/A | N/A | N/A | <br>ESXi | 4.0 | N/A | N/A | N/A | N/A | N/A | N/A | <br>ESXi | 400 | N/A | N/A | N/A | N/A | N/A | N/A | "
"4.1; 5.0; 410; 4.0; 3.5; 41","26","VCDSA23428","VMSA-2011-0013:VMware third party component updates for VMware vCenter Server, vCenter Update Manager, ESXi and ESX","MEDIUM","","25 October 2011","CVE-2008-7270; CVE-2010-4180; CVE-2011-0002; CVE-2010-3170; CVE-2010-3173; CVE-2010-1321; CVE-2010-3541; CVE-2010-3548; CVE-2010-3549; CVE-2010-3550; CVE-2010-3551; CVE-2010-3552; CVE-2010-3553; CVE-2010-3554; CVE-2010-3555; CVE-2010-3556; CVE-2010-3557; CVE-2010-3558; CVE-2010-3559; CVE-2010-3560; CVE-2010-3561; CVE-2010-3562; CVE-2010-3563; CVE-2010-3565; CVE-2010-3566; CVE-2010-3567; CVE-2010-3568; CVE-2010-3569; CVE-2010-3570; CVE-2010-3571; CVE-2010-3572; CVE-2010-3573; CVE-2010-3574; CVE-2010-4422; CVE-2010-4447; CVE-2010-4448; CVE-2010-4450; CVE-2010-4451; CVE-2010-4452; CVE-2010-4454; CVE-2010-4462; CVE-2010-4463; CVE-2010-4465; CVE-2010-4466; CVE-2010-4467; CVE-2010-4468; CVE-2010-4469; CVE-2010-4470; CVE-2010-4471; CVE-2010-4472; CVE-2010-4473; CVE-2010-4474; CVE-2010-4475; CVE-2010-4476; CVE-2011-0862; CVE-2011-0873; CVE-2011-0815; CVE-2011-0864; CVE-2011-0802; CVE-2011-0814; CVE-2011-0871; CVE-2011-0867; CVE-2011-0865; CVE-2010-2054","https://support.broadcom.com/web/ecx/support-content-notification/-/external/content/SecurityAdvisories/0/23428","vCenter Server | 4.1 | N/A | N/A | N/A | N/A | N/A | N/A | <br>vCenter Server | 4.0 | N/A | N/A | N/A | N/A | N/A | N/A | <br>vCenter Server | 2.5 | N/A | N/A | N/A | N/A | N/A | N/A | <br>ESXi | 4.1 | N/A | N/A | N/A | N/A | N/A | N/A | <br>ESXi | 5.0 | N/A | N/A | N/A | N/A | N/A | N/A | <br>ESXi | 410 | N/A | N/A | N/A | N/A | N/A | N/A | <br>ESXi | 4.0 | N/A | N/A | N/A | N/A | N/A | N/A | <br>ESXi | 3.5 | N/A | N/A | N/A | N/A | N/A | N/A | <br>ESXi | 41 | N/A | N/A | N/A | N/A | N/A | N/A | "
"4.0; 400; 3.5","27","VCDSA23391","VMSA-2009-0015:VMware hosted products and ESX patches resolve two security issues","HIGH","","25 October 2009","CVE-2009-2267; CVE-2009-3733","https://support.broadcom.com/web/ecx/support-content-notification/-/external/content/SecurityAdvisories/0/23391","ESXi | 4.0 | N/A | N/A | N/A | N/A | N/A | N/A | <br>ESXi | 400 | N/A | N/A | N/A | N/A | N/A | N/A | <br>ESXi | 3.5 | N/A | N/A | N/A | N/A | N/A | N/A | "
"4.0.0; 400; 4.0; 3.5","28","VCDSA23378","VMSA-2010-0009:ESXi utilities and ESX Service Console third party updates","MEDIUM","","25 May 2010","CVE-2009-2695; CVE-2009-2908; CVE-2009-3228; CVE-2009-3286; CVE-2009-3547; CVE-2009-3613; CVE-2009-3612; CVE-2009-3620; CVE-2009-3621; CVE-2009-3726; CVE-2007-4567; CVE-2009-4536; CVE-2009-4537; CVE-2009-4538; CVE-2006-6304; CVE-2009-2910; CVE-2009-3080; CVE-2009-3556; CVE-2009-3889; CVE-2009-3939; CVE-2009-4020; CVE-2009-4021; CVE-2009-4138; CVE-2009-4141; CVE-2009-4272; CVE-2009-3563; CVE-2009-4355; CVE-2009-2409; CVE-2009-0590; CVE-2009-1377; CVE-2009-1378; CVE-2009-1379; CVE-2009-1386; CVE-2009-1387; CVE-2009-4212; CVE-2009-1384; CVE-2010-0097; CVE-2010-0290; CVE-2009-3736; CVE-2010-0001; CVE-2010-0426; CVE-2010-0427; CVE-2010-0382","https://support.broadcom.com/web/ecx/support-content-notification/-/external/content/SecurityAdvisories/0/23378","ESXi | 4.0.0 | N/A | N/A | N/A | N/A | N/A | N/A | <br>ESXi | 400 | N/A | N/A | N/A | N/A | N/A | N/A | <br>ESXi | 4.0 | N/A | N/A | N/A | N/A | N/A | N/A | <br>ESXi | 3.5 | N/A | N/A | N/A | N/A | N/A | N/A | "
"8.0; 7.0","29","VCDSA24505","VMSA-2024-0013:VMware ESXi and vCenter Server updates address multiple security vulnerabilities (CVE-2024-37085, CVE-2024-37086, CVE-2024-37087)","MEDIUM","5.3-6.8","25 June 2024","CVE-2024-37085; CVE-2024-37086; CVE-2024-37087","https://support.broadcom.com/web/ecx/support-content-notification/-/external/content/SecurityAdvisories/0/24505","ESXi | 8.0 | Any | CVE-2024-37085 | 6.8 | Moderate | ESXi80U3-24022510 | KB369707 | None<br>ESXi | 7.0 | Any | CVE-2024-37085 | 6.8 | Moderate | No Patch Planned | KB369707 | None<br>VMware Cloud Foundation | 5.x | Any | CVE-2024-37085 | 6.8 | Moderate | 5.2 | KB369707 | None<br>VMware Cloud Foundation | 4.x | Any | CVE-2024-37085 | 6.8 | Moderate | No Patch Planned | KB369707 | None<br>ESXi | 8.0 | Any | CVE-2024-37086 | 6.8 | Moderate | ESXi80U3-24022510 | None | None<br>ESXi | 7.0 | Any | CVE-2024-37086 | 6.8 | Moderate | ESXi70U3sq-23794019 | None | None<br>VMware Cloud Foundation | 5.x | Any | CVE-2024-37086 | 6.8 | Moderate | 5.2 | None | None<br>VMware Cloud Foundation | 4.x | Any | CVE-2024-37086 | 6.8 | Moderate | Async patch to ESXi 7.0 U3q | None | Async Patching Guide: KB88287<br>vCenter Server | 8.0 | Any | CVE-2024-37087 | 5.3 | Moderate | 8.0 U3 | None | None<br>vCenter Server | 7.0 | Any | CVE-2024-37087 | 5.3 | Moderate | 7.0 U3q [1] | None | None<br>VMware Cloud Foundation | 5.x | Any | CVE-2024-37087 | 5.3 | Moderate | 5.2 | None | None<br>VMware Cloud Foundation | 4.x | Any | CVE-2024-37087 | 5.3 | Moderate | Async patch to 7.0 U3q [1] | None | Async Patching Guide: KB88287"
"5.5; 550; 5.1; 510; 5.0; 500; 1.0.1; 2","30","VCDSA23471","VMSA-2015-0001:VMware vCenter Server, ESXi, Workstation, Player, and Fusion updates address security issues","HIGH","","25 January 2015","CVE-2014-8370; CVE-2015-1043; CVE-2015-1044; CVE-2014-3513; CVE-2014-3567; CVE-2014-3566; CVE-2014-3568; CVE-2014-3660","https://support.broadcom.com/web/ecx/support-content-notification/-/external/content/SecurityAdvisories/0/23471","vCenter Server | 5.5 | N/A | N/A | N/A | N/A | N/A | N/A | <br>vCenter Server | 5.1 | N/A | N/A | N/A | N/A | N/A | N/A | <br>vCenter Server | 5.0 | N/A | N/A | N/A | N/A | N/A | N/A | <br>ESXi | 5.5 | N/A | N/A | N/A | N/A | N/A | N/A | <br>ESXi | 550 | N/A | N/A | N/A | N/A | N/A | N/A | <br>ESXi | 5.1 | N/A | N/A | N/A | N/A | N/A | N/A | <br>ESXi | 510 | N/A | N/A | N/A | N/A | N/A | N/A | <br>ESXi | 5.0 | N/A | N/A | N/A | N/A | N/A | N/A | <br>ESXi | 500 | N/A | N/A | N/A | N/A | N/A | N/A | <br>ESXi | 1.0.1 | N/A | N/A | N/A | N/A | N/A | N/A | <br>ESXi | 2 | N/A | N/A | N/A | N/A | N/A | N/A | "
"6.7; 6.5; 6.0","31","VCDSA23564","VMSA-2019-0019:VMware ESXi, Workstation and Fusion updates address a denial-of-service vulnerability","MEDIUM","6.3","22 October 2019","CVE-2019-5536","https://support.broadcom.com/web/ecx/support-content-notification/-/external/content/SecurityAdvisories/0/23564","ESXi | 6.7 | Any | CVE-2019-5536 | 6.3 | Moderate | ESXi670-201908101-SG | see VMSA-2018-0025 | None<br>ESXi | 6.5 | Any | CVE-2019-5536 | 6.3 | Moderate | ESXi650-201910401-SG | see VMSA-2018-0025 | None<br>ESXi | 6.0 | Any | CVE-2019-5536 | N/A | N/A | Not affected | N/A | N/A<br>Workstation | 15.x | Any | CVE-2019-5536 | 6.3 | Moderate | 15.5.0 | see VMSA-2018-0025 | None<br>Fusion | 11.x | OS X | CVE-2019-5536 | 6.3 | Moderate | 11.5.0 | see VMSA-2018-0025 | None"
"7.0; 6.7; 6.5","32","VCDSA23581","VMSA-2020-0015:VMware Cloud Foundation, ESXi, Workstation, and Fusion updates address multiple security vulnerabilities","CRITICAL","","22 June 2020","CVE-2020-3962; CVE-2020-3963; CVE-2020-3964; CVE-2020-3965; CVE-2020-3966; CVE-2020-3967; CVE-2020-3968; CVE-2020-3969; CVE-2020-3970; CVE-2020-3971","https://support.broadcom.com/web/ecx/support-content-notification/-/external/content/SecurityAdvisories/0/23581","ESXi[1] | 7.0 | Any | CVE-2020-3962, CVE-2020-3969, CVE-2020-3970 | 9.3 | critical | ESXi_7.0.0-1.20.16321839 | See Item 34 | None<br>ESXi[1] | 6.7 | Any | CVE-2020-3962, [3]CVE-2020-3969, CVE-2020-3970 | 9.3 | critical | ESXi670-202004101-SG | See Item 34 | None<br>ESXi[1] | 6.5 | Any | CVE-2020-3962, [3]CVE-2020-3969, CVE-2020-3970 | 9.3 | critical | ESXi650-202005401-SG | See Item 34 | None<br>Fusion[2] | 11.x | Any | CVE-2020-3962, CVE-2020-3969, CVE-2020-3970 | 9.3 | critical | 11.5.5 | KB59146 | None<br>Workstation[2] | 15.x | Any | CVE-2020-3962, CVE-2020-3969, CVE-2020-3970 | 9.3 | critical | 15.5.5 | KB59146 | None<br>VMware Cloud Foundation | 4.x | Any | CVE-2020-3962, CVE-2020-3969, CVE-2020-3970 | 9.3 | critical | 4.0.1 | See Item 34 | None<br>VMware Cloud Foundation | 3.x | Any | CVE-2020-3962, [3]CVE-2020-3969 CVE-2020-3970 | 9.3 | critical | 3.10 | See Item 34 | None<br>ESXi | 7.0 | Any | CVE-2020-3967, CVE-2020-3968 | 8.1 | important | ESXi_7.0.0-1.20.16321839 | Remove USB Controller | None<br>ESXi | 6.7 | Any | CVE-2020-3967, CVE-2020-3968 | 8.1 | important | ESXi670-202004101-SG | Remove USB Controller | None<br>ESXi | 6.5 | Any | CVE-2020-3967, CVE-2020-3968 | 8.1 | important | ESXi650-202005401-SG | Remove USB Controller | None<br>Fusion | 11.x | Any | CVE-2020-3967, CVE-2020-3968 | 8.1 | important | 11.5.5 | Remove USB Controller | None<br>Workstation | 15.x | Any | CVE-2020-3967, CVE-2020-3968 | 8.1 | important | 15.5.5 | Remove USB Controller | None<br>VMware Cloud Foundation | 4.x | Any | CVE-2020-3967, CVE-2020-3968 | 8.1 | important | 4.0.1 | Remove USB Controller | None.<br>VMware Cloud Foundation | 3.x | Any | CVE-2020-3967, CVE-2020-3968 | 8.1 | important | 3.10 | Remove USB Controller | None<br>ESXi | 7.0 | Any | CVE-2020-3966 | 8.1 | important | ESXi_7.0.0-1.20.16321839 | Remove USB Controller | None<br>ESXi | 6.7 | Any | CVE-2020-3966 | 8.1 | important | ESXi670-202004101-SG | Remove USB Controller | None<br>ESXi | 6.5 | Any | CVE-2020-3966 | 8.1 | important | ESXi650-202005401-SG | Remove USB Controller | None<br>Fusion | 11.x | Any | CVE-2020-3966 | 8.1 | important | 11.5.2 | Remove USB Controller | None<br>Workstation | 15.x | Any | CVE-2020-3966 | 8.1 | important | 15.5.2 | Remove USB Controller | None<br>VMware Cloud Foundation | 4.x | Any | CVE-2020-3966 | 8.1 | important | 4.0.1 | Remove USB Controller | None<br>VMware Cloud Foundation | 3.x | Any | CVE-2020-3966 | 8.1 | important | 3.10 | Remove USB Controller | None<br>ESXi | 7.0 | Any | CVE-2020-3965, CVE-2020-3963, CVE-2020-3964 | 7.1 | important | ESXi_7.0.0-1.20.16321839 | [4]Remove USB Controller | None<br>ESXi | 6.7 | Any | CVE-2020-3965, CVE-2020-3963, CVE-2020-3964 | 7.1 | important | ESXi670-202006401-SG | [4]Remove USB Controller | None<br>ESXi | 6.5 | Any | CVE-2020-3965, CVE-2020-3963, CVE-2020-3964 | 7.1 | important | ESXi650-202005401-SG | [4]Remove USB Controller | None<br>Fusion | 11.x | Any | CVE-2020-3965, CVE-2020-3963, CVE-2020-3964 ..."
"8.0; 7.0; 5.x; 4.x","33","VCDSA24308","VMSA-2024-0011:VMware ESXi, Workstation, Fusion and vCenter Server updates address multiple security vulnerabilities (CVE-2024-22273, CVE-2024-22274, CVE-2024-22275)","HIGH","4.9-8.1","21 May 2024","CVE-2024-22273; CVE-2024-22274; CVE-2024-22275","https://support.broadcom.com/web/ecx/support-content-notification/-/external/content/SecurityAdvisories/0/24308","ESXi | 8.0 | Any | CVE-2024-22273 | 7.4 | Important | ESXi80U2sb-23305545 | None | None<br>ESXi | 7.0 | Any | CVE-2024-22273 | 7.4 | Important | ESXi70U3sq-23794019 | None | None<br>Workstation | 17.x | Any | CVE-2024-22273 | 8.1 | Important | 17.5.1 [1] | None | None<br>Fusion | 13.x | MacOS | CVE-2024-22273 | 8.1 | Important | 13.5.1 [1] | None | None<br>Cloud Foundation (ESXi) | 5.x | Any | CVE-2024-22273 | 7.4 | Important | 5.1.1 | None | KB88287<br>Cloud Foundation (ESXi) | 4.x | Any | CVE-2024-22273 | 7.4 | Important | KB88287 | None | None<br>vCenter Server | 8.0 | Any | CVE-2024-22274, CVE-2024-22275 | 7.2, 4.9 | Important | 8.0 U2b | None | None<br>vCenter Server | 7.0 | Any | CVE-2024-22274, CVE-2024-22275 | 7.2, 4.9 | Important | 7.0 U3q | None | None<br>Cloud Foundation (vCenter Server) | 5.x | Any | CVE-2024-22274, CVE-2024-22275 | 7.2, 4.9 | Important | 5.1.1 | None | KB88287<br>Cloud Foundation (vCenter Server) | 4.x | Any | CVE-2024-22274, CVE-2024-22275 | 7.2, 4.9 | Important | KB88287 | None | None"
"7.0; 6.7; 6.5; 4.x; 3.x","34","VCDSA23599","VMSA-2021-0002:VMware ESXi and vCenter Server updates address multiple security vulnerabilities","CRITICAL","","21 February 2021","CVE-2021-21972; CVE-2021-21973; CVE-2021-21974","https://support.broadcom.com/web/ecx/support-content-notification/-/external/content/SecurityAdvisories/0/23599","vCenter Server | 7.0 | Any | CVE-2021-21972 | 9.8 | critical | 7.0 U1c | KB82374 | None<br>vCenter Server | 6.7 | Any | CVE-2021-21972 | 9.8 | critical | 6.7 U3l | KB82374 | None<br>vCenter Server | 6.5 | Any | CVE-2021-21972 | 9.8 | critical | 6.5 U3n | KB82374 | None<br>Cloud Foundation (vCenter Server) | 4.x | Any | CVE-2021-21972 | 9.8 | critical | 4.2 | KB82374 | None<br>Cloud Foundation (vCenter Server) | 3.x | Any | CVE-2021-21972 | 9.8 | critical | 3.10.1.2 | KB82374 | None<br>[1] ESXi | 7.0 | Any | CVE-2021-21974 | 8.8 | important | ESXi70U1c-17325551 | KB76372 | None<br>[1] ESXi | 6.7 | Any | CVE-2021-21974 | 8.8 | important | ESXi670-202102401-SG | KB76372 | None<br>[1] ESXi | 6.5 | Any | CVE-2021-21974 | 8.8 | important | ESXi650-202102101-SG | KB76372 | None<br>[1] Cloud Foundation (ESXi) | 4.x | Any | CVE-2021-21974 | 8.8 | important | 4.2 | KB76372 | None<br>[1] Cloud Foundation (ESXi) | 3.x | Any | CVE-2021-21974 | 8.8 | important | [2] KB82705 | KB76372 | None<br>vCenter Server | 7.0 | Any | CVE-2021-21973 | 5.3 | moderate | 7.0 U1c | KB82374 | None<br>vCenter Server | 6.7 | Any | CVE-2021-21973 | 5.3 | moderate | 6.7 U3l | KB82374 | None<br>vCenter Server | 6.5 | Any | CVE-2021-21973 | 5.3 | moderate | 6.5 U3n | KB82374 | None<br>Cloud Foundation (vCenter Server) | 4.x | Any | CVE-2021-21973 | 5.3 | moderate | 4.2 | KB82374 | None<br>Cloud Foundation (vCenter Server) | 3.x | Any | CVE-2021-21973 | 5.3 | moderate | 3.10.1.2 | KB82374 | None"
"8.0; 7.0; 5.x; 4.5.x; 5.x, 4.x, 3.x, 2.x; 3.x; 2.x","35","VCDSA25717","VMSA-2025-0010 : VMware ESXi, vCenter Server, Workstation, and Fusion updates address multiple vulnerabilities (CVE-2025-41225, CVE-2025-41226, CVE-2025-41227, CVE-2025-41228)","HIGH","4.3-8.8","20 May 2025","CVE-2025-41225; CVE-2025-41226; CVE-2025-41227; CVE-2025-41228","https://support.broadcom.com/web/ecx/support-content-notification/-/external/content/SecurityAdvisories/0/25717","vCenter Server | 8.0 | Any | CVE-2025-41225, CVE-2025-41228 | 8.8, 4.3 | Important | 8.0 U3e | None | None<br>vCenter Server | 7.0 | Any | CVE-2025-41225 | 8.8 | Important | 7.0 U3v | None | None<br>VMware ESXi | 8.0 | Any | CVE-2025-41226, CVE-2025-41227, CVE-2025-41228 | 6.8, 5.5, 4.3 | Moderate | ESXi80U3se-24659227 | None | None<br>VMware ESXi | 7.0 | Any | CVE-2025-41226, CVE-2025-41227, CVE-2025-41228 | 6.8, 5.5, 4.3 | Moderate | ESXi70U3sv-24723868 | None | None<br>VMware Cloud Foundation (vCenter) | 5.x | Any | CVE-2025-41225, CVE-2025-41228 | 8.8, 4.3 | Important | Async patch to 8.0 U3e | None | Async Patching Guide: KB88287<br>VMware Cloud Foundation (vCenter) | 4.5.x | Any | CVE-2025-41225 | 8.8 | Important | Async patch to 7.0 U3v | None | Async Patching Guide: KB88287<br>VMware Cloud Foundation (ESXi) | 5.x | Any | CVE-2025-41226, CVE-2025-41227, CVE-2025-41228 | 6.8, 5.5, 4.3 | Moderate | Async patch to ESXi80U3se-24659227 | None | Async Patching Guide: KB88287<br>VMware Cloud Foundation (ESXi) | 4.5.x | Any | CVE-2025-41226, CVE-2025-41227, CVE-2025-41228 | 6.8, 5.5, 4.3 | Moderate | Async patch to ESXi70U3sv-24723868 | None | Async Patching Guide: KB88287<br>VMware Telco Cloud Platform (ESXi) | 5.x, 4.x, 3.x, 2.x | Any | CVE-2025-41226, CVE-2025-41227, CVE-2025-41228 | 6.8, 5.5, 4.3 | Moderate | ESXi80U3se-24659227 | None | None<br>VMware Telco Cloud Infrastructure (ESXi) | 3.x | Any | CVE-2025-41226, CVE-2025-41227, CVE-2025-41228 | 6.8, 5.5, 4.3 | Moderate | ESXi80U3se-24659227 | None | None<br>VMware Telco Cloud Infrastructure (ESXi) | 2.x | Any | CVE-2025-41226, CVE-2025-41227, CVE-2025-41228 | 6.8, 5.5, 4.3 | Moderate | ESXi70U3sv-24723868 | None | None<br>VMware Workstation | 17.x | Any | CVE-2025-41227 | 5.5 | Moderate | 17.6.3 | None | None<br>VMware Fusion | 13.x | MacOS | CVE-2025-41227 | 5.5 | Moderate | 13.6.3 | None | None"
"6.7; 670; 6.5; 650; 6.0; 600; 5.5; 550","36","VCDSA23540","VMSA-2018-0012:VMware vSphere, Workstation and Fusion updates enable Hypervisor-Assisted Guest Mitigations for Speculative Store Bypass issue.","MEDIUM","","20 May 2018","CVE-2018-3639; CVE-2018-3640","https://support.broadcom.com/web/ecx/support-content-notification/-/external/content/SecurityAdvisories/0/23540","vCenter Server | 6.7.0 | N/A | N/A | N/A | N/A | N/A | N/A | <br>vCenter Server | 6.5 U2 | N/A | N/A | N/A | N/A | N/A | N/A | <br>vCenter Server | 6.0 U3 | N/A | N/A | N/A | N/A | N/A | N/A | <br>vCenter Server | 5.5 U3 | N/A | N/A | N/A | N/A | N/A | N/A | <br>ESXi | 6.7 | N/A | N/A | N/A | N/A | N/A | N/A | <br>ESXi | 670 | N/A | N/A | N/A | N/A | N/A | N/A | <br>ESXi | 6.5 | N/A | N/A | N/A | N/A | N/A | N/A | <br>ESXi | 650 | N/A | N/A | N/A | N/A | N/A | N/A | <br>ESXi | 6.0 | N/A | N/A | N/A | N/A | N/A | N/A | <br>ESXi | 600 | N/A | N/A | N/A | N/A | N/A | N/A | <br>ESXi | 5.5 | N/A | N/A | N/A | N/A | N/A | N/A | <br>ESXi | 550 | N/A | N/A | N/A | N/A | N/A | N/A | "
"6.0; 600; 5.5; 550; 5.1; 5.0","37","VCDSA23473","VMSA-2016-0002:VMware product updates address a CRITICAL glibc security vulnerability.","CRITICAL","","20 February 2016","CVE-2015-7547","https://support.broadcom.com/web/ecx/support-content-notification/-/external/content/SecurityAdvisories/0/23473","ESXi | 6.0 | N/A | N/A | N/A | N/A | N/A | N/A | <br>ESXi | 600 | N/A | N/A | N/A | N/A | N/A | N/A | <br>ESXi | 5.5 | N/A | N/A | N/A | N/A | N/A | N/A | <br>ESXi | 550 | N/A | N/A | N/A | N/A | N/A | N/A | <br>ESXi | 5.1 | N/A | N/A | N/A | N/A | N/A | N/A | <br>ESXi | 5.0 | N/A | N/A | N/A | N/A | N/A | N/A | "
"5.5; 550; 5.1; 510; 5.0; 4.1; 410; 4.0; 400; 500","38","VCDSA23460","VMSA-2013-0016:VMware ESXi and ESX unauthorized file access through vCenter Server and ESX","CRITICAL","","20 December 2013","CVE-2013-5973","https://support.broadcom.com/web/ecx/support-content-notification/-/external/content/SecurityAdvisories/0/23460","vCenter Server | 2 | N/A | N/A | N/A | N/A | N/A | N/A | <br>ESXi | 5.5 | N/A | N/A | N/A | N/A | N/A | N/A | <br>ESXi | 550 | N/A | N/A | N/A | N/A | N/A | N/A | <br>ESXi | 5.1 | N/A | N/A | N/A | N/A | N/A | N/A | <br>ESXi | 510 | N/A | N/A | N/A | N/A | N/A | N/A | <br>ESXi | 5.0 | N/A | N/A | N/A | N/A | N/A | N/A | <br>ESXi | 4.1 | N/A | N/A | N/A | N/A | N/A | N/A | <br>ESXi | 410 | N/A | N/A | N/A | N/A | N/A | N/A | <br>ESXi | 4.0 | N/A | N/A | N/A | N/A | N/A | N/A | <br>ESXi | 400 | N/A | N/A | N/A | N/A | N/A | N/A | <br>ESXi | 500 | N/A | N/A | N/A | N/A | N/A | N/A | "
"2; 5.1; 510; 5.0; 500; 4.1; 410; 4.0; 400; 3.5","39","VCDSA23444","VMSA-2013-0003:VMware vCenter Server, ESXi and ESX address an NFC Protocol memory corruption and third party library security issues.","HIGH","","19 February 2013","CVE-2012-5134; CVE-2013-1659; CVE-2012-2110","https://support.broadcom.com/web/ecx/support-content-notification/-/external/content/SecurityAdvisories/0/23444","vCenter Server | 5.1 | N/A | N/A | N/A | N/A | N/A | N/A | <br>vCenter Server | 5.0 | N/A | N/A | N/A | N/A | N/A | N/A | <br>vCenter Server | 4.0 | N/A | N/A | N/A | N/A | N/A | N/A | <br>vCenter Server | 5.1.0 | N/A | N/A | N/A | N/A | N/A | N/A | <br>vCenter Server | 4.1 | N/A | N/A | N/A | N/A | N/A | N/A | <br>ESXi | 2 | N/A | N/A | N/A | N/A | N/A | N/A | <br>ESXi | 5.1 | N/A | N/A | N/A | N/A | N/A | N/A | <br>ESXi | 510 | N/A | N/A | N/A | N/A | N/A | N/A | <br>ESXi | 5.0 | N/A | N/A | N/A | N/A | N/A | N/A | <br>ESXi | 500 | N/A | N/A | N/A | N/A | N/A | N/A | <br>ESXi | 4.1 | N/A | N/A | N/A | N/A | N/A | N/A | <br>ESXi | 410 | N/A | N/A | N/A | N/A | N/A | N/A | <br>ESXi | 4.0 | N/A | N/A | N/A | N/A | N/A | N/A | <br>ESXi | 400 | N/A | N/A | N/A | N/A | N/A | N/A | <br>ESXi | 3.5 | N/A | N/A | N/A | N/A | N/A | N/A | "
"4.1; 3.5; 4.0; 410; 1","40","VCDSA23415","VMSA-2010-0020:VMware ESXi 4.1 Update Installer SFCB Authentication Flaw","CRITICAL","","19 December 2010","CVE-2010-4573","https://support.broadcom.com/web/ecx/support-content-notification/-/external/content/SecurityAdvisories/0/23415","ESXi | 4.1 | N/A | N/A | N/A | N/A | N/A | N/A | <br>ESXi | 3.5 | N/A | N/A | N/A | N/A | N/A | N/A | <br>ESXi | 4.0 | N/A | N/A | N/A | N/A | N/A | N/A | <br>ESXi | 410 | N/A | N/A | N/A | N/A | N/A | N/A | <br>ESXi | 1 | N/A | N/A | N/A | N/A | N/A | N/A | "
"7.0; 6.7; 6.5; 4.x; 3.x","41","VCDSA23590","VMSA-2020-0023:VMware ESXi, Workstation, Fusion and NSX-T updates address multiple security vulnerabilities","CRITICAL","","18 October 2020","CVE-2020-3981; CVE-2020-3982; CVE-2020-3992; CVE-2020-3993; CVE-2020-3994; CVE-2020-3995","https://support.broadcom.com/web/ecx/support-content-notification/-/external/content/SecurityAdvisories/0/23590","ESXi | 7.0 | Any | CVE-2020-3992 | 9.8 | critical | ESXi70U1a-17119627 | KB76372 | None<br>ESXi | 6.7 | Any | CVE-2020-3992 | 9.8 | critical | ESXi670-202011301-SG | KB76372 | None<br>ESXi | 6.5 | Any | CVE-2020-3992 | 9.8 | critical | ESXi650-202011401-SG | KB76372 | None<br>VMware Cloud Foundation (ESXi) | 4.x | Any | CVE-2020-3992 | 9.8 | critical | 4.1.0.1 | KB76372 | None.<br>VMware Cloud Foundation (ESXi) | 3.x | Any | CVE-2020-3992 | 9.8 | critical | 3.10.1.2 | KB76372 | None<br>NSX-T | 3.x | Any | CVE-2020-3993 | 7.5 | important | 3.0.2 | None | None<br>NSX-T | 2.5.x | Any | CVE-2020-3993 | 7.5 | important | 2.5.2.2.0 | None | None<br>VMware Cloud Foundation (NSX-T) | 4.x | Any | CVE-2020-3993 | 7.5 | important | 4.1 | None | None.<br>VMware Cloud Foundation (NSX-T) | 3.x | Any | CVE-2020-3993 | 7.5 | important | 3.10.1.1 | None. | None<br>ESXi | 7.0 | Any | CVE-2020-3981 | 7.1 | important | ESXi_7.0.1-0.0.16850804 | None. | None<br>ESXi | 6.7 | Any | CVE-2020-3981 | 7.1 | important | ESXi670-202008101-SG | None | None<br>ESXi | 6.5 | Any | CVE-2020-3981 | 7.1 | important | ESXi650-202007101-SG | None | None<br>Fusion | 12.x | OS X | CVE-2020-3981 | N/A | N/A | Unaffected | N/A | N/A<br>Fusion | 11.x | OS X | CVE-2020-3981 | 7.1 | important | 11.5.6 | None | None<br>Workstation | 16.x | Any | CVE-2020-3981 | N/A | N/A | Unaffected | N/A | N/A<br>Workstation | 15.x | Any | CVE-2020-3981 | 7.1 | important | 15.5.7 | None | None<br>VMware Cloud Foundation (ESXi) | 4.x | Any | CVE-2020-3981 | 7.1 | important | 4.1 | None | None.<br>VMware Cloud Foundation (ESXi) | 3.x | Any | CVE-2020-3981 | 7.1 | important | 3.10.1 | None | None<br>ESXi | 7.0 | Any | CVE-2020-3982 | 5.9 | moderate | ESXi_7.0.1-0.0.16850804 | None. | None<br>ESXi | 6.7 | Any | CVE-2020-3982 | 5.9 | moderate | ESXi670-202008101-SG | None | None<br>ESXi | 6.5 | Any | CVE-2020-3982 | 5.9 | moderate | ESXi650-202007101-SG | None | None<br>Fusion | 12.x | OS X | CVE-2020-3982 | N/A | N/A | Unaffected | N/A | N/A<br>Fusion | 11.x | OS X | CVE-2020-3982 | 5.9 | moderate | 11.5.6 | None | None<br>Workstation | 16.x | Any | CVE-2020-3982 | N/A | N/A | Unaffected | N/A | N/A<br>Workstation | 15.x | Any | CVE-2020-3982 | 5.9 | moderate | 15.5.7 | None | None<br>VMware Cloud Foundation (ESXi) | 4.x | Any | CVE-2020-3982 | 5.9 | moderate | 4.1 | None | None.<br>VMware Cloud Foundation (ESXi) | 3.x | Any | CVE-2020-3982 | 5.9 | moderate | 3.10.1 | None | None<br>vCenter Server | 7.0 | Any | CVE-2020-3994 | N/A | N/A | Unaffected | N/A | N/A<br>vCenter Server | 6.7 | Virtual Appliance | CVE-2020-3994 | 7.5 | important | 6.7 U3 | None | None<br>vCenter Server | 6.7 | Windows | CVE-2020-3994 | N/A | N/A | Unaffected | N/A | N/A<br>vCenter Server | 6.5 | Virtual Appliance | CVE-2020-3994 | 7.5 | important | 6.5 U3K | None | None<br>vCenter Server | 6.5 | Windows | CVE-2020-3994 | N/A | N/A | Unaffected | N/A | N/A<br>VMware Cloud Foundation (vCenter Server) | 4.x | Any | CVE-2020-3994 | N/A..."
"2; 4.0; 400; 3.5; 4.0.0","42","VCDSA23392","VMSA-2009-0016:VMware vCenter and ESX update release and vMA patch release address multiple security issues in third party components","HIGH","","18 November 2009","CVE-2009-1093; CVE-2009-1094; CVE-2009-1095; CVE-2009-1096; CVE-2009-1097; CVE-2009-1098; CVE-2009-1099; CVE-2009-1100; CVE-2009-1101; CVE-2009-1102; CVE-2009-1103; CVE-2009-1104; CVE-2009-1105; CVE-2009-1106; CVE-2009-1107; CVE-2009-2625; CVE-2009-2670; CVE-2009-2671; CVE-2009-2672; CVE-2009-2673; CVE-2009-2675; CVE-2009-2676; CVE-2009-2716; CVE-2009-2718; CVE-2009-2719; CVE-2009-2720; CVE-2009-2721; CVE-2009-2722; CVE-2009-2723; CVE-2009-2724; CVE-2008-5515; CVE-2009-0033; CVE-2009-0580; CVE-2009-0781; CVE-2009-0783; CVE-2008-1232; CVE-2008-1947; CVE-2008-2370; CVE-2007-5333; CVE-2007-5342; CVE-2007-5461; CVE-2007-6286; CVE-2008-0002; CVE-2009-1252; CVE-2009-0159; CVE-2008-3528; CVE-2008-5700; CVE-2009-0028; CVE-2009-0269; CVE-2009-0322; CVE-2009-0675; CVE-2009-0676; CVE-2009-0778; CVE-2008-4307; CVE-2009-0834; CVE-2009-1337; CVE-2009-0787; CVE-2009-1336; CVE-2009-1439; CVE-2009-1633; CVE-2009-1072; CVE-2009-1630; CVE-2009-1192; CVE-2007-5966; CVE-2009-1385; CVE-2009-1388; CVE-2009-1389; CVE-2009-1895; CVE-2009-2406; CVE-2009-2407; CVE-2009-2692; CVE-2009-2698; CVE-2009-0745; CVE-2009-0746; CVE-2009-0747; CVE-2009-0748; CVE-2009-2847; CVE-2009-2848; CVE-2007-2052; CVE-2007-4965; CVE-2008-1721; CVE-2008-1887; CVE-2008-2315; CVE-2008-3142; CVE-2008-3143; CVE-2008-3144; CVE-2008-4864; CVE-2008-5031; CVE-2009-0696; CVE-2009-2414; CVE-2009-2416; CVE-2009-2417; CVE-2009-2730","https://support.broadcom.com/web/ecx/support-content-notification/-/external/content/SecurityAdvisories/0/23392","vCenter Server | 4.0 | N/A | N/A | N/A | N/A | N/A | N/A | <br>vCenter Server | 4 | N/A | N/A | N/A | N/A | N/A | N/A | <br>ESXi | 2 | N/A | N/A | N/A | N/A | N/A | N/A | <br>ESXi | 4.0 | N/A | N/A | N/A | N/A | N/A | N/A | <br>ESXi | 400 | N/A | N/A | N/A | N/A | N/A | N/A | <br>ESXi | 3.5 | N/A | N/A | N/A | N/A | N/A | N/A | <br>ESXi | 4.0.0 | N/A | N/A | N/A | N/A | N/A | N/A | "
"3; 6.5; 6.0; 600; 5.5; 550","43","VCDSA23501","VMSA-2016-0023:VMware ESXi updates address a cross-site scripting issue","HIGH","","18 December 2016","CVE-2016-7463","https://support.broadcom.com/web/ecx/support-content-notification/-/external/content/SecurityAdvisories/0/23501","ESXi | 3 | N/A | N/A | N/A | N/A | N/A | N/A | <br>ESXi | 6.5 | N/A | N/A | N/A | N/A | N/A | N/A | <br>ESXi | 6.0 | N/A | N/A | N/A | N/A | N/A | N/A | <br>ESXi | 600 | N/A | N/A | N/A | N/A | N/A | N/A | <br>ESXi | 5.5 | N/A | N/A | N/A | N/A | N/A | N/A | <br>ESXi | 550 | N/A | N/A | N/A | N/A | N/A | N/A | "
"5.1; 510; 5.0; 500; 4.1; 4.0; 3.5","44","VCDSA23441","VMSA-2012-0018:VMware security updates for vCSA, vCenter Server, and ESXi","HIGH","","18 December 2012","CVE-2013-1405; CVE-2011-3102; CVE-2012-2807; CVE-2012-4244; CVE-2011-1202; CVE-2011-3970; CVE-2012-2825; CVE-2012-2870; CVE-2012-2871; CVE-2012-6324; CVE-2012-6325; CVE-2009-5029; CVE-2009-5064; CVE-2010-0830; CVE-2011-1089; CVE-2011-4609; CVE-2012-0864; CVE-2012-3404; CVE-2012-3405; CVE-2012-3406; CVE-2012-3480; CVE-2012-6326","https://support.broadcom.com/web/ecx/support-content-notification/-/external/content/SecurityAdvisories/0/23441","vCenter Server | 2012 | N/A | N/A | N/A | N/A | N/A | N/A | <br>vCenter Server | 5.1 | N/A | N/A | N/A | N/A | N/A | N/A | <br>vCenter Server | 5.0 | N/A | N/A | N/A | N/A | N/A | N/A | <br>vCenter Server | 4.1 | N/A | N/A | N/A | N/A | N/A | N/A | <br>vCenter Server | 4.0 | N/A | N/A | N/A | N/A | N/A | N/A | <br>vCenter Server | 5.1.0 | N/A | N/A | N/A | N/A | N/A | N/A | <br>ESXi | 5.1 | N/A | N/A | N/A | N/A | N/A | N/A | <br>ESXi | 510 | N/A | N/A | N/A | N/A | N/A | N/A | <br>ESXi | 5.0 | N/A | N/A | N/A | N/A | N/A | N/A | <br>ESXi | 500 | N/A | N/A | N/A | N/A | N/A | N/A | <br>ESXi | 4.1 | N/A | N/A | N/A | N/A | N/A | N/A | <br>ESXi | 4.0 | N/A | N/A | N/A | N/A | N/A | N/A | <br>ESXi | 3.5 | N/A | N/A | N/A | N/A | N/A | N/A | "
"7.0; 6.7; 6.5; 4.x.x; 3.x.x","45","VCDSA23588","VMSA-2020-0018:VMware ESXi, vCenter Server, and Cloud Foundation updates address a partial denial of service vulnerability","MEDIUM","","18 August 2020","CVE-2020-3976","https://support.broadcom.com/web/ecx/support-content-notification/-/external/content/SecurityAdvisories/0/23588","ESXi | 7.0 | Any | CVE-2020-3976 | 5.3 | moderate | ESXi_7.0.0-1.25.16324942 | None | None<br>ESXi | 6.7 | Any | CVE-2020-3976 | 5.3 | moderate | ESXi670-202008101-SG ESXi670-202008401-BG | None | None<br>ESXi | 6.5 | Any | CVE-2020-3976 | 5.3 | moderate | ESXi650-202007401-BG ESXi650-202007101-SG | None | None<br>Cloud Foundation (ESXi) | 4.x.x | Any | CVE-2020-3976 | 5.3 | moderate | 4.0.1 | None | None<br>Cloud Foundation (ESXi) | 3.x.x | Any | CVE-2020-3976 | 5.3 | moderate | 3.10.0 | None | None<br>vCenter Server | 7.0 | Any | CVE-2020-3976 | 5.3 | moderate | 7.0.0b | None | None<br>vCenter Server | 6.7 | Any | CVE-2020-3976 | 5.3 | moderate | 6.7u3j | None | None<br>vCenter Server | 6.5 | Any | CVE-2020-3976 | 5.3 | moderate | 6.5u3k | None | None<br>Cloud Foundation (vCenter) | 4.x.x | Any | CVE-2020-3976 | 5.3 | moderate | 4.0.1 | None | None<br>Cloud Foundation (vCenter) | 3.x.x | Any | CVE-2020-3976 | 5.3 | moderate | 3.10.1 | None | None"
"4.0; 3.5","46","VCDSA23387","VMSA-2009-0010:VMware Hosted products update libpng and Apache HTTP Server","HIGH","","18 August 2009","CVE-2009-0040; CVE-2007-3847; CVE-2007-1863; CVE-2006-5752; CVE-2007-3304; CVE-2007-6388; CVE-2007-5000; CVE-2008-0005","https://support.broadcom.com/web/ecx/support-content-notification/-/external/content/SecurityAdvisories/0/23387","ESXi | 4.0 | N/A | N/A | N/A | N/A | N/A | N/A | <br>ESXi | 3.5 | N/A | N/A | N/A | N/A | N/A | N/A | "
"6.7; 6.5; 6.0","47","VCDSA23559","VMSA-2019-0014:VMware ESXi, Workstation, Fusion, VMRC and Horizon Client updates address use-after-free and denial of service vulnerabilities.","HIGH","4.7-8.5","17 September 2019","CVE-2019-5527; CVE-2019-5535","https://support.broadcom.com/web/ecx/support-content-notification/-/external/content/SecurityAdvisories/0/23559","ESXi | 6.7 | Any | CVE-2019-5527 | 8.5 | Important | ESXi670-201904101-SG | None | None<br>ESXi | 6.5 | Any | CVE-2019-5527 | 8.5 | Important | ESXi650-201903401-SG | None | None<br>ESXi | 6.0 | Any | CVE-2019-5527 | 8.5 | Important | ESXi600-201909101-SG | None | None<br>Workstation | 15.x | Any | CVE-2019-5527 | 8.5 | Important | 15.5.0 | None | None<br>Fusion | 11.x | OS X | CVE-2019-5527 | 8.5 | Important | 11.5.0 | None | None<br>Workstation | 15.x | Any | CVE-2019-5535 | 4.7 | Moderate | 15.5.0 | None | None<br>Fusion | 11.x | OS X | CVE-2019-5535 | 4.7 | Moderate | 11.5.0 | None | None"
"7.0; 6.7; 6.5; 4.x; 3.x","48","VCDSA23583","VMSA-2020-0026:VMware ESXi, Workstation and Fusion updates address use-after-free and privilege escalation vulnerabilities","CRITICAL","","17 November 2020","CVE-2020-4004; CVE-2020-4005","https://support.broadcom.com/web/ecx/support-content-notification/-/external/content/SecurityAdvisories/0/23583","ESXi | 7.0 | Any | CVE-2020-4004 | 9.3 | critical | ESXi70U1b-17168206 | Remove XHCI (USB 3.x) controller | None<br>ESXi | 6.7 | Any | CVE-2020-4004 | 9.3 | critical | ESXi670-202011101-SG | Remove XHCI (USB 3.x) controller | None<br>ESXi | 6.5 | Any | CVE-2020-4004 | 9.3 | critical | ESXi650-202011301-SG | Remove XHCI (USB 3.x) controller | None<br>Fusion | 12.x | OS X | CVE-2020-4004 | N/A | N/A | Unaffected | N/A | N/A<br>Fusion | 11.x | OS X | CVE-2020-4004 | 9.3 | critical | 11.5.7 | Remove XHCI (USB 3.x) controller | None<br>Workstation | 16.x | Any | CVE-2020-4004 | N/A | N/A | Unaffected | N/A | N/A<br>Workstation | 15.x | Any | CVE-2020-4004 | 9.3 | critical | 15.5.7 | Remove XHCI (USB 3.x) controller | None<br>VMware Cloud Foundation (ESXi) | 4.x | Any | CVE-2020-4004 | 9.3 | critical | 4.1.0.1 | Remove XHCI (USB 3.x) controller | None.<br>VMware Cloud Foundation (ESXi) | 3.x | Any | CVE-2020-4004 | 9.3 | critical | 3.10.1.2 | Remove XHCI (USB 3.x) controller | None<br>ESXi | 7.0 | Any | CVE-2020-4005 | 8.8 | important | ESXi70U1b-17168206 | None | None<br>ESXi | 6.7 | Any | CVE-2020-4005 | 8.8 | important | ESXi670-202011101-SG | None | None<br>ESXi | 6.5 | Any | CVE-2020-4005 | 8.8 | important | ESXi650-202011301-SG | None | None<br>VMware Cloud Foundation (ESXi) | 4.x | Any | CVE-2020-4005 | 8.8 | important | 4.1.0.1 | None | None<br>VMware Cloud Foundation (ESXi) | 3.x | Any | CVE-2020-4005 | 8.8 | important | 3.10.1.2 | None | None"
"7.0; 6.7; 6.5","49","VCDSA23578","VMSA-2020-0011:VMware ESXi, Workstation, Fusion, VMware Remote Console and Horizon Client updates address multiple security vulnerabilities","HIGH","","17 May 2020","CVE-2020-3957; CVE-2020-3958; CVE-2020-3959","https://support.broadcom.com/web/ecx/support-content-notification/-/external/content/SecurityAdvisories/0/23578","Fusion | 11.x | OS X | CVE-2020-3957 | 7.3 | important | 11.5.5 | None | None<br>VMRC for Mac | 11.x and prior | OS X | CVE-2020-3957 | 7.3 | important | 11.2.0 | None | None<br>Horizon Client for Mac | 5.x and prior | OS X | CVE-2020-3957 | 7.3 | important | 5.4.3 | None | None<br>ESXi | 7.0 | Any | CVE-2020-3958 | N/A | N/A | Unaffected | N/A | N/A<br>ESXi | 6.7 | Any | CVE-2020-3958 | 4.0 | moderate | ESXi670-202004101-SG | See Item 34 | None<br>ESXi | 6.5 | Any | CVE-2020-3958 | 4.0 | moderate | ESXi650-202005401-SG | See Item 34 | None<br>Workstation | 15.x | Any | CVE-2020-3958 | 4.0 | moderate | 15.5.2 | KB59146 | None<br>Fusion | 11.x | OS X | CVE-2020-3958 | 4.0 | moderate | 11.5.2 | KB59146 | None<br>ESXi | 7.0 | Any | CVE-2020-3959 | N/A | N/A | Unaffected | N/A | N/A<br>ESXi | 6.7 | Any | CVE-2020-3959 | 3.3 | low | ESXi670-202004101-SG | None | None<br>ESXi | 6.5 | Any | CVE-2020-3959 | 3.3 | low | ESXi650-202005401-SG | None | None<br>Workstation | 15.x | Any | CVE-2020-3959 | 3.3 | moderate | 15.1.0 | None | None<br>Fusion | 11.x | OS X | CVE-2020-3959 | 3.3 | low | 11.1.0 | None | None"
"6.7; 670; 6.5; 650; 6.0; 600; 5.5; 550","50","VCDSA23544","VMSA-2018-0018:VMware Horizon View Agent, VMware ESXi, Workstation, and Fusion updates resolve multiple security issues","HIGH","","17 July 2018","CVE-2018-6971; CVE-2018-6972","https://support.broadcom.com/web/ecx/support-content-notification/-/external/content/SecurityAdvisories/0/23544","ESXi | 6.7 | N/A | N/A | N/A | N/A | N/A | N/A | <br>ESXi | 670 | N/A | N/A | N/A | N/A | N/A | N/A | <br>ESXi | 6.5 | N/A | N/A | N/A | N/A | N/A | N/A | <br>ESXi | 650 | N/A | N/A | N/A | N/A | N/A | N/A | <br>ESXi | 6.0 | N/A | N/A | N/A | N/A | N/A | N/A | <br>ESXi | 600 | N/A | N/A | N/A | N/A | N/A | N/A | <br>ESXi | 5.5 | N/A | N/A | N/A | N/A | N/A | N/A | <br>ESXi | 550 | N/A | N/A | N/A | N/A | N/A | N/A | "
"6.5; 6.0; 600; 5.5; 550; 650","51","VCDSA23515","VMSA-2017-0021:VMware ESXi, vCenter Server Appliance, Workstation and Fusion updates address multiple security vulnerabilities","HIGH","","17 December 2017","CVE-2017-4933; CVE-2017-4940; CVE-2017-4941; CVE-2017-4943","https://support.broadcom.com/web/ecx/support-content-notification/-/external/content/SecurityAdvisories/0/23515","ESXi | 6.5 | N/A | N/A | N/A | N/A | N/A | N/A | <br>ESXi | 6.0 | N/A | N/A | N/A | N/A | N/A | N/A | <br>ESXi | 600 | N/A | N/A | N/A | N/A | N/A | N/A | <br>ESXi | 5.5 | N/A | N/A | N/A | N/A | N/A | N/A | <br>ESXi | 550 | N/A | N/A | N/A | N/A | N/A | N/A | <br>ESXi | 650 | N/A | N/A | N/A | N/A | N/A | N/A | "
"3.5; 2.0.0; 2","52","VCDSA23362","VMSA-2008-0015:Updated ESXi and ESX 3.5 packages address CRITICAL security issue in openwsman","CRITICAL","","16 September 2009","CVE-2008-2234; CVE-2008-2233","https://support.broadcom.com/web/ecx/support-content-notification/-/external/content/SecurityAdvisories/0/23362","ESXi | 3.5 | N/A | N/A | N/A | N/A | N/A | N/A | <br>ESXi | 2.0.0 | N/A | N/A | N/A | N/A | N/A | N/A | <br>ESXi | 2 | N/A | N/A | N/A | N/A | N/A | N/A | "
"5.0; 500; 4.1; 410; 4.0; 400; 5.5; 5.1","53","VCDSA23456","VMSA-2013-0012:VMware vSphere updates address multiple vulnerabilities","MEDIUM","","15 October 2013","CVE-2013-5972; CVE-2013-5970; CVE-2013-5971","https://support.broadcom.com/web/ecx/support-content-notification/-/external/content/SecurityAdvisories/0/23456","vCenter Server | 5.1 | N/A | N/A | N/A | N/A | N/A | N/A | <br>vCenter Server | 5.0 | N/A | N/A | N/A | N/A | N/A | N/A | <br>vCenter Server | 5.5 | N/A | N/A | N/A | N/A | N/A | N/A | <br>vCenter Server | 4.1 | N/A | N/A | N/A | N/A | N/A | N/A | <br>vCenter Server | 4.0 | N/A | N/A | N/A | N/A | N/A | N/A | <br>ESXi | 5.0 | N/A | N/A | N/A | N/A | N/A | N/A | <br>ESXi | 500 | N/A | N/A | N/A | N/A | N/A | N/A | <br>ESXi | 4.1 | N/A | N/A | N/A | N/A | N/A | N/A | <br>ESXi | 410 | N/A | N/A | N/A | N/A | N/A | N/A | <br>ESXi | 4.0 | N/A | N/A | N/A | N/A | N/A | N/A | <br>ESXi | 400 | N/A | N/A | N/A | N/A | N/A | N/A | <br>ESXi | 5.5 | N/A | N/A | N/A | N/A | N/A | N/A | <br>ESXi | 5.1 | N/A | N/A | N/A | N/A | N/A | N/A | "
"4.0","54","VCDSA23429","VMSA-2011-0014:VMware vCenter Update Manager fix for Jetty Web server addresses directory traversal vulnerability","CRITICAL","","15 November 2011","CVE-2011-4404","https://support.broadcom.com/web/ecx/support-content-notification/-/external/content/SecurityAdvisories/0/23429","vCenter Server | 4.1 | N/A | N/A | N/A | N/A | N/A | N/A | <br>vCenter Server | 4.0 | N/A | N/A | N/A | N/A | N/A | N/A | <br>ESXi | 4.0 | N/A | N/A | N/A | N/A | N/A | N/A | "
"9.0.0.0","55","VCDSA35877","VMSA-2025-0013: VMware ESXi, Workstation, Fusion, and Tools updates address multiple vulnerabilities (CVE-2025-41236, CVE-2025-41237, CVE-2025-41238, CVE-2025-41239)","CRITICAL","6.2-9.3","15 July 2025","CVE-2025-41236; CVE-2025-41237; CVE-2025-41238; CVE-2025-41239","https://support.broadcom.com/web/ecx/support-content-notification/-/external/content/SecurityAdvisories/0/35877","VMware Cloud Foundation, VMware vSphere Foundation | ESX | 9.0.0.0 | Any | CVE-2025-41236, CVE-2025-41238, CVE-2025-41239 | N/A | N/A | Unaffected | N/A | N/A<br>ESX | 9.0.0.0 | Any | CVE-2025-41237 | 8.4 | Important | ESXi-9.0.0.0100-24813472 | None | Additional guidance for updating VMware Tools asynchronously is available in the FAQ.<br>VMware Tools [1] | 13.0.0.0 | Windows | CVE-2025-41239 | 6.2 | Moderate | 13.0.1.0 | None | FAQ<br>VMware ESXi | N/A | 8.0 | Any | CVE-2025-41236, CVE-2025-41237, CVE-2025-41238, CVE-2025-41239 | 9.3, 8.4, 7.4, 7.1 | Critical | ESXi80U3f-24784735 | None | Additional guidance for updating VMware Tools asynchronously is available in the FAQ.<br>VMware ESXi | N/A | 8.0 | Any | CVE-2025-41236, CVE-2025-41237, CVE-2025-41238, CVE-2025-41239 | 9.3, 8.4, 7.4, 7.1 | Critical | ESXi80U2e-24789317 | None | Additional guidance for updating VMware Tools asynchronously is available in the FAQ.<br>VMware ESXi | N/A | 7.0 | Any | CVE-2025-41236, CVE-2025-41237, CVE-2025-41238, CVE-2025-41239 | 9.3, 8.4, 7.4, 7.1 | Critical | ESXi70U3w-24784741 | None | Additional guidance for updating VMware Tools asynchronously is available in the FAQ.<br>VMware Workstation | N/A | 17.x | Any | CVE-2025-41236, CVE-2025-41237, CVE-2025-41238, CVE-2025-41239 | 9.3, 9.3, 9.3, 7.1 | Critical | 17.6.4 | None | FAQ<br>VMware Fusion | N/A | 13.x | Any | CVE-2025-41236, CVE-2025-41237, CVE-2025-41238, CVE-2025-41239 | 9.3, 9.3, 9.3, 7.1 | Critical | 13.6.4 | None | FAQ<br>VMware Cloud Foundation | N/A | 5.x | Any | CVE-2025-41236, CVE-2025-41237, CVE-2025-41238, CVE-2025-41239 | 9.3, 8.4, 7.4, 7.1 | Critical | Async patch to ESXi80U3f-24784735 | None | Async Patching Guide: KB88287<br>VMware Cloud Foundation | N/A | 4.5.x | Any | CVE-2025-41236, CVE-2025-41237, CVE-2025-41238, CVE-2025-41239 | 9.3, 8.4, 7.4, 7.1 | Critical | Async patch to ESXi70U3w-24784741 | None | Async Patching Guide: KB88287<br>VMware Telco Cloud Platform | N/A | 5.x, 4.x | Any | CVE-2025-41236, CVE-2025-41237, CVE-2025-41238, CVE-2025-41239 | 9.3, 8.4, 7.4, 7.1 | Critical | ESXi80U3f-24784735 | None | FAQ<br>VMware Telco Cloud Platform | N/A | 3.x, 2.x | Any | CVE-2025-41236, CVE-2025-41237, CVE-2025-41238, CVE-2025-41239 | 9.3, 8.4, 7.4, 7.1 | Critical | ESXi70U3w-24784741 | None | FAQ<br>VMware Telco Cloud Infrastructure | N/A | 3.x, 2.x | Any | CVE-2025-41236, CVE-2025-41237, CVE-2025-41238, CVE-2025-41239 | 9.3, 8.4, 7.4, 7.1 | Critical | ESXi70U3w-24784741 | FAQ<br>VMware Tools [1] | N/A | 13.x.x | Windows | CVE-2025-41239 | 6.2 | Moderate | 13.0.1.0 | None | FAQ<br>VMware Tools [1] | N/A | 12.x.x, 11.x.x | Windows | CVE-2025-41239 | 6.2 | Moderate | 12.5.3 [2] | None | FAQ<br>VMware Tools | N/A | 13.x.x, 12.x.x, 11.x.x | Linux | CVE-2025-41239 | N/A | N/A | Unaffected | N/A | N/A<br>VMware Tools | N/A | 13.x.x, 12.x.x, 11.x.x | macOS | CVE-2025-41239 | N/A | N/A | Unaffected | N/A | N/A"
"7.0; 6.7; 6.5; 4.x; 3.x","56","VCDSA23597","VMSA-2020-0029:VMware ESXi, Workstation, Fusion and Cloud Foundation updates address a denial of service vulnerability","LOW","","15 December 2020","CVE-2020-3999","https://support.broadcom.com/web/ecx/support-content-notification/-/external/content/SecurityAdvisories/0/23597","ESXi | 7.0 | Any | CVE-2020-3999 | 3.3 | low | ESXi70U1c-17325551 | None | None<br>ESXi | 6.7 | Any | CVE-2020-3999 | N/A | N/A | Unaffected | N/A | N/A<br>ESXi | 6.5 | Any | CVE-2020-3999 | N/A | N/A | Unaffected | N/A | N/A<br>Workstation | 16.x | Any | CVE-2020-3999 | 3.3 | low | 16.0 | None | None<br>Workstation | 15.x | Any | CVE-2020-3999 | 3.3 | low | 15.5.7 | None | None<br>Fusion | 12.x | OS X | CVE-2020-3999 | 3.3 | low | 12.0 | None | None<br>Fusion | 11.x | OS X | CVE-2020-3999 | 3.3 | low | 11.5.7 | None | None<br>Cloud Foundation (ESXi) | 4.x | Any | CVE-2020-3999 | 3.3 | low | 4.2 | None | None<br>Cloud Foundation (ESXi) | 3.x | Any | CVE-2020-3999 | N/A | N/A | Unaffected | N/A | N/A"
"6.7; 6.5; 6.0","57","VCDSA23558","VMSA-2019-0013:VMware ESXi and vCenter Server updates address command injection and information disclosure vulnerabilities.","HIGH","4.2-7.7","14 September 2019","CVE-2017-16544; CVE-2019-5531; CVE-2019-5532; CVE-2019-5534","https://support.broadcom.com/web/ecx/support-content-notification/-/external/content/SecurityAdvisories/0/23558","ESXi | 6.7 | Any | CVE-2017-16544 | 6.7 | Moderate | ESXi670-201904101-SG | None | None<br>ESXi | 6.5 | Any | CVE-2017-16544 | 6.7 | Moderate | ESXi650-201907101-SG | None | None<br>ESXi | 6.0 | Any | CVE-2017-16544 | 6.7 | Moderate | ESXi600-201909101-SG | None | None<br>ESXi | 6.7 | Any | CVE-2019-5531 | 4.2 | Moderate | ESXi670-201810101-SG | None | None<br>ESXi | 6.5 | Any | CVE-2019-5531 | 4.2 | Moderate | ESXi650-201811102-SG | None | None<br>ESXi | 6.0 | Any | CVE-2019-5531 | 4.2 | Moderate | ESXi600-201807103-SG | None | None"
"6.7; 670; 6.5; 650; 6.0; 600; 5.5; 671","58","VCDSA23520","VMSA-2018-0026:VMware ESXi, Workstation, and Fusion updates address an out-of-bounds read vulnerability","CRITICAL","","14 October 2018","CVE-2018-6974","https://support.broadcom.com/web/ecx/support-content-notification/-/external/content/SecurityAdvisories/0/23520","ESXi | 6.7 | N/A | N/A | N/A | N/A | N/A | N/A | <br>ESXi | 670 | N/A | N/A | N/A | N/A | N/A | N/A | <br>ESXi | 6.5 | N/A | N/A | N/A | N/A | N/A | N/A | <br>ESXi | 650 | N/A | N/A | N/A | N/A | N/A | N/A | <br>ESXi | 6.0 | N/A | N/A | N/A | N/A | N/A | N/A | <br>ESXi | 600 | N/A | N/A | N/A | N/A | N/A | N/A | <br>ESXi | 5.5 | N/A | N/A | N/A | N/A | N/A | N/A | <br>ESXi | 671 | N/A | N/A | N/A | N/A | N/A | N/A | "
"4.0; 400; 3.5; 4.0.0","59","VCDSA23390","VMSA-2009-0014:VMware ESX patches for DHCP, Service Console kernel, and JRE resolve multiple security issues","HIGH","","14 October 2009","CVE-2009-0692; CVE-2009-1893; CVE-2008-4210; CVE-2008-3275; CVE-2008-5356; CVE-2008-0598; CVE-2008-2136; CVE-2008-2812; CVE-2007-6063; CVE-2008-3525; CVE-2008-2086; CVE-2008-5347; CVE-2008-5348; CVE-2008-5349; CVE-2008-5350; CVE-2008-5351; CVE-2008-5352; CVE-2008-5353; CVE-2008-5354; CVE-2008-5357; CVE-2008-5358; CVE-2008-5359; CVE-2008-5360; CVE-2008-5339; CVE-2008-5342; CVE-2008-5344; CVE-2008-5345; CVE-2008-5346; CVE-2008-5340; CVE-2008-5341; CVE-2008-5343; CVE-2008-5355; CVE-2009-1093; CVE-2009-1094; CVE-2009-1095; CVE-2009-1096; CVE-2009-1097; CVE-2009-1098; CVE-2009-1099; CVE-2009-1100; CVE-2009-1101; CVE-2009-1102; CVE-2009-1103; CVE-2009-1104; CVE-2009-1105; CVE-2009-1106; CVE-2009-1107","https://support.broadcom.com/web/ecx/support-content-notification/-/external/content/SecurityAdvisories/0/23390","ESXi | 4.0 | N/A | N/A | N/A | N/A | N/A | N/A | <br>ESXi | 400 | N/A | N/A | N/A | N/A | N/A | N/A | <br>ESXi | 3.5 | N/A | N/A | N/A | N/A | N/A | N/A | <br>ESXi | 4.0.0 | N/A | N/A | N/A | N/A | N/A | N/A | "
"3.5","60","VCDSA23357","VMSA-2008-0010:Updated Tomcat and Java JRE packages for VMware ESX 3.5 and VirtualCenter","HIGH","","14 June 2008","CVE-2007-5333; CVE-2007-5342; CVE-2007-5461; CVE-2007-6286; CVE-2008-1185; CVE-2008-1186; CVE-2008-1187; CVE-2008-1188; CVE-2008-1189; CVE-2008-1190; CVE-2008-1191; CVE-2008-1192; CVE-2008-1193; CVE-2008-1194; CVE-2008-1195; CVE-2008-1196; CVE-2008-0657; CVE-2007-5689; CVE-2007-5232; CVE-2007-5236; CVE-2007-5237; CVE-2007-5238; CVE-2007-5239; CVE-2007-5240; CVE-2007-5274","https://support.broadcom.com/web/ecx/support-content-notification/-/external/content/SecurityAdvisories/0/23357","ESXi | 3.5 | N/A | N/A | N/A | N/A | N/A | N/A | "
"5.1; 510; 5.0; 500; 4.1; 410; 4.0; 400; 5.5","61","VCDSA23461","VMSA-2014-0001:VMware Workstation, Player, Fusion, ESXi, ESX and vCloud Director address several security issues","HIGH","","14 January 2014","CVE-2014-1207; CVE-2014-1208; CVE-2014-1211","https://support.broadcom.com/web/ecx/support-content-notification/-/external/content/SecurityAdvisories/0/23461","ESXi | 5.1 | N/A | N/A | N/A | N/A | N/A | N/A | <br>ESXi | 510 | N/A | N/A | N/A | N/A | N/A | N/A | <br>ESXi | 5.0 | N/A | N/A | N/A | N/A | N/A | N/A | <br>ESXi | 500 | N/A | N/A | N/A | N/A | N/A | N/A | <br>ESXi | 4.1 | N/A | N/A | N/A | N/A | N/A | N/A | <br>ESXi | 410 | N/A | N/A | N/A | N/A | N/A | N/A | <br>ESXi | 4.0 | N/A | N/A | N/A | N/A | N/A | N/A | <br>ESXi | 400 | N/A | N/A | N/A | N/A | N/A | N/A | <br>ESXi | 5.5 | N/A | N/A | N/A | N/A | N/A | N/A | "
"4.1; 410","62","VCDSA23440","VMSA-2012-0016:VMware security updates for vSphere API and ESX Service Console","MEDIUM","","13 November 2012","CVE-2012-5703; CVE-2012-1033; CVE-2012-1667; CVE-2012-3817; CVE-2011-4940; CVE-2011-4944; CVE-2012-1150; CVE-2012-0876; CVE-2012-1148; CVE-2012-0441","https://support.broadcom.com/web/ecx/support-content-notification/-/external/content/SecurityAdvisories/0/23440","ESXi | 4.1 | N/A | N/A | N/A | N/A | N/A | N/A | <br>ESXi | 410 | N/A | N/A | N/A | N/A | N/A | N/A | "
"4.1; 410","63","VCDSA23402","VMSA-2010-0016:VMware ESXi and ESX third party updates for Service Console and Likewise components","HIGH","","13 November 2010","CVE-2010-0415; CVE-2010-0307; CVE-2010-0291; CVE-2010-0622; CVE-2010-1087; CVE-2010-1437; CVE-2010-1088; CVE-2009-0844; CVE-2009-0845; CVE-2009-0846; CVE-2009-4212; CVE-2010-1321","https://support.broadcom.com/web/ecx/support-content-notification/-/external/content/SecurityAdvisories/0/23402","ESXi | 4.1 | N/A | N/A | N/A | N/A | N/A | N/A | <br>ESXi | 410 | N/A | N/A | N/A | N/A | N/A | N/A | "
"5.0; 500; 4.1; 410; 4.0; 400; 4; 3.5","64","VCDSA23408","VMSA-2012-0005:VMware vCenter Server, Orchestrator, Update Manager, vShield, vSphere Client, ESXi and ESX address several security issues","HIGH","","13 March 2012","CVE-2012-1508; CVE-2012-1509; CVE-2012-1510; CVE-2012-1512; CVE-2012-1513; CVE-2012-1514; CVE-2011-3190; CVE-2011-3375; CVE-2012-0022; CVE-2010-0405","https://support.broadcom.com/web/ecx/support-content-notification/-/external/content/SecurityAdvisories/0/23408","vCenter Server | 5.0 | N/A | N/A | N/A | N/A | N/A | N/A | <br>vCenter Server | 4.1 | N/A | N/A | N/A | N/A | N/A | N/A | <br>vCenter Server | 4.0 | N/A | N/A | N/A | N/A | N/A | N/A | <br>vCenter Server | 2.5 | N/A | N/A | N/A | N/A | N/A | N/A | <br>ESXi | 5.0 | N/A | N/A | N/A | N/A | N/A | N/A | <br>ESXi | 500 | N/A | N/A | N/A | N/A | N/A | N/A | <br>ESXi | 4.1 | N/A | N/A | N/A | N/A | N/A | N/A | <br>ESXi | 410 | N/A | N/A | N/A | N/A | N/A | N/A | <br>ESXi | 4.0 | N/A | N/A | N/A | N/A | N/A | N/A | <br>ESXi | 400 | N/A | N/A | N/A | N/A | N/A | N/A | <br>ESXi | 4 | N/A | N/A | N/A | N/A | N/A | N/A | <br>ESXi | 3.5 | N/A | N/A | N/A | N/A | N/A | N/A | <br>VMware Tools | 5 | N/A | N/A | N/A | N/A | N/A | N/A | "
"7.0 U3; 7.0 U2; 7.0 U1; 6.7; 6.5; 4.x; 3.x; 7.0","65","VCDSA23619","VMSA-2022-0004:VMware ESXi, Workstation, and Fusion updates address multiple security vulnerabilities","CRITICAL","","13 February 2022","CVE-2021-22040; CVE-2021-22041; CVE-2021-22042; CVE-2021-22043; CVE-2021-22050","https://support.broadcom.com/web/ecx/support-content-notification/-/external/content/SecurityAdvisories/0/23619","ESXi | 7.0 U3 | Any | CVE-2021-22040, CVE-2021-22041 | 8.4 | important | ESXi70U3c-19193900 | KB87349 | FAQ<br>ESXi | 7.0 U2 | Any | CVE-2021-22040, CVE-2021-22041 | 8.4 | important | ESXi70U2e-19290878 | KB87349 | FAQ<br>ESXi | 7.0 U1 | Any | CVE-2021-22040, CVE-2021-22041 | 8.4 | important | ESXi70U1e-19324898 | KB87349 | FAQ<br>ESXi | 6.7 | Any | CVE-2021-22040, CVE-2021-22041 | 8.4 | important | [1] ESXi670-202111101-SG | KB87349 | FAQ<br>ESXi | 6.5 | Any | CVE-2021-22040, CVE-2021-22041 | 8.4 | important | ESXi650-202202401-SG | KB87349 | FAQ<br>Fusion | 12.x | OS X | CVE-2021-22040, CVE-2021-22041 | 8.4 | important | 12.2.1 | KB87349 | FAQ<br>Workstation | 16.x | Any | CVE-2021-22040, CVE-2021-22041 | 8.4 | important | 16.2.1 | KB87349 | FAQ<br>Cloud Foundation (ESXi) | 4.x | Any | CVE-2021-22040, CVE-2021-22041 | 8.4 | important | KB87646 (4.4) | KB87349 | FAQ<br>Cloud Foundation (ESXi) | 3.x | Any | CVE-2021-22040, CVE-2021-22041 | 8.4 | important | 3.11 | KB87349 | FAQ<br>ESXi | 7.0 U3 | Any | CVE-2021-22042, CVE-2021-22043 | 8.2 | important | ESXi70U3c-19193900 | None | FAQ<br>ESXi | 7.0 U2 | Any | CVE-2021-22042, CVE-2021-22043 | 8.2 | important | ESXi70U2e-19290878 | None | FAQ<br>ESXi | 7.0 U1 | Any | CVE-2021-22042, CVE-2021-22043 | 8.2 | important | ESXi70U1e-19324898 | None | FAQ<br>ESXi | 6.7 | Any | CVE-2021-22042, CVE-2021-22043 | N/A | N/A | Unaffected | N/A | N/A<br>ESXi | 6.5 | Any | CVE-2021-22042, CVE-2021-22043 | N/A | N/A | Unaffected | N/A | N/A<br>Cloud Foundation (ESXi) | 4.x | Any | CVE-2021-22042, CVE-2021-22043 | 8.2 | important | KB87646 (4.4) | None | FAQ<br>Cloud Foundation (ESXi) | 3.x | Any | CVE-2021-22042, CVE-2021-22043 | N/A | N/A | Unaffected | N/A | N/A<br>ESXi | 7.0 | Any | CVE-2021-22050 | 5.3 | moderate | ESXi70U3c-19193900 | None | FAQ<br>ESXi | 6.7 | Any | CVE-2021-22050 | 5.3 | moderate | [1] ESXi670-202111101-SG | None | FAQ<br>ESXi | 6.5 | Any | CVE-2021-22050 | 5.3 | moderate | ESXi650-202110101-SG | None | FAQ<br>Cloud Foundation (ESXi) | 4.x | Any | CVE-2021-22050 | 5.3 | moderate | KB87646 (4.4) | None | FAQ<br>Cloud Foundation (ESXi) | 3.x | Any | CVE-2021-22050 | 5.3 | moderate | 3.11 | None | FAQ"
"6.5; 650; 6.0; 5.5; 600; 550","66","VCDSA23511","VMSA-2017-0015:VMware ESXi, vCenter Server, Fusion and Workstation updates resolve multiple security vulnerabilities","CRITICAL","","12 September 2017","CVE-2017-4924; CVE-2017-4925; CVE-2017-4926","https://support.broadcom.com/web/ecx/support-content-notification/-/external/content/SecurityAdvisories/0/23511","vCenter Server | 5 | N/A | N/A | N/A | N/A | N/A | N/A | <br>vCenter Server | 6.5 | N/A | N/A | N/A | N/A | N/A | N/A | <br>vCenter Server | 6.0 | N/A | N/A | N/A | N/A | N/A | N/A | <br>vCenter Server | 5.5 | N/A | N/A | N/A | N/A | N/A | N/A | <br>vCenter Server | 6.5 U1 | N/A | N/A | N/A | N/A | N/A | N/A | <br>ESXi | 6.5 | N/A | N/A | N/A | N/A | N/A | N/A | <br>ESXi | 650 | N/A | N/A | N/A | N/A | N/A | N/A | <br>ESXi | 6.0 | N/A | N/A | N/A | N/A | N/A | N/A | <br>ESXi | 5.5 | N/A | N/A | N/A | N/A | N/A | N/A | <br>ESXi | 600 | N/A | N/A | N/A | N/A | N/A | N/A | <br>ESXi | 550 | N/A | N/A | N/A | N/A | N/A | N/A | "
"6.5; 6.0; 6.7","67","VCDSA23553","VMSA-2019-0008:VMware product updates enable Hypervisor-Specific Mitigations, Hypervisor-Assisted Guest Mitigations, and Operating System-Specific Mitigations for Microarchitectural Data Sampling (MDS) Vulnerabilities","MEDIUM","3.8 - 6.5","12 May 2019","CVE-2018-12126; CVE-2018-12127; CVE-2018-12130; CVE-2019-11091; CVE-2018-3646","https://support.broadcom.com/web/ecx/support-content-notification/-/external/content/SecurityAdvisories/0/23553","vCenter Server1 | 6.7 | Any | N/A | N/A | N/A | 6.7 U2a | None | KB67577<br>vCenter Server1 | 6.5 | Any | N/A | N/A | N/A | 6.5 U2g | None | KB67577<br>vCenter Server1 | 6.0 | Any | N/A | N/A | N/A | 6.0 U3i | None | KB67577<br>ESXi3 | 6.7 | Any | CVE-2018-12126 CVE-2018-12127 CVE-2018-12130 CVE-2019-11091 | 6.5 | Moderate | ESXi670-201911401-BG ESXi670-201911402-BG2 | None | KB67577<br>ESXi | 6.5 | Any | CVE-2018-12126 CVE-2018-12127 CVE-2018-12130 CVE-2019-11091 | 6.5 | Moderate | ESXi650-201905401-BG ESXi650-201905402-BG2 | None | KB67577<br>ESXi | 6.0 | Any | CVE-2018-12126 CVE-2018-12127 CVE-2018-12130 CVE-2019-11091 | 6.5 | Moderate | ESXi600-201905401-BG ESXi600-201905402-BG2 | None | KB67577<br>Workstation3 | 15.x | Any | CVE-2018-12126 CVE-2018-12127 CVE-2018-12130 CVE-2019-11091 | 6.5 | Moderate | 15.5.1 | None | KB68025<br>Fusion3 | 11.x | Any | CVE-2018-12126 CVE-2018-12127 CVE-2018-12130 CVE-2019-11091 | 6.5 | Moderate | 11.5.1 | None | KB68025<br>vCenter Server1 | 6.7 | Any | N/A | N/A | N/A | 6.7 U2a | None | KB68024<br>vCenter Server1 | 6.5 | Any | N/A | N/A | N/A | 6.5 U2g | None | KB68024<br>vCenter Server1 | 6.0 | Any | N/A | N/A | N/A | 6.0 U3i | None | KB68024<br>ESXi | 6.7 | Any | CVE-2018-12126 CVE-2018-12127 CVE-2018-12130 CVE-2019-11091 | 6.5 | Moderate | ESXi670-201905401-BG ESXi670-201905402-BG2 ESXi670-201905403-BG | None | KB68024<br>ESXi | 6.5 | Any | CVE-2018-12126 CVE-2018-12127 CVE-2018-12130 CVE-2019-11091 | 6.5 | Moderate | ESXi650-201905401-BG ESXi650-201905402-BG2 | None | KB68024<br>ESXi | 6.0 | Any | CVE-2018-12126 CVE-2018-12127 CVE-2018-12130 CVE-2019-11091 | 6.5 | Moderate | ESXi600-201905401-BG ESXi600-201905402-BG2 | None | KB68024<br>Workstation | 15.x | Any | CVE-2018-12126 CVE-2018-12127 CVE-2018-12130 CVE-2019-11091 | 6.5 | Moderate | 15.1.0 | None | KB68024<br>Fusion | 11.x | Any | CVE-2018-12126 CVE-2018-12127 CVE-2018-12130 CVE-2019-11091 | 6.5 | Moderate | 11.1.0 | None | KB68024<br>vCenter Server | 6.7 | Virtual Appliance | CVE-2018-12126 CVE-2018-12127 CVE-2018-12130 CVE-2019-11091 | 6.5 | Moderate | 6.7u2c | KB52312 | None<br>vCenter Server | 6.5 | Virtual Appliance | CVE-2018-12126 CVE-2018-12127 CVE-2018-12130 CVE-2019-11091 | 6.5 | Moderate | 6.5u3 | KB52312 | None<br>vCenter Server | 6.0 | Virtual Appliance | CVE-2018-12126 CVE-2018-12127 CVE-2018-12130 CVE-2019-11091 | 6.5 | Moderate | 6.5u3 | KB52312 | None"
"7.0; 6.7; 6.5; 4.x; 3.x","68","VCDSA23632","VMSA-2022-0016:VMware ESXi addresses DirectPath I/O (PCI-Passthrough) Information Leak vulnerabilities","LOW","","12 June 2022","CVE-2022-21123; CVE-2022-21125; CVE-2022-21166","https://support.broadcom.com/web/ecx/support-content-notification/-/external/content/SecurityAdvisories/0/23632","ESXi | 7.0 | Any | CVE-2022-21123, CVE-2022-21125, CVE-2022-21166 | 3.8 | low | ESXi70U3e-19898904 + KB88632 | None | FAQ<br>ESXi | 6.7 | Any | CVE-2022-21123, CVE-2022-21125, CVE-2022-21166 | 3.8 | low | ESXi670-202206101-SG + KB88632 | None | FAQ<br>ESXi | 6.5 | Any | CVE-2022-21123, CVE-2022-21125, CVE-2022-21166 | 3.8 | low | KB88632 | None | FAQ<br>Cloud Foundation (ESXi) | 4.x | Any | CVE-2022-21123, CVE-2022-21125, CVE-2022-21166 | 3.8 | low | KB88695 | None | FAQ<br>Cloud Foundation (ESXi) | 3.x | Any | CVE-2022-21123, CVE-2022-21125, CVE-2022-21166 | 3.8 | low | KB88707 | None | FAQ"
"5.0; 500; 4.1; 410; 4.0; 400; 3.5","69","VCDSA23435","VMSA-2012-0011:VMware hosted products and ESXi and ESX patches address security issues","CRITICAL","","12 June 2012","CVE-2012-3288; CVE-2012-3289","https://support.broadcom.com/web/ecx/support-content-notification/-/external/content/SecurityAdvisories/0/23435","ESXi | 5.0 | N/A | N/A | N/A | N/A | N/A | N/A | <br>ESXi | 500 | N/A | N/A | N/A | N/A | N/A | N/A | <br>ESXi | 4.1 | N/A | N/A | N/A | N/A | N/A | N/A | <br>ESXi | 410 | N/A | N/A | N/A | N/A | N/A | N/A | <br>ESXi | 4.0 | N/A | N/A | N/A | N/A | N/A | N/A | <br>ESXi | 400 | N/A | N/A | N/A | N/A | N/A | N/A | <br>ESXi | 3.5 | N/A | N/A | N/A | N/A | N/A | N/A | <br>VMware Tools | 5 | N/A | N/A | N/A | N/A | N/A | N/A | "
"6.7; 6.5; 6.0; 5.5","70","VCDSA23545","VMSA-2018-0020:VMware vSphere, Workstation, and Fusion updates enable Hypervisor-Specific Mitigations for L1 Terminal Fault - VMM vulnerability.","HIGH","","12 August 2018","CVE-2018-3646","https://support.broadcom.com/web/ecx/support-content-notification/-/external/content/SecurityAdvisories/0/23545","ESXi | 6.7 | Any | Important | ESXi670-201808401-BG*ESXi670-201808402-BG**ESXi670-201808403-BG* | None<br>ESXi | 6.5 | Any | Important | ESXi650-201808401-BG*ESXi650-201808402-BG**ESXi650-201808403-BG* | None<br>ESXi | 6.0 | Any | Important | ESXi600-201808401-BG*ESXi600-201808402-BG**ESXi600-201808403-BG* | None<br>ESXi | 5.5 | Any | Important | ESXi550-201808401-BG*ESXi550-201808402-BG**ESXi550-201808403-BG* | None<br>Fusion | 10.x | Any | Important | 10.1.3* | None"
"7.0; 6.7; 6.5","71","VCDSA23575","VMSA-2020-0008:VMware ESXi patches address Stored Cross-Site Scripting (XSS) vulnerability","HIGH","","12 April 2020","CVE-2020-3955","https://support.broadcom.com/web/ecx/support-content-notification/-/external/content/SecurityAdvisories/0/23575","ESXi | 7.0 | Any | CVE-2020-3955 | N/A | N/A | Unaffected | N/A | N/A<br>ESXi | 6.7 | Any | CVE-2020-3955 | 8.3 | important | ESXi670-202004103-SG | None | None<br>ESXi | 6.5 | Any | CVE-2020-3955 | 8.3 | important | ESXi650-201912104-SG | None | None"
"5.5; 550; 5.5 U1","72","VCDSA23445","VMSA-2014-0004:VMware product updates address OpenSSL security vulnerabilities","CRITICAL","","12 April 2014","CVE-2014-0076; CVE-2014-0160","https://support.broadcom.com/web/ecx/support-content-notification/-/external/content/SecurityAdvisories/0/23445","vCenter Server | 5.5 | N/A | N/A | N/A | N/A | N/A | N/A | <br>vCenter Server | 5.5 U1 | N/A | N/A | N/A | N/A | N/A | N/A | <br>vCenter Server | 5.5.0 | N/A | N/A | N/A | N/A | N/A | N/A | <br>ESXi | 5.5 | N/A | N/A | N/A | N/A | N/A | N/A | <br>ESXi | 550 | N/A | N/A | N/A | N/A | N/A | N/A | <br>ESXi | 5.5 U1 | N/A | N/A | N/A | N/A | N/A | N/A | <br>NSX | 6.0 | N/A | N/A | N/A | N/A | N/A | N/A | <br>NSX | 5.3 | N/A | N/A | N/A | N/A | N/A | N/A | <br>NSX | 6.0.4 | N/A | N/A | N/A | N/A | N/A | N/A | <br>NSX | 3.2.2 | N/A | N/A | N/A | N/A | N/A | N/A | "
"7.0; 6.7; 6.5; 4.x; 3.x","73","VCDSA23606","VMSA-2021-0014:VMware ESXi updates address authentication and denial of service vulnerabilities","HIGH","","11 July 2021","CVE-2021-21994; CVE-2021-21995","https://support.broadcom.com/web/ecx/support-content-notification/-/external/content/SecurityAdvisories/0/23606","ESXi | 7.0 | Any | CVE-2021-21994 | 7.0 | important | ESXi70U2-17630552 | KB1025757 | None<br>ESXi | 6.7 | Any | CVE-2021-21994 | 7.0 | important | ESXi670-202103101-SG | KB1025757 | None<br>ESXi | 6.5 | Any | CVE-2021-21994 | 7.0 | important | ESXi650-202107401-SG | KB1025757 | None<br>Cloud Foundation (ESXi) | 4.x | Any | CVE-2021-21994 | 7.0 | important | 4.3 | KB1025757 | None<br>Cloud Foundation (ESXi) | 3.x | Any | CVE-2021-21994 | 7.0 | important | 3.10.2 | KB1025757 | None<br>ESXi | 7.0 | Any | CVE-2021-21995 | 5.3 | moderate | ESXi70U2-17630552 | KB76372 | None<br>ESXi | 6.7 | Any | CVE-2021-21995 | 5.3 | moderate | ESXi670-202103101-SG | KB76372 | None<br>ESXi | 6.5 | Any | CVE-2021-21995 | 5.3 | moderate | ESXi650-202107401-SG | KB76372 | None<br>Cloud Foundation (ESXi) | 4.x | Any | CVE-2021-21995 | 5.3 | moderate | 4.3 | KB76372 | None<br>Cloud Foundation (ESXi) | 3.x | Any | CVE-2021-21995 | 5.3 | moderate | 3.10.2 | KB76372 | None"
"8.0; 7.0; 4.x/3.x","74","VCDSA23653","VMSA-2022-0033:VMware ESXi, Workstation, and Fusion updates address a heap out-of-bounds write vulnerability","CRITICAL","","11 December 2022","CVE-2022-31705","https://support.broadcom.com/web/ecx/support-content-notification/-/external/content/SecurityAdvisories/0/23653","ESXi | 8.0 | Any | CVE-2022-31705 | 5.9 | moderate | ESXi80a-20842819 | KB87617 | None<br>ESXi | 7.0 | Any | CVE-2022-31705 | 5.9 | moderate | ESXi70U3si-20841705 | KB87617 | None<br>Fusion | 13.x | OS X | CVE-2022-31705 | N/A | N/A | Unaffected | N/A | N/A<br>Fusion | 12.x | OS X | CVE-2022-31705 | 9.3 | critical | 12.2.5 | KB79712 | None<br>Workstation | 17.x | Any | CVE-2022-31705 | N/A | N/A | Unaffected | N/A | N/A<br>Workstation | 16.x | Any | CVE-2022-31705 | 9.3 | critical | 16.2.5 | KB79712 | None<br>Cloud Foundation (ESXi) | 4.x/3.x | Any | CVE-2022-31705 | 5.9 | moderate | KB90336 | KB87617 | None"
"6","75","VCDSA23519","VMSA-2017-0007:VMware vCenter Server updates resolve a remote code execution vulnerability via BlazeDS","CRITICAL","","11 April 2017","CVE-2017-5641","https://support.broadcom.com/web/ecx/support-content-notification/-/external/content/SecurityAdvisories/0/23519","vCenter Server | 3 | N/A | N/A | N/A | N/A | N/A | N/A | <br>vCenter Server | 6.5 | N/A | N/A | N/A | N/A | N/A | N/A | <br>vCenter Server | 6.0 | N/A | N/A | N/A | N/A | N/A | N/A | <br>vCenter Server | 5.5 | N/A | N/A | N/A | N/A | N/A | N/A | <br>vCenter Server | 6.0U3 | N/A | N/A | N/A | N/A | N/A | N/A | <br>ESXi | 6 | N/A | N/A | N/A | N/A | N/A | N/A | "
"5.0; 500; 4.1; 410; 4.0; 400; 3.5; 41","76","VCDSA23427","VMSA-2011-0012:VMware ESXi and ESX updates to third party libraries and ESX Service Console","HIGH","","10 October 2011","CVE-2010-1083; CVE-2010-2492; CVE-2010-2798; CVE-2010-2938; CVE-2010-2942; CVE-2010-2943; CVE-2010-3015; CVE-2010-3066; CVE-2010-3067; CVE-2010-3078; CVE-2010-3086; CVE-2010-3296; CVE-2010-3432; CVE-2010-3442; CVE-2010-3477; CVE-2010-3699; CVE-2010-3858; CVE-2010-3859; CVE-2010-3865; CVE-2010-3876; CVE-2010-3877; CVE-2010-3880; CVE-2010-3904; CVE-2010-4072; CVE-2010-4073; CVE-2010-4075; CVE-2010-4080; CVE-2010-4081; CVE-2010-4083; CVE-2010-4157; CVE-2010-4158; CVE-2010-4161; CVE-2010-4238; CVE-2010-4242; CVE-2010-4243; CVE-2010-4247; CVE-2010-4248; CVE-2010-4249; CVE-2010-4251; CVE-2010-4255; CVE-2010-4263; CVE-2010-4343; CVE-2010-4346; CVE-2010-4526; CVE-2010-4655; CVE-2011-0521; CVE-2011-0710; CVE-2011-1010; CVE-2011-1090; CVE-2011-1478; CVE-2010-1323; CVE-2011-0281; CVE-2011-0282; CVE-2010-0296; CVE-2011-0536; CVE-2011-1071; CVE-2011-1095; CVE-2011-1658; CVE-2011-1659; CVE-2011-1494; CVE-2011-1495","https://support.broadcom.com/web/ecx/support-content-notification/-/external/content/SecurityAdvisories/0/23427","ESXi | 5.0 | N/A | N/A | N/A | N/A | N/A | N/A | <br>ESXi | 500 | N/A | N/A | N/A | N/A | N/A | N/A | <br>ESXi | 4.1 | N/A | N/A | N/A | N/A | N/A | N/A | <br>ESXi | 410 | N/A | N/A | N/A | N/A | N/A | N/A | <br>ESXi | 4.0 | N/A | N/A | N/A | N/A | N/A | N/A | <br>ESXi | 400 | N/A | N/A | N/A | N/A | N/A | N/A | <br>ESXi | 3.5 | N/A | N/A | N/A | N/A | N/A | N/A | <br>ESXi | 41 | N/A | N/A | N/A | N/A | N/A | N/A | "
"6.7; 6.5; 6.0","77","VCDSA23565","VMSA-2019-0020:VMware ESXi, Workstation, and Fusion patches provide Hypervisor-Specific Mitigations for Speculative-Execution Vulnerabilities","MEDIUM","6.5","10 November 2019","CVE-2018-12207; CVE-2019-11135","https://support.broadcom.com/web/ecx/support-content-notification/-/external/content/SecurityAdvisories/0/23565","ESXi | 6.7 | Any | CVE-2018-12207 | 6.5 | Moderate | ESXi670-201911401-BGESXi670-201911402-BG | None | KB59139<br>ESXi | 6.5 | Any | CVE-2018-12207 | 6.5 | Moderate | ESXi650-201911401-BGESXi650-201911402-BG | None | KB59139<br>ESXi | 6.0 | Any | CVE-2018-12207 | 6.5 | Moderate | ESXi600-201911401-BGESXi600-201911402-BG | None | KB59139<br>Workstation | 15.x | Any | CVE-2018-12207 | N/A | N/A | Unaffected | N/A | N/A<br>Fusion | 11.x | Any | CVE-2018-12207 | N/A | N/A | Unaffected | N/A | N/A<br>ESXi | 6.7 | Any | CVE-2019-11135 | 6.5 | Moderate | ESXi670-201911401-BGESXi670-201911402-BG | None | None<br>ESXi | 6.5 | Any | CVE-2019-11135 | 6.5 | Moderate | ESXi650-201911401-BGESXi650-201911402-BG | None | None<br>ESXi | 6.0 | Any | CVE-2019-11135 | 6.5 | Moderate | ESXi600-201911401-BGESXi600-201911402-BG | None | None<br>Workstation | 15.x | Any | CVE-2019-11135 | 6.5 | Moderate | 15.5.1 | None | None<br>Fusion | 11.x | Any | CVE-2019-11135 | 6.5 | Moderate | 11.5.1 | None | None"
"7.0; 6.7; 6.5; 4.x; 3.x","78","VCDSA23636","VMSA-2022-0020:VMware ESXi addresses Return-Stack-Buffer-UnderfLOW and Branch Type Confusion vulnerabilities","MEDIUM","","10 July 2022","CVE-2022-29901; CVE-2022-28693; CVE-2022-23816; CVE-2022-23825; CVE-2022-26373","https://support.broadcom.com/web/ecx/support-content-notification/-/external/content/SecurityAdvisories/0/23636","ESXi | 7.0 | Any | CVE-2022-29901, CVE-2022-28693, CVE-2022-23816, CVE-2022-23825, CVE-2022-26373 | 5.6 | moderate | ESXi70U3sf-20036586 | None | FAQ<br>ESXi | 6.7 | Any | CVE-2022-29901, CVE-2022-28693, CVE-2022-23816, CVE-2022-23825, CVE-2022-26373 | 5.6 | moderate | ESXi670-202207401-SG | None | FAQ<br>ESXi | 6.5 | Any | CVE-2022-29901, CVE-2022-28693, CVE-2022-23816, CVE-2022-23825, CVE-2022-26373 | 5.6 | moderate | ESXi650-202207401-SG | None | FAQ<br>Cloud Foundation (ESXi) | 4.x | Any | CVE-2022-29901, CVE-2022-28693, CVE-2022-23816, CVE-2022-23825, CVE-2022-26373 | 5.6 | moderate | KB88695 | None | FAQ<br>Cloud Foundation (ESXi) | 3.x | Any | CVE-2022-29901, CVE-2022-28693, CVE-2022-23816, CVE-2022-23825, CVE-2022-26373 | 5.6 | moderate | KB88927 | None | FAQ"
"6.5","79","VCDSA23543","VMSA-2018-0017:VMware Tools update addresses an out-of-bounds read vulnerability","HIGH","","10 July 2018","CVE-2018-6969","https://support.broadcom.com/web/ecx/support-content-notification/-/external/content/SecurityAdvisories/0/23543","ESXi | 6.5 | N/A | N/A | N/A | N/A | N/A | N/A | <br>VMware Tools | 3 | N/A | N/A | N/A | N/A | N/A | N/A | <br>VMware Tools | 10 | N/A | N/A | N/A | N/A | N/A | N/A | <br>VMware Tools | 10.3.0 | N/A | N/A | N/A | N/A | N/A | N/A | <br>VMware Tools | 10.3.2 | N/A | N/A | N/A | N/A | N/A | N/A | "
"500; 4.1; 410; 4.0; 400; 5.0; 3.5; 7","80","VCDSA23436","VMSA-2012-0012:VMware ESXi update to third party library","MEDIUM","","10 July 2012","CVE-2010-4008; CVE-2011-0216; CVE-2011-1944; CVE-2011-2834; CVE-2011-3905; CVE-2011-3919; CVE-2012-0841; CVE-2010-4494; CVE-2011-2821","https://support.broadcom.com/web/ecx/support-content-notification/-/external/content/SecurityAdvisories/0/23436","ESXi | 500 | N/A | N/A | N/A | N/A | N/A | N/A | <br>ESXi | 4.1 | N/A | N/A | N/A | N/A | N/A | N/A | <br>ESXi | 410 | N/A | N/A | N/A | N/A | N/A | N/A | <br>ESXi | 4.0 | N/A | N/A | N/A | N/A | N/A | N/A | <br>ESXi | 400 | N/A | N/A | N/A | N/A | N/A | N/A | <br>ESXi | 5.0 | N/A | N/A | N/A | N/A | N/A | N/A | <br>ESXi | 3.5 | N/A | N/A | N/A | N/A | N/A | N/A | <br>ESXi | 7 | N/A | N/A | N/A | N/A | N/A | N/A | "
"3.5","81","VCDSA23360","VMSA-2008-0013:Updated ESX packages for OpenSSL, net-snmp, perl","MEDIUM","","10 August 2008","CVE-2007-3108; CVE-2007-5135; CVE-2008-2292; CVE-2008-0960; CVE-2008-1927","https://support.broadcom.com/web/ecx/support-content-notification/-/external/content/SecurityAdvisories/0/23360","ESXi | 3.5 | N/A | N/A | N/A | N/A | N/A | N/A | "
"5.0; 500; 4.1; 410; 4.0; 400; 3.5","82","VCDSA23431","VMSA-2012-0007:VMware hosted products and ESXi/ESX patches address privilege escalation","HIGH","","10 April 2012","CVE-2012-1518","https://support.broadcom.com/web/ecx/support-content-notification/-/external/content/SecurityAdvisories/0/23431","ESXi | 5.0 | N/A | N/A | N/A | N/A | N/A | N/A | <br>ESXi | 500 | N/A | N/A | N/A | N/A | N/A | N/A | <br>ESXi | 4.1 | N/A | N/A | N/A | N/A | N/A | N/A | <br>ESXi | 410 | N/A | N/A | N/A | N/A | N/A | N/A | <br>ESXi | 4.0 | N/A | N/A | N/A | N/A | N/A | N/A | <br>ESXi | 400 | N/A | N/A | N/A | N/A | N/A | N/A | <br>ESXi | 3.5 | N/A | N/A | N/A | N/A | N/A | N/A | <br>VMware Tools | 5 | N/A | N/A | N/A | N/A | N/A | N/A | "
"5.5; 550; 5.1; 510; 5.0; 500; 4.1; 410; 4.0; 400","83","VCDSA23462","VMSA-2014-0002:VMware vSphere updates to third party libraries","MEDIUM","","09 March 2014","CVE-2013-5211; CVE-2013-4332","https://support.broadcom.com/web/ecx/support-content-notification/-/external/content/SecurityAdvisories/0/23462","vCenter Server | 5.5 | N/A | N/A | N/A | N/A | N/A | N/A | <br>vCenter Server | 5.1 | N/A | N/A | N/A | N/A | N/A | N/A | <br>vCenter Server | 5.0 | N/A | N/A | N/A | N/A | N/A | N/A | <br>vCenter Server | 4.1 | N/A | N/A | N/A | N/A | N/A | N/A | <br>vCenter Server | 4.0 | N/A | N/A | N/A | N/A | N/A | N/A | <br>ESXi | 5.5 | N/A | N/A | N/A | N/A | N/A | N/A | <br>ESXi | 550 | N/A | N/A | N/A | N/A | N/A | N/A | <br>ESXi | 5.1 | N/A | N/A | N/A | N/A | N/A | N/A | <br>ESXi | 510 | N/A | N/A | N/A | N/A | N/A | N/A | <br>ESXi | 5.0 | N/A | N/A | N/A | N/A | N/A | N/A | <br>ESXi | 500 | N/A | N/A | N/A | N/A | N/A | N/A | <br>ESXi | 4.1 | N/A | N/A | N/A | N/A | N/A | N/A | <br>ESXi | 410 | N/A | N/A | N/A | N/A | N/A | N/A | <br>ESXi | 4.0 | N/A | N/A | N/A | N/A | N/A | N/A | <br>ESXi | 400 | N/A | N/A | N/A | N/A | N/A | N/A | "
"6.7; 670; 6.5; 650; 6.0; 67u2; 6.7 U2","84","VCDSA23551","VMSA-2019-0006:VMware ESXi, Workstation and Fusion updates address multiple out-of-bounds read vulnerabilities","HIGH","","09 April 2019","CVE-2019-5516; CVE-2019-5517; CVE-2019-5520","https://support.broadcom.com/web/ecx/support-content-notification/-/external/content/SecurityAdvisories/0/23551","ESXi | 6.7 | N/A | N/A | N/A | N/A | N/A | N/A | <br>ESXi | 670 | N/A | N/A | N/A | N/A | N/A | N/A | <br>ESXi | 6.5 | N/A | N/A | N/A | N/A | N/A | N/A | <br>ESXi | 650 | N/A | N/A | N/A | N/A | N/A | N/A | <br>ESXi | 6.0 | N/A | N/A | N/A | N/A | N/A | N/A | <br>ESXi | 67u2 | N/A | N/A | N/A | N/A | N/A | N/A | <br>ESXi | 6.7 U2 | N/A | N/A | N/A | N/A | N/A | N/A | "
"8.0; 8.0 [2]; 7.0; 5.x/4.x","85","VCDSA24266","VMSA-2024-0006:VMware ESXi, Workstation, and Fusion updates address multiple security vulnerabilities (CVE-2024-22252, CVE-2024-22253, CVE-2024-22254, CVE-2024-22255)","CRITICAL","7.1-9.3","08 May 2024","CVE-2024-22252; CVE-2024-22253; CVE-2024-22254; CVE-2024-22255","https://support.broadcom.com/web/ecx/support-content-notification/-/external/content/SecurityAdvisories/0/24266","ESXi | 8.0 | Any | CVE-2024-22252, CVE-2024-22253, CVE-2024-22254, CVE-2024-22255 | 8.4, 8.4, 7.9, 7.1 | critical | ESXi80U2sb-23305545 | KB96682 | FAQ<br>ESXi | 8.0 [2] | Any | CVE-2024-22252, CVE-2024-22253, CVE-2024-22254, CVE-2024-22255 | 8.4, 8.4, 7.9, 7.1 | critical | ESXi80U1d-23299997 | KB96682 | FAQ<br>ESXi | 7.0 | Any | CVE-2024-22252, CVE-2024-22253, CVE-2024-22254, CVE-2024-22255 | 8.4, 8.4, 7.9, 7.1 | critical | ESXi70U3p-23307199 | KB96682 | FAQ<br>Workstation | 17.x | Any | CVE-2024-22252, CVE-2024-22253, CVE-2024-22255 | 9.3, 9.3, 7.1 | critical | 17.5.1 | KB96682 | None.<br>Fusion | 13.x | MacOS | CVE-2024-22252, CVE-2024-22253, CVE-2024-22255 | 9.3, 9.3, 7.1 | critical | 13.5.1 | KB96682 | None<br>Cloud Foundation (ESXi) | 5.x/4.x | Any | CVE-2024-22252, CVE-2024-22253, CVE-2024-22254, CVE-2024-22255 | 8.4, 8.4, 7.9, 7.1 | critical | KB88287 | KB96682 | FAQ"
"5.5; 550; 5.1; 510; 5.0; 500","86","VCDSA23447","VMSA-2014-0006:VMware product updates address OpenSSL security vulnerabilities","CRITICAL","","08 June 2014","CVE-2014-0224; CVE-2014-0198; CVE-2010-5298; CVE-2014-3470; CVE-2014-0221; CVE-2014-0195","https://support.broadcom.com/web/ecx/support-content-notification/-/external/content/SecurityAdvisories/0/23447","vCenter Server | 5.5 | N/A | N/A | N/A | N/A | N/A | N/A | <br>vCenter Server | 5.1 | N/A | N/A | N/A | N/A | N/A | N/A | <br>vCenter Server | 5.0 | N/A | N/A | N/A | N/A | N/A | N/A | <br>vCenter Server | 5.5u1 | N/A | N/A | N/A | N/A | N/A | N/A | <br>ESXi | 5.5 | N/A | N/A | N/A | N/A | N/A | N/A | <br>ESXi | 550 | N/A | N/A | N/A | N/A | N/A | N/A | <br>ESXi | 5.1 | N/A | N/A | N/A | N/A | N/A | N/A | <br>ESXi | 510 | N/A | N/A | N/A | N/A | N/A | N/A | <br>ESXi | 5.0 | N/A | N/A | N/A | N/A | N/A | N/A | <br>ESXi | 500 | N/A | N/A | N/A | N/A | N/A | N/A | <br>NSX | 6.0 | N/A | N/A | N/A | N/A | N/A | N/A | <br>NSX | 5.5.1.2 | N/A | N/A | N/A | N/A | N/A | N/A | <br>NSX | 6.0.5 | N/A | N/A | N/A | N/A | N/A | N/A | "
"4.1; 410; 4.0; 400; 3.5; 41; 1","87","VCDSA23418","VMSA-2011-0003:Third party component updates for VMware vCenter Server, vCenter Update Manager, ESXi and ESX","HIGH","","08 February 2011","CVE-2009-2693; CVE-2009-2901; CVE-2009-2902; CVE-2009-3548; CVE-2010-2227; CVE-2010-1157; CVE-2010-2928; CVE-2010-0734; CVE-2010-1084; CVE-2010-2066; CVE-2010-2070; CVE-2010-2226; CVE-2010-2248; CVE-2010-2521; CVE-2010-2524; CVE-2010-0008; CVE-2010-0415; CVE-2010-0437; CVE-2009-4308; CVE-2010-0003; CVE-2010-0007; CVE-2010-0307; CVE-2010-1086; CVE-2010-0410; CVE-2010-0730; CVE-2010-1085; CVE-2010-0291; CVE-2010-0622; CVE-2010-1087; CVE-2010-1173; CVE-2010-1437; CVE-2010-1088; CVE-2010-1187; CVE-2010-1436; CVE-2010-1641; CVE-2010-3081; CVE-2010-2240; CVE-2008-5416; CVE-2008-0085; CVE-2008-0086; CVE-2008-0107; CVE-2008-0106; CVE-2010-0740; CVE-2010-0433; CVE-2010-3864; CVE-2010-2939; CVE-2009-3555; CVE-2010-0082; CVE-2010-0084; CVE-2010-0085; CVE-2010-0087; CVE-2010-0088; CVE-2010-0089; CVE-2010-0090; CVE-2010-0091; CVE-2010-0092; CVE-2010-0093; CVE-2010-0094; CVE-2010-0095; CVE-2010-0837; CVE-2010-0838; CVE-2010-0839; CVE-2010-0840; CVE-2010-0841; CVE-2010-0842; CVE-2010-0843; CVE-2010-0844; CVE-2010-0845; CVE-2010-0846; CVE-2010-0847; CVE-2010-0848; CVE-2010-0849; CVE-2010-0850; CVE-2010-0886; CVE-2010-3556; CVE-2010-3566; CVE-2010-3567; CVE-2010-3550; CVE-2010-3561; CVE-2010-3573; CVE-2010-3565; CVE-2010-3568; CVE-2010-3569; CVE-2010-1321; CVE-2010-3548; CVE-2010-3551; CVE-2010-3562; CVE-2010-3571; CVE-2010-3554; CVE-2010-3559; CVE-2010-3572; CVE-2010-3553; CVE-2010-3549; CVE-2010-3557; CVE-2010-3541; CVE-2010-3574; CVE-2008-3825; CVE-2009-1384","https://support.broadcom.com/web/ecx/support-content-notification/-/external/content/SecurityAdvisories/0/23418","vCenter Server | 4 | N/A | N/A | N/A | N/A | N/A | N/A | <br>vCenter Server | 4.1 | N/A | N/A | N/A | N/A | N/A | N/A | <br>vCenter Server | 4.0 | N/A | N/A | N/A | N/A | N/A | N/A | <br>vCenter Server | 0.9.8 | N/A | N/A | N/A | N/A | N/A | N/A | <br>ESXi | 4.1 | N/A | N/A | N/A | N/A | N/A | N/A | <br>ESXi | 410 | N/A | N/A | N/A | N/A | N/A | N/A | <br>ESXi | 4.0 | N/A | N/A | N/A | N/A | N/A | N/A | <br>ESXi | 400 | N/A | N/A | N/A | N/A | N/A | N/A | <br>ESXi | 3.5 | N/A | N/A | N/A | N/A | N/A | N/A | <br>ESXi | 41 | N/A | N/A | N/A | N/A | N/A | N/A | <br>ESXi | 1 | N/A | N/A | N/A | N/A | N/A | N/A | "
"4.0; 4.1; 410; 400","88","VCDSA23463","VMSA-2014-0003:VMware vSphere Client updates address security vulnerabilities","HIGH","","08 April 2014","CVE-2014-1209; CVE-2014-1210","https://support.broadcom.com/web/ecx/support-content-notification/-/external/content/SecurityAdvisories/0/23463","vCenter Server | 5.1 | N/A | N/A | N/A | N/A | N/A | N/A | <br>vCenter Server | 5.0 | N/A | N/A | N/A | N/A | N/A | N/A | <br>vCenter Server | 5.1 U2 | N/A | N/A | N/A | N/A | N/A | N/A | <br>vCenter Server | 5.0 U3 | N/A | N/A | N/A | N/A | N/A | N/A | <br>ESXi | 4.0 | N/A | N/A | N/A | N/A | N/A | N/A | <br>ESXi | 4.1 | N/A | N/A | N/A | N/A | N/A | N/A | <br>ESXi | 410 | N/A | N/A | N/A | N/A | N/A | N/A | <br>ESXi | 400 | N/A | N/A | N/A | N/A | N/A | N/A | "
"3.5; 2009","89","VCDSA23383","VMSA-2009-0006:VMware Hosted products and patches for ESX and ESXi resolve a CRITICAL security vulnerability","CRITICAL","","08 April 2009","CVE-2009-1244; CVE-2008-4916","https://support.broadcom.com/web/ecx/support-content-notification/-/external/content/SecurityAdvisories/0/23383","ESXi | 3.5 | N/A | N/A | N/A | N/A | N/A | N/A | <br>ESXi | 2009 | N/A | N/A | N/A | N/A | N/A | N/A | "
"5.5; 550; 5.1; 510; 5.0","90","VCDSA23465","VMSA-2014-0008:VMware vSphere product updates to third party libraries","CRITICAL","","07 September 2014","CVE-2014-0114; CVE-2013-4590; CVE-2013-4322; CVE-2014-0050; CVE-2013-0242; CVE-2013-1914","https://support.broadcom.com/web/ecx/support-content-notification/-/external/content/SecurityAdvisories/0/23465","vCenter Server | 5.5 | N/A | N/A | N/A | N/A | N/A | N/A | <br>vCenter Server | 5.1 | N/A | N/A | N/A | N/A | N/A | N/A | <br>vCenter Server | 5.0 | N/A | N/A | N/A | N/A | N/A | N/A | <br>vCenter Server | 2.9.5 | N/A | N/A | N/A | N/A | N/A | N/A | <br>vCenter Server | 5.5u2 | N/A | N/A | N/A | N/A | N/A | N/A | <br>vCenter Server | 5.0u3 | N/A | N/A | N/A | N/A | N/A | N/A | <br>ESXi | 5.5 | N/A | N/A | N/A | N/A | N/A | N/A | <br>ESXi | 550 | N/A | N/A | N/A | N/A | N/A | N/A | <br>ESXi | 5.1 | N/A | N/A | N/A | N/A | N/A | N/A | <br>ESXi | 510 | N/A | N/A | N/A | N/A | N/A | N/A | <br>ESXi | 5.0 | N/A | N/A | N/A | N/A | N/A | N/A | "
"6.7; 670; 6.5; 650; 6.0; 600","91","VCDSA23521","VMSA-2018-0027:VMware ESXi, Workstation, and Fusion updates address uninitialized stack memory usage","CRITICAL","","07 November 2018","CVE-2018-6981; CVE-2018-6982","https://support.broadcom.com/web/ecx/support-content-notification/-/external/content/SecurityAdvisories/0/23521","ESXi | 6.7 | N/A | N/A | N/A | N/A | N/A | N/A | <br>ESXi | 670 | N/A | N/A | N/A | N/A | N/A | N/A | <br>ESXi | 6.5 | N/A | N/A | N/A | N/A | N/A | N/A | <br>ESXi | 650 | N/A | N/A | N/A | N/A | N/A | N/A | <br>ESXi | 6.0 | N/A | N/A | N/A | N/A | N/A | N/A | <br>ESXi | 600 | N/A | N/A | N/A | N/A | N/A | N/A | "
"6.7; 6.5; 6.0","92","VCDSA23556","VMSA-2019-0011:ESXi patches address partial denial of service vulnerability in hostd process","MEDIUM","5.3","07 July 2019","CVE-2019-5528","https://support.broadcom.com/web/ecx/support-content-notification/-/external/content/SecurityAdvisories/0/23556","ESXi | 6.7 | Any | CVE-2019-5528 | 5.3 | Moderate | ESXi670-201908201-UG | kb67920 | None<br>ESXi | 6.5 | Any | CVE-2019-5528 | 5.3 | Moderate | ESXi650-201907201-UG | kb67920 | None<br>ESXi | 6.0 | Any | CVE-2019-5528 | N/A | N/A | Unaffected | N/A | N/A"
"6.5; 650; 6.0; 600; 5.5; 550","93","VCDSA23533","VMSA-2018-0004:VMware vSphere, Workstation and Fusion updates add Hypervisor-Assisted Guest Remediation for speculative execution issue","CRITICAL","","07 January 2018","CVE-2017-4949; CVE-2017-4950; CVE-2017-5715","https://support.broadcom.com/web/ecx/support-content-notification/-/external/content/SecurityAdvisories/0/23533","vCenter Server | 6.5 U1 | N/A | N/A | N/A | N/A | N/A | N/A | <br>vCenter Server | 6.0 U3 | N/A | N/A | N/A | N/A | N/A | N/A | <br>vCenter Server | 5.5 U3 | N/A | N/A | N/A | N/A | N/A | N/A | <br>ESXi | 6.5 | N/A | N/A | N/A | N/A | N/A | N/A | <br>ESXi | 650 | N/A | N/A | N/A | N/A | N/A | N/A | <br>ESXi | 6.0 | N/A | N/A | N/A | N/A | N/A | N/A | <br>ESXi | 600 | N/A | N/A | N/A | N/A | N/A | N/A | <br>ESXi | 5.5 | N/A | N/A | N/A | N/A | N/A | N/A | <br>ESXi | 550 | N/A | N/A | N/A | N/A | N/A | N/A | "
"4.0; 400; 3.5","94","VCDSA23377","VMSA-2010-0007:VMware hosted products, vCenter Server and ESX patches resolve multiple security issues","HIGH","","07 April 2010","CVE-2010-1142; CVE-2010-1140; CVE-2009-2042; CVE-2009-1564; CVE-2009-1565; CVE-2009-3732; CVE-2009-3707; CVE-2010-1138; CVE-2010-1139; CVE-2010-1141","https://support.broadcom.com/web/ecx/support-content-notification/-/external/content/SecurityAdvisories/0/23377","vCenter Server | 3 | N/A | N/A | N/A | N/A | N/A | N/A | <br>ESXi | 4.0 | N/A | N/A | N/A | N/A | N/A | N/A | <br>ESXi | 400 | N/A | N/A | N/A | N/A | N/A | N/A | <br>ESXi | 3.5 | N/A | N/A | N/A | N/A | N/A | N/A | <br>VMware Tools | 5 | N/A | N/A | N/A | N/A | N/A | N/A | "
"3.5","95","VCDSA23407","VMSA-2012-0003:VMware VirtualCenter Update and ESX 3.5 patch update JRE","HIGH","","06 March 2012","CVE-2011-3548","https://support.broadcom.com/web/ecx/support-content-notification/-/external/content/SecurityAdvisories/0/23407","ESXi | 3.5 | N/A | N/A | N/A | N/A | N/A | N/A | "
"8.0; 7.0; 6.7; 6.5; 4.x; 3.x","96","VCDSA23648","VMSA-2022-0030:VMware ESXi and vCenter Server updates address multiple security vulnerabilities","HIGH","","06 December 2022","CVE-2022-31696; CVE-2022-31697; CVE-2022-31698; CVE-2022-31699","https://support.broadcom.com/web/ecx/support-content-notification/-/external/content/SecurityAdvisories/0/23648","ESXi | 8.0 | Any | CVE-2022-31696 | N/A | N/A | Not impacted | N/A | N/A<br>ESXi | 7.0 | Any | CVE-2022-31696 | 7.5 | important | ESXi70U3si-20841705 | None | None<br>ESXi | 6.7 | Any | CVE-2022-31696 | 7.5 | important | [1] ESXi670-202210101-SG | None | None<br>ESXi | 6.5 | Any | CVE-2022-31696 | 7.5 | important | [1] ESXi650-202210101-SG | None | None<br>Cloud Foundation (ESXi) | 4.x | Any | CVE-2022-31696 | 7.5 | important | KB90336 | None | None<br>Cloud Foundation (ESXi) | 3.x | Any | CVE-2022-31696 | 7.5 | important | KB90336 | None | None<br>vCenter Server | 8.0 | Any | CVE-2022-31697 | N/A | N/A | Not impacted | N/A | N/A<br>vCenter Server | 7.0 | Any | CVE-2022-31697 | 6.2 | moderate | 7.0 U3i | None | None<br>vCenter Server | 6.7 | Any | CVE-2022-31697 | 6.2 | moderate | [1] 6.7.0 U3s | None | None<br>vCenter Server | 6.5 | Any | CVE-2022-31697 | 6.2 | moderate | [1] 6.5 U3u | None | None<br>Cloud Foundation (vCenter Server) | 4.x | Any | CVE-2022-31697 | 6.2 | moderate | KB90336 | None | None<br>Cloud Foundation (vCenter Server) | 3.x | Any | CVE-2022-31697 | 6.2 | moderate | KB90336 | None | None<br>vCenter Server | 8.0 | Any | CVE-2022-31698 | N/A | N/A | Not impacted | N/A | N/A<br>vCenter Server | 7.0 | Any | CVE-2022-31698 | 5.8 | moderate | 7.0 U3i | None | None<br>vCenter Server | 6.7 | Any | CVE-2022-31698 | 5.8 | moderate | [1] 6.7.0 U3s | None | None<br>vCenter Server | 6.5 | Any | CVE-2022-31698 | 5.8 | moderate | [1] 6.5 U3u | None | None<br>Cloud Foundation (vCenter Server) | 4.x | Any | CVE-2022-31698 | 5.8 | moderate | KB90336 | None | None<br>Cloud Foundation (vCenter Server) | 3.x | Any | CVE-2022-31698 | 5.8 | moderate | KB90336 | None | None<br>[2] ESXi | 8.0 | Any | CVE-2022-31699 | N/A | N/A | Not impacted | N/A | N/A<br>[2] ESXi | 7.0 | Any | CVE-2022-31699 | 4.2 | moderate | ESXi70U3si-20841705 | KB76372 | None<br>[2] ESXi | 6.7 | Any | CVE-2022-31699 | 4.2 | moderate | [1] ESXi670-202210101-SG | KB76372 | None<br>[2] ESXi | 6.5 | Any | CVE-2022-31699 | 4.2 | moderate | [1] ESXi650-202210101-SG | KB76372 | None<br>Cloud Foundation (ESXi) | 4.x | Any | CVE-2022-31699 | 4.2 | moderate | KB90336 | KB76372 | None<br>Cloud Foundation (ESXi) | 3.x | Any | CVE-2022-31699 | 4.2 | moderate | KB90336 | KB76372 | None"
"4.1; 410; 4.0; 400; 41; 3.5; 1","97","VCDSA23419","VMSA-2011-0004:VMware ESX/ESXi SLPD denial of service vulnerability and ESX third party updates for Service Console packages bind, pam, and rpm.","HIGH","","05 March 2011","CVE-2010-3613; CVE-2010-3614; CVE-2010-3762; CVE-2010-3316; CVE-2010-3435; CVE-2010-3853; CVE-2010-2059; CVE-2010-3609","https://support.broadcom.com/web/ecx/support-content-notification/-/external/content/SecurityAdvisories/0/23419","ESXi | 4.1 | N/A | N/A | N/A | N/A | N/A | N/A | <br>ESXi | 410 | N/A | N/A | N/A | N/A | N/A | N/A | <br>ESXi | 4.0 | N/A | N/A | N/A | N/A | N/A | N/A | <br>ESXi | 400 | N/A | N/A | N/A | N/A | N/A | N/A | <br>ESXi | 41 | N/A | N/A | N/A | N/A | N/A | N/A | <br>ESXi | 3.5 | N/A | N/A | N/A | N/A | N/A | N/A | <br>ESXi | 1 | N/A | N/A | N/A | N/A | N/A | N/A | "
"6.0; 600; 5.5; 550; 5.1; 510; 5.0; 500","98","VCDSA23472","VMSA-2016-0001:VMware ESXi, Fusion, Player, and Workstation updates address HIGH guest privilege escalation vulnerability","HIGH","","05 January 2016","CVE-2015-6933","https://support.broadcom.com/web/ecx/support-content-notification/-/external/content/SecurityAdvisories/0/23472","ESXi | 6.0 | N/A | N/A | N/A | N/A | N/A | N/A | <br>ESXi | 600 | N/A | N/A | N/A | N/A | N/A | N/A | <br>ESXi | 5.5 | N/A | N/A | N/A | N/A | N/A | N/A | <br>ESXi | 550 | N/A | N/A | N/A | N/A | N/A | N/A | <br>ESXi | 5.1 | N/A | N/A | N/A | N/A | N/A | N/A | <br>ESXi | 510 | N/A | N/A | N/A | N/A | N/A | N/A | <br>ESXi | 5.0 | N/A | N/A | N/A | N/A | N/A | N/A | <br>ESXi | 500 | N/A | N/A | N/A | N/A | N/A | N/A | <br>VMware Tools | 10.0.0 | N/A | N/A | N/A | N/A | N/A | N/A | "
"5.1; 510; 5.0; 500; 4.1; 410; 4.0; 400; 3.5","99","VCDSA23443","VMSA-2013-0002:VMware ESX, Workstation, Fusion, and View VMCI privilege escalation vulnerability","HIGH","","05 February 2013","CVE-2013-1659; CVE-2012-2110; CVE-2013-1406","https://support.broadcom.com/web/ecx/support-content-notification/-/external/content/SecurityAdvisories/0/23443","ESXi | 5.1 | N/A | N/A | N/A | N/A | N/A | N/A | <br>ESXi | 510 | N/A | N/A | N/A | N/A | N/A | N/A | <br>ESXi | 5.0 | N/A | N/A | N/A | N/A | N/A | N/A | <br>ESXi | 500 | N/A | N/A | N/A | N/A | N/A | N/A | <br>ESXi | 4.1 | N/A | N/A | N/A | N/A | N/A | N/A | <br>ESXi | 410 | N/A | N/A | N/A | N/A | N/A | N/A | <br>ESXi | 4.0 | N/A | N/A | N/A | N/A | N/A | N/A | <br>ESXi | 400 | N/A | N/A | N/A | N/A | N/A | N/A | <br>ESXi | 3.5 | N/A | N/A | N/A | N/A | N/A | N/A | "
"2; 4.1; 4.0","100","VCDSA23417","VMSA-2011-0002:Cisco Nexus 1000V VEM updates address denial of service in VMware ESX/ESXi","HIGH","","05 February 2011","CVE-2011-0355","https://support.broadcom.com/web/ecx/support-content-notification/-/external/content/SecurityAdvisories/0/23417","ESXi | 2 | N/A | N/A | N/A | N/A | N/A | N/A | <br>ESXi | 4.1 | N/A | N/A | N/A | N/A | N/A | N/A | <br>ESXi | 4.0 | N/A | N/A | N/A | N/A | N/A | N/A | "
"7.0; 6.7; 6.5; 4.x; 3.x","101","VCDSA23644","VMSA-2022-0025:VMware ESXi and vCenter Server updates address multiple security vulnerabilities","HIGH","","04 October 2022","CVE-2022-31680; CVE-2022-31681","https://support.broadcom.com/web/ecx/support-content-notification/-/external/content/SecurityAdvisories/0/23644","vCenter Server | 7.0 | Any | CVE-2022-31680 | N/A | N/A | Not impacted | N/A | N/A<br>vCenter Server | 6.7 | Any | CVE-2022-31680 | N/A | N/A | Not impacted | N/A | N/A<br>vCenter Server | 6.5 | Any | CVE-2022-31680 | 7.2 | important | 6.5 U3u | None | None<br>ESXi | 7.0 | Any | CVE-2022-31681 | 3.8 | low | ESXi70U3sf-20036586 | None | None<br>ESXi | 6.7 | Any | CVE-2022-31681 | 3.8 | low | ESXi670-202210101-SG | None | None<br>ESXi | 6.5 | Any | CVE-2022-31681 | 3.8 | low | ESXi650-202210101-SG | None | None<br>Cloud Foundation (ESXi) | 4.x | Any | CVE-2022-31681 | 3.8 | low | KB88695 | None | None<br>Cloud Foundation (ESXi) | 3.x | Any | CVE-2022-31681 | 3.8 | low | KB89692 | None | None"
"3.5","102","VCDSA23365","VMSA-2008-0018:VMware Hosted products and patches for ESX and ESXi resolve two security issues","HIGH","","04 November 2008","CVE-2008-4915; CVE-2008-4281","https://support.broadcom.com/web/ecx/support-content-notification/-/external/content/SecurityAdvisories/0/23365","ESXi | 3.5 | N/A | N/A | N/A | N/A | N/A | N/A | "
"8.0; 7.0","103","VCDSA25390","VMSA-2025-0004: VMware ESXi, Workstation, and Fusion updates address multiple vulnerabilities (CVE-2025-22224, CVE-2025-22225, CVE-2025-22226)","CRITICAL","7.1-9.3","04 March 2025","CVE-2025-22224; CVE-2025-22225; CVE-2025-22226; CVE-2024-38814","https://support.broadcom.com/web/ecx/support-content-notification/-/external/content/SecurityAdvisories/0/25390","VMware ESXi | 8.0 | Any | CVE-2025-22224, CVE-2025-22225, CVE-2025-22226 | 9.3, 8.2, 7.1 | Critical | ESXi80U3d-24585383 | None | FAQ<br>VMware ESXi | 8.0 | Any | CVE-2025-22224, CVE-2025-22225, CVE-2025-22226 | 9.3, 8.2, 7.1 | Critical | ESXi80U2d-24585300 | None | FAQ<br>VMware ESXi | 7.0 | Any | CVE-2025-22224, CVE-2025-22225, CVE-2025-22226 | 9.3, 8.2, 7.1 | Critical | ESXi70U3s-24585291 | None | FAQ<br>VMware Workstation | 17.x | Any | CVE-2025-22224,  CVE-2025-22226 | 9.3, 7.1 | Critical | 17.6.3 | None | FAQ<br>VMware Fusion | 13.x | Any | CVE-2025-22226 | 7.1 | Important | 13.6.3 | None | FAQ<br>VMware Cloud Foundation | 5.x | Any | CVE-2025-22224, CVE-2025-22225, CVE-2025-22226 | 9.3, 8.2, 7.1 | Critical | Async patch to ESXi80U3d-24585383 | None | Async Patching Guide: KB88287<br>VMware Cloud Foundation | 4.5.x | Any | CVE-2025-22224, CVE-2025-22225, CVE-2025-22226 | 9.3, 8.2, 7.1 | Critical | Async patch to ESXi70U3s-24585291 | None | Async Patching Guide: KB88287"
"4.1; 4.0; 400; 3.5","104","VCDSA23423","VMSA-2011-0008:VMware vCenter Server and vSphere Client security vulnerabilities","CRITICAL","","03 May 2011","CVE-2011-0426; CVE-2011-1788; CVE-2011-1789; CVE-2011-1785","https://support.broadcom.com/web/ecx/support-content-notification/-/external/content/SecurityAdvisories/0/23423","vCenter Server | 4.1 | N/A | N/A | N/A | N/A | N/A | N/A | <br>vCenter Server | 4.0 | N/A | N/A | N/A | N/A | N/A | N/A | <br>ESXi | 4.1 | N/A | N/A | N/A | N/A | N/A | N/A | <br>ESXi | 4.0 | N/A | N/A | N/A | N/A | N/A | N/A | <br>ESXi | 400 | N/A | N/A | N/A | N/A | N/A | N/A | <br>ESXi | 3.5 | N/A | N/A | N/A | N/A | N/A | N/A | "
"6.7; 6.5; 6.0","105","VCDSA23567","VMSA-2019-0022:VMware ESXi and Horizon DaaS updates address OpenSLP remote code execution vulnerability","CRITICAL","9.8","03 December 2019","CVE-2019-5544","https://support.broadcom.com/web/ecx/support-content-notification/-/external/content/SecurityAdvisories/0/23567","ESXi | 6.7 | Any | CVE-2019-5544 | 9.8 | Critical | ESXi670-201912001 | KB76372 | None<br>ESXi | 6.5 | Any | CVE-2019-5544 | 9.8 | Critical | ESXi650-201912001 | KB76372 | None<br>ESXi | 6.0 | Any | CVE-2019-5544 | 9.8 | Critical | ESXi600-201912001 | KB76372 | None"
"3.5; 350","106","VCDSA23372","VMSA-2008-0009:Updates to VMware Workstation, VMware Player, VMware ACE, VMware Fusion, VMware Server, VMware VIX API, VMware ESX, VMware ESXi resolve CRITICAL security issues","HIGH","","02 June 2008","CVE-2007-5671; CVE-2008-0967; CVE-2008-2097; CVE-2008-2100; CVE-2006-1721; CVE-2008-0553; CVE-2007-5378; CVE-2007-4772; CVE-2008-0888; CVE-2008-0062; CVE-2008-0063; CVE-2008-0948","https://support.broadcom.com/web/ecx/support-content-notification/-/external/content/SecurityAdvisories/0/23372","ESXi | 3.5 | N/A | N/A | N/A | N/A | N/A | N/A | <br>ESXi | 350 | N/A | N/A | N/A | N/A | N/A | N/A | "
"7.0; 6.7; 6.5; 4.x; 3.x","107","VCDSA23627","VMSA-2022-0001:VMware Workstation, Fusion and ESXi updates address a heap-overfLOW vulnerability","HIGH","","02 January 2022","CVE-2021-22045","https://support.broadcom.com/web/ecx/support-content-notification/-/external/content/SecurityAdvisories/0/23627","ESXi | 7.0 | Any | CVE-2021-22045 | 7.7 | important | ESXi70U3c-19193900 | KB87249 | None<br>ESXi | 6.7 | Any | CVE-2021-22045 | 7.7 | important | ESXi670-202111101-SG | KB87249 | None<br>ESXi | 6.5 | Any | CVE-2021-22045 | 7.7 | important | ESXi650-202110101-SG | KB87249 | None<br>Workstation | 16.x | Any | CVE-2021-22045 | 7.7 | important | 16.2.0 | KB87206 | None<br>Fusion | 12.x | OS X | CVE-2021-22045 | 7.7 | important | 12.2.0 | KB87207 | None<br>VMware Cloud Foundation (ESXi) | 4.x | Any | CVE-2021-22045 | 7.7 | important | 4.4 | KB87249 | None<br>VMware Cloud Foundation (ESXi) | 3.x | Any | CVE-2021-22045 | 7.7 | important | 3.11 | KB87249 | None"
"5.1; 510; 5.5; 5.0; 2; 550","108","VCDSA23469","VMSA-2014-0012:VMware vSphere product updates address security vulnerabilities","HIGH","","02 December 2014","CVE-2014-3797; CVE-2014-8371; CVE-2013-2877; CVE-2014-0191; CVE-2014-0015; CVE-2014-0138; CVE-2013-1752; CVE-2013-4238","https://support.broadcom.com/web/ecx/support-content-notification/-/external/content/SecurityAdvisories/0/23469","vCenter Server | 5.1 | N/A | N/A | N/A | N/A | N/A | N/A | <br>vCenter Server | 5.5 | N/A | N/A | N/A | N/A | N/A | N/A | <br>vCenter Server | 5.0 | N/A | N/A | N/A | N/A | N/A | N/A | <br>ESXi | 5.1 | N/A | N/A | N/A | N/A | N/A | N/A | <br>ESXi | 510 | N/A | N/A | N/A | N/A | N/A | N/A | <br>ESXi | 5.5 | N/A | N/A | N/A | N/A | N/A | N/A | <br>ESXi | 5.0 | N/A | N/A | N/A | N/A | N/A | N/A | <br>ESXi | 2 | N/A | N/A | N/A | N/A | N/A | N/A | <br>ESXi | 550 | N/A | N/A | N/A | N/A | N/A | N/A | "
"2; 6.0; 600; 5.5; 550; 5.1; 510; 5.0; 500; 5","109","VCDSA23492","VMSA-2016-0010:VMware product updates address multiple HIGH security issues","HIGH","","02 August 2016","CVE-2016-5330; CVE-2016-5331","https://support.broadcom.com/web/ecx/support-content-notification/-/external/content/SecurityAdvisories/0/23492","vCenter Server | 2 | N/A | N/A | N/A | N/A | N/A | N/A | <br>vCenter Server | 6.0 | N/A | N/A | N/A | N/A | N/A | N/A | <br>vCenter Server | 5 | N/A | N/A | N/A | N/A | N/A | N/A | <br>ESXi | 2 | N/A | N/A | N/A | N/A | N/A | N/A | <br>ESXi | 6.0 | N/A | N/A | N/A | N/A | N/A | N/A | <br>ESXi | 600 | N/A | N/A | N/A | N/A | N/A | N/A | <br>ESXi | 5.5 | N/A | N/A | N/A | N/A | N/A | N/A | <br>ESXi | 550 | N/A | N/A | N/A | N/A | N/A | N/A | <br>ESXi | 5.1 | N/A | N/A | N/A | N/A | N/A | N/A | <br>ESXi | 510 | N/A | N/A | N/A | N/A | N/A | N/A | <br>ESXi | 5.0 | N/A | N/A | N/A | N/A | N/A | N/A | <br>ESXi | 500 | N/A | N/A | N/A | N/A | N/A | N/A | <br>ESXi | 5 | N/A | N/A | N/A | N/A | N/A | N/A | <br>VMware Tools | 3 | N/A | N/A | N/A | N/A | N/A | N/A | <br>VMware Tools | 10 | N/A | N/A | N/A | N/A | N/A | N/A | <br>VMware Tools | 10.0.6 | N/A | N/A | N/A | N/A | N/A | N/A | <br>VMware Tools | 7 | N/A | N/A | N/A | N/A | N/A | N/A | "
"3.5","110","VCDSA23363","VMSA-2008-0016:VMware Hosted products, VirtualCenter Update 3 and patches for ESX and ESXi resolve multiple security issues","HIGH","","01 October 2008","CVE-2008-4279; CVE-2008-4278; CVE-2008-3103; CVE-2008-3104; CVE-2008-3105; CVE-2008-3106; CVE-2008-3107; CVE-2008-3108; CVE-2008-3109; CVE-2008-3110; CVE-2008-3111; CVE-2008-3112; CVE-2008-3113; CVE-2008-3114; CVE-2008-3115","https://support.broadcom.com/web/ecx/support-content-notification/-/external/content/SecurityAdvisories/0/23363","ESXi | 3.5 | N/A | N/A | N/A | N/A | N/A | N/A | "
"5.0; 500; 4.1; 410; 4.0; 400; 3.5","111","VCDSA23433","VMSA-2012-0009:VMware Workstation, Player, ESXi and ESX patches address CRITICAL security issues","CRITICAL","","01 May 2012","CVE-2012-1516; CVE-2012-1517; CVE-2012-2448; CVE-2012-2449; CVE-2012-2450","https://support.broadcom.com/web/ecx/support-content-notification/-/external/content/SecurityAdvisories/0/23433","ESXi | 5.0 | N/A | N/A | N/A | N/A | N/A | N/A | <br>ESXi | 500 | N/A | N/A | N/A | N/A | N/A | N/A | <br>ESXi | 4.1 | N/A | N/A | N/A | N/A | N/A | N/A | <br>ESXi | 410 | N/A | N/A | N/A | N/A | N/A | N/A | <br>ESXi | 4.0 | N/A | N/A | N/A | N/A | N/A | N/A | <br>ESXi | 400 | N/A | N/A | N/A | N/A | N/A | N/A | <br>ESXi | 3.5 | N/A | N/A | N/A | N/A | N/A | N/A | <br>VMware Tools | 5 | N/A | N/A | N/A | N/A | N/A | N/A | "
"6.5; 650; 6.0; 600; 5.5; 550","112","VCDSA23530","VMSA-2018-0002:VMware ESXi, Workstation and Fusion updates address side-channel analysis due to speculative execution.","HIGH","","01 January 2018","CVE-2017-5753; CVE-2017-5715","https://support.broadcom.com/web/ecx/support-content-notification/-/external/content/SecurityAdvisories/0/23530","ESXi | 6.5 | N/A | N/A | N/A | N/A | N/A | N/A | <br>ESXi | 650 | N/A | N/A | N/A | N/A | N/A | N/A | <br>ESXi | 6.0 | N/A | N/A | N/A | N/A | N/A | N/A | <br>ESXi | 600 | N/A | N/A | N/A | N/A | N/A | N/A | <br>ESXi | 5.5 | N/A | N/A | N/A | N/A | N/A | N/A | <br>ESXi | 550 | N/A | N/A | N/A | N/A | N/A | N/A | "
"5.1; 510; 5.0; 500; 4.1; 410; 4.0; 400; 5.5","113","VCDSA23458","VMSA-2013-0014:VMware Workstation, Fusion, ESXi and ESX patches address a guest privilege escalation","HIGH","","01 December 2013","CVE-2013-0791; CVE-2013-1620; CVE-2013-3519","https://support.broadcom.com/web/ecx/support-content-notification/-/external/content/SecurityAdvisories/0/23458","ESXi | 5.1 | N/A | N/A | N/A | N/A | N/A | N/A | <br>ESXi | 510 | N/A | N/A | N/A | N/A | N/A | N/A | <br>ESXi | 5.0 | N/A | N/A | N/A | N/A | N/A | N/A | <br>ESXi | 500 | N/A | N/A | N/A | N/A | N/A | N/A | <br>ESXi | 4.1 | N/A | N/A | N/A | N/A | N/A | N/A | <br>ESXi | 410 | N/A | N/A | N/A | N/A | N/A | N/A | <br>ESXi | 4.0 | N/A | N/A | N/A | N/A | N/A | N/A | <br>ESXi | 400 | N/A | N/A | N/A | N/A | N/A | N/A | <br>ESXi | 5.5 | N/A | N/A | N/A | N/A | N/A | N/A | "
"3.5","114","VCDSA23400","VMSA-2009-0005:VMware Hosted products, VI Client and patches for ESX and ESXi resolve multiple security issues","CRITICAL","","01 April 2009","CVE-2008-4916; CVE-2008-3761; CVE-2009-1146; CVE-2009-1147; CVE-2009-0909; CVE-2009-0910; CVE-2009-0908; CVE-2009-0177; CVE-2009-0518","https://support.broadcom.com/web/ecx/support-content-notification/-/external/content/SecurityAdvisories/0/23400","ESXi | 3.5 | N/A | N/A | N/A | N/A | N/A | N/A | "
