"No","CVE","Description","CVSSv3","Severity","Published","References","AdvisoryIDs","AdvisoryCount"
"1","CVE-2004-0813","Unknown vulnerability in the SG_IO functionality in ide-cd allows local users to bypass read-only access and perform unauthorized write and erase operations.","2.1","LOW","2004-12-31","ftp://patches.sgi.com/support/free/security/advisories/20070602-01-P.asc; http://lists.grok.org.uk/pipermail/full-disclosure/2007-September/065902.html; http://lkml.org/lkml/2004/7/30/147","VCDSA23353","1"
"2","CVE-2005-2090","Jakarta Tomcat 5.0.19 (Coyote/1.1) and Tomcat 4.1.24 (Coyote/1.0) allows remote attackers to poison the web cache, bypass web application firewall protection, and conduct XSS attacks via an HTTP request with both a ""Transfer-Encoding: chunked"" header and a Content-Length header, which causes Tomcat to incorrectly handle and forward the body of the request in a way that causes the receiving server to process it as a separate HTTP request, aka ""HTTP Request Smuggling.""","4.3","MEDIUM","2005-07-05","http://community.ca.com/blogs/casecurityresponseblog/archive/2009/01/23.aspx; http://docs.info.apple.com/article.html?artnum=306172; http://h20000.www2.hp.com/bizsupport/TechSupport/Document.jsp?objectID=c01178795","VCDSA23355","1"
"3","CVE-2005-3055","Linux kernel 2.6.8 to 2.6.14-rc2 allows local users to cause a denial of service (kernel OOPS) via a userspace process that issues a USB Request Block (URB) to a USB device and terminates before the URB is finished, which leads to a stale pointer reference.","2.1","LOW","2005-09-26","http://marc.info/?l=linux-kernel&m=112766129313883; http://secunia.com/advisories/17826; http://secunia.com/advisories/17917","VCDSA23352","1"
"4","CVE-2005-3273","The rose_rt_ioctl function in rose_route.c for Radionet Open Source Environment (ROSE) in Linux 2.6 kernels before 2.6.12, and 2.4 before 2.4.29, does not properly verify the ndigis argument for a new route, which allows attackers to trigger array out-of-bounds errors with a large number of digipeats.","5.0","MEDIUM","2005-10-21","http://linux.bkbits.net:8080/linux-2.4/cset%4041e2cf515TpixcVQ8q8HvQvCv9E6zA; http://linux.bkbits.net:8080/linux-2.6/cset%40423114bcdthRtmtdS6MsZiBVvteGCg; http://lkml.org/lkml/2005/5/23/169","VCDSA23352","1"
"5","CVE-2005-4268","Buffer overflow in cpio 2.6-8.FC4 on 64-bit platforms, when creating a cpio archive, allows local users to cause a denial of service (crash) and possibly execute arbitrary code via a file whose size is represented by more than 8 digits.","3.7","LOW","2005-12-15","ftp://ftp.freebsd.org/pub/FreeBSD/CERT/advisories/FreeBSD-SA-06:03.cpio.asc; http://frontal1.mandriva.com/security/advisories?name=MDKSA-2005:237; http://lists.suse.com/archive/suse-security-announce/2006-May/0004.html","VCDSA23411","1"
"6","CVE-2006-1056","The Linux kernel before 2.6.16.9 and the FreeBSD kernel, when running on AMD64 and other 7th and 8th generation AuthenticAMD processors, only save/restore the FOP, FIP, and FDP x87 registers in FXSAVE/FXRSTOR when an exception is pending, which allows one process to determine portions of the state of floating point instructions of other processes, which can be leveraged to obtain sensitive information such as cryptographic keys. NOTE: this is the documented behavior of AMD64 processors, but it is inconsistent with Intel processors in a security-relevant fashion that was not addressed by the kernels.","2.1","LOW","2006-04-20","ftp://ftp.freebsd.org/pub/FreeBSD/CERT/advisories/FreeBSD-SA-06:14.fpu.asc; http://kb.vmware.com/kb/2533126; http://kernel.org/pub/linux/kernel/v2.6/ChangeLog-2.6.16.9","VCDSA23352","1"
"7","CVE-2006-1174","useradd in shadow-utils before 4.0.3, and possibly other versions before 4.0.8, does not provide a required argument to the open function when creating a new user mailbox, which causes the mailbox to be created with unpredictable permissions and possibly allows attackers to read or modify the mailbox.","3.7","LOW","2006-05-28","ftp://patches.sgi.com/support/free/security/advisories/20070602-01-P.asc; http://cvs.pld.org.pl/shadow/NEWS?rev=1.109; http://lists.grok.org.uk/pipermail/full-disclosure/2007-September/065902.html","VCDSA23353","1"
"8","CVE-2006-1342","net/ipv4/af_inet.c in Linux kernel 2.4 does not clear sockaddr_in.sin_zero before returning IPv4 socket names from the (1) getsockname, (2) getpeername, and (3) accept functions, which allows local users to obtain portions of potentially sensitive memory.","2.1","LOW","2006-03-21","http://marc.info/?l=linux-netdev&m=114148078223594&w=2; http://secunia.com/advisories/19357; http://secunia.com/advisories/20398","VCDSA23352","1"
"9","CVE-2006-1343","net/ipv4/netfilter/ip_conntrack_core.c in Linux kernel 2.4 and 2.6, and possibly net/ipv4/netfilter/nf_conntrack_l3proto_ipv4.c in 2.6, does not clear sockaddr_in.sin_zero before returning IPv4 socket names from the getsockopt function with SO_ORIGINAL_DST, which allows local users to obtain portions of potentially sensitive memory.","2.1","LOW","2006-03-21","http://marc.info/?l=linux-netdev&m=114148078223594&w=2; http://secunia.com/advisories/19357; http://secunia.com/advisories/19955","VCDSA23352","1"
"10","CVE-2006-1721","digestmd5.c in the CMU Cyrus Simple Authentication and Security Layer (SASL) library 2.1.18, and possibly other versions before 2.1.21, allows remote unauthenticated attackers to cause a denial of service (segmentation fault) via malformed inputs in DIGEST-MD5 negotiation.","2.6","LOW","2006-04-11","ftp://patches.sgi.com/support/free/security/advisories/20070901-01-P.asc; http://asg.web.cmu.edu/archive/message.php?mailbox=archive.cyrus-sasl&msg=7775; http://labs.musecurity.com/advisories/MU-200604-01.txt","VCDSA23372","1"
"11","CVE-2006-1864","Directory traversal vulnerability in smbfs in Linux 2.6.16 and earlier allows local users to escape chroot restrictions for an SMB-mounted filesystem via ""..\\"" sequences, a similar vulnerability to CVE-2006-1863.","4.6","MEDIUM","2006-04-26","http://secunia.com/advisories/19869; http://secunia.com/advisories/20237; http://secunia.com/advisories/20398","VCDSA23352","1"
"12","CVE-2006-2071","Linux kernel 2.4.x and 2.6.x up to 2.6.16 allows local users to bypass IPC permissions and modify a readonly attachment of shared memory by using mprotect to give write permission to the attachment.  NOTE: some original raw sources combined this issue with CVE-2006-1524, but they are different bugs.","2.1","LOW","2006-04-27","http://kernel.org/pub/linux/kernel/v2.6/ChangeLog-2.6.16.6; http://secunia.com/advisories/20157; http://secunia.com/advisories/20716","VCDSA23352","1"
"13","CVE-2006-2937","OpenSSL 0.9.7 before 0.9.7l and 0.9.8 before 0.9.8d allows remote attackers to cause a denial of service (infinite loop and memory consumption) via malformed ASN.1 structures that trigger an improperly handled error condition.","7.8","HIGH","2006-09-28","ftp://ftp.netbsd.org/pub/NetBSD/security/advisories/NetBSD-SA2008-007.txt.asc; ftp://patches.sgi.com/support/free/security/advisories/20061001-01-P.asc; http://docs.info.apple.com/article.html?artnum=304829","VCDSA23368","1"
"14","CVE-2006-2940","OpenSSL 0.9.7 before 0.9.7l, 0.9.8 before 0.9.8d, and earlier versions allows attackers to cause a denial of service (CPU consumption) via parasitic public keys with large (1) ""public exponent"" or (2) ""public modulus"" values in X.509 certificates that require extra time to process when using RSA signature verification.","7.8","HIGH","2006-09-28","ftp://ftp.netbsd.org/pub/NetBSD/security/advisories/NetBSD-SA2008-007.txt.asc; ftp://patches.sgi.com/support/free/security/advisories/20061001-01-P.asc; http://docs.info.apple.com/article.html?artnum=304829","VCDSA23368","1"
"15","CVE-2006-3619","Directory traversal vulnerability in FastJar 0.93, as used in Gnu GCC 4.1.1 and earlier, and 3.4.6 and earlier, allows user-assisted attackers to overwrite arbitrary files via a .jar file containing filenames with ""../"" sequences.","2.6","LOW","2006-07-25","ftp://patches.sgi.com/support/free/security/advisories/20070602-01-P.asc; http://gcc.gnu.org/bugzilla/show_bug.cgi?id=28359; http://lists.debian.org/debian-gcc/2006/05/msg00317.html","VCDSA23353","1"
"16","CVE-2006-4146","Buffer overflow in the (1) DWARF (dwarfread.c) and (2) DWARF2 (dwarf2read.c) debugging code in GNU Debugger (GDB) 6.5 allows user-assisted attackers, or restricted users, to execute arbitrary code via a crafted file with a location block (DW_FORM_block) that contains a large number of operations.","5.1","MEDIUM","2006-08-31","ftp://patches.sgi.com/support/free/security/advisories/20070602-01-P.asc; http://docs.info.apple.com/article.html?artnum=304669; http://lists.apple.com/archives/security-announce/2006/Oct/msg00000.html","VCDSA23353","1"
"17","CVE-2006-4339","OpenSSL before 0.9.7, 0.9.7 before 0.9.7k, and 0.9.8 before 0.9.8c, when using an RSA key with exponent 3, removes PKCS-1 padding before generating a hash, which allows remote attackers to forge a PKCS #1 v1.5 signature that is signed by that RSA key and prevents OpenSSL from correctly verifying X.509 and other certificates that use PKCS #1.","4.3","MEDIUM","2006-09-05","ftp://patches.sgi.com/support/free/security/advisories/20060901-01-P.asc; http://dev2dev.bea.com/pub/advisory/238; http://docs.info.apple.com/article.html?artnum=304829","VCDSA23368","1"
"18","CVE-2006-4343","The get_server_hello function in the SSLv2 client code in OpenSSL 0.9.7 before 0.9.7l, 0.9.8 before 0.9.8d, and earlier versions allows remote servers to cause a denial of service (client crash) via unknown vectors that trigger a null pointer dereference.","4.3","MEDIUM","2006-09-28","ftp://ftp.netbsd.org/pub/NetBSD/security/advisories/NetBSD-SA2008-007.txt.asc; ftp://patches.sgi.com/support/free/security/advisories/20061001-01-P.asc; http://docs.info.apple.com/article.html?artnum=304829","VCDSA23368","1"
"19","CVE-2006-4600","slapd in OpenLDAP before 2.3.25 allows remote authenticated users with selfwrite Access Control List (ACL) privileges to modify arbitrary Distinguished Names (DN).","2.3","LOW","2006-09-07","ftp://patches.sgi.com/support/free/security/advisories/20070602-01-P.asc; http://lists.grok.org.uk/pipermail/full-disclosure/2007-September/065902.html; http://secunia.com/advisories/21721","VCDSA23353","1"
"20","CVE-2006-4814","The mincore function in the Linux kernel before 2.4.33.6 does not properly lock access to user space, which has unspecified impact and attack vectors, possibly related to a deadlock.","4.6","MEDIUM","2006-12-20","http://lists.vmware.com/pipermail/security-announce/2008/000023.html; http://rhn.redhat.com/errata/RHSA-2007-0014.html; http://secunia.com/advisories/23436","VCDSA23358","1"
"21","CVE-2006-5752","Cross-site scripting (XSS) vulnerability in mod_status.c in the mod_status module in Apache HTTP Server (httpd), when ExtendedStatus is enabled and a public server-status page is used, allows remote attackers to inject arbitrary web script or HTML via unspecified vectors involving charsets with browsers that perform ""charset detection"" when the content-type is not specified.","4.3","MEDIUM","2007-06-27","http://bugs.gentoo.org/show_bug.cgi?id=186219; http://bugzilla.redhat.com/bugzilla/show_bug.cgi?id=245112; http://h20000.www2.hp.com/bizsupport/TechSupport/Document.jsp?objectID=c01178795","VCDSA23387","1"
"22","CVE-2006-6304","The do_coredump function in fs/exec.c in the Linux kernel 2.6.19 sets the flag variable to O_EXCL but does not use it, which allows context-dependent attackers to modify arbitrary files via a rewrite attack during a core dump.","7.5","HIGH","2006-12-14","http://secunia.com/advisories/23349; http://support.avaya.com/css/P8/documents/100073666; http://www.kernel.org/pub/linux/kernel/v2.6/ChangeLog-2.6.19.1","VCDSA23378","1"
"23","CVE-2006-7195","Cross-site scripting (XSS) vulnerability in implicit-objects.jsp in Apache Tomcat 5.0.0 through 5.0.30 and 5.5.0 through 5.5.17 allows remote attackers to inject arbitrary web script or HTML via certain header values.","4.3","MEDIUM","2007-05-10","http://community.ca.com/blogs/casecurityresponseblog/archive/2009/01/23.aspx; http://lists.vmware.com/pipermail/security-announce/2008/000003.html; http://secunia.com/advisories/28365","VCDSA23355","1"
"24","CVE-2006-7228","Integer overflow in Perl-Compatible Regular Expression (PCRE) library before 6.7 might allow context-dependent attackers to execute arbitrary code via a regular expression that involves large (1) min, (2) max, or (3) duplength values that cause an incorrect length calculation and trigger a buffer overflow, a different vulnerability than CVE-2006-7227.  NOTE: this issue was originally subsumed by CVE-2006-7224, but that CVE has been REJECTED and split.","6.8","MEDIUM","2007-11-14","http://bugs.gentoo.org/show_bug.cgi?id=198976; http://lists.opensuse.org/opensuse-security-announce/2008-01/msg00006.html; http://lists.vmware.com/pipermail/security-announce/2008/000005.html","VCDSA23370; VCDSA23356","2"
"25","CVE-2007-0061","The DHCP server in EMC VMware Workstation before 5.5.5 Build 56455 and 6.x before 6.0.1 Build 55017, Player before 1.0.5 Build 56455 and Player 2 before 2.0.1 Build 55017, ACE before 1.0.3 Build 54075 and ACE 2 before 2.0.1 Build 55017, and Server before 1.0.4 Build 56528 allows remote attackers to execute arbitrary code via a malformed packet that triggers ""corrupt stack memory.""","10.0","HIGH","2007-09-21","http://lists.grok.org.uk/pipermail/full-disclosure/2007-September/065902.html; http://secunia.com/advisories/26890; http://secunia.com/advisories/27694","VCDSA23353","1"
"26","CVE-2007-0062","Integer overflow in the ISC dhcpd 3.0.x before 3.0.7 and 3.1.x before 3.1.1; and the DHCP server in EMC VMware Workstation before 5.5.5 Build 56455 and 6.x before 6.0.1 Build 55017, Player before 1.0.5 Build 56455 and Player 2 before 2.0.1 Build 55017, ACE before 1.0.3 Build 54075 and ACE 2 before 2.0.1 Build 55017, and Server before 1.0.4 Build 56528; allows remote attackers to cause a denial of service (daemon crash) or execute arbitrary code via a malformed DHCP packet with a large dhcp-max-message-size that triggers a stack-based buffer overflow, related to servers configured to send many DHCP options to clients.","10.0","HIGH","2007-09-21","http://bugs.gentoo.org/show_bug.cgi?id=227135; http://lists.grok.org.uk/pipermail/full-disclosure/2007-September/065902.html; http://lists.opensuse.org/opensuse-security-announce/2009-03/msg00000.html","VCDSA23353","1"
"27","CVE-2007-0063","Integer underflow in the DHCP server in EMC VMware Workstation before 5.5.5 Build 56455 and 6.x before 6.0.1 Build 55017, Player before 1.0.5 Build 56455 and Player 2 before 2.0.1 Build 55017, ACE before 1.0.3 Build 54075 and ACE 2 before 2.0.1 Build 55017, and Server before 1.0.4 Build 56528 allows remote attackers to execute arbitrary code via a malformed DHCP packet that triggers a stack-based buffer overflow.","10.0","HIGH","2007-09-21","http://lists.grok.org.uk/pipermail/full-disclosure/2007-September/065902.html; http://secunia.com/advisories/26890; http://secunia.com/advisories/27694","VCDSA23353","1"
"28","CVE-2007-0450","Directory traversal vulnerability in Apache HTTP Server and Tomcat 5.x before 5.5.22 and 6.x before 6.0.10, when using certain proxy modules (mod_proxy, mod_rewrite, mod_jk), allows remote attackers to read arbitrary files via a .. (dot dot) sequence with combinations of (1) ""/"" (slash), (2) ""\"" (backslash), and (3) URL-encoded backslash (%5C) characters in the URL, which are valid separators in Tomcat but not in Apache.","5.0","MEDIUM","2007-03-16","http://community.ca.com/blogs/casecurityresponseblog/archive/2009/01/23.aspx; http://docs.info.apple.com/article.html?artnum=306172; http://h20000.www2.hp.com/bizsupport/TechSupport/Document.jsp?objectID=c01178795","VCDSA23355","1"
"29","CVE-2007-0494","ISC BIND 9.0.x, 9.1.x, 9.2.0 up to 9.2.7, 9.3.0 up to 9.3.3, 9.4.0a1 up to 9.4.0a6, 9.4.0b1 up to 9.4.0b4, 9.4.0rc1, and 9.5.0a1 (Bind Forum only) allows remote attackers to cause a denial of service (exit) via a type * (ANY) DNS query response that contains multiple RRsets, which triggers an assertion error, aka the ""DNSSEC Validation"" vulnerability.","4.3","MEDIUM","2007-01-25","ftp://patches.sgi.com/support/free/security/advisories/20070201-01-P.asc; http://docs.info.apple.com/article.html?artnum=305530; http://fedoranews.org/cms/node/2507","VCDSA23353","1"
"30","CVE-2007-0956","The telnet daemon (telnetd) in MIT krb5 before 1.6.1 allows remote attackers to bypass authentication and gain system access via a username beginning with a '-' character, a similar issue to CVE-2007-0882.","10.0","HIGH","2007-04-06","ftp://patches.sgi.com/support/free/security/advisories/20070401-01-P.asc; http://lists.suse.com/archive/suse-security-announce/2007-Apr/0001.html; http://secunia.com/advisories/24706","VCDSA23352","1"
"31","CVE-2007-0957","Stack-based buffer overflow in the krb5_klog_syslog function in the kadm5 library, as used by the Kerberos administration daemon (kadmind) and Key Distribution Center (KDC), in MIT krb5 before 1.6.1 allows remote authenticated users to execute arbitrary code and modify the Kerberos key database via crafted arguments, possibly involving certain format string specifiers.","9.0","HIGH","2007-04-06","ftp://patches.sgi.com/support/free/security/advisories/20070401-01-P.asc; http://docs.info.apple.com/article.html?artnum=305391; http://lists.apple.com/archives/Security-announce/2007/Apr/msg00001.html","VCDSA23352","1"
"32","CVE-2007-1003","Integer overflow in ALLOCATE_LOCAL in the ProcXCMiscGetXIDList function in the XC-MISC extension in the X.Org X11 server (xserver) 7.1-1.1.0, and other versions before 20070403, allows remote authenticated users to execute arbitrary code via a large expression, which results in memory corruption.","9.0","HIGH","2007-04-06","http://issues.foresightlinux.org/browse/FL-223; http://labs.idefense.com/intelligence/vulnerabilities/display.php?id=503; http://lists.freedesktop.org/archives/xorg-announce/2007-April/000286.html","VCDSA23352","1"
"33","CVE-2007-1216","Double free vulnerability in the GSS-API library (lib/gssapi/krb5/k5unseal.c), as used by the Kerberos administration daemon (kadmind) in MIT krb5 before 1.6.1, when used with the authentication method provided by the RPCSEC_GSS RPC library, allows remote authenticated users to execute arbitrary code and modify the Kerberos key database via a message with an ""an invalid direction encoding"".","9.0","HIGH","2007-04-06","ftp://patches.sgi.com/support/free/security/advisories/20070401-01-P.asc; http://docs.info.apple.com/article.html?artnum=305391; http://h20000.www2.hp.com/bizsupport/TechSupport/Document.jsp?lang=en&cc=us&objectID=c01056923","VCDSA23352","1"
"34","CVE-2007-1351","Integer overflow in the bdfReadCharacters function in bdfread.c in (1) X.Org libXfont before 20070403 and (2) freetype 2.3.2 and earlier allows remote authenticated users to execute arbitrary code via crafted BDF fonts, which result in a heap overflow.","8.5","HIGH","2007-04-06","http://issues.foresightlinux.org/browse/FL-223; http://labs.idefense.com/intelligence/vulnerabilities/display.php?id=501; http://lists.apple.com/archives/Security-announce/2007/Nov/msg00003.html","VCDSA23352","1"
"35","CVE-2007-1352","Integer overflow in the FontFileInitTable function in X.Org libXfont before 20070403 allows remote authenticated users to execute arbitrary code via a long first line in the fonts.dir file, which results in a heap overflow.","3.8","LOW","2007-04-06","http://issues.foresightlinux.org/browse/FL-223; http://labs.idefense.com/intelligence/vulnerabilities/display.php?id=502; http://lists.apple.com/archives/Security-announce/2007/Nov/msg00003.html","VCDSA23352","1"
"36","CVE-2007-1660","Perl-Compatible Regular Expression (PCRE) library before 7.0 does not properly calculate sizes for unspecified ""multiple forms of character class"", which triggers a buffer overflow that allows context-dependent attackers to cause a denial of service (crash) and possibly execute arbitrary code.","6.8","MEDIUM","2007-11-07","http://bugs.gentoo.org/show_bug.cgi?id=198976; http://docs.info.apple.com/article.html?artnum=307179; http://docs.info.apple.com/article.html?artnum=307562","VCDSA23370","1"
"37","CVE-2007-1667","Multiple integer overflows in (1) the XGetPixel function in ImUtil.c in X.Org libx11 before 1.0.3, and (2) XInitImage function in xwd.c for ImageMagick, allow user-assisted remote attackers to cause a denial of service (crash) or obtain sensitive information via crafted images with large or negative values that trigger a buffer overflow.","9.3","HIGH","2007-03-24","http://bugs.debian.org/cgi-bin/bugreport.cgi?bug=414045; http://issues.foresightlinux.org/browse/FL-223; http://lists.apple.com/archives/security-announce/2009/Feb/msg00000.html","VCDSA23352","1"
"38","CVE-2007-1716","pam_console does not properly restore ownership for certain console devices when there are multiple users logged into the console and one user logs out, which might allow local users to gain privileges.","3.4","LOW","2007-03-27","ftp://patches.sgi.com/support/free/security/advisories/20070602-01-P.asc; http://lists.grok.org.uk/pipermail/full-disclosure/2007-September/065902.html; http://osvdb.org/37271","VCDSA23353","1"
"39","CVE-2007-1856","Vixie Cron before 4.1-r10 on Gentoo Linux is installed with insecure permissions, which allows local users to cause a denial of service (cron failure) by creating hard links, which results in a failed st_nlink check in database.c.","2.1","LOW","2007-04-18","http://lists.grok.org.uk/pipermail/full-disclosure/2007-September/065902.html; http://rhn.redhat.com/errata/RHSA-2007-0345.html; http://secunia.com/advisories/24905","VCDSA23353","1"
"40","CVE-2007-1863","cache_util.c in the mod_cache module in Apache HTTP Server (httpd), when caching is enabled and a threaded Multi-Processing Module (MPM) is used, allows remote attackers to cause a denial of service (child processing handler crash) via a request with the (1) s-maxage, (2) max-age, (3) min-fresh, or (4) max-stale Cache-Control headers without a value.","5.0","MEDIUM","2007-06-27","http://bugs.gentoo.org/show_bug.cgi?id=186219; http://bugzilla.redhat.com/bugzilla/show_bug.cgi?id=244658; http://h20000.www2.hp.com/bizsupport/TechSupport/Document.jsp?objectID=c01178795","VCDSA23387","1"
"41","CVE-2007-2052","Off-by-one error in the PyLocale_strxfrm function in Modules/_localemodule.c for Python 2.4 and 2.5 causes an incorrect buffer size to be used for the strxfrm function, which allows context-dependent attackers to read portions of memory via unknown manipulations that trigger a buffer over-read due to missing null termination.","5.0","MEDIUM","2007-04-16","http://bugs.debian.org/cgi-bin/bugreport.cgi?bug=416934; http://lists.vmware.com/pipermail/security-announce/2008/000005.html; http://secunia.com/advisories/25190","VCDSA23392; VCDSA23356","2"
"42","CVE-2007-2442","The gssrpc__svcauth_gssapi function in the RPC library in MIT Kerberos 5 (krb5) 1.6.1 and earlier might allow remote attackers to execute arbitrary code via a zero-length RPC credential, which causes kadmind to free an uninitialized pointer during cleanup.","10.0","HIGH","2007-06-26","ftp://patches.sgi.com/support/free/security/advisories/20070602-01-P.asc; http://docs.info.apple.com/article.html?artnum=306172; http://h20000.www2.hp.com/bizsupport/TechSupport/Document.jsp?objectID=c02257427","VCDSA23353","1"
"43","CVE-2007-2443","Integer signedness error in the gssrpc__svcauth_unix function in svc_auth_unix.c in the RPC library in MIT Kerberos 5 (krb5) 1.6.1 and earlier might allow remote attackers to execute arbitrary code via a negative length value.","8.3","HIGH","2007-06-26","ftp://patches.sgi.com/support/free/security/advisories/20070602-01-P.asc; http://docs.info.apple.com/article.html?artnum=306172; http://h20000.www2.hp.com/bizsupport/TechSupport/Document.jsp?objectID=c02257427","VCDSA23353","1"
"44","CVE-2007-2446","Multiple heap-based buffer overflows in the NDR parsing in smbd in Samba 3.0.0 through 3.0.25rc3 allow remote attackers to execute arbitrary code via crafted MS-RPC requests involving (1) DFSEnum (netdfs_io_dfs_EnumInfo_d), (2) RFNPCNEX (smb_io_notify_option_type_data), (3) LsarAddPrivilegesToAccount (lsa_io_privilege_set), (4) NetSetFileSecurity (sec_io_acl), or (5) LsarLookupSids/LsarLookupSids2 (lsa_io_trans_names).","10.0","HIGH","2007-05-14","http://docs.info.apple.com/article.html?artnum=306172; http://h20000.www2.hp.com/bizsupport/TechSupport/Document.jsp?lang=en&cc=us&objectID=c01067768; http://h20000.www2.hp.com/bizsupport/TechSupport/Document.jsp?lang=en&cc=us&objectID=c01078980","VCDSA23353","1"
"45","CVE-2007-2447","The MS-RPC functionality in smbd in Samba 3.0.0 through 3.0.25rc3 allows remote attackers to execute arbitrary commands via shell metacharacters involving the (1) SamrChangePassword function, when the ""username map script"" smb.conf option is enabled, and allows remote authenticated users to execute commands via shell metacharacters involving other MS-RPC functions in the (2) remote printer and (3) file share management.","6.0","MEDIUM","2007-05-14","http://docs.info.apple.com/article.html?artnum=306172; http://h20000.www2.hp.com/bizsupport/TechSupport/Document.jsp?lang=en&cc=us&objectID=c01067768; http://h20000.www2.hp.com/bizsupport/TechSupport/Document.jsp?lang=en&cc=us&objectID=c01078980","VCDSA23353","1"
"46","CVE-2007-2798","Stack-based buffer overflow in the rename_principal_2_svc function in kadmind for MIT Kerberos 1.5.3, 1.6.1, and other versions allows remote authenticated users to execute arbitrary code via a crafted request to rename a principal.","9.0","HIGH","2007-06-26","ftp://patches.sgi.com/support/free/security/advisories/20070602-01-P.asc; http://docs.info.apple.com/article.html?artnum=306172; http://h20000.www2.hp.com/bizsupport/TechSupport/Document.jsp?objectID=c02257427","VCDSA23353","1"
"47","CVE-2007-2953","Format string vulnerability in the helptags_one function in src/ex_cmds.c in Vim 6.4 and earlier, and 7.x up to 7.1, allows user-assisted remote attackers to execute arbitrary code via format string specifiers in a help-tags tag in a help file, related to the helptags command.","6.8","MEDIUM","2007-07-31","ftp://ftp.vim.org/pub/vim/patches/7.1/7.1.039; http://secunia.com/advisories/25941; http://secunia.com/advisories/26285","VCDSA23399","1"
"48","CVE-2007-3004","Rejected reason: DO NOT USE THIS CANDIDATE NUMBER.  ConsultIDs: CVE-2007-2788.  Reason: This candidate is a duplicate of CVE-2007-2788.  Notes: All CVE users should reference CVE-2007-2788 instead of this candidate.  All references and descriptions in this candidate have been removed to prevent accidental usage","N/A","N/A","2007-06-04","","VCDSA23355","1"
"49","CVE-2007-3108","The BN_from_montgomery function in crypto/bn/bn_mont.c in OpenSSL 0.9.8e and earlier does not properly perform Montgomery multiplication, which might allow local users to conduct a side-channel attack and retrieve RSA private keys.","1.2","LOW","2007-08-08","http://cvs.openssl.org/chngview?cn=16275; http://lists.vmware.com/pipermail/security-announce/2008/000002.html; http://openssl.org/news/patch-CVE-2007-3108.txt","VCDSA23360; VCDSA23354","2"
"50","CVE-2007-3304","Apache httpd 1.3.37, 2.0.59, and 2.2.4 with the Prefork MPM module, allows local users to cause a denial of service by modifying the worker_score and process_score arrays to reference an arbitrary process ID, which is sent a SIGUSR1 signal from the master process, aka ""SIGUSR1 killer.""","4.7","MEDIUM","2007-06-20","ftp://patches.sgi.com/support/free/security/advisories/20070701-01-P.asc; http://bugs.gentoo.org/show_bug.cgi?id=186219; http://bugzilla.redhat.com/bugzilla/show_bug.cgi?id=245111","VCDSA23387","1"
"51","CVE-2007-3514","Cross-domain vulnerability in Apple Safari for Windows 3.0.2 allows remote attackers to bypass the Same Origin Policy and access restricted information from other domains via JavaScript that overwrites the document variable and statically sets the document.domain attribute to a file:// location, a different vector than CVE-2007-3482.","8.5","HIGH","2007-07-03","http://osvdb.org/38861; http://www.0x000000.com/?i=371; http://osvdb.org/38861","VCDSA23359","1"
"52","CVE-2007-3847","The date handling code in modules/proxy/proxy_util.c (mod_proxy) in Apache 2.3.0, when using a threaded MPM, allows remote origin servers to cause a denial of service (caching forward proxy process crash) via crafted date headers that trigger a buffer over-read.","5.0","MEDIUM","2007-08-23","http://bugs.gentoo.org/show_bug.cgi?id=186219; http://docs.info.apple.com/article.html?artnum=307562; http://h20000.www2.hp.com/bizsupport/TechSupport/Document.jsp?objectID=c01182588","VCDSA23387","1"
"53","CVE-2007-4059","Absolute path traversal vulnerability in a certain ActiveX control in IntraProcessLogging.dll 5.5.3.42958 in EMC VMware allows remote attackers to create or overwrite arbitrary files via a full pathname in the argument to the SetLogFileName method.","5.8","MEDIUM","2007-07-30","http://lists.grok.org.uk/pipermail/full-disclosure/2007-September/065902.html; http://secunia.com/advisories/26890; http://www.securityfocus.com/bid/25110","VCDSA23353","1"
"54","CVE-2007-4155","Absolute path traversal vulnerability in a certain ActiveX control in vielib.dll in EMC VMware 6.0.0 allows remote attackers to execute arbitrary local programs via a full pathname in the first two arguments to the (1) CreateProcess or (2) CreateProcessEx method.","9.3","HIGH","2007-08-03","http://lists.grok.org.uk/pipermail/full-disclosure/2007-September/065902.html; http://secunia.com/advisories/26890; http://www.securityfocus.com/bid/25131","VCDSA23353","1"
"55","CVE-2007-4308","The (1) aac_cfg_open and (2) aac_compat_ioctl functions in the SCSI layer ioctl path in aacraid in the Linux kernel before 2.6.23-rc2 do not check permissions for ioctls, which might allow local users to cause a denial of service or gain privileges.","1.9","LOW","2007-08-13","http://kernel.org/pub/linux/kernel/v2.6/testing/ChangeLog-2.6.23-rc2; http://lists.opensuse.org/opensuse-security-announce/2007-12/msg00001.html; http://lists.opensuse.org/opensuse-security-announce/2008-02/msg00002.html","VCDSA23356","1"
"56","CVE-2007-4476","Buffer overflow in the safer_name_suffix function in GNU tar has unspecified attack vectors and impact, resulting in a ""crashing stack.""","7.5","HIGH","2007-09-05","http://bugs.gentoo.org/show_bug.cgi?id=196978; http://kb.juniper.net/InfoCenter/index?page=content&id=JSA10691; http://kb.juniper.net/InfoCenter/index?page=content&id=JSA10705","VCDSA23411","1"
"57","CVE-2007-4496","Unspecified vulnerability in EMC VMware Workstation before 5.5.5 Build 56455 and 6.x before 6.0.1 Build 55017, Player before 1.0.5 Build 56455 and Player 2 before 2.0.1 Build 55017, ACE before 1.0.3 Build 54075 and ACE 2 before 2.0.1 Build 55017, and Server before 1.0.4 Build 56528 allows authenticated users with administrative privileges on a guest operating system to corrupt memory and possibly execute arbitrary code on the host operating system via unspecified vectors.","6.5","MEDIUM","2007-09-21","http://lists.grok.org.uk/pipermail/full-disclosure/2007-September/065902.html; http://secunia.com/advisories/26890; http://secunia.com/advisories/27694","VCDSA23353","1"
"58","CVE-2007-4497","Unspecified vulnerability in EMC VMware Workstation before 5.5.5 Build 56455 and 6.x before 6.0.1 Build 55017, Player before 1.0.5 Build 56455 and Player 2 before 2.0.1 Build 55017, ACE before 1.0.3 Build 54075 and ACE 2 before 2.0.1 Build 55017, and Server before 1.0.4 Build 56528 allows users with login access to a guest operating system to cause a denial of service (guest outage and host process crash or hang) via unspecified vectors.","5.5","MEDIUM","2007-09-21","http://lists.grok.org.uk/pipermail/full-disclosure/2007-September/065902.html; http://secunia.com/advisories/26890; http://secunia.com/advisories/27694","VCDSA23353","1"
"59","CVE-2007-4567","The ipv6_hop_jumbo function in net/ipv6/exthdrs.c in the Linux kernel before 2.6.22 does not properly validate the hop-by-hop IPv6 extended header, which allows remote attackers to cause a denial of service (NULL pointer dereference and kernel panic) via a crafted IPv6 packet.","7.8","HIGH","2007-12-21","http://bugzilla.kernel.org/show_bug.cgi?id=8450; http://git.kernel.org/?p=linux/kernel/git/torvalds/linux-2.6.git%3Ba=commit%3Bh=e76b2b2567b83448c2ee85a896433b96150c92e6; http://secunia.com/advisories/25505","VCDSA23378","1"
"60","CVE-2007-4572","Stack-based buffer overflow in nmbd in Samba 3.0.0 through 3.0.26a, when configured as a Primary or Backup Domain controller, allows remote attackers to have an unknown impact via crafted GETDC mailslot requests, related to handling of GETDC logon server requests.","9.3","HIGH","2007-11-16","http://docs.info.apple.com/article.html?artnum=307179; http://lists.apple.com/archives/security-announce/2007/Dec/msg00002.html; http://lists.vmware.com/pipermail/security-announce/2008/000002.html","VCDSA23354","1"
"61","CVE-2007-4772","The regular expression parser in TCL before 8.4.17, as used in PostgreSQL 8.2 before 8.2.6, 8.1 before 8.1.11, 8.0 before 8.0.15, and 7.4 before 7.4.19, allows context-dependent attackers to cause a denial of service (infinite loop) via a crafted regular expression.","4.0","MEDIUM","2008-01-09","http://h20000.www2.hp.com/bizsupport/TechSupport/Document.jsp?objectID=c01420154; http://kb.juniper.net/InfoCenter/index?page=content&id=JSA10705; http://lists.opensuse.org/opensuse-security-announce/2008-02/msg00000.html","VCDSA23372","1"
"62","CVE-2007-4965","Multiple integer overflows in the imageop module in Python 2.5.1 and earlier allow context-dependent attackers to cause a denial of service (application crash) and possibly obtain sensitive information (memory contents) via crafted arguments to (1) the tovideo method, and unspecified other vectors related to (2) imageop.c, (3) rbgimgmodule.c, and other files, which trigger heap-based buffer overflows.","5.8","MEDIUM","2007-09-18","http://bugs.gentoo.org/show_bug.cgi?id=192876; http://docs.info.apple.com/article.html?artnum=307179; http://lists.apple.com/archives/security-announce/2007/Dec/msg00002.html","VCDSA23392; VCDSA23356","2"
"63","CVE-2007-5000","Cross-site scripting (XSS) vulnerability in the (1) mod_imap module in the Apache HTTP Server 1.3.0 through 1.3.39 and 2.0.35 through 2.0.61 and the (2) mod_imagemap module in the Apache HTTP Server 2.2.0 through 2.2.6 allows remote attackers to inject arbitrary web script or HTML via unspecified vectors.","4.3","MEDIUM","2007-12-13","http://docs.info.apple.com/article.html?artnum=307562; http://h20000.www2.hp.com/bizsupport/TechSupport/Document.jsp?objectID=c01345501; http://httpd.apache.org/security/vulnerabilities_13.html","VCDSA23387","1"
"64","CVE-2007-5001","Linux kernel before 2.4.21 allows local users to cause a denial of service (kernel panic) via asynchronous input or output on a FIFO special file.","4.9","MEDIUM","2008-05-08","http://lists.vmware.com/pipermail/security-announce/2008/000023.html; http://osvdb.org/44987; http://secunia.com/advisories/30110","VCDSA23358","1"
"65","CVE-2007-5116","Buffer overflow in the polymorphic opcode support in the Regular Expression Engine (regcomp.c) in Perl 5.8 allows context-dependent attackers to execute arbitrary code by switching from byte to Unicode (UTF) characters in a regular expression.","7.5","HIGH","2007-11-07","ftp://aix.software.ibm.com/aix/efixes/security/README; http://docs.info.apple.com/article.html?artnum=307179; http://lists.apple.com/archives/security-announce/2007/Dec/msg00002.html","VCDSA23354","1"
"66","CVE-2007-5135","Off-by-one error in the SSL_get_shared_ciphers function in OpenSSL 0.9.7 up to 0.9.7l, and 0.9.8 up to 0.9.8f, might allow remote attackers to execute arbitrary code via a crafted packet that triggers a one-byte buffer underflow.  NOTE: this issue was introduced as a result of a fix for CVE-2006-3738.  As of 20071012, it is unknown whether code execution is possible.","6.8","MEDIUM","2007-09-27","ftp://ftp.netbsd.org/pub/NetBSD/security/advisories/NetBSD-SA2008-007.txt.asc; http://lists.apple.com/archives/security-announce//2008/Jul/msg00003.html; http://lists.opensuse.org/opensuse-security-announce/2008-03/msg00001.html","VCDSA23360; VCDSA23354","2"
"67","CVE-2007-5191","mount and umount in util-linux and loop-aes-utils call the setuid and setgid functions in the wrong order and do not check the return values, which might allow attackers to gain privileges via helpers such as mount.nfs.","7.2","HIGH","2007-10-04","http://bugs.gentoo.org/show_bug.cgi?id=195390; http://frontal2.mandriva.com/en/security/advisories?name=MDKSA-2007:198; http://git.kernel.org/?p=utils/util-linux-ng/util-linux-ng.git%3Ba=commit%3Bh=ebbeb2c7ac1b00b6083905957837a271e80b187e","VCDSA23354","1"
"68","CVE-2007-5232","Sun Java Runtime Environment (JRE) in JDK and JRE 6 Update 2 and earlier, JDK and JRE 5.0 Update 12 and earlier, SDK and JRE 1.4.2_15 and earlier, and SDK and JRE 1.3.1_20 and earlier, when applet caching is enabled, allows remote attackers to violate the security model for an applet's outbound connections via a DNS rebinding attack.","4.0","MEDIUM","2007-10-05","http://conference.hitb.org/hitbsecconf2007kl/?page_id=148; http://conference.hitb.org/hitbsecconf2007kl/materials/D2T1%20-%20Billy%20Rios%20-%20Slipping%20Past%20the%20Firewall.pdf; http://dev2dev.bea.com/pub/advisory/272","VCDSA23357","1"
"69","CVE-2007-5236","Java Web Start in Sun JDK and JRE 5.0 Update 12 and earlier, and SDK and JRE 1.4.2_15 and earlier, on Windows does not properly enforce access restrictions for untrusted applications, which allows user-assisted remote attackers to read local files via an untrusted application.","5.4","MEDIUM","2007-10-06","http://dev2dev.bea.com/pub/advisory/272; http://h20000.www2.hp.com/bizsupport/TechSupport/Document.jsp?objectID=c01234533; http://lists.opensuse.org/opensuse-security-announce/2008-04/msg00010.html","VCDSA23357","1"
"70","CVE-2007-5237","Java Web Start in Sun JDK and JRE 6 Update 2 and earlier does not properly enforce access restrictions for untrusted applications, which allows user-assisted remote attackers to read and modify local files via an untrusted application, aka ""two vulnerabilities.""","7.1","HIGH","2007-10-06","http://dev2dev.bea.com/pub/advisory/272; http://h20000.www2.hp.com/bizsupport/TechSupport/Document.jsp?objectID=c01234533; http://secunia.com/advisories/27261","VCDSA23357","1"
"71","CVE-2007-5238","Java Web Start in Sun JDK and JRE 6 Update 2 and earlier, JDK and JRE 5.0 Update 12 and earlier, and SDK and JRE 1.4.2_15 and earlier does not properly enforce access restrictions for untrusted applications, which allows user-assisted remote attackers to obtain sensitive information (the Java Web Start cache location) via an untrusted application, aka ""three vulnerabilities.""","2.6","LOW","2007-10-06","http://dev2dev.bea.com/pub/advisory/272; http://h20000.www2.hp.com/bizsupport/TechSupport/Document.jsp?objectID=c01234533; http://lists.opensuse.org/opensuse-security-announce/2008-04/msg00010.html","VCDSA23357","1"
"72","CVE-2007-5239","Java Web Start in Sun JDK and JRE 6 Update 2 and earlier, JDK and JRE 5.0 Update 12 and earlier, SDK and JRE 1.4.2_15 and earlier, and SDK and JRE 1.3.1_20 and earlier does not properly enforce access restrictions for untrusted (1) applications and (2) applets, which allows user-assisted remote attackers to copy or rename arbitrary files when local users perform drag-and-drop operations from the untrusted application or applet window onto certain types of desktop applications.","4.0","MEDIUM","2007-10-06","http://dev2dev.bea.com/pub/advisory/272; http://h20000.www2.hp.com/bizsupport/TechSupport/Document.jsp?objectID=c01234533; http://lists.opensuse.org/opensuse-security-announce/2008-04/msg00010.html","VCDSA23357","1"
"73","CVE-2007-5240","Visual truncation vulnerability in the Java Runtime Environment in Sun JDK and JRE 6 Update 2 and earlier, JDK and JRE 5.0 Update 12 and earlier, SDK and JRE 1.4.2_15 and earlier, and SDK and JRE 1.3.1_20 and earlier allows remote attackers to circumvent display of the untrusted-code warning banner by creating a window larger than the workstation screen.","5.0","MEDIUM","2007-10-06","http://dev2dev.bea.com/pub/advisory/272; http://download.novell.com/Download?buildid=q5exhSqeBjA~; http://h20000.www2.hp.com/bizsupport/TechSupport/Document.jsp?objectID=c01234533","VCDSA23357","1"
"74","CVE-2007-5269","Certain chunk handlers in libpng before 1.0.29 and 1.2.x before 1.2.21 allow remote attackers to cause a denial of service (crash) via crafted (1) pCAL (png_handle_pCAL), (2) sCAL (png_handle_sCAL), (3) tEXt (png_push_read_tEXt), (4) iTXt (png_handle_iTXt), and (5) ztXT (png_handle_ztXt) chunking in PNG images, which trigger out-of-bounds read operations.","5.0","MEDIUM","2007-10-08","http://android-developers.blogspot.com/2008/03/android-sdk-update-m5-rc15-released.html; http://bugs.gentoo.org/show_bug.cgi?id=195261; http://docs.info.apple.com/article.html?artnum=307562","VCDSA23361; VCDSA23368","2"
"75","CVE-2007-5274","Sun Java Runtime Environment (JRE) in JDK and JRE 6 Update 2 and earlier, JDK and JRE 5.0 Update 12 and earlier, SDK and JRE 1.4.2_15 and earlier, and SDK and JRE 1.3.1_20 and earlier, when Firefox or Opera is used, allows remote attackers to violate the security model for JavaScript outbound connections via a multi-pin DNS rebinding attack dependent on the LiveConnect API, in which JavaScript download relies on DNS resolution by the browser, but JavaScript socket operations rely on separate DNS resolution by a Java Virtual Machine (JVM), a different issue than CVE-2007-5273.  NOTE: this is similar to CVE-2007-5232.","2.6","LOW","2007-10-08","http://crypto.stanford.edu/dns/dns-rebinding.pdf; http://dev2dev.bea.com/pub/advisory/272; http://h20000.www2.hp.com/bizsupport/TechSupport/Document.jsp?objectID=c01234533","VCDSA23357","1"
"76","CVE-2007-5333","Apache Tomcat 6.0.0 through 6.0.14, 5.5.0 through 5.5.25, and 4.1.0 through 4.1.36 does not properly handle (1) double quote ("") characters or (2) %5C (encoded backslash) sequences in a cookie value, which might cause sensitive information such as session IDs to be leaked to remote attackers and enable session hijacking attacks.  NOTE: this issue exists because of an incomplete fix for CVE-2007-3385.","5.0","MEDIUM","2008-02-12","http://jvn.jp/jp/JVN%2309470767/index.html; http://lists.apple.com/archives/security-announce/2008//Jun/msg00002.html; http://lists.apple.com/archives/security-announce/2008/Oct/msg00001.html","VCDSA23392; VCDSA23357","2"
"77","CVE-2007-5342","The default catalina.policy in the JULI logging component in Apache Tomcat 5.5.9 through 5.5.25 and 6.0.0 through 6.0.15 does not restrict certain permissions for web applications, which allows attackers to modify logging configuration options and overwrite arbitrary files, as demonstrated by changing the (1) level, (2) directory, and (3) prefix attributes in the org.apache.juli.FileHandler handler.","6.4","MEDIUM","2007-12-27","http://lists.apple.com/archives/security-announce/2008/Oct/msg00001.html; http://lists.opensuse.org/opensuse-security-announce/2009-02/msg00002.html; http://marc.info/?l=bugtraq&m=139344343412337&w=2","VCDSA23392; VCDSA23357","2"
"78","CVE-2007-5360","Buffer overflow in OpenPegasus Management server, when compiled to use PAM and with PEGASUS_USE_PAM_STANDALONE_PROC defined, as used in VMWare ESX Server 3.0.1 and 3.0.2, might allow remote attackers to execute arbitrary code via vectors related to PAM authentication, a different vulnerability than CVE-2008-0003.","7.5","HIGH","2008-01-08","http://h20000.www2.hp.com/bizsupport/TechSupport/Document.jsp?objectID=c01438409; http://lists.vmware.com/pipermail/security-announce/2008/000002.html; http://secunia.com/advisories/28358","VCDSA23354","1"
"79","CVE-2007-5378","Buffer overflow in the FileReadGIF function in tkImgGIF.c for Tk Toolkit 8.4.12 and earlier, and 8.3.5 and earlier, allows user-assisted attackers to cause a denial of service (segmentation fault) via an animated GIF in which the first subimage is smaller than a subsequent subimage, which triggers the overflow in the ReadImage function, a different vulnerability than CVE-2007-5137.","4.3","MEDIUM","2007-10-12","http://secunia.com/advisories/27207; http://secunia.com/advisories/27295; http://secunia.com/advisories/27801","VCDSA23372","1"
"80","CVE-2007-5398","Stack-based buffer overflow in the reply_netbios_packet function in nmbd/nmbd_packets.c in nmbd in Samba 3.0.0 through 3.0.26a, when operating as a WINS server, allows remote attackers to execute arbitrary code via crafted WINS Name Registration requests followed by a WINS Name Query request.","9.3","HIGH","2007-11-16","http://docs.info.apple.com/article.html?artnum=307179; http://lists.apple.com/archives/security-announce/2007/Dec/msg00002.html; http://lists.vmware.com/pipermail/security-announce/2008/000002.html","VCDSA23354","1"
"81","CVE-2007-5438","Unspecified vulnerability in a certain ActiveX control in Reconfig.DLL in VMware Workstation 5.5.x before 5.5.8 build 108000, VMware Workstation 6.0.x before 6.0.5 build 109488, VMware Player 1.x before 1.0.8 build 108000, VMware Player 2.x before 2.0.5 build 109488, VMware ACE 1.x before 1.0.7 build 108880, VMware ACE 2.x before 2.0.5 build 109488, and VMware Server before 1.0.7 build 108231 might allow local users to cause a denial of service to the Virtual Disk Mount Service (vmount2.exe), related to the ConnectPopulatedDiskEx function.","1.9","LOW","2007-10-13","http://lists.grok.org.uk/pipermail/full-disclosure/2008-August/064118.html; http://osvdb.org/43488; http://secunia.com/advisories/31707","VCDSA23361","1"
"82","CVE-2007-5461","Absolute path traversal vulnerability in Apache Tomcat 4.0.0 through 4.0.6, 4.1.0, 5.0.0, 5.5.0 through 5.5.25, and 6.0.0 through 6.0.14, under certain configurations, allows remote authenticated users to read arbitrary files via a WebDAV write request that specifies an entity with a SYSTEM tag.","3.5","LOW","2007-10-15","http://geronimo.apache.org/2007/10/18/potential-vulnerability-in-apache-tomcat-webdav-servlet.html; http://issues.apache.org/jira/browse/GERONIMO-3549; http://lists.apple.com/archives/security-announce/2008//Jun/msg00002.html","VCDSA23392; VCDSA23357","2"
"83","CVE-2007-5497","Multiple integer overflows in libext2fs in e2fsprogs before 1.40.3 allow user-assisted remote attackers to execute arbitrary code via a crafted filesystem image.","5.8","MEDIUM","2007-12-07","http://itrc.hp.com/service/cki/docDisplay.do?docId=emr_na-c02286083; http://lists.vmware.com/pipermail/security-announce/2008/000007.html; http://secunia.com/advisories/27889","VCDSA23367","1"
"84","CVE-2007-5503","Multiple integer overflows in Cairo before 1.4.12 might allow remote attackers to execute arbitrary code, as demonstrated using a crafted PNG image with large width and height values, which is not properly handled by the read_png function.","6.8","MEDIUM","2007-11-30","http://bugs.gentoo.org/show_bug.cgi?id=200350; http://bugs.gentoo.org/show_bug.cgi?id=201860; http://gitweb.freedesktop.org/?p=cairo%3Ba=commitdiff%3Bh=5c7d2d14d78e4dfb1ef6d2c40f0910f177e07360","VCDSA23361","1"
"85","CVE-2007-5618","Unquoted Windows search path vulnerability in the Authorization and other services in VMware Player 1.0.x before 1.0.5 and 2.0 before 2.0.1, VMware Server before 1.0.4, and Workstation 5.x before 5.5.5 and 6.x before 6.0.1 might allow local users to gain privileges via malicious programs.","7.2","HIGH","2007-10-21","http://lists.grok.org.uk/pipermail/full-disclosure/2007-September/065902.html; http://lists.vmware.com/pipermail/security-announce/2008/000008.html; http://secunia.com/advisories/26890","VCDSA23368","1"
"86","CVE-2007-5671","HGFS.sys in the VMware Tools package in VMware Workstation 5.x before 5.5.6 build 80404, VMware Player before 1.0.6 build 80404, VMware ACE before 1.0.5 build 79846, VMware Server before 1.0.5 build 80187, and VMware ESX 2.5.4 through 3.0.2 does not properly validate arguments in user-mode METHOD_NEITHER IOCTLs to the \\.\hgfs device, which allows guest OS users to modify arbitrary memory locations in guest kernel memory and gain privileges.","4.4","MEDIUM","2008-06-05","http://labs.idefense.com/intelligence/vulnerabilities/display.php?id=712; http://secunia.com/advisories/30556; http://security.gentoo.org/glsa/glsa-201209-25.xml","VCDSA23372","1"
"87","CVE-2007-5689","The Java Virtual Machine (JVM) in Sun Java Runtime Environment (JRE) in SDK and JRE 1.3.x through 1.3.1_20 and 1.4.x through 1.4.2_15, and JDK and JRE 5.x through 5.0 Update 12 and 6.x through 6 Update 2, allows remote attackers to execute arbitrary programs, or read or modify arbitrary files, via applets that grant privileges to themselves.","10.0","HIGH","2007-10-29","http://dev2dev.bea.com/pub/advisory/272; http://h20000.www2.hp.com/bizsupport/TechSupport/Document.jsp?objectID=c01234533; http://osvdb.org/40834","VCDSA23357","1"
"88","CVE-2007-5846","The SNMP agent (snmp_agent.c) in net-snmp before 5.4.1 allows remote attackers to cause a denial of service (CPU and memory consumption) via a GETBULK request with a large max-repeaters value.","7.8","HIGH","2007-11-06","http://bugs.gentoo.org/show_bug.cgi?id=198346; http://lists.vmware.com/pipermail/security-announce/2008/000014.html; http://net-snmp.svn.sourceforge.net/viewvc/net-snmp/tags/Ext-5-4-1/net-snmp/agent/snmp_agent.c?view=log","VCDSA23370","1"
"89","CVE-2007-5966","Integer overflow in the hrtimer_start function in kernel/hrtimer.c in the Linux kernel before 2.6.23.10 allows local users to execute arbitrary code or cause a denial of service (panic) via a large relative timeout value.  NOTE: some of these details are obtained from third party information.","7.2","HIGH","2007-12-20","http://kernel.org/pub/linux/kernel/v2.6/ChangeLog-2.6.23.10; http://lists.opensuse.org/opensuse-security-announce/2008-02/msg00002.html; http://secunia.com/advisories/28088","VCDSA23392","1"
"90","CVE-2007-6015","Stack-based buffer overflow in the send_mailslot function in nmbd in Samba 3.0.0 through 3.0.27a, when the ""domain logons"" option is enabled, allows remote attackers to execute arbitrary code via a GETDC mailslot request composed of a long GETDC string following an offset username in a SAMLOGON logon request.","9.3","HIGH","2007-12-13","http://bugs.gentoo.org/show_bug.cgi?id=200773; http://docs.info.apple.com/article.html?artnum=307430; http://lists.apple.com/archives/security-announce/2008/Feb/msg00002.html","VCDSA23356","1"
"91","CVE-2007-6063","Buffer overflow in the isdn_net_setcfg function in isdn_net.c in Linux kernel 2.6.23 allows local users to have an unknown impact via a crafted argument to the isdn_ioctl function.","6.9","MEDIUM","2007-11-21","http://bugzilla.kernel.org/show_bug.cgi?id=9416; http://lists.opensuse.org/opensuse-security-announce/2007-12/msg00001.html; http://lists.opensuse.org/opensuse-security-announce/2008-02/msg00002.html","VCDSA23390","1"
"92","CVE-2007-6151","The isdn_ioctl function in isdn_common.c in Linux kernel 2.6.23 allows local users to cause a denial of service via a crafted ioctl struct in which iocts is not null terminated, which triggers a buffer overflow.","7.2","HIGH","2007-12-15","http://git.kernel.org/?p=linux/kernel/git/torvalds/linux-2.6.git%3Ba=commitdiff%3Bh=eafe1aa37e6ec2d56f14732b5240c4dd09f0613a; http://lists.opensuse.org/opensuse-security-announce/2008-02/msg00005.html; http://lists.opensuse.org/opensuse-security-announce/2008-03/msg00007.html","VCDSA23358","1"
"93","CVE-2007-6206","The do_coredump function in fs/exec.c in Linux kernel 2.4.x and 2.6.x up to 2.6.24-rc3, and possibly other versions, does not change the UID of a core dump file if it exists before a root process creates a core dump in the same location, which might allow local users to obtain sensitive information.","2.1","LOW","2007-12-04","http://bugzilla.kernel.org/show_bug.cgi?id=3043; http://git.kernel.org/?p=linux/kernel/git/torvalds/linux-2.6.git%3Ba=commitdiff%3Bh=c46f739dd39db3b07ab5deb4e3ec81e1c04a91af; http://lists.opensuse.org/opensuse-security-announce/2008-02/msg00005.html","VCDSA23358","1"
"94","CVE-2007-6284","The xmlCurrentChar function in libxml2 before 2.6.31 allows context-dependent attackers to cause a denial of service (infinite loop) via XML containing invalid UTF-8 sequences.","5.0","MEDIUM","2008-01-12","http://bugs.gentoo.org/show_bug.cgi?id=202628; http://lists.apple.com/archives/security-announce/2008//Jul/msg00001.html; http://lists.vmware.com/pipermail/security-announce/2008/000009.html","VCDSA23369","1"
"95","CVE-2007-6286","Apache Tomcat 5.5.11 through 5.5.25 and 6.0.0 through 6.0.15, when the native APR connector is used, does not properly handle an empty request to the SSL port, which allows remote attackers to trigger handling of ""a duplicate copy of one of the recent requests,"" as demonstrated by using netcat to send the empty request.","4.3","MEDIUM","2008-02-12","http://lists.apple.com/archives/security-announce/2008/Oct/msg00001.html; http://lists.opensuse.org/opensuse-security-announce/2009-02/msg00002.html; http://marc.info/?l=bugtraq&m=139344343412337&w=2","VCDSA23392; VCDSA23357","2"
"96","CVE-2007-6388","Cross-site scripting (XSS) vulnerability in mod_status in the Apache HTTP Server 2.2.0 through 2.2.6, 2.0.35 through 2.0.61, and 1.3.2 through 1.3.39, when the server-status page is enabled, allows remote attackers to inject arbitrary web script or HTML via unspecified vectors.","4.3","MEDIUM","2008-01-08","http://docs.info.apple.com/article.html?artnum=307562; http://httpd.apache.org/security/vulnerabilities_13.html; http://httpd.apache.org/security/vulnerabilities_20.html","VCDSA23387","1"
"97","CVE-2008-0002","Apache Tomcat 6.0.0 through 6.0.15 processes parameters in the context of the wrong request when an exception occurs during parameter processing, which might allow remote attackers to obtain sensitive information, as demonstrated by disconnecting during this processing in order to trigger the exception.","5.8","MEDIUM","2008-02-12","http://lists.apple.com/archives/security-announce/2008/Oct/msg00001.html; http://lists.opensuse.org/opensuse-security-announce/2009-02/msg00002.html; http://marc.info/?l=bugtraq&m=139344343412337&w=2","VCDSA23392","1"
"98","CVE-2008-0003","Stack-based buffer overflow in the PAMBasicAuthenticator::PAMCallback function in OpenPegasus CIM management server (tog-pegasus), when compiled to use PAM and without PEGASUS_USE_PAM_STANDALONE_PROC defined, might allow remote attackers to execute arbitrary code via unknown vectors, a different vulnerability than CVE-2007-5360.","10.0","HIGH","2008-01-08","http://h20000.www2.hp.com/bizsupport/TechSupport/Document.jsp?objectID=c01438409; http://lists.vmware.com/pipermail/security-announce/2008/000014.html; http://osvdb.org/40082","VCDSA23370","1"
"99","CVE-2008-0005","mod_proxy_ftp in Apache 2.2.x before 2.2.7-dev, 2.0.x before 2.0.62-dev, and 1.3.x before 1.3.40-dev does not define a charset, which allows remote attackers to conduct cross-site scripting (XSS) attacks using UTF-7 encoding.","4.3","MEDIUM","2008-01-12","http://docs.info.apple.com/article.html?artnum=307562; http://lists.apple.com/archives/security-announce/2008/Mar/msg00001.html; http://lists.opensuse.org/opensuse-security-announce/2008-04/msg00004.html","VCDSA23387","1"
"100","CVE-2008-0007","Linux kernel before 2.6.22.17, when using certain drivers that register a fault handler that does not perform range checks, allows local users to access kernel memory via an out-of-range offset.","7.2","HIGH","2008-02-08","http://lists.opensuse.org/opensuse-security-announce/2008-02/msg00002.html; http://lists.opensuse.org/opensuse-security-announce/2008-03/msg00007.html; http://lists.vmware.com/pipermail/security-announce/2008/000023.html","VCDSA23358","1"
"101","CVE-2008-0062","KDC in MIT Kerberos 5 (krb5kdc) does not set a global variable for some krb4 message types, which allows remote attackers to cause a denial of service (crash) and possibly execute arbitrary code via crafted messages that trigger a NULL pointer dereference or double-free.","9.8","CRITICAL","2008-03-19","http://docs.info.apple.com/article.html?artnum=307562; http://lists.apple.com/archives/security-announce/2008/Mar/msg00001.html; http://lists.opensuse.org/opensuse-security-announce/2008-03/msg00006.html","VCDSA23372","1"
"102","CVE-2008-0063","The Kerberos 4 support in KDC in MIT Kerberos 5 (krb5kdc) does not properly clear the unused portion of a buffer when generating an error message, which might allow remote attackers to obtain sensitive information, aka ""Uninitialized stack values.""","7.5","HIGH","2008-03-19","http://docs.info.apple.com/article.html?artnum=307562; http://lists.apple.com/archives/security-announce/2008/Mar/msg00001.html; http://lists.opensuse.org/opensuse-security-announce/2008-03/msg00006.html","VCDSA23372","1"
"103","CVE-2008-0085","SQL Server 7.0 SP4, 2000 SP4, 2005 SP1 and SP2, 2000 Desktop Engine (MSDE 2000) SP4, 2005 Express Edition SP1 and SP2, and 2000 Desktop Engine (WMSDE); Microsoft Data Engine (MSDE) 1.0 SP4; and Internal Database (WYukon) SP2 does not initialize memory pages when reallocating memory, which allows database operators to obtain sensitive information (database contents) via unknown vectors related to memory page reuse.","5.0","MEDIUM","2008-07-08","http://secunia.com/advisories/30970; http://www.securityfocus.com/archive/1/516397/100/0/threaded; http://www.securitytracker.com/id?1020441","VCDSA23418","1"
"104","CVE-2008-0086","Buffer overflow in the convert function in Microsoft SQL Server 2000 SP4, 2000 Desktop Engine (MSDE 2000) SP4, and 2000 Desktop Engine (WMSDE) allows remote authenticated users to execute arbitrary code via a crafted SQL expression.","9.0","HIGH","2008-07-08","http://secunia.com/advisories/30970; http://www.securityfocus.com/archive/1/494082/100/0/threaded; http://www.securityfocus.com/archive/1/516397/100/0/threaded","VCDSA23418","1"
"105","CVE-2008-0106","Buffer overflow in Microsoft SQL Server 2005 SP1 and SP2, and 2005 Express Edition SP1 and SP2, allows remote authenticated users to execute arbitrary code via a crafted insert statement.","9.0","HIGH","2008-07-08","http://secunia.com/advisories/30970; http://www.securityfocus.com/archive/1/494082/100/0/threaded; http://www.securityfocus.com/archive/1/516397/100/0/threaded","VCDSA23418","1"
"106","CVE-2008-0107","Integer underflow in SQL Server 7.0 SP4, 2000 SP4, 2005 SP1 and SP2, 2000 Desktop Engine (MSDE 2000) SP4, 2005 Express Edition SP1 and SP2, and 2000 Desktop Engine (WMSDE); Microsoft Data Engine (MSDE) 1.0 SP4; and Internal Database (WYukon) SP2 allows remote authenticated users to execute arbitrary code via a (1) SMB or (2) WebDAV pathname for an on-disk file (aka stored backup file) with a crafted record size value, which triggers a heap-based buffer overflow, aka ""SQL Server Memory Corruption Vulnerability.""","9.0","HIGH","2008-07-08","http://labs.idefense.com/intelligence/vulnerabilities/display.php?id=723; http://secunia.com/advisories/30970; http://www.insomniasec.com/advisories/ISVA-080709.1.htm","VCDSA23418","1"
"107","CVE-2008-0553","Stack-based buffer overflow in the ReadImage function in tkImgGIF.c in Tk (Tcl/Tk) before 8.5.1 allows remote attackers to execute arbitrary code via a crafted GIF image, a similar issue to CVE-2006-4484.","6.8","MEDIUM","2008-02-07","http://lists.opensuse.org/opensuse-security-announce/2008-04/msg00005.html; http://secunia.com/advisories/28784; http://secunia.com/advisories/28807","VCDSA23372","1"
"108","CVE-2008-0598","Unspecified vulnerability in the 32-bit and 64-bit emulation in the Linux kernel 2.6.9, 2.6.18, and probably other versions allows local users to read uninitialized memory via unknown vectors involving a crafted binary.","4.9","MEDIUM","2008-06-30","http://lists.opensuse.org/opensuse-security-announce/2008-10/msg00000.html; http://lists.opensuse.org/opensuse-security-announce/2008-10/msg00001.html; http://lists.opensuse.org/opensuse-security-announce/2008-10/msg00003.html","VCDSA23390","1"
"109","CVE-2008-0657","Multiple unspecified vulnerabilities in the Java Runtime Environment in Sun JDK and JRE 6 Update 1 and earlier, and 5.0 Update 13 and earlier, allow context-dependent attackers to gain privileges via an untrusted (1) application or (2) applet, as demonstrated by an application or applet that grants itself privileges to (a) read local files, (b) write to local files, or (c) execute local programs.","10.0","HIGH","2008-02-07","http://dev2dev.bea.com/pub/advisory/277; http://lists.opensuse.org/opensuse-security-announce/2008-04/msg00010.html; http://secunia.com/advisories/28795","VCDSA23357","1"
"110","CVE-2008-0888","The NEEDBITS macro in the inflate_dynamic function in inflate.c for unzip can be invoked using invalid buffers, which allows remote attackers to cause a denial of service (crash) and possibly execute arbitrary code via unknown vectors that trigger a free of uninitialized or previously-freed data.","9.3","HIGH","2008-03-17","http://lists.apple.com/archives/security-announce/2010//Mar/msg00001.html; http://lists.opensuse.org/opensuse-security-announce/2008-03/msg00008.html; http://secunia.com/advisories/29392","VCDSA23372","1"
"111","CVE-2008-0923","Directory traversal vulnerability in the Shared Folders feature for VMWare ACE 1.0.2 and 2.0.2, Player 1.0.4 and 2.0.2, and Workstation 5.5.4 and 6.0.2 allows guest OS users to read and write arbitrary files on the host OS via a multibyte string that produces a wide character string containing .. (dot dot) sequences, which bypasses the protection mechanism, as demonstrated using a ""%c0%2e%c0%2e"" string.","6.9","MEDIUM","2008-02-26","http://kb.vmware.com/selfservice/microsites/search.do?language=en_US&cmd=displayKC&externalId=1004034; http://lists.grok.org.uk/pipermail/full-disclosure/2008-February/060457.html; http://lists.vmware.com/pipermail/security-announce/2008/000008.html","VCDSA23368","1"
"112","CVE-2008-0948","Buffer overflow in the RPC library (lib/rpc/rpc_dtablesize.c) used by libgssrpc and kadmind in MIT Kerberos 5 (krb5) 1.2.2, and probably other versions before 1.3, when running on systems whose unistd.h does not define the FD_SETSIZE macro, allows remote attackers to cause a denial of service (crash) and possibly execute arbitrary code by triggering a large number of open file descriptors.","9.3","HIGH","2008-03-19","http://lists.opensuse.org/opensuse-security-announce/2008-03/msg00006.html; http://marc.info/?l=bugtraq&m=130497213107107&w=2; http://secunia.com/advisories/29423","VCDSA23372","1"
"113","CVE-2008-0960","SNMPv3 HMAC verification in (1) Net-SNMP 5.2.x before 5.2.4.1, 5.3.x before 5.3.2.1, and 5.4.x before 5.4.1.1; (2) UCD-SNMP; (3) eCos; (4) Juniper Session and Resource Control (SRC) C-series 1.0.0 through 2.0.0; (5) NetApp (aka Network Appliance) Data ONTAP 7.3RC1 and 7.3RC2; (6) SNMP Research before 16.2; (7) multiple Cisco IOS, CatOS, ACE, and Nexus products; (8) Ingate Firewall 3.1.0 and later and SIParator 3.1.0 and later; (9) HP OpenView SNMP Emanate Master Agent 15.x; and possibly other products relies on the client to specify the HMAC length, which makes it easier for remote attackers to bypass SNMP authentication via a length value of 1, which only checks the first byte.","10.0","HIGH","2008-06-10","http://lists.apple.com/archives/security-announce/2008//Jun/msg00002.html; http://lists.ingate.com/pipermail/productinfo/2008/000021.html; http://lists.opensuse.org/opensuse-security-announce/2008-08/msg00000.html","VCDSA23364; VCDSA23360","2"
"114","CVE-2008-0967","Untrusted search path vulnerability in vmware-authd in VMware Workstation 5.x before 5.5.7 build 91707 and 6.x before 6.0.4 build 93057, VMware Player 1.x before 1.0.7 build 91707 and 2.x before 2.0.4 build 93057, and VMware Server before 1.0.6 build 91891 on Linux, and VMware ESXi 3.5 and VMware ESX 2.5.4 through 3.5, allows local users to gain privileges via a library path option in a configuration file.","6.9","MEDIUM","2008-06-05","http://labs.idefense.com/intelligence/vulnerabilities/display.php?id=713; http://secunia.com/advisories/30556; http://security.gentoo.org/glsa/glsa-201209-25.xml","VCDSA23372","1"
"115","CVE-2008-1105","Heap-based buffer overflow in the receive_smb_raw function in util/sock.c in Samba 3.0.0 through 3.0.29 allows remote attackers to execute arbitrary code via a crafted SMB response.","7.5","HIGH","2008-05-29","http://lists.apple.com/archives/security-announce/2008//Jun/msg00002.html; http://lists.opensuse.org/opensuse-security-announce/2008-06/msg00000.html; http://lists.vmware.com/pipermail/security-announce/2008/000023.html","VCDSA23358","1"
"116","CVE-2008-1185","Unspecified vulnerability in the Virtual Machine for Sun Java Runtime Environment (JRE) and JDK 6 Update 4 and earlier, 5.0 Update 14 and earlier, and SDK/JRE 1.4.2_16 and earlier allows remote attackers to gain privileges via an untrusted application or applet, a different issue than CVE-2008-1186, aka ""the first issue.""","9.3","HIGH","2008-03-06","http://lists.apple.com/archives/security-announce//2008/Sep/msg00008.html; http://lists.opensuse.org/opensuse-security-announce/2008-04/msg00000.html; http://secunia.com/advisories/29239","VCDSA23357","1"
"117","CVE-2008-1186","Unspecified vulnerability in the Virtual Machine for Sun Java Runtime Environment (JRE) and JDK 5.0 Update 13 and earlier, and SDK/JRE 1.4.2_16 and earlier, allows remote attackers to gain privileges via an untrusted application or applet, a different issue than CVE-2008-1185, aka ""the second issue.""","9.3","HIGH","2008-03-06","http://lists.apple.com/archives/security-announce//2008/Sep/msg00008.html; http://lists.opensuse.org/opensuse-security-announce/2008-04/msg00000.html; http://secunia.com/advisories/29239","VCDSA23357","1"
"118","CVE-2008-1187","Unspecified vulnerability in Sun Java Runtime Environment (JRE) and JDK 6 Update 4 and earlier, 5.0 Update 14 and earlier, and SDK/JRE 1.4.2_16 and earlier allows remote attackers to cause a denial of service (JRE crash) and possibly execute arbitrary code via unknown vectors related to XSLT transforms.","6.8","MEDIUM","2008-03-06","http://dev2dev.bea.com/pub/advisory/277; http://download.novell.com/Download?buildid=q5exhSqeBjA~; http://jvn.jp/en/jp/JVN04032535/index.html","VCDSA23357","1"
"119","CVE-2008-1188","Multiple buffer overflows in the useEncodingDecl function in Java Web Start in Sun JDK and JRE 6 Update 4 and earlier, and 5.0 Update 14 and earlier, allow remote attackers to execute arbitrary code via a JNLP file with (1) a long key name in the xml header or (2) a long charset value, different issues than CVE-2008-1189, aka ""The first two issues.""","9.3","HIGH","2008-03-06","http://lists.apple.com/archives/security-announce//2008/Sep/msg00008.html; http://lists.opensuse.org/opensuse-security-announce/2008-04/msg00000.html; http://lists.opensuse.org/opensuse-security-announce/2008-04/msg00010.html","VCDSA23357","1"
"120","CVE-2008-1189","Buffer overflow in Java Web Start in Sun JDK and JRE 6 Update 4 and earlier, 5.0 Update 14 and earlier, and SDK/JRE 1.4.2_16 and earlier allows remote attackers to execute arbitrary code via unknown vectors, a different issue than CVE-2008-1188, aka the ""third"" issue.","6.8","MEDIUM","2008-03-06","http://lists.apple.com/archives/security-announce//2008/Sep/msg00008.html; http://lists.opensuse.org/opensuse-security-announce/2008-04/msg00000.html; http://lists.opensuse.org/opensuse-security-announce/2008-04/msg00010.html","VCDSA23357","1"
"121","CVE-2008-1190","Unspecified vulnerability in Java Web Start in Sun JDK and JRE 6 Update 4 and earlier, 5.0 Update 14 and earlier, and SDK/JRE 1.4.2_16 and earlier allows remote attackers to gain privileges via an untrusted application, a different issue than CVE-2008-1191, aka the ""fourth"" issue.","9.3","HIGH","2008-03-06","http://lists.apple.com/archives/security-announce//2008/Sep/msg00008.html; http://lists.opensuse.org/opensuse-security-announce/2008-04/msg00000.html; http://lists.opensuse.org/opensuse-security-announce/2008-04/msg00010.html","VCDSA23357","1"
"122","CVE-2008-1191","Unspecified vulnerability in Java Web Start in Sun JDK and JRE 6 Update 4 and earlier allows remote attackers to create arbitrary files via an untrusted application, a different issue than CVE-2008-1190, aka ""The fifth issue.""","6.8","MEDIUM","2008-03-06","http://lists.apple.com/archives/security-announce//2008/Sep/msg00008.html; http://lists.opensuse.org/opensuse-security-announce/2008-04/msg00000.html; http://secunia.com/advisories/29239","VCDSA23357","1"
"123","CVE-2008-1192","Unspecified vulnerability in the Java Plug-in for Sun JDK and JRE 6 Update 4 and earlier, and 5.0 Update 14 and earlier; and SDK and JRE 1.4.2_16 and earlier, and 1.3.1_21 and earlier; allows remote attackers to bypass the same origin policy and ""execute local applications"" via unknown vectors.","6.8","MEDIUM","2008-03-06","http://dev2dev.bea.com/pub/advisory/277; http://lists.apple.com/archives/security-announce//2008/Sep/msg00008.html; http://lists.opensuse.org/opensuse-security-announce/2008-04/msg00000.html","VCDSA23357","1"
"124","CVE-2008-1193","Unspecified vulnerability in Java Runtime Environment Image Parsing Library in Sun JDK and JRE 6 Update 4 and earlier, and 5.0 Update 14 and earlier, allows remote attackers to gain privileges via an untrusted application.","9.3","HIGH","2008-03-06","http://dev2dev.bea.com/pub/advisory/277; http://lists.apple.com/archives/security-announce//2008/Sep/msg00008.html; http://lists.opensuse.org/opensuse-security-announce/2008-04/msg00000.html","VCDSA23357","1"
"125","CVE-2008-1194","Multiple unspecified vulnerabilities in the color management library in Sun JDK and JRE 6 Update 4 and earlier, and 5.0 Update 14 and earlier, allows remote attackers to cause a denial of service (crash) via unknown vectors.","4.3","MEDIUM","2008-03-06","http://dev2dev.bea.com/pub/advisory/277; http://lists.apple.com/archives/security-announce//2008/Sep/msg00008.html; http://lists.opensuse.org/opensuse-security-announce/2008-04/msg00000.html","VCDSA23357","1"
"126","CVE-2008-1195","Unspecified vulnerability in Sun JDK and Java Runtime Environment (JRE) 6 Update 4 and earlier and 5.0 Update 14 and earlier; and SDK and JRE 1.4.2_16 and earlier; allows remote attackers to access arbitrary network services on the local host via unspecified vectors related to JavaScript and Java APIs.","9.3","HIGH","2008-03-06","http://lists.apple.com/archives/security-announce//2008/Sep/msg00008.html; http://lists.opensuse.org/opensuse-security-announce/2008-04/msg00000.html; http://lists.opensuse.org/opensuse-security-announce/2008-04/msg00002.html","VCDSA23357","1"
"127","CVE-2008-1196","Stack-based buffer overflow in Java Web Start (javaws.exe) in Sun JDK and JRE 6 Update 4 and earlier and 5.0 Update 14 and earlier; and SDK and JRE 1.4.2_16 and earlier; allows remote attackers to execute arbitrary code via a crafted JNLP file.","6.8","MEDIUM","2008-03-06","http://download.novell.com/Download?buildid=q5exhSqeBjA~; http://lists.apple.com/archives/security-announce//2008/Sep/msg00008.html; http://lists.opensuse.org/opensuse-security-announce/2008-04/msg00000.html","VCDSA23357","1"
"128","CVE-2008-1232","Cross-site scripting (XSS) vulnerability in Apache Tomcat 4.1.0 through 4.1.37, 5.5.0 through 5.5.26, and 6.0.0 through 6.0.16 allows remote attackers to inject arbitrary web script or HTML via a crafted string that is used in the message argument to the HttpServletResponse.sendError method.","4.3","MEDIUM","2008-08-04","http://community.ca.com/blogs/casecurityresponseblog/archive/2009/06/15/ca20090615-02-ca-service-desk-tomcat-cross-site-scripting-vulnerability.aspx; http://lists.apple.com/archives/security-announce/2008/Oct/msg00001.html; http://lists.opensuse.org/opensuse-security-announce/2008-09/msg00004.html","VCDSA23392; VCDSA23396","2"
"129","CVE-2008-1340","Virtual Machine Communication Interface (VMCI) in VMware Workstation 6.0.x before 6.0.3, VMware Player 2.0.x before 2.0.3, and VMware ACE 2.0.x before 2.0.1 allows attackers to cause a denial of service (host OS crash) via crafted VMCI calls that trigger ""memory exhaustion and memory corruption.""","7.1","HIGH","2008-03-20","http://lists.vmware.com/pipermail/security-announce/2008/000008.html; http://security.gentoo.org/glsa/glsa-201209-25.xml; http://securityreason.com/securityalert/3755","VCDSA23368","1"
"130","CVE-2008-1361","VMware Workstation 6.0.x before 6.0.3 and 5.5.x before 5.5.6, VMware Player 2.0.x before 2.0.3 and 1.0.x before 1.0.6, VMware ACE 2.0.x before 2.0.1 and 1.0.x before 1.0.5, and VMware Server 1.0.x before 1.0.5 on Windows allow local users to gain privileges via an unspecified manipulation that causes the authd process to connect to an arbitrary named pipe, a different vulnerability than CVE-2008-1362.","6.8","MEDIUM","2008-03-20","http://lists.vmware.com/pipermail/security-announce/2008/000008.html; http://security.gentoo.org/glsa/glsa-201209-25.xml; http://securityreason.com/securityalert/3755","VCDSA23368","1"
"131","CVE-2008-1362","VMware Workstation 6.0.x before 6.0.3 and 5.5.x before 5.5.6, VMware Player 2.0.x before 2.0.3 and 1.0.x before 1.0.6, VMware ACE 2.0.x before 2.0.1 and 1.0.x before 1.0.5, and VMware Server 1.0.x before 1.0.5 on Windows allow local users to gain privileges or cause a denial of service by impersonating the authd process through an unspecified use of an ""insecurely created named pipe,"" a different vulnerability than CVE-2008-1361.","7.2","HIGH","2008-03-20","http://lists.vmware.com/pipermail/security-announce/2008/000008.html; http://security.gentoo.org/glsa/glsa-201209-25.xml; http://securityreason.com/securityalert/3755","VCDSA23368","1"
"132","CVE-2008-1363","VMware Workstation 6.0.x before 6.0.3 and 5.5.x before 5.5.6, VMware Player 2.0.x before 2.0.3 and 1.0.x before 1.0.6, VMware ACE 2.0.x before 2.0.1 and 1.0.x before 1.0.5, and VMware Server 1.0.x before 1.0.5 on Windows allow local users to gain privileges via an unspecified manipulation of a config.ini file located in an Application Data folder, which can be used for ""hijacking the VMX process.""","7.2","HIGH","2008-03-20","http://lists.vmware.com/pipermail/security-announce/2008/000008.html; http://security.gentoo.org/glsa/glsa-201209-25.xml; http://securityreason.com/securityalert/3755","VCDSA23368","1"
"133","CVE-2008-1364","Unspecified vulnerability in the DHCP service in VMware Workstation 5.5.x before 5.5.6, VMware Player 1.0.x before 1.0.6, VMware ACE 1.0.x before 1.0.5, VMware Server 1.0.x before 1.0.5, and VMware Fusion 1.1.x before 1.1.1 allows attackers to cause a denial of service.","7.8","HIGH","2008-03-20","http://lists.vmware.com/pipermail/security-announce/2008/000008.html; http://security.gentoo.org/glsa/glsa-201209-25.xml; http://securityreason.com/securityalert/3755","VCDSA23368","1"
"134","CVE-2008-1367","gcc 4.3.x does not generate a cld instruction while compiling functions used for string manipulation such as memcpy and memmove on x86 and i386, which can prevent the direction flag (DF) from being reset in violation of ABI conventions and cause data to be copied in the wrong direction during signal handling in the Linux kernel, which might allow context-dependent attackers to trigger memory corruption. NOTE: this issue was originally reported for CPU consumption in SBCL.","7.5","HIGH","2008-03-17","http://bugs.debian.org/cgi-bin/bugreport.cgi?bug=469058; http://gcc.gnu.org/ml/gcc-patches/2008-03/msg00417.html; http://gcc.gnu.org/ml/gcc-patches/2008-03/msg00428.html","VCDSA23358","1"
"135","CVE-2008-1372","bzlib.c in bzip2 before 1.0.5 allows user-assisted remote attackers to cause a denial of service (crash) via a crafted file that triggers a buffer over-read, as demonstrated by the PROTOS GENOME test suite for Archive Formats.","4.3","MEDIUM","2008-03-18","ftp://ftp.netbsd.org/pub/NetBSD/security/advisories/NetBSD-SA2008-004.txt.asc; http://kb.vmware.com/kb/1006982; http://kb.vmware.com/kb/1007198","VCDSA23366","1"
"136","CVE-2008-1375","Race condition in the directory notification subsystem (dnotify) in Linux kernel 2.6.x before 2.6.24.6, and 2.6.25 before 2.6.25.1, allows local users to cause a denial of service (OOPS) and possibly gain privileges via unspecified vectors.","6.9","MEDIUM","2008-05-02","http://lists.opensuse.org/opensuse-security-announce/2008-06/msg00006.html; http://lists.opensuse.org/opensuse-security-announce/2008-07/msg00000.html; http://lists.opensuse.org/opensuse-security-announce/2008-07/msg00002.html","VCDSA23358","1"
"137","CVE-2008-1382","libpng 1.0.6 through 1.0.32, 1.2.0 through 1.2.26, and 1.4.0beta01 through 1.4.0beta19 allows context-dependent attackers to cause a denial of service (crash) and possibly execute arbitrary code via a PNG file with zero length ""unknown"" chunks, which trigger an access of uninitialized memory.","7.5","HIGH","2008-04-14","http://libpng.sourceforge.net/Advisory-1.2.26.txt; http://lists.apple.com/archives/security-announce//2008/Sep/msg00005.html; http://lists.apple.com/archives/security-announce/2009/May/msg00002.html","VCDSA23384","1"
"138","CVE-2008-1447","The DNS protocol, as implemented in (1) BIND 8 and 9 before 9.5.0-P1, 9.4.2-P1, and 9.3.5-P1; (2) Microsoft DNS in Windows 2000 SP4, XP SP2 and SP3, and Server 2003 SP1 and SP2; and other implementations allow remote attackers to spoof DNS traffic via a birthday attack that uses in-bailiwick referrals to conduct cache poisoning against recursive resolvers, related to insufficient randomness of DNS transaction IDs and source ports, aka ""DNS Insufficient Socket Entropy Vulnerability"" or ""the Kaminsky bug.""","6.8","MEDIUM","2008-07-08","ftp://ftp.netbsd.org/pub/NetBSD/security/advisories/NetBSD-SA2008-009.txt.asc; http://blog.invisibledenizen.org/2008/07/kaminskys-dns-issue-accidentally-leaked.html; http://bugs.debian.org/cgi-bin/bugreport.cgi?bug=494401","VCDSA23361","1"
"139","CVE-2008-1669","Linux kernel before 2.6.25.2 does not apply a certain protection mechanism for fcntl functionality, which allows local users to (1) execute code in parallel or (2) exploit a race condition to obtain ""re-ordered access to the descriptor table.""","6.9","MEDIUM","2008-05-08","http://lists.opensuse.org/opensuse-security-announce/2008-06/msg00006.html; http://lists.opensuse.org/opensuse-security-announce/2008-07/msg00002.html; http://lists.opensuse.org/opensuse-security-announce/2008-07/msg00007.html","VCDSA23358","1"
"140","CVE-2008-1721","Integer signedness error in the zlib extension module in Python 2.5.2 and earlier allows remote attackers to execute arbitrary code via a negative signed integer, which triggers insufficient memory allocation and a buffer overflow.","7.5","HIGH","2008-04-10","http://bugs.python.org/issue2586; http://lists.apple.com/archives/security-announce/2009/Feb/msg00000.html; http://secunia.com/advisories/29889","VCDSA23392","1"
"141","CVE-2008-1806","Integer overflow in FreeType2 before 2.3.6 allows context-dependent attackers to execute arbitrary code via a crafted set of 16-bit length values within the Private dictionary table in a Printer Font Binary (PFB) file, which triggers a heap-based buffer overflow.","7.5","HIGH","2008-06-16","http://labs.idefense.com/intelligence/vulnerabilities/display.php?id=715; http://lists.apple.com/archives/security-announce//2008/Sep/msg00003.html; http://lists.apple.com/archives/security-announce//2008/Sep/msg00004.html","VCDSA23361","1"
"142","CVE-2008-1807","FreeType2 before 2.3.6 allow context-dependent attackers to execute arbitrary code via an invalid ""number of axes"" field in a Printer Font Binary (PFB) file, which triggers a free of arbitrary memory locations, leading to memory corruption.","7.5","HIGH","2008-06-16","http://labs.idefense.com/intelligence/vulnerabilities/display.php?id=716; http://lists.apple.com/archives/security-announce//2008/Sep/msg00003.html; http://lists.apple.com/archives/security-announce//2008/Sep/msg00004.html","VCDSA23361","1"
"143","CVE-2008-1808","Multiple off-by-one errors in FreeType2 before 2.3.6 allow context-dependent attackers to execute arbitrary code via (1) a crafted table in a Printer Font Binary (PFB) file or (2) a crafted SHC instruction in a TrueType Font (TTF) file, which triggers a heap-based buffer overflow.","7.5","HIGH","2008-06-16","http://labs.idefense.com/intelligence/vulnerabilities/display.php?id=717; http://lists.apple.com/archives/security-announce//2008/Sep/msg00003.html; http://lists.apple.com/archives/security-announce//2008/Sep/msg00004.html","VCDSA23361","1"
"144","CVE-2008-1887","Python 2.5.2 and earlier allows context-dependent attackers to execute arbitrary code via multiple vectors that cause a negative size value to be provided to the PyString_FromStringAndSize function, which allocates less memory than expected when assert() is disabled and triggers a buffer overflow.","9.3","HIGH","2008-04-18","http://bugs.python.org/issue2587; http://lists.apple.com/archives/security-announce/2009/Feb/msg00000.html; http://lists.opensuse.org/opensuse-security-announce/2008-08/msg00006.html","VCDSA23392","1"
"145","CVE-2008-1927","Double free vulnerability in Perl 5.8.8 allows context-dependent attackers to cause a denial of service (memory corruption and crash) via a crafted regular expression containing UTF8 characters.  NOTE: this issue might only be present on certain operating systems.","5.0","MEDIUM","2008-04-24","http://bugs.debian.org/cgi-bin/bugreport.cgi?bug=454792; http://lists.apple.com/archives/security-announce/2009/Feb/msg00000.html; http://lists.opensuse.org/opensuse-security-announce/2008-08/msg00006.html","VCDSA23360","1"
"146","CVE-2008-1947","Cross-site scripting (XSS) vulnerability in Apache Tomcat 5.5.9 through 5.5.26 and 6.0.0 through 6.0.16 allows remote attackers to inject arbitrary web script or HTML via the name parameter (aka the hostname attribute) to host-manager/html/add.","4.3","MEDIUM","2008-06-04","http://lists.apple.com/archives/security-announce/2008/Oct/msg00001.html; http://lists.opensuse.org/opensuse-security-announce/2008-07/msg00001.html; http://lists.opensuse.org/opensuse-security-announce/2009-02/msg00002.html","VCDSA23392; VCDSA23396","2"
"147","CVE-2008-2086","Sun Java Web Start and Java Plug-in for JDK and JRE 6 Update 10 and earlier; JDK and JRE 5.0 Update 16 and earlier; and SDK and JRE 1.4.2_18 and earlier allow remote attackers to execute arbitrary code via a crafted jnlp file that modifies the (1) java.home, (2) java.ext.dirs, or (3) user.home System Properties, aka ""Java Web Start File Inclusion"" and CR 6694892.","9.3","HIGH","2008-12-05","http://lists.apple.com/archives/security-announce/2009/Feb/msg00003.html; http://lists.opensuse.org/opensuse-security-announce/2009-01/msg00009.html; http://lists.opensuse.org/opensuse-security-announce/2009-04/msg00004.html","VCDSA23390","1"
"148","CVE-2008-2097","Buffer overflow in the openwsman management service in VMware ESXi 3.5 and ESX 3.5 allows remote authenticated users to gain privileges via an ""invalid Content-Length.""","9.0","HIGH","2008-06-05","http://lists.opensuse.org/opensuse-security-announce/2008-06/msg00001.html; http://secunia.com/advisories/30556; http://secunia.com/advisories/30581","VCDSA23372","1"
"149","CVE-2008-2098","Heap-based buffer overflow in the VMware Host Guest File System (HGFS) in VMware Workstation 6 before 6.0.4 build 93057, VMware Player 2 before 2.0.4 build 93057, VMware ACE 2 before 2.0.2 build 93057, and VMware Fusion before 1.1.2 build 87978, when folder sharing is used, allows guest OS users to execute arbitrary code on the host OS via unspecified vectors.","6.9","MEDIUM","2008-06-02","http://secunia.com/advisories/30476; http://security.gentoo.org/glsa/glsa-201209-25.xml; http://www.securityfocus.com/archive/1/492831/100/0/threaded","VCDSA23371","1"
"150","CVE-2008-2099","Unspecified vulnerability in VMCI in VMware Workstation 6 before 6.0.4 build 93057, VMware Player 2 before 2.0.4 build 93057, and VMware ACE 2 before 2.0.2 build 93057 on Windows allows guest OS users to execute arbitrary code on the host OS via unspecified vectors.","6.9","MEDIUM","2008-06-02","http://secunia.com/advisories/30476; http://www.securityfocus.com/archive/1/492831/100/0/threaded; http://www.securityfocus.com/bid/29443","VCDSA23371","1"
"151","CVE-2008-2100","Multiple buffer overflows in VIX API 1.1.x before 1.1.4 build 93057 on VMware Workstation 5.x and 6.x, VMware Player 1.x and 2.x, VMware ACE 2.x, VMware Server 1.x, VMware Fusion 1.x, VMware ESXi 3.5, and VMware ESX 3.0.1 through 3.5 allow guest OS users to execute arbitrary code on the host OS via unspecified vectors.","7.2","HIGH","2008-06-05","http://secunia.com/advisories/30556; http://security.gentoo.org/glsa/glsa-201209-25.xml; http://securityreason.com/securityalert/3922","VCDSA23372","1"
"152","CVE-2008-2101","The VMware Consolidated Backup (VCB) command-line utilities in VMware ESX 3.0.1 through 3.0.3 and ESX 3.5 place a password on the command line, which allows local users to obtain sensitive information by listing the process.","2.1","LOW","2008-09-03","http://lists.grok.org.uk/pipermail/full-disclosure/2008-August/064118.html; http://secunia.com/advisories/31713; http://security.gentoo.org/glsa/glsa-201209-25.xml","VCDSA23361","1"
"153","CVE-2008-2136","Memory leak in the ipip6_rcv function in net/ipv6/sit.c in the Linux kernel 2.4 before 2.4.36.5 and 2.6 before 2.6.25.3 allows remote attackers to cause a denial of service (memory consumption) via network traffic to a Simple Internet Transition (SIT) tunnel interface, related to the pskb_may_pull and kfree_skb functions, and management of an skb reference count.","7.8","HIGH","2008-05-16","http://kernel.org/pub/linux/kernel/v2.6/ChangeLog-2.6.25.3; http://lists.opensuse.org/opensuse-security-announce/2008-06/msg00006.html; http://lists.opensuse.org/opensuse-security-announce/2008-07/msg00002.html","VCDSA23390","1"
"154","CVE-2008-2233","The client in Openwsman 1.2.0 and 2.0.0, in unknown configurations, allows remote Openwsman servers to replay SSL sessions via unspecified vectors.","7.5","HIGH","2008-08-18","http://lists.opensuse.org/opensuse-security-announce/2008-08/msg00003.html; http://secunia.com/advisories/31429; http://www.securityfocus.com/bid/30694","VCDSA23362","1"
"155","CVE-2008-2234","Multiple buffer overflows in Openwsman 1.2.0 and 2.0.0 allow remote attackers to execute arbitrary code via a crafted ""Authorization: Basic"" HTTP header.","7.5","HIGH","2008-08-18","http://lists.opensuse.org/opensuse-security-announce/2008-08/msg00003.html; http://lists.vmware.com/pipermail/security-announce/2008/000034.html; http://secunia.com/advisories/31410","VCDSA23362","1"
"156","CVE-2008-2292","Buffer overflow in the __snprint_value function in snmp_get in Net-SNMP 5.1.4, 5.2.4, and 5.4.1, as used in SNMP.xs for Perl, allows remote attackers to cause a denial of service (crash) and possibly execute arbitrary code via a large OCTETSTRING in an attribute value pair (AVP).","6.8","MEDIUM","2008-05-18","http://lists.opensuse.org/opensuse-security-announce/2008-08/msg00000.html; http://secunia.com/advisories/30187; http://secunia.com/advisories/30615","VCDSA23360","1"
"157","CVE-2008-2315","Multiple integer overflows in Python 2.5.2 and earlier allow context-dependent attackers to have an unknown impact via vectors related to the (1) stringobject, (2) unicodeobject, (3) bufferobject, (4) longobject, (5) tupleobject, (6) stropmodule, (7) gcmodule, and (8) mmapmodule modules.  NOTE: The expandtabs integer overflows in stringobject and unicodeobject in 2.5.2 are covered by CVE-2008-5031.","7.5","HIGH","2008-08-01","http://bugs.gentoo.org/attachment.cgi?id=159418&action=view; http://bugs.gentoo.org/show_bug.cgi?id=230640; http://lists.apple.com/archives/security-announce/2009/Feb/msg00000.html","VCDSA23392","1"
"158","CVE-2008-2327","Multiple buffer underflows in the (1) LZWDecode, (2) LZWDecodeCompat, and (3) LZWDecodeVector functions in tif_lzw.c in the LZW decoder in LibTIFF 3.8.2 and earlier allow context-dependent attackers to execute arbitrary code via a crafted TIFF file, related to improper handling of the CODE_CLEAR code.","6.8","MEDIUM","2008-08-27","http://bugs.gentoo.org/show_bug.cgi?id=234080; http://lists.apple.com/archives/security-announce//2008/Nov/msg00001.html; http://lists.apple.com/archives/security-announce//2008/Sep/msg00005.html","VCDSA23364","1"
"159","CVE-2008-2370","Apache Tomcat 4.1.0 through 4.1.37, 5.5.0 through 5.5.26, and 6.0.0 through 6.0.16, when a RequestDispatcher is used, performs path normalization before removing the query string from the URI, which allows remote attackers to conduct directory traversal attacks and read arbitrary files via a .. (dot dot) in a request parameter.","5.0","MEDIUM","2008-08-04","http://lists.apple.com/archives/security-announce/2008/Oct/msg00001.html; http://lists.opensuse.org/opensuse-security-announce/2008-09/msg00004.html; http://lists.opensuse.org/opensuse-security-announce/2009-02/msg00002.html","VCDSA23392; VCDSA23396","2"
"160","CVE-2008-2712","Vim 7.1.314, 6.4, and other versions allows user-assisted remote attackers to execute arbitrary commands via Vim scripts that do not properly sanitize inputs before invoking the execute or system functions, as demonstrated using (1) filetype.vim, (3) xpm.vim, (4) gzip_vim, and (5) netrw.  NOTE: the originally reported version was 7.1.314, but the researcher actually found this set of issues in 7.1.298.  NOTE: the zipplugin issue (originally vector 2 in this identifier) has been subsumed by CVE-2008-3075.","9.3","HIGH","2008-06-16","http://lists.apple.com/archives/security-announce/2008/Oct/msg00001.html; http://lists.apple.com/archives/security-announce/2010//Mar/msg00001.html; http://lists.opensuse.org/opensuse-security-announce/2009-03/msg00004.html","VCDSA23399","1"
"161","CVE-2008-2812","The Linux kernel before 2.6.25.10 does not properly perform tty operations, which allows local users to cause a denial of service (system crash) or possibly gain privileges via vectors involving NULL pointer dereference of function pointers in (1) hamradio/6pack.c, (2) hamradio/mkiss.c, (3) irda/irtty-sir.c, (4) ppp_async.c, (5) ppp_synctty.c, (6) slip.c, (7) wan/x25_asy.c, and (8) wireless/strip.c in drivers/net/.","7.8","HIGH","2008-07-09","http://git.kernel.org/?p=linux/kernel/git/stable/linux-2.6.25.y.git%3Ba=commitdiff%3Bh=2a739dd53ad7ee010ae6e155438507f329dce788; http://kernel.org/pub/linux/kernel/v2.6/ChangeLog-2.6.25.10; http://lists.opensuse.org/opensuse-security-announce/2008-07/msg00007.html","VCDSA23390","1"
"162","CVE-2008-3103","Unspecified vulnerability in the Java Management Extensions (JMX) management agent in Sun Java Runtime Environment (JRE) in JDK and JRE 6 Update 6 and earlier and JDK and JRE 5.0 Update 15 and earlier, when local monitoring is enabled, allows remote attackers to ""perform unauthorized operations"" via unspecified vectors.","9.3","HIGH","2008-07-09","http://lists.apple.com/archives/security-announce//2008/Sep/msg00008.html; http://lists.opensuse.org/opensuse-security-announce/2008-08/msg00005.html; http://lists.opensuse.org/opensuse-security-announce/2008-10/msg00009.html","VCDSA23363","1"
"163","CVE-2008-3104","Multiple unspecified vulnerabilities in Sun Java Runtime Environment (JRE) in JDK and JRE 6 before Update 7, JDK and JRE 5.0 before Update 16, SDK and JRE 1.4.x before 1.4.2_18, and SDK and JRE 1.3.x before 1.3.1_23 allow remote attackers to violate the security model for an applet's outbound connections by connecting to localhost services running on the machine that loaded the applet.","6.8","MEDIUM","2008-07-09","http://lists.apple.com/archives/security-announce//2008/Sep/msg00008.html; http://lists.opensuse.org/opensuse-security-announce/2008-08/msg00005.html; http://lists.opensuse.org/opensuse-security-announce/2008-09/msg00000.html","VCDSA23363","1"
"164","CVE-2008-3105","Unspecified vulnerability in the JAX-WS client and service in Sun Java Runtime Environment (JRE) in JDK and JRE 6 Update 6 and earlier allows remote attackers to access URLs or cause a denial of service via unknown vectors involving ""processing of XML data"" by a trusted application.","8.3","HIGH","2008-07-09","http://lists.apple.com/archives/security-announce//2008/Sep/msg00007.html; http://lists.opensuse.org/opensuse-security-announce/2008-08/msg00005.html; http://marc.info/?l=bugtraq&m=122331139823057&w=2","VCDSA23363","1"
"165","CVE-2008-3106","Unspecified vulnerability in Sun Java Runtime Environment (JRE) in JDK and JRE 6 Update 6 and earlier and JDK and JRE 5.0 Update 15 and earlier allows remote attackers to access URLs via unknown vectors involving processing of XML data by an untrusted (1) application or (2) applet, a different vulnerability than CVE-2008-3105.","4.3","MEDIUM","2008-07-09","http://lists.apple.com/archives/security-announce//2008/Sep/msg00007.html; http://lists.opensuse.org/opensuse-security-announce/2008-08/msg00005.html; http://lists.opensuse.org/opensuse-security-announce/2008-09/msg00000.html","VCDSA23363","1"
"166","CVE-2008-3107","Unspecified vulnerability in the Virtual Machine in Sun Java Runtime Environment (JRE) in JDK and JRE 6 before Update 7, JDK and JRE 5.0 before Update 16, and SDK and JRE 1.4.x before 1.4.2_18 allows context-dependent attackers to gain privileges via an untrusted (1) application or (2) applet, as demonstrated by an application or applet that grants itself privileges to (a) read local files, (b) write to local files, or (c) execute local programs.","10.0","HIGH","2008-07-09","http://lists.apple.com/archives/security-announce//2008/Sep/msg00008.html; http://lists.opensuse.org/opensuse-security-announce/2008-08/msg00005.html; http://marc.info/?l=bugtraq&m=122331139823057&w=2","VCDSA23363","1"
"167","CVE-2008-3108","Buffer overflow in Sun Java Runtime Environment (JRE) in JDK and JRE 5.0 before Update 10, SDK and JRE 1.4.x before 1.4.2_18, and SDK and JRE 1.3.x before 1.3.1_23 allows context-dependent attackers to gain privileges via unspecified vectors related to font processing.","10.0","HIGH","2008-07-09","http://lists.apple.com/archives/security-announce//2008/Sep/msg00008.html; http://lists.opensuse.org/opensuse-security-announce/2008-08/msg00005.html; http://lists.opensuse.org/opensuse-security-announce/2008-09/msg00000.html","VCDSA23363","1"
"168","CVE-2008-3109","Unspecified vulnerability in scripting language support in Sun Java Runtime Environment (JRE) in JDK and JRE 6 Update 6 and earlier allows context-dependent attackers to gain privileges via an untrusted (1) application or (2) applet, as demonstrated by an application or applet that grants itself privileges to (a) read local files, (b) write to local files, or (c) execute local programs.","7.5","HIGH","2008-07-09","http://lists.apple.com/archives/security-announce//2008/Sep/msg00007.html; http://lists.opensuse.org/opensuse-security-announce/2008-08/msg00005.html; http://marc.info/?l=bugtraq&m=122331139823057&w=2","VCDSA23363","1"
"169","CVE-2008-3110","Unspecified vulnerability in scripting language support in Sun Java Runtime Environment (JRE) in JDK and JRE 6 Update 6 and earlier allows remote attackers to obtain sensitive information by using an applet to read information from another applet.","4.3","MEDIUM","2008-07-09","http://lists.apple.com/archives/security-announce//2008/Sep/msg00007.html; http://lists.opensuse.org/opensuse-security-announce/2008-08/msg00005.html; http://marc.info/?l=bugtraq&m=122331139823057&w=2","VCDSA23363","1"
"170","CVE-2008-3111","Multiple buffer overflows in Sun Java Web Start in JDK and JRE 6 before Update 4, JDK and JRE 5.0 before Update 16, and SDK and JRE 1.4.x before 1.4.2_18 allow context-dependent attackers to gain privileges via an untrusted application, as demonstrated by (a) an application that grants itself privileges to (1) read local files, (2) write to local files, or (3) execute local programs; and as demonstrated by (b) a long value associated with a java-vm-args attribute in a j2se tag in a JNLP file, which triggers a stack-based buffer overflow in the GetVMArgsOption function; aka CR 6557220.","10.0","HIGH","2008-07-09","http://lists.apple.com/archives/security-announce//2008/Sep/msg00008.html; http://lists.opensuse.org/opensuse-security-announce/2008-08/msg00005.html; http://lists.opensuse.org/opensuse-security-announce/2008-09/msg00000.html","VCDSA23363","1"
"171","CVE-2008-3112","Directory traversal vulnerability in Sun Java Web Start in JDK and JRE 6 before Update 7, JDK and JRE 5.0 before Update 16, and SDK and JRE 1.4.x before 1.4.2_18 allows remote attackers to create arbitrary files via the writeManifest method in the CacheEntry class, aka CR 6703909.","10.0","HIGH","2008-07-09","http://lists.apple.com/archives/security-announce//2008/Sep/msg00008.html; http://lists.opensuse.org/opensuse-security-announce/2008-08/msg00005.html; http://lists.opensuse.org/opensuse-security-announce/2008-09/msg00000.html","VCDSA23363","1"
"172","CVE-2008-3113","Unspecified vulnerability in Sun Java Web Start in JDK and JRE 5.0 before Update 16 and SDK and JRE 1.4.x before 1.4.2_18 allows remote attackers to create or delete arbitrary files via an untrusted application, aka CR 6704077.","10.0","HIGH","2008-07-09","http://lists.apple.com/archives/security-announce//2008/Sep/msg00008.html; http://lists.opensuse.org/opensuse-security-announce/2008-08/msg00005.html; http://lists.opensuse.org/opensuse-security-announce/2008-09/msg00000.html","VCDSA23363","1"
"173","CVE-2008-3114","Unspecified vulnerability in Sun Java Web Start in JDK and JRE 6 before Update 7, JDK and JRE 5.0 before Update 16, and SDK and JRE 1.4.x before 1.4.2_18 allows context-dependent attackers to obtain sensitive information (the cache location) via an untrusted application, aka CR 6704074.","5.0","MEDIUM","2008-07-09","http://lists.apple.com/archives/security-announce//2008/Sep/msg00008.html; http://lists.opensuse.org/opensuse-security-announce/2008-08/msg00005.html; http://lists.opensuse.org/opensuse-security-announce/2008-09/msg00000.html","VCDSA23363","1"
"174","CVE-2008-3115","Secure Static Versioning in Sun Java JDK and JRE 6 Update 6 and earlier, and 5.0 Update 6 through 15, does not properly prevent execution of applets on older JRE releases, which might allow remote attackers to exploit vulnerabilities in these older releases.","7.5","HIGH","2008-07-09","http://lists.apple.com/archives/security-announce//2008/Sep/msg00008.html; http://lists.opensuse.org/opensuse-security-announce/2008-08/msg00005.html; http://marc.info/?l=bugtraq&m=122331139823057&w=2","VCDSA23363","1"
"175","CVE-2008-3142","Multiple buffer overflows in Python 2.5.2 and earlier on 32bit platforms allow context-dependent attackers to cause a denial of service (crash) or have unspecified other impact via a long string that leads to incorrect memory allocation during Unicode string processing, related to the unicode_resize function and the PyMem_RESIZE macro.","7.5","HIGH","2008-08-01","http://bugs.gentoo.org/show_bug.cgi?id=232137; http://bugs.python.org/file10825/issue2620-gps02-patch.txt; http://bugs.python.org/issue2620","VCDSA23392","1"
"176","CVE-2008-3143","Multiple integer overflows in Python before 2.5.2 might allow context-dependent attackers to have an unknown impact via vectors related to (1) Include/pymem.h; (2) _csv.c, (3) _struct.c, (4) arraymodule.c, (5) audioop.c, (6) binascii.c, (7) cPickle.c, (8) cStringIO.c, (9) cjkcodecs/multibytecodec.c, (10) datetimemodule.c, (11) md5.c, (12) rgbimgmodule.c, and (13) stropmodule.c in Modules/; (14) bufferobject.c, (15) listobject.c, and (16) obmalloc.c in Objects/; (17) Parser/node.c; and (18) asdl.c, (19) ast.c, (20) bltinmodule.c, and (21) compile.c in Python/, as addressed by ""checks for integer overflows, contributed by Google.""","7.5","HIGH","2008-08-01","http://bugs.gentoo.org/show_bug.cgi?id=232137; http://lists.opensuse.org/opensuse-security-announce/2008-08/msg00006.html; http://secunia.com/advisories/31332","VCDSA23392","1"
"177","CVE-2008-3144","Multiple integer overflows in the PyOS_vsnprintf function in Python/mysnprintf.c in Python 2.5.2 and earlier allow context-dependent attackers to cause a denial of service (memory corruption) or have unspecified other impact via crafted input to string formatting operations.  NOTE: the handling of certain integer values is also affected by related integer underflows and an off-by-one error.","5.0","MEDIUM","2008-08-01","http://bugs.gentoo.org/show_bug.cgi?id=232137; http://bugs.python.org/issue2588; http://bugs.python.org/issue2589","VCDSA23392","1"
"178","CVE-2008-3275","The (1) real_lookup and (2) __lookup_hash functions in fs/namei.c in the vfs implementation in the Linux kernel before 2.6.25.15 do not prevent creation of a child dentry for a deleted (aka S_DEAD) directory, which allows local users to cause a denial of service (""overflow"" of the UBIFS orphan area) via a series of attempted file creations within deleted directories.","5.5","MEDIUM","2008-08-12","http://git.kernel.org/?p=linux/kernel/git/torvalds/linux-2.6.git%3Ba=commit%3Bh=d70b67c8bc72ee23b55381bd6a884f4796692f77; http://kernel.org/pub/linux/kernel/v2.6/ChangeLog-2.6.25.15; http://lists.opensuse.org/opensuse-security-announce/2008-10/msg00001.html","VCDSA23390","1"
"179","CVE-2008-3281","libxml2 2.6.32 and earlier does not properly detect recursion during entity expansion in an attribute value, which allows context-dependent attackers to cause a denial of service (memory and CPU consumption) via a crafted XML document.","6.5","MEDIUM","2008-08-27","http://lists.apple.com/archives/security-announce/2009/Jun/msg00005.html; http://lists.apple.com/archives/security-announce/2009/jun/msg00002.html; http://lists.opensuse.org/opensuse-security-announce/2008-09/msg00004.html","VCDSA23364","1"
"180","CVE-2008-3432","Heap-based buffer overflow in the mch_expand_wildcards function in os_unix.c in Vim 6.2 and 6.3 allows user-assisted attackers to execute arbitrary code via shell metacharacters in filenames, as demonstrated by the netrw.v3 test case.","6.8","MEDIUM","2008-10-10","ftp://ftp.vim.org/pub/vim/patches/6.2.429; ftp://ftp.vim.org/pub/vim/patches/6.3/6.3.059; http://lists.apple.com/archives/security-announce/2008/Oct/msg00001.html","VCDSA23399","1"
"181","CVE-2008-3514","VMware VirtualCenter 2.5 before Update 2 and 2.0.2 before Update 5 relies on client-side ""enabled/disabled functionality"" for access control, which allows remote attackers to determine valid user names by enabling functionality in the GUI and then making an ""attempt to assign permissions to other system users.""","5.0","MEDIUM","2008-08-13","http://secunia.com/advisories/31468; http://securityreason.com/securityalert/4150; http://www.insomniasec.com/advisories/ISVA-080812.1.htm","VCDSA23359","1"
"182","CVE-2008-3525","The sbni_ioctl function in drivers/net/wan/sbni.c in the wan subsystem in the Linux kernel 2.6.26.3 does not check for the CAP_NET_ADMIN capability before processing a (1) SIOCDEVRESINSTATS, (2) SIOCDEVSHWSTATE, (3) SIOCDEVENSLAVE, or (4) SIOCDEVEMANSIPATE ioctl request, which allows local users to bypass intended capability restrictions.","7.2","HIGH","2008-09-03","http://git.kernel.org/?p=linux/kernel/git/torvalds/linux-2.6.git%3Ba=commit%3Bh=f2455eb176ac87081bbfc9a44b21c7cd2bc1967e; http://lists.opensuse.org/opensuse-security-announce/2008-10/msg00000.html; http://lists.opensuse.org/opensuse-security-announce/2008-10/msg00003.html","VCDSA23390","1"
"183","CVE-2008-3528","The error-reporting functionality in (1) fs/ext2/dir.c, (2) fs/ext3/dir.c, and possibly (3) fs/ext4/dir.c in the Linux kernel 2.6.26.5 does not limit the number of printk console messages that report directory corruption, which allows physically proximate attackers to cause a denial of service (temporary system hang) by mounting a filesystem that has corrupted dir->i_size and dir->i_blocks values and performing (a) read or (b) write operations.  NOTE: there are limited scenarios in which this crosses privilege boundaries.","2.1","LOW","2008-09-27","http://lists.opensuse.org/opensuse-security-announce/2008-10/msg00007.html; http://lists.opensuse.org/opensuse-security-announce/2008-10/msg00008.html; http://lists.opensuse.org/opensuse-security-announce/2008-10/msg00010.html","VCDSA23392","1"
"184","CVE-2008-3529","Heap-based buffer overflow in the xmlParseAttValueComplex function in parser.c in libxml2 before 2.7.0 allows context-dependent attackers to cause a denial of service (crash) or execute arbitrary code via a long XML entity name.","10.0","HIGH","2008-09-12","http://lists.apple.com/archives/security-announce/2009/Jun/msg00005.html; http://lists.apple.com/archives/security-announce/2009/May/msg00000.html; http://lists.apple.com/archives/security-announce/2009/jun/msg00002.html","VCDSA23364","1"
"185","CVE-2008-3691","Unspecified vulnerability in a certain ActiveX control in VMware Workstation 5.5.x before 5.5.8 build 108000, VMware Workstation 6.0.x before 6.0.5 build 109488, VMware Player 1.x before 1.0.8 build 108000, VMware Player 2.x before 2.0.5 build 109488, VMware ACE 1.x before 1.0.7 build 108880, VMware ACE 2.x before 2.0.5 build 109488, and VMware Server before 1.0.7 build 108231 has unknown impact and remote attack vectors, a different vulnerability than CVE-2008-3692, CVE-2008-3693, CVE-2008-3694, CVE-2008-3695, and CVE-2008-3696.","10.0","HIGH","2008-09-03","http://lists.grok.org.uk/pipermail/full-disclosure/2008-August/064118.html; http://secunia.com/advisories/31707; http://secunia.com/advisories/31708","VCDSA23361","1"
"186","CVE-2008-3692","Unspecified vulnerability in a certain ActiveX control in VMware Workstation 5.5.x before 5.5.8 build 108000, VMware Workstation 6.0.x before 6.0.5 build 109488, VMware Player 1.x before 1.0.8 build 108000, VMware Player 2.x before 2.0.5 build 109488, VMware ACE 1.x before 1.0.7 build 108880, VMware ACE 2.x before 2.0.5 build 109488, and VMware Server before 1.0.7 build 108231 has unknown impact and remote attack vectors, a different vulnerability than CVE-2008-3691, CVE-2008-3693, CVE-2008-3694, CVE-2008-3695, and CVE-2008-3696.","10.0","HIGH","2008-09-03","http://lists.grok.org.uk/pipermail/full-disclosure/2008-August/064118.html; http://secunia.com/advisories/31707; http://secunia.com/advisories/31708","VCDSA23361","1"
"187","CVE-2008-3693","Unspecified vulnerability in a certain ActiveX control in VMware Workstation 5.5.x before 5.5.8 build 108000, VMware Workstation 6.0.x before 6.0.5 build 109488, VMware Player 1.x before 1.0.8 build 108000, VMware Player 2.x before 2.0.5 build 109488, VMware ACE 1.x before 1.0.7 build 108880, VMware ACE 2.x before 2.0.5 build 109488, and VMware Server before 1.0.7 build 108231 has unknown impact and remote attack vectors, a different vulnerability than CVE-2008-3691, CVE-2008-3692, CVE-2008-3694, CVE-2008-3695, and CVE-2008-3696.","10.0","HIGH","2008-09-03","http://lists.grok.org.uk/pipermail/full-disclosure/2008-August/064118.html; http://secunia.com/advisories/31707; http://secunia.com/advisories/31708","VCDSA23361","1"
"188","CVE-2008-3694","Unspecified vulnerability in a certain ActiveX control in VMware Workstation 5.5.x before 5.5.8 build 108000, VMware Workstation 6.0.x before 6.0.5 build 109488, VMware Player 1.x before 1.0.8 build 108000, VMware Player 2.x before 2.0.5 build 109488, VMware ACE 1.x before 1.0.7 build 108880, VMware ACE 2.x before 2.0.5 build 109488, and VMware Server before 1.0.7 build 108231 has unknown impact and remote attack vectors, a different vulnerability than CVE-2008-3691, CVE-2008-3692, CVE-2008-3693, CVE-2008-3695, and CVE-2008-3696.","10.0","HIGH","2008-09-03","http://lists.grok.org.uk/pipermail/full-disclosure/2008-August/064118.html; http://secunia.com/advisories/31707; http://secunia.com/advisories/31708","VCDSA23361","1"
"189","CVE-2008-3695","Unspecified vulnerability in a certain ActiveX control in VMware Workstation 5.5.x before 5.5.8 build 108000, VMware Workstation 6.0.x before 6.0.5 build 109488, VMware Player 1.x before 1.0.8 build 108000, VMware Player 2.x before 2.0.5 build 109488, VMware ACE 1.x before 1.0.7 build 108880, VMware ACE 2.x before 2.0.5 build 109488, and VMware Server before 1.0.7 build 108231 has unknown impact and remote attack vectors, a different vulnerability than CVE-2008-3691, CVE-2008-3692, CVE-2008-3693, CVE-2008-3694, and CVE-2008-3696.","10.0","HIGH","2008-09-03","http://lists.grok.org.uk/pipermail/full-disclosure/2008-August/064118.html; http://secunia.com/advisories/31707; http://secunia.com/advisories/31708","VCDSA23361","1"
"190","CVE-2008-3696","Unspecified vulnerability in a certain ActiveX control in VMware Workstation 5.5.x before 5.5.8 build 108000, VMware Workstation 6.0.x before 6.0.5 build 109488, VMware Player 1.x before 1.0.8 build 108000, VMware Player 2.x before 2.0.5 build 109488, VMware ACE 1.x before 1.0.7 build 108880, VMware ACE 2.x before 2.0.5 build 109488, and VMware Server before 1.0.7 build 108231 has unknown impact and remote attack vectors, a different vulnerability than CVE-2008-3691, CVE-2008-3692, CVE-2008-3693, CVE-2008-3694, and CVE-2008-3695.","10.0","HIGH","2008-09-03","http://lists.grok.org.uk/pipermail/full-disclosure/2008-August/064118.html; http://secunia.com/advisories/31707; http://secunia.com/advisories/31708","VCDSA23361","1"
"191","CVE-2008-3697","An unspecified ISAPI extension in VMware Server before 1.0.7 build 108231 allows remote attackers to cause a denial of service (IIS crash) via a malformed request.","5.0","MEDIUM","2008-09-03","http://lists.grok.org.uk/pipermail/full-disclosure/2008-August/064118.html; http://secunia.com/advisories/31708; http://securityreason.com/securityalert/4202","VCDSA23361","1"
"192","CVE-2008-3698","Unspecified vulnerability in the OpenProcess function in VMware Workstation 5.5.x before 5.5.8 build 108000, VMware Workstation 6.0.x before 6.0.5 build 109488, VMware Player 1.x before 1.0.8 build 108000, VMware Player 2.x before 2.0.5 build 109488, VMware ACE 1.x before 1.0.7 build 108880, VMware ACE 2.x before 2.0.5 build 109488, and VMware Server before 1.0.7 build 108231 on Windows allows local host OS users to gain privileges on the host OS via unknown vectors.","7.2","HIGH","2008-09-03","http://lists.grok.org.uk/pipermail/full-disclosure/2008-August/064118.html; http://secunia.com/advisories/31707; http://securityreason.com/securityalert/4202","VCDSA23361","1"
"193","CVE-2008-3761","hcmon.sys in VMware Workstation 6.5.1 and earlier, VMware Player 2.5.1 and earlier, VMware ACE 2.5.1 and earlier, and VMware Server 1.0.x before 1.0.9 build 156507 and 2.0.x before 2.0.1 build 156745 uses the METHOD_NEITHER communication method for IOCTLs, which allows local users to cause a denial of service via a crafted IOCTL request.","4.9","MEDIUM","2008-08-21","http://lists.vmware.com/pipermail/security-announce/2009/000054.html; http://seclists.org/fulldisclosure/2009/Apr/0036.html; http://securityreason.com/securityalert/4177","VCDSA23400","1"
"194","CVE-2008-3825","pam_krb5 2.2.14 in Red Hat Enterprise Linux (RHEL) 5 and earlier, when the existing_ticket option is enabled, uses incorrect privileges when reading a Kerberos credential cache, which allows local users to gain privileges by setting the KRB5CCNAME environment variable to an arbitrary cache filename and running the (1) su or (2) sudo program. NOTE: there may be a related vector involving sshd that has limited relevance.","4.4","MEDIUM","2008-10-03","http://lists.opensuse.org/opensuse-security-announce/2008-12/msg00002.html; http://secunia.com/advisories/32119; http://secunia.com/advisories/32135","VCDSA23418","1"
"195","CVE-2008-3916","Heap-based buffer overflow in the strip_escapes function in signal.c in GNU ed before 1.0 allows context-dependent or user-assisted attackers to execute arbitrary code via a long filename.  NOTE: since ed itself does not typically run with special privileges, this issue only crosses privilege boundaries when ed is invoked as a third-party component.","9.3","HIGH","2008-09-04","http://lists.gnu.org/archive/html/bug-ed/2008-08/msg00000.html; http://lists.opensuse.org/opensuse-security-announce/2011-01/msg00006.html; http://lists.vmware.com/pipermail/security-announce/2010/000082.html","VCDSA23374; VCDSA23397","2"
"196","CVE-2008-4101","Vim 3.0 through 7.x before 7.2.010 does not properly escape characters, which allows user-assisted attackers to (1) execute arbitrary shell commands by entering a K keystroke on a line that contains a "";"" (semicolon) followed by a command, or execute arbitrary Ex commands by entering an argument after a (2) ""Ctrl-]"" (control close-square-bracket) or (3) ""g]"" (g close-square-bracket) keystroke sequence, a different issue than CVE-2008-2712.","9.3","HIGH","2008-09-18","http://ftp.vim.org/pub/vim/patches/7.2/7.2.010; http://groups.google.com/group/vim_dev/attach/9290f26f9bc11b33/K-arbitrary-command-execution.patch.v3?part=2; http://groups.google.com/group/vim_dev/attach/dd32ad3a84f36bb2/K-arbitrary-command-execution.patch?part=2","VCDSA23399","1"
"197","CVE-2008-4210","fs/open.c in the Linux kernel before 2.6.22 does not properly strip setuid and setgid bits when there is a write to a file, which allows local users to gain the privileges of a different group, and obtain sensitive information or possibly have unspecified other impact, by creating an executable file in a setgid directory through the (1) truncate or (2) ftruncate function in conjunction with memory-mapped I/O.","4.6","MEDIUM","2008-09-29","http://bugzilla.kernel.org/show_bug.cgi?id=8420; http://git.kernel.org/?p=linux/kernel/git/stable/linux-2.6.26.y.git%3Ba=commit%3Bh=7b82dc0e64e93f430182f36b46b79fcee87d3532; http://kernel.org/pub/linux/kernel/v2.6/ChangeLog-2.6.22","VCDSA23390","1"
"198","CVE-2008-4225","Integer overflow in the xmlBufferResize function in libxml2 2.7.2 allows context-dependent attackers to cause a denial of service (infinite loop) via a large XML document.","7.8","HIGH","2008-11-25","http://lists.apple.com/archives/security-announce/2009/Jun/msg00005.html; http://lists.apple.com/archives/security-announce/2009/jun/msg00002.html; http://secunia.com/advisories/32762","VCDSA23382","1"
"199","CVE-2008-4226","Integer overflow in the xmlSAX2Characters function in libxml2 2.7.2 allows context-dependent attackers to cause a denial of service (memory corruption) or possibly execute arbitrary code via a large XML document.","10.0","HIGH","2008-11-25","http://h20000.www2.hp.com/bizsupport/TechSupport/Document.jsp?objectID=c02029444; http://lists.apple.com/archives/security-announce/2009/Jun/msg00005.html; http://lists.apple.com/archives/security-announce/2009/jun/msg00002.html","VCDSA23382","1"
"200","CVE-2008-4278","VMware VirtualCenter 2.5 before Update 3 build 119838 on Windows displays a user's password in cleartext when the password contains unspecified special characters, which allows physically proximate attackers to steal the password.","2.1","LOW","2008-10-06","http://marc.info/?l=bugtraq&m=122331139823057&w=2; http://secunia.com/advisories/32179; http://secunia.com/advisories/32180","VCDSA23363","1"
"201","CVE-2008-4279","The CPU hardware emulation for 64-bit guest operating systems in VMware Workstation 6.0.x before 6.0.5 build 109488 and 5.x before 5.5.8 build 108000; Player 2.0.x before 2.0.5 build 109488 and 1.x before 1.0.8; Server 1.x before 1.0.7 build 108231; and ESX 2.5.4 through 3.5 allows authenticated guest OS users to gain additional guest OS privileges by triggering an exception that causes the virtual CPU to perform an indirect jump to a non-canonical address.","6.8","MEDIUM","2008-10-06","http://lists.grok.org.uk/pipermail/full-disclosure/2008-October/064860.html; http://marc.info/?l=bugtraq&m=122331139823057&w=2; http://secunia.com/advisories/32157","VCDSA23363","1"
"202","CVE-2008-4281","Directory traversal vulnerability in VMWare ESXi 3.5 before ESXe350-200810401-O-UG and ESX 3.5 before ESX350-200810201-UG allows administrators with the Datastore.FileManagement privilege to gain privileges via unknown vectors.","9.3","HIGH","2008-11-10","http://lists.vmware.com/pipermail/security-announce/2008/000042.html; http://secunia.com/advisories/32624; http://www.securityfocus.com/archive/1/498138/100/0/threaded","VCDSA23365","1"
"203","CVE-2008-4307","Race condition in the do_setlk function in fs/nfs/file.c in the Linux kernel before 2.6.26 allows local users to cause a denial of service (crash) via vectors resulting in an interrupted RPC call that leads to a stray FL_POSIX lock, related to improper handling of a race between fcntl and close in the EINTR case.","4.0","MEDIUM","2009-01-13","http://git.kernel.org/?p=linux/kernel/git/stable/linux-2.6.27.y.git%3Ba=commit%3Bh=c4d7c402b788b73dc24f1e54a57f89d3dc5eb7bc; http://openwall.com/lists/oss-security/2009/01/13/1; http://rhn.redhat.com/errata/RHSA-2009-0459.html","VCDSA23392","1"
"204","CVE-2008-4309","Integer overflow in the netsnmp_create_subtree_cache function in agent/snmp_agent.c in net-snmp 5.4 before 5.4.2.1, 5.3 before 5.3.2.3, and 5.2 before 5.2.5.1 allows remote attackers to cause a denial of service (crash) via a crafted SNMP GETBULK request, which triggers a heap-based buffer overflow,  related to the number of responses or repeats.","7.5","HIGH","2008-10-31","http://lists.apple.com/archives/security-announce/2009/May/msg00002.html; http://lists.apple.com/archives/security-announce/2010//Dec/msg00001.html; http://lists.opensuse.org/opensuse-security-announce/2009-02/msg00000.html","VCDSA23373; VCDSA23382","2"
"205","CVE-2008-4316","Multiple integer overflows in glib/gbase64.c in GLib before 2.20 allow context-dependent attackers to execute arbitrary code via a long string that is converted either (1) from or (2) to a base64 representation.","4.6","MEDIUM","2009-03-14","http://lists.opensuse.org/opensuse-security-announce/2009-04/msg00014.html; http://lists.vmware.com/pipermail/security-announce/2010/000082.html; http://ocert.org/patches/2008-015/glib-CVE-2008-4316.diff","VCDSA23374","1"
"206","CVE-2008-4552","The good_client function in nfs-utils 1.0.9, and possibly other versions before 1.1.3, invokes the hosts_ctl function with the wrong order of arguments, which causes TCP Wrappers to ignore netgroups and allows remote attackers to bypass intended access restrictions.","7.5","HIGH","2008-10-14","http://lists.vmware.com/pipermail/security-announce/2010/000082.html; http://secunia.com/advisories/32346; http://secunia.com/advisories/32481","VCDSA23374","1"
"207","CVE-2008-4864","Multiple integer overflows in imageop.c in the imageop module in Python 1.5.2 through 2.5.1 allow context-dependent attackers to break out of the Python VM and execute arbitrary code via large integer values in certain arguments to the crop function, leading to a buffer overflow, a different vulnerability than CVE-2007-4965 and CVE-2008-1679.","7.5","HIGH","2008-11-01","http://lists.apple.com/archives/security-announce/2009/Feb/msg00000.html; http://scary.beasts.org/security/CESA-2008-008.html; http://secunia.com/advisories/33937","VCDSA23392","1"
"208","CVE-2008-4914","Unspecified vulnerability in VMware ESXi 3.5 before ESXe350-200901401-I-SG and ESX 3.5 before ESX350-200901401-SG allows local administrators to cause a denial of service (host crash) via a snapshot with a malformed VMDK delta disk.","4.7","MEDIUM","2009-02-03","http://secunia.com/advisories/33776; http://www.securityfocus.com/bid/33549; http://www.securitytracker.com/id?1021654","VCDSA23382","1"
"209","CVE-2008-4915","The CPU hardware emulation in VMware Workstation 6.0.5 and earlier and 5.5.8 and earlier; Player 2.0.x through 2.0.5 and 1.0.x through 1.0.8; ACE 2.0.x through 2.0.5 and earlier, and 1.0.x through 1.0.7; Server 1.0.x through 1.0.7; ESX 2.5.4 through 3.5; and ESXi 3.5, when running 32-bit and 64-bit guest operating systems, does not properly handle the Trap flag, which allows authenticated guest OS users to gain privileges on the guest OS.","6.9","MEDIUM","2008-11-10","http://lists.vmware.com/pipermail/security-announce/2008/000042.html; http://secunia.com/advisories/32612; http://secunia.com/advisories/32624","VCDSA23365","1"
"210","CVE-2008-4916","Unspecified vulnerability in a guest virtual device driver in VMware Workstation before 5.5.9 build 126128, and 6.5.1 and earlier 6.x versions; VMware Player before 1.0.9 build 126128, and 2.5.1 and earlier 2.x versions; VMware ACE before 1.0.8 build 125922, and 2.5.1 and earlier 2.x versions; VMware Server 1.x before 1.0.8 build 126538 and 2.0.x before 2.0.1 build 156745; VMware Fusion before 2.0.1; VMware ESXi 3.5; and VMware ESX 3.0.2, 3.0.3, and 3.5 allows guest OS users to cause a denial of service (host OS crash) via unknown vectors.","4.6","MEDIUM","2009-04-06","http://lists.vmware.com/pipermail/security-announce/2009/000054.html; http://seclists.org/fulldisclosure/2009/Apr/0036.html; http://security.gentoo.org/glsa/glsa-201209-25.xml","VCDSA23383; VCDSA23400","2"
"211","CVE-2008-4917","Unspecified vulnerability in VMware Workstation 5.5.8 and earlier, and 6.0.5 and earlier 6.x versions; VMware Player 1.0.8 and earlier, and 2.0.5 and earlier 2.x versions; VMware Server 1.0.9 and earlier; VMware ESXi 3.5; and VMware ESX 3.0.2 through 3.5 allows guest OS users to have an unknown impact by sending the virtual hardware a request that triggers an arbitrary physical-memory write operation, leading to memory corruption.","7.2","HIGH","2008-12-09","http://kb.vmware.com/kb/1006980; http://kb.vmware.com/kb/1006986; http://secunia.com/advisories/32965","VCDSA23366","1"
"212","CVE-2008-5029","The __scm_destroy function in net/core/scm.c in the Linux kernel 2.6.27.4, 2.6.26, and earlier makes indirect recursive calls to itself through calls to the fput function, which allows local users to cause a denial of service (panic) via vectors related to sending an SCM_RIGHTS message through a UNIX domain socket and closing file descriptors.","4.9","MEDIUM","2008-11-10","http://archives.neohapsis.com/archives/bugtraq/2009-01/0006.html; http://darkircop.org/unix.c; http://kernel.org/pub/linux/kernel/v2.4/ChangeLog-2.4.36.9","VCDSA23379","1"
"213","CVE-2008-5031","Multiple integer overflows in Python 2.2.3 through 2.5.1, and 2.6, allow context-dependent attackers to have an unknown impact via a large integer value in the tabsize argument to the expandtabs method, as implemented by (1) the string_expandtabs function in Objects/stringobject.c and (2) the unicode_expandtabs function in Objects/unicodeobject.c.  NOTE: this vulnerability reportedly exists because of an incomplete fix for CVE-2008-2315.","10.0","HIGH","2008-11-10","http://lists.apple.com/archives/security-announce/2009/Feb/msg00000.html; http://scary.beasts.org/security/CESA-2008-008.html; http://secunia.com/advisories/33937","VCDSA23392","1"
"214","CVE-2008-5077","OpenSSL 0.9.8i and earlier does not properly check the return value from the EVP_VerifyFinal function, which allows remote attackers to bypass validation of the certificate chain via a malformed SSL/TLS signature for DSA and ECDSA keys.","5.8","MEDIUM","2009-01-07","http://lists.apple.com/archives/security-announce/2009/May/msg00002.html; http://lists.opensuse.org/opensuse-security-announce/2011-07/msg00013.html; http://lists.opensuse.org/opensuse-security-announce/2011-07/msg00014.html","VCDSA23399","1"
"215","CVE-2008-5300","Linux kernel 2.6.28 allows local users to cause a denial of service (""soft lockup"" and process loss) via a large number of sendmsg function calls, which does not block during AF_UNIX garbage collection and triggers an OOM condition, a different vulnerability than CVE-2008-5029.","4.9","MEDIUM","2008-12-01","http://bugzilla.redhat.com/bugzilla/show_bug.cgi?id=473259; http://marc.info/?l=linux-netdev&m=122721862313564&w=2; http://marc.info/?l=linux-netdev&m=122765505415944&w=2","VCDSA23379","1"
"216","CVE-2008-5302","Race condition in the rmtree function in File::Path 1.08 and 2.07 (lib/File/Path.pm) in Perl 5.8.8 and 5.10.0 allows local users to create arbitrary setuid binaries via a symlink attack, a different vulnerability than CVE-2005-0448, CVE-2004-0452, and CVE-2008-2827. NOTE: this is a regression error related to CVE-2005-0448.  It is different from CVE-2008-5303 due to affected versions.","6.9","MEDIUM","2008-12-01","http://bugs.debian.org/cgi-bin/bugreport.cgi?bug=286905; http://bugs.debian.org/cgi-bin/bugreport.cgi?bug=286922#36; http://kb.juniper.net/InfoCenter/index?page=content&id=JSA10705","VCDSA23411","1"
"217","CVE-2008-5303","Race condition in the rmtree function in File::Path 1.08 (lib/File/Path.pm) in Perl 5.8.8 allows local users to to delete arbitrary files via a symlink attack, a different vulnerability than CVE-2005-0448, CVE-2004-0452, and CVE-2008-2827. NOTE: this is a regression error related to CVE-2005-0448. It is different from CVE-2008-5302 due to affected versions.","6.9","MEDIUM","2008-12-01","http://bugs.debian.org/cgi-bin/bugreport.cgi?bug=286905; http://bugs.debian.org/cgi-bin/bugreport.cgi?bug=286922#36; http://kb.juniper.net/InfoCenter/index?page=content&id=JSA10705","VCDSA23411","1"
"218","CVE-2008-5339","Unspecified vulnerability in Java Web Start (JWS) and Java Plug-in with Sun JDK and JRE 6 Update 10 and earlier; JDK and JRE 5.0 Update 16 and earlier; and SDK and JRE 1.4.2_18 and earlier allows untrusted JWS applications to perform network connections to unauthorized hosts via unknown vectors, aka CR 6727079.","5.0","MEDIUM","2008-12-05","http://lists.opensuse.org/opensuse-security-announce/2009-01/msg00009.html; http://lists.opensuse.org/opensuse-security-announce/2009-04/msg00004.html; http://lists.opensuse.org/opensuse-security-announce/2009-05/msg00000.html","VCDSA23390","1"
"219","CVE-2008-5340","Unspecified vulnerability in Java Web Start (JWS) and Java Plug-in with Sun JDK and JRE 6 Update 10 and earlier; JDK and JRE 5.0 Update 16 and earlier; and SDK and JRE 1.4.2_18 and earlier allows untrusted JWS applications to gain privileges to access local files or applications via unknown vectors, aka 6727081.","10.0","HIGH","2008-12-05","http://lists.apple.com/archives/security-announce/2009/Feb/msg00003.html; http://lists.opensuse.org/opensuse-security-announce/2009-01/msg00009.html; http://lists.opensuse.org/opensuse-security-announce/2009-04/msg00004.html","VCDSA23390","1"
"220","CVE-2008-5341","Unspecified vulnerability in Java Web Start (JWS) and Java Plug-in with Sun JDK and JRE 6 Update 10 and earlier, and JDK and JRE 5.0 Update 16 and earlier, allows untrusted JWS applications to obtain the pathname of the JWS cache and the application username via unknown vectors, aka CR 6727071.","5.0","MEDIUM","2008-12-05","http://lists.opensuse.org/opensuse-security-announce/2009-01/msg00009.html; http://lists.opensuse.org/opensuse-security-announce/2009-04/msg00004.html; http://marc.info/?l=bugtraq&m=123678756409861&w=2","VCDSA23390","1"
"221","CVE-2008-5342","Unspecified vulnerability in the BasicService for Java Web Start (JWS) and Java Plug-in with Sun JDK and JRE 6 Update 10 and earlier; JDK and JRE 5.0 Update 16 and earlier; and SDK and JRE 1.4.2_18 and earlier allows untrusted downloaded applications to cause local files to be displayed in the browser of the user of the untrusted application via unknown vectors, aka 6767668.","5.0","MEDIUM","2008-12-05","http://lists.apple.com/archives/security-announce/2009/Feb/msg00003.html; http://lists.opensuse.org/opensuse-security-announce/2009-01/msg00009.html; http://lists.opensuse.org/opensuse-security-announce/2009-04/msg00004.html","VCDSA23390","1"
"222","CVE-2008-5343","Java Web Start (JWS) and Java Plug-in with Sun JDK and JRE 6 Update 10 and earlier; JDK and JRE 5.0 Update 16 and earlier; and SDK and JRE 1.4.2_18 and earlier allows remote attackers to make unauthorized network connections and hijack HTTP sessions via a crafted file that validates as both a GIF and a Java JAR file, aka ""GIFAR"" and CR 6707535.","9.0","HIGH","2008-12-05","http://lists.apple.com/archives/security-announce/2009/Feb/msg00003.html; http://lists.opensuse.org/opensuse-security-announce/2009-01/msg00009.html; http://lists.opensuse.org/opensuse-security-announce/2009-04/msg00004.html","VCDSA23390","1"
"223","CVE-2008-5344","Unspecified vulnerability in Java Web Start (JWS) and Java Plug-in with Sun JDK and JRE 6 Update 10 and earlier; JDK and JRE 5.0 Update 16 and earlier; and SDK and JRE 1.4.2_18 and earlier allows untrusted applets to read arbitrary files and make unauthorized network connections via unknown vectors related to applet classloading, aka 6716217.","7.5","HIGH","2008-12-05","http://lists.opensuse.org/opensuse-security-announce/2009-01/msg00009.html; http://lists.opensuse.org/opensuse-security-announce/2009-04/msg00004.html; http://lists.opensuse.org/opensuse-security-announce/2009-05/msg00000.html","VCDSA23390","1"
"224","CVE-2008-5345","Unspecified vulnerability in Java Runtime Environment (JRE) with Sun JDK and JRE 6 Update 10 and earlier; JDK and JRE 5.0 Update 16 and earlier; SDK and JRE 1.4.2_18 and earlier; and SDK and JRE 1.3.1_23 and earlier allows code that is loaded from a local filesystem to read arbitrary files and make unauthorized connections to localhost via unknown vectors.","7.5","HIGH","2008-12-05","http://lists.opensuse.org/opensuse-security-announce/2009-01/msg00009.html; http://lists.opensuse.org/opensuse-security-announce/2009-04/msg00004.html; http://lists.opensuse.org/opensuse-security-announce/2009-05/msg00000.html","VCDSA23390","1"
"225","CVE-2008-5346","Unspecified vulnerability in Java Runtime Environment (JRE) for Sun JDK and JRE 5.0 Update 16 and earlier; SDK and JRE 1.4.2_18 and earlier; and SDK and JRE 1.3.1_23 or earlier allows untrusted applets and applications to read arbitrary memory via a crafted ZIP file.","7.1","HIGH","2008-12-05","http://lists.opensuse.org/opensuse-security-announce/2009-01/msg00009.html; http://lists.opensuse.org/opensuse-security-announce/2009-04/msg00004.html; http://lists.opensuse.org/opensuse-security-announce/2009-05/msg00000.html","VCDSA23390","1"
"226","CVE-2008-5347","Multiple unspecified vulnerabilities in Java Runtime Environment (JRE) for Sun JDK and JRE 6 Update 10 and earlier allow untrusted applets and applications to gain privileges via vectors related to access to inner classes in the (1) JAX-WS and (2) JAXB packages.","7.5","HIGH","2008-12-05","http://lists.opensuse.org/opensuse-security-announce/2009-03/msg00001.html; http://marc.info/?l=bugtraq&m=123678756409861&w=2; http://marc.info/?l=bugtraq&m=126583436323697&w=2","VCDSA23390","1"
"227","CVE-2008-5348","Unspecified vulnerability in Java Runtime Environment (JRE) for Sun JDK and JRE 6 Update 10 and earlier; JDK and JRE 5.0 Update 16 and earlier; and SDK and JRE 1.4.2_18 and earlier, when using Kerberos authentication, allows remote attackers to cause a denial of service (OS resource consumption) via unknown vectors.","7.1","HIGH","2008-12-05","http://lists.opensuse.org/opensuse-security-announce/2009-01/msg00009.html; http://lists.opensuse.org/opensuse-security-announce/2009-03/msg00001.html; http://lists.opensuse.org/opensuse-security-announce/2009-04/msg00004.html","VCDSA23390","1"
"228","CVE-2008-5349","Unspecified vulnerability in Java Runtime Environment (JRE) for Sun JDK and JRE 6 Update 10 and earlier, and JDK and JRE 5.0 Update 16 and earlier, allows remote attackers to cause a denial of service (CPU consumption) via a crafted RSA public key.","7.1","HIGH","2008-12-05","http://h20000.www2.hp.com/bizsupport/TechSupport/Document.jsp?lang=en&cc=us&objectID=c01745133; http://lists.opensuse.org/opensuse-security-announce/2009-03/msg00001.html; http://lists.opensuse.org/opensuse-security-announce/2009-10/msg00001.html","VCDSA23390","1"
"229","CVE-2008-5350","Unspecified vulnerability in Java Runtime Environment (JRE) for Sun JDK and JRE 6 Update 10 and earlier; JDK and JRE 5.0 Update 16 and earlier; and SDK and JRE 1.4.2_18 and earlier allows untrusted applications and applets to list the contents of the operating user's directory via unknown vectors.","5.0","MEDIUM","2008-12-05","http://lists.opensuse.org/opensuse-security-announce/2009-01/msg00009.html; http://lists.opensuse.org/opensuse-security-announce/2009-03/msg00001.html; http://lists.opensuse.org/opensuse-security-announce/2009-04/msg00004.html","VCDSA23390","1"
"230","CVE-2008-5351","Java Runtime Environment (JRE) for Sun JDK and JRE 6 Update 10 and earlier; JDK and JRE 5.0 Update 16 and earlier; and SDK and JRE 1.4.2_18 and earlier accepts UTF-8 encodings that are not the ""shortest"" form, which makes it easier for attackers to bypass protection mechanisms for other applications that rely on shortest-form UTF-8 encodings.","7.5","HIGH","2008-12-05","http://lists.opensuse.org/opensuse-security-announce/2009-01/msg00009.html; http://lists.opensuse.org/opensuse-security-announce/2009-03/msg00001.html; http://lists.opensuse.org/opensuse-security-announce/2009-04/msg00004.html","VCDSA23390","1"
"231","CVE-2008-5352","Integer overflow in the JAR unpacking utility (unpack200) in the unpack library (unpack.dll) in Java Runtime Environment (JRE) for Sun JDK and JRE 6 Update 10 and earlier, and JDK and JRE 5.0 Update 16 and earlier, allows untrusted applications and applets to gain privileges via a Pack200 compressed JAR file that triggers a heap-based buffer overflow.","9.3","HIGH","2008-12-05","http://labs.idefense.com/intelligence/vulnerabilities/display.php?id=759; http://lists.opensuse.org/opensuse-security-announce/2009-01/msg00009.html; http://lists.opensuse.org/opensuse-security-announce/2009-03/msg00001.html","VCDSA23390","1"
"232","CVE-2008-5353","The Java Runtime Environment (JRE) for Sun JDK and JRE 6 Update 10 and earlier; JDK and JRE 5.0 Update 16 and earlier; and SDK and JRE 1.4.2_18 and earlier does not properly enforce context of ZoneInfo objects during deserialization, which allows remote attackers to run untrusted applets and applications in a privileged context, as demonstrated by ""deserializing Calendar objects"".","10.0","HIGH","2008-12-05","http://blog.cr0.org/2009/05/write-once-own-everyone.html; http://landonf.bikemonkey.org/code/macosx/CVE-2008-5353.20090519.html; http://lists.opensuse.org/opensuse-security-announce/2009-01/msg00009.html","VCDSA23390","1"
"233","CVE-2008-5354","Stack-based buffer overflow in Java Runtime Environment (JRE) for Sun JDK and JRE 6 Update 10 and earlier; JDK and JRE 5.0 Update 16 and earlier; and SDK and JRE 1.4.2_18 and earlier allows locally-launched and possibly remote untrusted Java applications to execute arbitrary code via a JAR file with a long Main-Class manifest entry.","9.3","HIGH","2008-12-05","http://lists.opensuse.org/opensuse-security-announce/2009-01/msg00009.html; http://lists.opensuse.org/opensuse-security-announce/2009-03/msg00001.html; http://lists.opensuse.org/opensuse-security-announce/2009-04/msg00004.html","VCDSA23390","1"
"234","CVE-2008-5355","The ""Java Update"" feature for Java Runtime Environment (JRE) for Sun JDK and JRE 6 Update 10 and earlier; JDK and JRE 5.0 Update 16 and earlier; and SDK and JRE 1.4.2_18 and earlier does not verify the signature of the JRE that is downloaded, which allows remote attackers to execute arbitrary code via DNS man-in-the-middle attacks.","10.0","HIGH","2008-12-05","http://osvdb.org/50498; http://secunia.com/advisories/37386; http://security.gentoo.org/glsa/glsa-200911-02.xml","VCDSA23390","1"
"235","CVE-2008-5356","Heap-based buffer overflow in Java Runtime Environment (JRE) for Sun JDK and JRE 6 Update 10 and earlier; JDK and JRE 5.0 Update 16 and earlier; and SDK and JRE 1.4.2_18 and earlier might allow remote attackers to execute arbitrary code via a crafted TrueType font file.","9.3","HIGH","2008-12-05","http://labs.idefense.com/intelligence/vulnerabilities/display.php?id=757; http://lists.opensuse.org/opensuse-security-announce/2009-01/msg00009.html; http://lists.opensuse.org/opensuse-security-announce/2009-03/msg00001.html","VCDSA23390","1"
"236","CVE-2008-5357","Integer overflow in Java Runtime Environment (JRE) for Sun JDK and JRE 6 Update 10 and earlier; JDK and JRE 5.0 Update 16 and earlier; SDK and JRE 1.4.2_18 and earlier; and SDK and JRE 1.3.1_23 and earlier might allow remote attackers to execute arbitrary code via a crafted TrueType font file, which triggers a heap-based buffer overflow.","9.3","HIGH","2008-12-05","http://labs.idefense.com/intelligence/vulnerabilities/display.php?id=760; http://lists.opensuse.org/opensuse-security-announce/2009-01/msg00009.html; http://lists.opensuse.org/opensuse-security-announce/2009-03/msg00001.html","VCDSA23390","1"
"237","CVE-2008-5358","Java Runtime Environment (JRE) for Sun JDK and JRE 6 Update 10 and earlier might allow remote attackers to execute arbitrary code via a crafted GIF file that triggers memory corruption during display of the splash screen, possibly related to splashscreen.dll.","9.3","HIGH","2008-12-05","http://labs.idefense.com/intelligence/vulnerabilities/display.php?id=758; http://lists.opensuse.org/opensuse-security-announce/2009-03/msg00001.html; http://lists.opensuse.org/opensuse-security-announce/2009-04/msg00004.html","VCDSA23390","1"
"238","CVE-2008-5359","Buffer overflow in Java Runtime Environment (JRE) for Sun JDK and JRE 6 Update 10 and earlier; JDK and JRE 5.0 Update 16 and earlier; SDK and JRE 1.4.2_18 and earlier; and SDK and JRE 1.3.1_23 and earlier might allow remote attackers to execute arbitrary code, related to a ConvolveOp operation in the Java AWT library.","9.3","HIGH","2008-12-05","http://lists.opensuse.org/opensuse-security-announce/2009-01/msg00009.html; http://lists.opensuse.org/opensuse-security-announce/2009-03/msg00001.html; http://lists.opensuse.org/opensuse-security-announce/2009-04/msg00004.html","VCDSA23390","1"
"239","CVE-2008-5360","Java Runtime Environment (JRE) for Sun JDK and JRE 6 Update 10 and earlier; JDK and JRE 5.0 Update 16 and earlier; SDK and JRE 1.4.2_18 and earlier; and SDK and JRE 1.3.1_23 and earlier creates temporary files with predictable file names, which allows attackers to write malicious JAR files via unknown vectors.","6.4","MEDIUM","2008-12-05","http://lists.opensuse.org/opensuse-security-announce/2009-01/msg00009.html; http://lists.opensuse.org/opensuse-security-announce/2009-03/msg00001.html; http://lists.opensuse.org/opensuse-security-announce/2009-04/msg00004.html","VCDSA23390","1"
"240","CVE-2008-5416","Heap-based buffer overflow in Microsoft SQL Server 2000 SP4, 8.00.2050, 8.00.2039, and earlier; SQL Server 2000 Desktop Engine (MSDE 2000) SP4; SQL Server 2005 SP2 and 9.00.1399.06; SQL Server 2000 Desktop Engine (WMSDE) on Windows Server 2003 SP1 and SP2; and Windows Internal Database (WYukon) SP2 allows remote authenticated users to cause a denial of service (access violation exception) or execute arbitrary code by calling the sp_replwritetovarbin extended stored procedure with a set of invalid parameters that trigger memory overwrite, aka ""SQL Server sp_replwritetovarbin Limited Memory Overwrite Vulnerability.""","9.0","HIGH","2008-12-10","http://archives.neohapsis.com/archives/fulldisclosure/2008-12/0304.html; http://osvdb.org/50917; http://secunia.com/advisories/33034","VCDSA23418","1"
"241","CVE-2008-5515","Apache Tomcat 4.1.0 through 4.1.39, 5.5.0 through 5.5.27, 6.0.0 through 6.0.18, and possibly earlier versions normalizes the target pathname before filtering the query string when using the RequestDispatcher method, which allows remote attackers to bypass intended access restrictions and conduct directory traversal attacks via .. (dot dot) sequences and the WEB-INF directory in a Request.","5.0","MEDIUM","2009-06-16","http://jvn.jp/en/jp/JVN63832775/index.html; http://lists.apple.com/archives/security-announce/2010//Mar/msg00001.html; http://lists.opensuse.org/opensuse-security-announce/2009-07/msg00002.html","VCDSA23392","1"
"242","CVE-2008-5700","libata in the Linux kernel before 2.6.27.9 does not set minimum timeouts for SG_IO requests, which allows local users to cause a denial of service (Programmed I/O mode on drives) via multiple simultaneous invocations of an unspecified test program.","1.9","LOW","2008-12-22","http://git.kernel.org/?p=linux/kernel/git/stable/linux-2.6.27.y.git%3Ba=commit%3Bh=f2f1fa78a155524b849edf359e42a3001ea652c0; http://lists.opensuse.org/opensuse-security-announce/2009-02/msg00003.html; http://openwall.com/lists/oss-security/2008/12/09/2","VCDSA23392","1"
"243","CVE-2008-7270","OpenSSL before 0.9.8j, when SSL_OP_NETSCAPE_REUSE_CIPHER_CHANGE_BUG is enabled, does not prevent modification of the ciphersuite in the session cache, which allows remote attackers to force the use of a disabled cipher via vectors involving sniffing network traffic to discover a session identifier, a different vulnerability than CVE-2010-4180.","4.3","MEDIUM","2010-12-06","http://cvs.openssl.org/chngview?cn=17489; http://marc.info/?l=bugtraq&m=132077688910227&w=2; http://secunia.com/advisories/42493","VCDSA23428","1"
"244","CVE-2009-0025","BIND 9.6.0, 9.5.1, 9.5.0, 9.4.3, and earlier does not properly check the return value from the OpenSSL DSA_verify function, which allows remote attackers to bypass validation of the certificate chain via a malformed SSL/TLS signature, a similar vulnerability to CVE-2008-5077.","6.8","MEDIUM","2009-01-07","http://groups.google.com/group/comp.protocols.dns.bind/browse_thread/thread/49ef622c8329fd33; http://lists.apple.com/archives/security-announce/2009/May/msg00002.html; http://marc.info/?l=bugtraq&m=141879471518471&w=2","VCDSA23399","1"
"245","CVE-2009-0028","The clone system call in the Linux kernel 2.6.28 and earlier allows local users to send arbitrary signals to a parent process from an unprivileged child process by launching an additional child process with the CLONE_PARENT flag, and then letting this new process exit.","2.1","LOW","2009-02-27","http://lists.opensuse.org/opensuse-security-announce/2009-02/msg00003.html; http://lists.opensuse.org/opensuse-security-announce/2009-06/msg00000.html; http://lists.opensuse.org/opensuse-security-announce/2009-06/msg00001.html","VCDSA23392","1"
"246","CVE-2009-0033","Apache Tomcat 4.1.0 through 4.1.39, 5.5.0 through 5.5.27, and 6.0.0 through 6.0.18, when the Java AJP connector and mod_jk load balancing are used, allows remote attackers to cause a denial of service (application outage) via a crafted request with invalid headers, related to temporary blocking of connectors that have encountered errors, as demonstrated by an error involving a malformed HTTP Host header.","5.0","MEDIUM","2009-06-05","http://jvn.jp/en/jp/JVN87272440/index.html; http://lists.apple.com/archives/security-announce/2010//Mar/msg00001.html; http://lists.opensuse.org/opensuse-security-announce/2009-07/msg00002.html","VCDSA23392","1"
"247","CVE-2009-0034","parse.c in sudo 1.6.9p17 through 1.6.9p19 does not properly interpret a system group (aka %group) in the sudoers file during authorization decisions for a user who belongs to that group, which allows local users to leverage an applicable sudoers file and gain root privileges via a sudo command.","7.8","HIGH","2009-01-30","http://lists.vmware.com/pipermail/security-announce/2009/000060.html; http://osvdb.org/51736; http://secunia.com/advisories/33753","VCDSA23386","1"
"248","CVE-2009-0037","The redirect implementation in curl and libcurl 5.11 through 7.19.3, when CURLOPT_FOLLOWLOCATION is enabled, accepts arbitrary Location values, which might allow remote HTTP servers to (1) trigger arbitrary requests to intranet servers, (2) read or overwrite arbitrary files via a redirect to a file: URL, or (3) execute arbitrary commands via a redirect to an scp: URL.","6.8","MEDIUM","2009-03-05","http://curl.haxx.se/docs/adv_20090303.html; http://curl.haxx.se/lxr/source/CHANGES; http://lists.apple.com/archives/security-announce/2010//Mar/msg00001.html","VCDSA23386","1"
"249","CVE-2009-0040","The PNG reference library (aka libpng) before 1.0.43, and 1.2.x before 1.2.35, as used in pngcrush and other applications, allows context-dependent attackers to cause a denial of service (application crash) or possibly execute arbitrary code via a crafted PNG file that triggers a free of an uninitialized pointer in (1) the png_read_png function, (2) pCAL chunk handling, or (3) setup of 16-bit gamma tables.","6.8","MEDIUM","2009-02-22","ftp://ftp.simplesystems.org/pub/png/src/libpng-1.2.34-ADVISORY.txt; http://downloads.sourceforge.net/libpng/libpng-1.2.34-ADVISORY.txt; http://lists.apple.com/archives/security-announce/2009/Aug/msg00001.html","VCDSA23387; VCDSA23384","2"
"250","CVE-2009-0115","The Device Mapper multipathing driver (aka multipath-tools or device-mapper-multipath) 0.4.8, as used in SUSE openSUSE, SUSE Linux Enterprise Server (SLES), Fedora, and possibly other operating systems, uses world-writable permissions for the socket file (aka /var/run/multipathd.sock), which allows local users to send arbitrary commands to the multipath daemon.","7.8","HIGH","2009-03-30","http://download.opensuse.org/update/10.3-test/repodata/patch-kpartx-6082.xml; http://kb.juniper.net/InfoCenter/index?page=content&id=JSA10691; http://kb.juniper.net/InfoCenter/index?page=content&id=JSA10705","VCDSA23374","1"
"251","CVE-2009-0159","Stack-based buffer overflow in the cookedprint function in ntpq/ntpq.c in ntpq in NTP before 4.2.4p7-RC2 allows remote NTP servers to execute arbitrary code via a crafted response.","6.8","MEDIUM","2009-04-14","ftp://ftp.netbsd.org/pub/NetBSD/security/advisories/NetBSD-SA2009-006.txt.asc; http://bugs.pardus.org.tr/show_bug.cgi?id=9532; http://lists.apple.com/archives/security-announce/2009/May/msg00002.html","VCDSA23392","1"
"252","CVE-2009-0177","vmwarebase.dll, as used in the vmware-authd service (aka vmware-authd.exe), in VMware Workstation 6.5.1 build 126130, 6.5.1 and earlier; VMware Player 2.5.1 build 126130, 2.5.1 and earlier; VMware ACE 2.5.1 and earlier; VMware Server 2.0.x before 2.0.1 build 156745; and VMware Fusion before 2.0.2 build 147997 allows remote attackers to cause a denial of service (daemon crash) via a long (1) USER or (2) PASS command.","5.0","MEDIUM","2009-01-20","http://lists.vmware.com/pipermail/security-announce/2009/000054.html; http://osvdb.org/51180; http://seclists.org/fulldisclosure/2009/Apr/0036.html","VCDSA23400","1"
"253","CVE-2009-0199","Heap-based buffer overflow in the VMnc media codec in vmnc.dll in VMware Movie Decoder before 6.5.3 build 185404, VMware Workstation 6.5.x before 6.5.3 build 185404, VMware Player 2.5.x before 2.5.3 build 185404, and VMware ACE 2.5.x before 2.5.3 build 185404 on Windows might allow remote attackers to execute arbitrary code via a video file with crafted dimensions (aka framebuffer parameters).","9.3","HIGH","2009-09-08","http://lists.vmware.com/pipermail/security-announce/2009/000065.html; http://secunia.com/advisories/34938; http://secunia.com/secunia_research/2009-25/","VCDSA23401","1"
"254","CVE-2009-0269","fs/ecryptfs/inode.c in the eCryptfs subsystem in the Linux kernel before 2.6.28.1 allows local users to cause a denial of service (fault or memory corruption), or possibly have unspecified other impact, via a readlink call that results in an error, leading to use of a -1 return value as an array index.","4.9","MEDIUM","2009-01-26","http://git.kernel.org/?p=linux/kernel/git/stable/linux-2.6.27.y.git%3Ba=commit%3Bh=a17d5232de7b53d34229de79ec22f4bb04adb7e4; http://lists.opensuse.org/opensuse-security-announce/2009-02/msg00003.html; http://lists.opensuse.org/opensuse-security-announce/2009-06/msg00000.html","VCDSA23392","1"
"255","CVE-2009-0322","drivers/firmware/dell_rbu.c in the Linux kernel before 2.6.27.13, and 2.6.28.x before 2.6.28.2, allows local users to cause a denial of service (system crash) via a read system call that specifies zero bytes from the (1) image_type or (2) packet_size file in /sys/devices/platform/dell_rbu/.","4.9","MEDIUM","2009-01-28","http://git.kernel.org/?p=linux/kernel/git/stable/linux-2.6.27.y.git%3Ba=commit%3Bh=81156928f8fe31621e467490b9d441c0285998c3; http://kernel.org/pub/linux/kernel/v2.6/ChangeLog-2.6.27.13; http://kernel.org/pub/linux/kernel/v2.6/ChangeLog-2.6.28.2","VCDSA23392","1"
"256","CVE-2009-0518","VI Client in VMware VirtualCenter before 2.5 Update 4, VMware ESXi 3.5 before Update 4, and VMware ESX 3.5 before Update 4 retains the VirtualCenter Server password in process memory, which might allow local users to obtain this password.","2.1","LOW","2009-04-06","http://lists.vmware.com/pipermail/security-announce/2009/000054.html; http://seclists.org/fulldisclosure/2009/Apr/0036.html; http://secunia.com/advisories/34585","VCDSA23400","1"
"257","CVE-2009-0580","Apache Tomcat 4.1.0 through 4.1.39, 5.5.0 through 5.5.27, and 6.0.0 through 6.0.18, when FORM authentication is used, allows remote attackers to enumerate valid usernames via requests to /j_security_check with malformed URL encoding of passwords, related to improper error checking in the (1) MemoryRealm, (2) DataSourceRealm, and (3) JDBCRealm authentication realms, as demonstrated by a % (percent) value for the j_password parameter.","4.3","MEDIUM","2009-06-05","http://lists.apple.com/archives/security-announce/2010//Mar/msg00001.html; http://lists.opensuse.org/opensuse-security-announce/2009-07/msg00002.html; http://marc.info/?l=bugtraq&m=127420533226623&w=2","VCDSA23392","1"
"258","CVE-2009-0590","The ASN1_STRING_print_ex function in OpenSSL before 0.9.8k allows remote attackers to cause a denial of service (invalid memory access and application crash) via vectors that trigger printing of a (1) BMPString or (2) UniversalString with an invalid encoded length.","5.0","MEDIUM","2009-03-27","ftp://ftp.netbsd.org/pub/NetBSD/security/advisories/NetBSD-SA2009-008.txt.asc; http://lists.apple.com/archives/security-announce/2009/Sep/msg00004.html; http://lists.opensuse.org/opensuse-security-announce/2009-05/msg00000.html","VCDSA23414; VCDSA23378; VCDSA23374","3"
"259","CVE-2009-0675","The skfp_ioctl function in drivers/net/skfp/skfddi.c in the Linux kernel before 2.6.28.6 permits SKFP_CLR_STATS requests only when the CAP_NET_ADMIN capability is absent, instead of when this capability is present, which allows local users to reset the driver statistics, related to an ""inverted logic"" issue.","2.1","LOW","2009-02-22","http://git.kernel.org/?p=linux/kernel/git/torvalds/linux-2.6.git%3Ba=commit%3Bh=c25b9abbc2c2c0da88e180c3933d6e773245815a; http://lists.opensuse.org/opensuse-security-announce/2009-06/msg00001.html; http://lists.openwall.net/netdev/2009/01/28/90","VCDSA23392","1"
"260","CVE-2009-0676","The sock_getsockopt function in net/core/sock.c in the Linux kernel before 2.6.28.6 does not initialize a certain structure member, which allows local users to obtain potentially sensitive information from kernel memory via an SO_BSDCOMPAT getsockopt request.","2.1","LOW","2009-02-22","http://git.kernel.org/?p=linux/kernel/git/torvalds/linux-2.6.git%3Ba=commit%3Bh=df0bca049d01c0ee94afb7cd5dfd959541e6c8da; http://lists.opensuse.org/opensuse-security-announce/2009-04/msg00007.html; http://lists.opensuse.org/opensuse-security-announce/2009-06/msg00000.html","VCDSA23392","1"
"261","CVE-2009-0692","Stack-based buffer overflow in the script_write_params method in client/dhclient.c in ISC DHCP dhclient 4.1 before 4.1.0p1, 4.0 before 4.0.1p1, 3.1 before 3.1.2p1, 3.0, and 2.0 allows remote DHCP servers to execute arbitrary code via a crafted subnet-mask option.","10.0","HIGH","2009-07-14","http://ftp.netbsd.org/pub/NetBSD/security/advisories/NetBSD-SA2009-010.txt.asc; http://itrc.hp.com/service/cki/docDisplay.do?docId=emr_na-c02286083; http://lists.opensuse.org/opensuse-security-announce/2009-07/msg00003.html","VCDSA23390","1"
"262","CVE-2009-0696","The dns_db_findrdataset function in db.c in named in ISC BIND 9.4 before 9.4.3-P3, 9.5 before 9.5.1-P3, and 9.6 before 9.6.1-P1, when configured as a master server, allows remote attackers to cause a denial of service (assertion failure and daemon exit) via an ANY record in the prerequisite section of a crafted dynamic update message.","4.3","MEDIUM","2009-07-29","ftp://ftp.netbsd.org/pub/NetBSD/security/advisories/NetBSD-SA2009-013.txt.asc; ftp://ftp.sco.com/pub/unixware7/714/security/p535243_uw7/p535243b.txt; http://aix.software.ibm.com/aix/efixes/security/bind_advisory.asc","VCDSA23392","1"
"263","CVE-2009-0745","The ext4_group_add function in fs/ext4/resize.c in the Linux kernel 2.6.27 before 2.6.27.19 and 2.6.28 before 2.6.28.7 does not properly initialize the group descriptor during a resize (aka resize2fs) operation, which might allow local users to cause a denial of service (OOPS) by arranging for crafted values to be present in available memory.","4.9","MEDIUM","2009-02-27","http://bugzilla.kernel.org/show_bug.cgi?id=12433; http://git.kernel.org/?p=linux/kernel/git/torvalds/linux-2.6.git%3Ba=commit%3Bh=fdff73f094e7220602cc3f8959c7230517976412; http://kernel.org/pub/linux/kernel/v2.6/ChangeLog-2.6.27.19","VCDSA23392","1"
"264","CVE-2009-0746","The make_indexed_dir function in fs/ext4/namei.c in the Linux kernel 2.6.27 before 2.6.27.19 and 2.6.28 before 2.6.28.7 does not validate a certain rec_len field, which allows local users to cause a denial of service (OOPS) by attempting to mount a crafted ext4 filesystem.","4.9","MEDIUM","2009-02-27","http://bugzilla.kernel.org/show_bug.cgi?id=12430; http://git.kernel.org/?p=linux/kernel/git/torvalds/linux-2.6.git%3Ba=commit%3Bh=e6b8bc09ba2075cd91fbffefcd2778b1a00bd76f; http://kernel.org/pub/linux/kernel/v2.6/ChangeLog-2.6.27.19","VCDSA23392","1"
"265","CVE-2009-0747","The ext4_isize function in fs/ext4/ext4.h in the Linux kernel 2.6.27 before 2.6.27.19 and 2.6.28 before 2.6.28.7 uses the i_size_high structure member during operations on arbitrary types of files, which allows local users to cause a denial of service (CPU consumption and error-message flood) by attempting to mount a crafted ext4 filesystem.","4.9","MEDIUM","2009-02-27","http://bugzilla.kernel.org/show_bug.cgi?id=12375; http://git.kernel.org/?p=linux/kernel/git/torvalds/linux-2.6.git%3Ba=commit%3Bh=06a279d636734da32bb62dd2f7b0ade666f65d7c; http://kernel.org/pub/linux/kernel/v2.6/ChangeLog-2.6.27.19","VCDSA23392","1"
"266","CVE-2009-0748","The ext4_fill_super function in fs/ext4/super.c in the Linux kernel 2.6.27 before 2.6.27.19 and 2.6.28 before 2.6.28.7 does not validate the superblock configuration, which allows local users to cause a denial of service (NULL pointer dereference and OOPS) by attempting to mount a crafted ext4 filesystem.","4.9","MEDIUM","2009-02-27","http://bugzilla.kernel.org/show_bug.cgi?id=12371; http://git.kernel.org/?p=linux/kernel/git/torvalds/linux-2.6.git%3Ba=commit%3Bh=4ec110281379826c5cf6ed14735e47027c3c5765; http://kernel.org/pub/linux/kernel/v2.6/ChangeLog-2.6.27.19","VCDSA23392","1"
"267","CVE-2009-0778","The icmp_send function in net/ipv4/icmp.c in the Linux kernel before 2.6.25, when configured as a router with a REJECT route, does not properly manage the Protocol Independent Destination Cache (aka DST) in some situations involving transmission of an ICMP Host Unreachable message, which allows remote attackers to cause a denial of service (connectivity outage) by sending a large series of packets to many destination IP addresses within this REJECT route, related to an ""rt_cache leak.""","7.1","HIGH","2009-03-12","http://git.kernel.org/?p=linux/kernel/git/torvalds/linux-2.6.git%3Ba=commit%3Bh=7c0ecc4c4f8fd90988aab8a95297b9c0038b6160; http://openwall.com/lists/oss-security/2009/03/11/2; http://secunia.com/advisories/33758","VCDSA23392","1"
"268","CVE-2009-0781","Cross-site scripting (XSS) vulnerability in jsp/cal/cal2.jsp in the calendar application in the examples web application in Apache Tomcat 4.1.0 through 4.1.39, 5.5.0 through 5.5.27, and 6.0.0 through 6.0.18 allows remote attackers to inject arbitrary web script or HTML via the time parameter, related to ""invalid HTML.""","4.3","MEDIUM","2009-03-09","http://lists.apple.com/archives/security-announce/2010//Mar/msg00001.html; http://lists.opensuse.org/opensuse-security-announce/2009-07/msg00002.html; http://marc.info/?l=bugtraq&m=127420533226623&w=2","VCDSA23392","1"
"269","CVE-2009-0783","Apache Tomcat 4.1.0 through 4.1.39, 5.5.0 through 5.5.27, and 6.0.0 through 6.0.18 permits web applications to replace an XML parser used for other web applications, which allows local users to read or modify the (1) web.xml, (2) context.xml, or (3) tld files of arbitrary web applications via a crafted application that is loaded earlier than the target application.","4.2","MEDIUM","2009-06-05","http://lists.apple.com/archives/security-announce/2010//Mar/msg00001.html; http://lists.opensuse.org/opensuse-security-announce/2009-07/msg00002.html; http://marc.info/?l=bugtraq&m=127420533226623&w=2","VCDSA23392","1"
"270","CVE-2009-0787","The ecryptfs_write_metadata_to_contents function in the eCryptfs functionality in the Linux kernel 2.6.28 before 2.6.28.9 uses an incorrect size when writing kernel memory to an eCryptfs file header, which triggers an out-of-bounds read and allows local users to obtain portions of kernel memory.","4.9","MEDIUM","2009-03-25","http://git.kernel.org/?p=linux/kernel/git/torvalds/linux-2.6.git%3Ba=commitdiff%3Bh=8faece5f906725c10e7a1f6caf84452abadbdc7b; http://osvdb.org/52860; http://rhn.redhat.com/errata/RHSA-2009-0473.html","VCDSA23392","1"
"271","CVE-2009-0798","ACPI Event Daemon (acpid) before 1.0.10 allows remote attackers to cause a denial of service (CPU consumption and connectivity loss) by opening a large number of UNIX sockets without closing them, which triggers an infinite loop.","5.0","MEDIUM","2009-04-24","http://secunia.com/advisories/34838; http://secunia.com/advisories/34914; http://secunia.com/advisories/34918","VCDSA23376","1"
"272","CVE-2009-0834","The audit_syscall_entry function in the Linux kernel 2.6.28.7 and earlier on the x86_64 platform does not properly handle (1) a 32-bit process making a 64-bit syscall or (2) a 64-bit process making a 32-bit syscall, which allows local users to bypass certain syscall audit configurations via crafted syscalls, a related issue to CVE-2009-0342 and CVE-2009-0343.","3.6","LOW","2009-03-06","http://git.kernel.org/?p=linux/kernel/git/torvalds/linux-2.6.git%3Ba=commit%3Bh=ccbe495caa5e604b04d5a31d7459a6f6a76a756c; http://lists.opensuse.org/opensuse-security-announce/2009-05/msg00002.html; http://lists.opensuse.org/opensuse-security-announce/2009-06/msg00000.html","VCDSA23392","1"
"273","CVE-2009-0844","The get_input_token function in the SPNEGO implementation in MIT Kerberos 5 (aka krb5) 1.5 through 1.6.3 allows remote attackers to cause a denial of service (daemon crash) and possibly obtain sensitive information via a crafted length value that triggers a buffer over-read.","5.8","MEDIUM","2009-04-09","http://lists.apple.com/archives/security-announce/2009/May/msg00002.html; http://secunia.com/advisories/34594; http://secunia.com/advisories/34617","VCDSA23402; VCDSA23385","2"
"274","CVE-2009-0845","The spnego_gss_accept_sec_context function in lib/gssapi/spnego/spnego_mech.c in MIT Kerberos 5 (aka krb5) 1.5 through 1.6.3, when SPNEGO is used, allows remote attackers to cause a denial of service (NULL pointer dereference and daemon crash) via invalid ContextFlags data in the reqFlags field in a negTokenInit token.","5.0","MEDIUM","2009-03-27","http://krbdev.mit.edu/rt/Ticket/Display.html?user=guest&pass=guest&id=6402; http://lists.apple.com/archives/security-announce/2009/May/msg00002.html; http://secunia.com/advisories/34347","VCDSA23402; VCDSA23385","2"
"275","CVE-2009-0846","The asn1_decode_generaltime function in lib/krb5/asn.1/asn1_decode.c in the ASN.1 GeneralizedTime decoder in MIT Kerberos 5 (aka krb5) before 1.6.4 allows remote attackers to cause a denial of service (daemon crash) or possibly execute arbitrary code via vectors involving an invalid DER encoding that triggers a free of an uninitialized pointer.","10.0","HIGH","2009-04-09","http://lists.apple.com/archives/security-announce/2009/May/msg00002.html; http://lists.vmware.com/pipermail/security-announce/2009/000059.html; http://marc.info/?l=bugtraq&m=124896429301168&w=2","VCDSA23402; VCDSA23385","2"
"276","CVE-2009-0908","Unspecified vulnerability in the ACE shared folders implementation in the VMware Host Guest File System (HGFS) shared folders feature in VMware ACE 2.5.1 and earlier allows attackers to enable a disabled shared folder.","6.4","MEDIUM","2009-04-06","http://lists.vmware.com/pipermail/security-announce/2009/000054.html; http://seclists.org/fulldisclosure/2009/Apr/0036.html; http://www.securityfocus.com/bid/34373","VCDSA23400","1"
"277","CVE-2009-0909","Heap-based buffer overflow in the VNnc Codec in VMware Workstation 6.5.x before 6.5.2 build 156735, VMware Player 2.5.x before 2.5.2 build 156735, VMware ACE 2.5.x before 2.5.2 build 156735, and VMware Server 2.0.x before 2.0.1 build 156745 allows remote attackers to execute arbitrary code via a crafted web page or video file, aka ZDI-CAN-435.","9.3","HIGH","2009-04-06","http://lists.vmware.com/pipermail/security-announce/2009/000054.html; http://seclists.org/fulldisclosure/2009/Apr/0036.html; http://security.gentoo.org/glsa/glsa-201209-25.xml","VCDSA23400","1"
"278","CVE-2009-0910","Heap-based buffer overflow in the VNnc Codec in VMware Workstation 6.5.x before 6.5.2 build 156735, VMware Player 2.5.x before 2.5.2 build 156735, VMware ACE 2.5.x before 2.5.2 build 156735, and VMware Server 2.0.x before 2.0.1 build 156745 allows remote attackers to execute arbitrary code via a crafted web page or video file, aka ZDI-CAN-436.","6.8","MEDIUM","2009-04-06","http://lists.vmware.com/pipermail/security-announce/2009/000054.html; http://seclists.org/fulldisclosure/2009/Apr/0036.html; http://security.gentoo.org/glsa/glsa-201209-25.xml","VCDSA23400","1"
"279","CVE-2009-1072","nfsd in the Linux kernel before 2.6.28.9 does not drop the CAP_MKNOD capability before handling a user request in a thread, which allows local users to create device nodes, as demonstrated on a filesystem that has been exported with the root_squash option.","4.9","MEDIUM","2009-03-25","http://git.kernel.org/?p=linux/kernel/git/torvalds/linux-2.6.git%3Ba=commitdiff%3Bh=76a67ec6fb79ff3570dcb5342142c16098299911; http://lists.opensuse.org/opensuse-security-announce/2009-04/msg00007.html; http://lists.opensuse.org/opensuse-security-announce/2009-05/msg00002.html","VCDSA23392","1"
"280","CVE-2009-1093","LdapCtx in the LDAP service in Java SE Development Kit (JDK) and Java Runtime Environment (JRE) 5.0 Update 17 and earlier; 6 Update 12 and earlier; SDK and JRE 1.3.1_24 and earlier; and 1.4.2_19 and earlier does not close the connection when initialization fails, which allows remote attackers to cause a denial of service (LDAP service hang).","5.0","MEDIUM","2009-03-25","http://h20000.www2.hp.com/bizsupport/TechSupport/Document.jsp?lang=en&cc=us&objectID=c01745133; http://lists.opensuse.org/opensuse-security-announce/2009-04/msg00001.html; http://lists.opensuse.org/opensuse-security-announce/2009-05/msg00003.html","VCDSA23395; VCDSA23392; VCDSA23390","3"
"281","CVE-2009-1094","Unspecified vulnerability in the LDAP implementation in Java SE Development Kit (JDK) and Java Runtime Environment (JRE) 5.0 Update 17 and earlier; 6 Update 12 and earlier; SDK and JRE 1.3.1_24 and earlier; and 1.4.2_19 and earlier allows remote LDAP servers to execute arbitrary code via unknown vectors related to serialized data.","10.0","HIGH","2009-03-25","http://h20000.www2.hp.com/bizsupport/TechSupport/Document.jsp?lang=en&cc=us&objectID=c01745133; http://lists.opensuse.org/opensuse-security-announce/2009-04/msg00001.html; http://lists.opensuse.org/opensuse-security-announce/2009-05/msg00003.html","VCDSA23395; VCDSA23392; VCDSA23390","3"
"282","CVE-2009-1095","Integer overflow in unpack200 in Java SE Development Kit (JDK) and Java Runtime Environment (JRE) 5.0 Update 17 and earlier, and 6 Update 12 and earlier, allows remote attackers to access files or execute arbitrary code via a JAR file with crafted Pack200 headers.","10.0","HIGH","2009-03-25","http://h20000.www2.hp.com/bizsupport/TechSupport/Document.jsp?lang=en&cc=us&objectID=c01745133; http://labs.idefense.com/intelligence/vulnerabilities/display.php?id=781; http://lists.opensuse.org/opensuse-security-announce/2009-04/msg00001.html","VCDSA23395; VCDSA23392; VCDSA23390","3"
"283","CVE-2009-1096","Buffer overflow in unpack200 in Java SE Development Kit (JDK) and Java Runtime Environment (JRE) 5.0 Update 17 and earlier, and 6 Update 12 and earlier, allows remote attackers to access files or execute arbitrary code via a JAR file with crafted Pack200 headers.","10.0","HIGH","2009-03-25","http://h20000.www2.hp.com/bizsupport/TechSupport/Document.jsp?lang=en&cc=us&objectID=c01745133; http://lists.opensuse.org/opensuse-security-announce/2009-04/msg00001.html; http://lists.opensuse.org/opensuse-security-announce/2009-05/msg00003.html","VCDSA23395; VCDSA23392; VCDSA23390","3"
"284","CVE-2009-1097","Multiple buffer overflows in Java SE Development Kit (JDK) and Java Runtime Environment (JRE) 6 Update 12 and earlier allow remote attackers to access files or execute arbitrary code via (1) a crafted PNG image that triggers an integer overflow during memory allocation for display on the splash screen, aka CR 6804996; and (2) a crafted GIF image from which unspecified values are used in calculation of offsets, leading to object-pointer corruption, aka CR 6804997.","9.3","HIGH","2009-03-25","http://h20000.www2.hp.com/bizsupport/TechSupport/Document.jsp?lang=en&cc=us&objectID=c01745133; http://labs.idefense.com/intelligence/vulnerabilities/display.php?id=779; http://labs.idefense.com/intelligence/vulnerabilities/display.php?id=780","VCDSA23395; VCDSA23392; VCDSA23390","3"
"285","CVE-2009-1098","Buffer overflow in Java SE Development Kit (JDK) and Java Runtime Environment (JRE) 5.0 Update 17 and earlier; 6 Update 12 and earlier; 1.4.2_19 and earlier; and 1.3.1_24 and earlier allows remote attackers to access files or execute arbitrary code via a crafted GIF image, aka CR 6804998.","9.3","HIGH","2009-03-25","http://h20000.www2.hp.com/bizsupport/TechSupport/Document.jsp?lang=en&cc=us&objectID=c01745133; http://lists.opensuse.org/opensuse-security-announce/2009-04/msg00001.html; http://lists.opensuse.org/opensuse-security-announce/2009-05/msg00003.html","VCDSA23395; VCDSA23392; VCDSA23390","3"
"286","CVE-2009-1099","Integer signedness error in Java SE Development Kit (JDK) and Java Runtime Environment (JRE) 5.0 Update 17 and earlier, and 6 Update 12 and earlier, allows remote attackers to access files or execute arbitrary code via crafted glyph descriptions in a Type1 font, which bypasses a signed comparison and triggers a buffer overflow.","7.5","HIGH","2009-03-25","http://h20000.www2.hp.com/bizsupport/TechSupport/Document.jsp?lang=en&cc=us&objectID=c01745133; http://labs.idefense.com/intelligence/vulnerabilities/display.php?id=777; http://lists.opensuse.org/opensuse-security-announce/2009-04/msg00001.html","VCDSA23395; VCDSA23392; VCDSA23390","3"
"287","CVE-2009-1100","Multiple unspecified vulnerabilities in Java SE Development Kit (JDK) and Java Runtime Environment (JRE) 5.0 Update 17 and earlier, and 6 Update 12 and earlier, allow remote attackers to cause a denial of service (disk consumption) via vectors related to temporary font files and (1) ""limits on Font creation,"" aka CR 6522586, and (2) another unspecified vector, aka CR 6632886.","5.0","MEDIUM","2009-03-25","http://h20000.www2.hp.com/bizsupport/TechSupport/Document.jsp?lang=en&cc=us&objectID=c01745133; http://lists.opensuse.org/opensuse-security-announce/2009-04/msg00001.html; http://lists.opensuse.org/opensuse-security-announce/2009-05/msg00003.html","VCDSA23395; VCDSA23392; VCDSA23390","3"
"288","CVE-2009-1101","Unspecified vulnerability in the lightweight HTTP server implementation in Java SE Development Kit (JDK) and Java Runtime Environment (JRE) 6 Update 12 and earlier allows remote attackers to cause a denial of service (probably resource consumption) for a JAX-WS service endpoint via a connection without any data, which triggers a file descriptor ""leak.""","5.0","MEDIUM","2009-03-25","http://h20000.www2.hp.com/bizsupport/TechSupport/Document.jsp?lang=en&cc=us&objectID=c01745133; http://lists.opensuse.org/opensuse-security-announce/2009-04/msg00001.html; http://lists.opensuse.org/opensuse-security-announce/2009-05/msg00003.html","VCDSA23395; VCDSA23392; VCDSA23390","3"
"289","CVE-2009-1102","Unspecified vulnerability in the Virtual Machine in Java SE Development Kit (JDK) and Java Runtime Environment (JRE) 6 Update 12 and earlier allows remote attackers to access files and execute arbitrary code via unknown vectors related to ""code generation.""","6.4","MEDIUM","2009-03-25","http://h20000.www2.hp.com/bizsupport/TechSupport/Document.jsp?lang=en&cc=us&objectID=c01745133; http://lists.opensuse.org/opensuse-security-announce/2009-04/msg00001.html; http://lists.opensuse.org/opensuse-security-announce/2009-05/msg00003.html","VCDSA23395; VCDSA23392; VCDSA23390","3"
"290","CVE-2009-1103","Unspecified vulnerability in the Java Plug-in in Java SE Development Kit (JDK) and Java Runtime Environment (JRE) 5.0 Update 17 and earlier; 6 Update 12 and earlier; 1.4.2_19 and earlier; and 1.3.1_24 and earlier allows remote attackers to access files and execute arbitrary code via unknown vectors related to ""deserializing applets,"" aka CR 6646860.","6.4","MEDIUM","2009-03-25","http://h20000.www2.hp.com/bizsupport/TechSupport/Document.jsp?lang=en&cc=us&objectID=c01745133; http://lists.opensuse.org/opensuse-security-announce/2009-04/msg00001.html; http://lists.opensuse.org/opensuse-security-announce/2009-06/msg00003.html","VCDSA23395; VCDSA23392; VCDSA23390","3"
"291","CVE-2009-1104","The Java Plug-in in Java SE Development Kit (JDK) and Java Runtime Environment (JRE) 5.0 Update 17 and earlier; 6 Update 12 and earlier; and 1.4.2_19 and earlier does not prevent Javascript that is loaded from the localhost from connecting to other ports on the system, which allows user-assisted attackers to bypass intended access restrictions via LiveConnect, aka CR 6724331.  NOTE: this vulnerability can be leveraged with separate cross-site scripting (XSS) vulnerabilities for remote attack vectors.","5.8","MEDIUM","2009-03-25","http://h20000.www2.hp.com/bizsupport/TechSupport/Document.jsp?lang=en&cc=us&objectID=c01745133; http://lists.opensuse.org/opensuse-security-announce/2009-04/msg00001.html; http://lists.opensuse.org/opensuse-security-announce/2009-06/msg00003.html","VCDSA23395; VCDSA23392; VCDSA23390","3"
"292","CVE-2009-1105","The Java Plug-in in Java SE Development Kit (JDK) and Java Runtime Environment (JRE) 6 Update 12, 11, and 10 allows user-assisted remote attackers to cause a trusted applet to run in an older JRE version, which can be used to exploit vulnerabilities in that older version, aka CR 6706490.","7.5","HIGH","2009-03-25","http://h20000.www2.hp.com/bizsupport/TechSupport/Document.jsp?lang=en&cc=us&objectID=c01745133; http://lists.apple.com/archives/security-announce/2010//May/msg00001.html; http://lists.opensuse.org/opensuse-security-announce/2009-04/msg00001.html","VCDSA23395; VCDSA23392; VCDSA23390","3"
"293","CVE-2009-1106","The Java Plug-in in Java SE Development Kit (JDK) and Java Runtime Environment (JRE) 6 Update 12, 11, and 10 does not properly parse crossdomain.xml files, which allows remote attackers to bypass intended access restrictions and connect to arbitrary sites via unknown vectors, aka CR 6798948.","6.4","MEDIUM","2009-03-25","http://h20000.www2.hp.com/bizsupport/TechSupport/Document.jsp?lang=en&cc=us&objectID=c01745133; http://lists.opensuse.org/opensuse-security-announce/2009-04/msg00001.html; http://lists.opensuse.org/opensuse-security-announce/2009-07/msg00001.html","VCDSA23395; VCDSA23392; VCDSA23390","3"
"294","CVE-2009-1107","The Java Plug-in in Java SE Development Kit (JDK) and Java Runtime Environment (JRE) 6 Update 12 and earlier, and 5.0 Update 17 and earlier, allows remote attackers to trick a user into trusting a signed applet via unknown vectors that misrepresent the security warning dialog, related to a ""Swing JLabel HTML parsing vulnerability,"" aka CR 6782871.","4.3","MEDIUM","2009-03-25","http://h20000.www2.hp.com/bizsupport/TechSupport/Document.jsp?lang=en&cc=us&objectID=c01745133; http://lists.opensuse.org/opensuse-security-announce/2009-04/msg00001.html; http://lists.opensuse.org/opensuse-security-announce/2009-06/msg00003.html","VCDSA23395; VCDSA23392; VCDSA23390","3"
"295","CVE-2009-1146","Unspecified vulnerability in an ioctl in hcmon.sys in VMware Workstation 6.5.1 and earlier, VMware Player 2.5.1 and earlier, VMware ACE 2.5.1 and earlier, and VMware Server 1.0.x before 1.0.9 build 156507 and 2.0.x before 2.0.1 build 156745 allows local users to cause a denial of service via unknown vectors, a different vulnerability than CVE-2008-3761.","4.9","MEDIUM","2009-04-06","http://lists.vmware.com/pipermail/security-announce/2009/000054.html; http://seclists.org/fulldisclosure/2009/Apr/0036.html; http://www.securityfocus.com/bid/34373","VCDSA23400","1"
"296","CVE-2009-1147","Unspecified vulnerability in vmci.sys in the Virtual Machine Communication Interface (VMCI) in VMware Workstation 6.5.1 and earlier, VMware Player 2.5.1 and earlier, VMware ACE 2.5.1 and earlier, and VMware Server 2.0.x before 2.0.1 build 156745 allows local users to gain privileges via unknown vectors.","7.2","HIGH","2009-04-06","http://lists.vmware.com/pipermail/security-announce/2009/000054.html; http://seclists.org/fulldisclosure/2009/Apr/0036.html; http://www.securityfocus.com/bid/34373","VCDSA23400","1"
"297","CVE-2009-1185","udev before 1.4.1 does not verify whether a NETLINK message originates from kernel space, which allows local users to gain privileges by sending a NETLINK message from user space.","7.2","HIGH","2009-04-17","http://git.kernel.org/?p=linux/hotplug/udev.git%3Ba=commitdiff%3Bh=e2b362d9f23d4c63018709ab5f81a02f72b91e75; http://git.kernel.org/?p=linux/hotplug/udev.git%3Ba=commitdiff%3Bh=e86a923d508c2aed371cdd958ce82489cf2ab615; http://kb.juniper.net/InfoCenter/index?page=content&id=JSA10691","VCDSA23386","1"
"298","CVE-2009-1189","The _dbus_validate_signature_with_reason function (dbus-marshal-validate.c) in D-Bus (aka DBus) before 1.2.14 uses incorrect logic to validate a basic type, which allows remote attackers to spoof a signature via a crafted key.  NOTE: this is due to an incorrect fix for CVE-2008-3834.","3.6","LOW","2009-04-27","http://bugs.freedesktop.org/show_bug.cgi?id=17803; http://kb.juniper.net/InfoCenter/index?page=content&id=JSA10705; http://lists.vmware.com/pipermail/security-announce/2010/000082.html","VCDSA23374","1"
"299","CVE-2009-1192","The (1) agp_generic_alloc_page and (2) agp_generic_alloc_pages functions in drivers/char/agp/generic.c in the agp subsystem in the Linux kernel before 2.6.30-rc3 do not zero out pages that may later be available to a user-space process, which allows local users to obtain sensitive information by reading these pages.","4.9","MEDIUM","2009-04-24","http://git.kernel.org/?p=linux/kernel/git/torvalds/linux-2.6.git%3Ba=commit%3Bh=59de2bebabc5027f93df999d59cc65df591c3e6e; http://lists.opensuse.org/opensuse-security-announce/2009-06/msg00002.html; http://lists.opensuse.org/opensuse-security-announce/2009-11/msg00005.html","VCDSA23392","1"
"300","CVE-2009-1244","Unspecified vulnerability in the virtual machine display function in VMware Workstation 6.5.1 and earlier; VMware Player 2.5.1 and earlier; VMware ACE 2.5.1 and earlier; VMware Server 1.x before 1.0.9 build 156507 and 2.x before 2.0.1 build 156745; VMware Fusion before 2.0.4 build 159196; VMware ESXi 3.5; and VMware ESX 3.0.2, 3.0.3, and 3.5 allows guest OS users to execute arbitrary code on the host OS via unknown vectors, a different vulnerability than CVE-2008-4916.","6.8","MEDIUM","2009-04-13","http://lists.vmware.com/pipermail/security-announce/2009/000055.html; http://osvdb.org/53634; http://security.gentoo.org/glsa/glsa-201209-25.xml","VCDSA23383","1"
"301","CVE-2009-1252","Stack-based buffer overflow in the crypto_recv function in ntp_crypto.c in ntpd in NTP before 4.2.4p7 and 4.2.5 before 4.2.5p74, when OpenSSL and autokey are enabled, allows remote attackers to execute arbitrary code via a crafted packet containing an extension field.","6.8","MEDIUM","2009-05-19","ftp://ftp.netbsd.org/pub/NetBSD/security/advisories/NetBSD-SA2009-006.txt.asc; http://lists.opensuse.org/opensuse-security-announce/2009-06/msg00003.html; http://rhn.redhat.com/errata/RHSA-2009-1039.html","VCDSA23392","1"
"302","CVE-2009-1336","fs/nfs/client.c in the Linux kernel before 2.6.23 does not properly initialize a certain structure member that stores the maximum NFS filename length, which allows local users to cause a denial of service (OOPS) via a long filename, related to the encode_lookup function.","4.9","MEDIUM","2009-04-22","http://git.kernel.org/?p=linux/kernel/git/torvalds/linux-2.6.git%3Ba=commit%3Bh=54af3bb543c071769141387a42deaaab5074da55; http://rhn.redhat.com/errata/RHSA-2009-0473.html; http://secunia.com/advisories/35011","VCDSA23392","1"
"303","CVE-2009-1337","The exit_notify function in kernel/exit.c in the Linux kernel before 2.6.30-rc1 does not restrict exit signals when the CAP_KILL capability is held, which allows local users to send an arbitrary signal to a process by running a program that modifies the exit_signal field and then uses an exec system call to launch a setuid application.","4.4","MEDIUM","2009-04-22","http://git.kernel.org/?p=linux/kernel/git/torvalds/linux-2.6.git%3Ba=commit%3Bh=432870dab85a2f69dc417022646cb9a70acf7f94; http://lists.opensuse.org/opensuse-security-announce/2009-05/msg00002.html; http://lists.opensuse.org/opensuse-security-announce/2009-06/msg00000.html","VCDSA23379; VCDSA23392","2"
"304","CVE-2009-1377","The dtls1_buffer_record function in ssl/d1_pkt.c in OpenSSL 0.9.8k and earlier 0.9.8 versions allows remote attackers to cause a denial of service (memory consumption) via a large series of ""future epoch"" DTLS records that are buffered in a queue, aka ""DTLS record buffer limitation bug.""","5.0","MEDIUM","2009-05-19","ftp://ftp.netbsd.org/pub/NetBSD/security/advisories/NetBSD-SA2009-009.txt.asc; http://cvs.openssl.org/chngview?cn=18187; http://h20000.www2.hp.com/bizsupport/TechSupport/Document.jsp?objectID=c02029444","VCDSA23378; VCDSA23374","2"
"305","CVE-2009-1378","Multiple memory leaks in the dtls1_process_out_of_seq_message function in ssl/d1_both.c in OpenSSL 0.9.8k and earlier 0.9.8 versions allow remote attackers to cause a denial of service (memory consumption) via DTLS records that (1) are duplicates or (2) have sequence numbers much greater than current sequence numbers, aka ""DTLS fragment handling memory leak.""","5.0","MEDIUM","2009-05-19","ftp://ftp.netbsd.org/pub/NetBSD/security/advisories/NetBSD-SA2009-009.txt.asc; http://cvs.openssl.org/chngview?cn=18188; http://h20000.www2.hp.com/bizsupport/TechSupport/Document.jsp?objectID=c02029444","VCDSA23378; VCDSA23374","2"
"306","CVE-2009-1379","Use-after-free vulnerability in the dtls1_retrieve_buffered_fragment function in ssl/d1_both.c in OpenSSL 1.0.0 Beta 2 allows remote attackers to cause a denial of service (openssl s_client crash) and possibly have unspecified other impact via a DTLS packet, as demonstrated by a packet from a server that uses a crafted server certificate.","5.0","MEDIUM","2009-05-19","ftp://ftp.netbsd.org/pub/NetBSD/security/advisories/NetBSD-SA2009-009.txt.asc; http://h20000.www2.hp.com/bizsupport/TechSupport/Document.jsp?objectID=c02029444; http://lists.opensuse.org/opensuse-security-announce/2009-06/msg00003.html","VCDSA23378; VCDSA23374","2"
"307","CVE-2009-1384","pam_krb5 2.2.14 through 2.3.4, as used in Red Hat Enterprise Linux (RHEL) 5, generates different password prompts depending on whether the user account exists, which allows remote attackers to enumerate valid usernames.","5.0","MEDIUM","2009-05-28","http://osvdb.org/54791; http://secunia.com/advisories/35230; http://secunia.com/advisories/43314","VCDSA23418; VCDSA23378","2"
"308","CVE-2009-1385","Integer underflow in the e1000_clean_rx_irq function in drivers/net/e1000/e1000_main.c in the e1000 driver in the Linux kernel before 2.6.30-rc8, the e1000e driver in the Linux kernel, and Intel Wired Ethernet (aka e1000) before 7.5.5 allows remote attackers to cause a denial of service (panic) via a crafted frame size.","7.8","HIGH","2009-06-04","http://git.kernel.org/?p=linux/kernel/git/torvalds/linux-2.6.git%3Ba=commit%3Bh=ea30e11970a96cfe5e32c03a29332554573b4a10; http://lists.opensuse.org/opensuse-security-announce/2009-07/msg00004.html; http://osvdb.org/54892","VCDSA23379; VCDSA23392","2"
"309","CVE-2009-1386","ssl/s3_pkt.c in OpenSSL before 0.9.8i allows remote attackers to cause a denial of service (NULL pointer dereference and daemon crash) via a DTLS ChangeCipherSpec packet that occurs before ClientHello.","5.0","MEDIUM","2009-06-04","ftp://ftp.netbsd.org/pub/NetBSD/security/advisories/NetBSD-SA2009-009.txt.asc; http://cvs.openssl.org/chngview?cn=17369; http://h20000.www2.hp.com/bizsupport/TechSupport/Document.jsp?objectID=c02029444","VCDSA23378; VCDSA23374","2"
"310","CVE-2009-1387","The dtls1_retrieve_buffered_fragment function in ssl/d1_both.c in OpenSSL before 1.0.0 Beta 2 allows remote attackers to cause a denial of service (NULL pointer dereference and daemon crash) via an out-of-sequence DTLS handshake message, related to a ""fragment bug.""","5.0","MEDIUM","2009-06-04","ftp://ftp.netbsd.org/pub/NetBSD/security/advisories/NetBSD-SA2009-009.txt.asc; http://cvs.openssl.org/chngview?cn=17958; http://h20000.www2.hp.com/bizsupport/TechSupport/Document.jsp?objectID=c02029444","VCDSA23378; VCDSA23374","2"
"311","CVE-2009-1388","The ptrace_start function in kernel/ptrace.c in the Linux kernel 2.6.18 does not properly handle simultaneous execution of the do_coredump function, which allows local users to cause a denial of service (deadlock) via vectors involving the ptrace system call and a coredumping thread.","5.5","MEDIUM","2009-07-05","http://marc.info/?l=oss-security&m=124654277229434&w=2; http://osvdb.org/55679; http://secunia.com/advisories/36131","VCDSA23392","1"
"312","CVE-2009-1389","Buffer overflow in the RTL8169 NIC driver (drivers/net/r8169.c) in the Linux kernel before 2.6.30 allows remote attackers to cause a denial of service (kernel memory corruption and crash) via a long packet.","7.8","HIGH","2009-06-16","http://git.kernel.org/?p=linux/kernel/git/torvalds/linux-2.6.git%3Ba=commitdiff%3Bh=fdd7b4c3302c93f6833e338903ea77245eb510b4; http://lists.opensuse.org/opensuse-security-announce/2009-07/msg00004.html; http://lists.opensuse.org/opensuse-security-announce/2010-07/msg00006.html","VCDSA23392","1"
"313","CVE-2009-1439","Buffer overflow in fs/cifs/connect.c in CIFS in the Linux kernel 2.6.29 and earlier allows remote attackers to cause a denial of service (crash) via a long nativeFileSystem field in a Tree Connect response to an SMB mount request.","7.8","HIGH","2009-04-27","http://blog.fefe.de/?ts=b72905a8; http://git.kernel.org/?p=linux/kernel/git/torvalds/linux-2.6.git%3Ba=commit%3Bh=b363b3304bcf68c4541683b2eff70b29f0446a5b; http://lists.opensuse.org/opensuse-security-announce/2009-05/msg00002.html","VCDSA23392","1"
"314","CVE-2009-1523","Directory traversal vulnerability in the HTTP server in Mort Bay Jetty 5.1.14, 6.x before 6.1.17, and 7.x through 7.0.0.M2 allows remote attackers to access arbitrary files via directory traversal sequences in the URI.","5.0","MEDIUM","2009-05-05","http://itrc.hp.com/service/cki/docDisplay.do?docId=emr_na-c02282388; http://jira.codehaus.org/browse/JETTY-1004; http://secunia.com/advisories/34975","VCDSA23381","1"
"315","CVE-2009-1524","Cross-site scripting (XSS) vulnerability in Mort Bay Jetty before 6.1.17 allows remote attackers to inject arbitrary web script or HTML via a directory listing request containing a ; (semicolon) character.","4.3","MEDIUM","2009-05-05","http://itrc.hp.com/service/cki/docDisplay.do?docId=emr_na-c02282388; http://jira.codehaus.org/browse/JETTY-980; http://secunia.com/advisories/34975","VCDSA23381","1"
"316","CVE-2009-1563","Rejected reason: DO NOT USE THIS CANDIDATE NUMBER.  ConsultIDs: CVE-2009-0689.  Reason: This candidate is a duplicate of CVE-2009-0689.  Certain codebase relationships were not originally clear.  Notes: All CVE users should reference CVE-2009-0689 instead of this candidate.  All references and descriptions in this candidate have been removed to prevent accidental usage","N/A","N/A","2009-10-29","","VCDSA23394","1"
"317","CVE-2009-1564","Heap-based buffer overflow in vmnc.dll in the VMnc media codec in VMware Movie Decoder before 6.5.4 Build 246459 on Windows, and the movie decoder in VMware Workstation 6.5.x before 6.5.4 build 246459, VMware Player 2.5.x before 2.5.4 build 246459, and VMware Server 2.x on Windows, allows remote attackers to execute arbitrary code via an AVI file with crafted video chunks that use HexTile encoding.","9.3","HIGH","2010-04-12","http://archives.neohapsis.com/archives/bugtraq/2010-04/0077.html; http://archives.neohapsis.com/archives/fulldisclosure/2010-04/0121.html; http://labs.idefense.com/intelligence/vulnerabilities/display.php?id=866","VCDSA23377","1"
"318","CVE-2009-1565","vmnc.dll in the VMnc media codec in VMware Movie Decoder before 6.5.4 Build 246459 on Windows, and the movie decoder in VMware Workstation 6.5.x before 6.5.4 build 246459, VMware Player 2.5.x before 2.5.4 build 246459, and VMware Server 2.x on Windows, allows remote attackers to execute arbitrary code via an AVI file with crafted HexTile-encoded video chunks that trigger heap-based buffer overflows, related to ""integer truncation errors.""","9.3","HIGH","2010-04-12","http://archives.neohapsis.com/archives/bugtraq/2010-04/0077.html; http://archives.neohapsis.com/archives/fulldisclosure/2010-04/0121.html; http://lists.vmware.com/pipermail/security-announce/2010/000090.html","VCDSA23377","1"
"319","CVE-2009-1630","The nfs_permission function in fs/nfs/dir.c in the NFS client implementation in the Linux kernel 2.6.29.3 and earlier, when atomic_open is available, does not check execute (aka EXEC or MAY_EXEC) permission bits, which allows local users to bypass permissions and execute files, as demonstrated by files on an NFSv4 fileserver.","4.4","MEDIUM","2009-05-14","http://article.gmane.org/gmane.linux.nfs/26592; http://bugzilla.linux-nfs.org/show_bug.cgi?id=131; http://linux-nfs.org/pipermail/nfsv4/2006-November/005313.html","VCDSA23392","1"
"320","CVE-2009-1633","Multiple buffer overflows in the cifs subsystem in the Linux kernel before 2.6.29.4 allow remote CIFS servers to cause a denial of service (memory corruption) and possibly have unspecified other impact via (1) a malformed Unicode string, related to Unicode string area alignment in fs/cifs/sess.c; or (2) long Unicode characters, related to fs/cifs/cifssmb.c and the cifs_readdir function in fs/cifs/readdir.c.","7.1","HIGH","2009-05-28","http://git.kernel.org/?p=linux/kernel/git/sfrench/cifs-2.6.git%3Ba=commit%3Bh=7b0c8fcff47a885743125dd843db64af41af5a61; http://git.kernel.org/?p=linux/kernel/git/sfrench/cifs-2.6.git%3Ba=commit%3Bh=968460ebd8006d55661dec0fb86712b40d71c413; http://git.kernel.org/?p=linux/kernel/git/torvalds/linux-2.6.git%3Ba=commit%3Bh=27b87fe52baba0a55e9723030e76fce94fabcea4","VCDSA23392","1"
"321","CVE-2009-1805","Unspecified vulnerability in the VMware Descheduled Time Accounting driver in VMware Workstation 6.5.1 and earlier, VMware Player 2.5.1 and earlier, VMware ACE 2.5.1 and earlier, VMware Server 1.x before 1.0.9 build 156507 and 2.x before 2.0.1 build 156745, VMware Fusion 2.x before 2.0.2 build 147997, VMware ESXi 3.5, and VMware ESX 3.0.2, 3.0.3, and 3.5, when the Descheduled Time Accounting Service is not running, allows guest OS users on Windows to cause a denial of service via unknown vectors.","4.0","MEDIUM","2009-06-01","http://secunia.com/advisories/35269; http://www.securityfocus.com/archive/1/503912/100/0/threaded; http://www.securityfocus.com/bid/35141","VCDSA23384","1"
"322","CVE-2009-1887","agent/snmp_agent.c in snmpd in net-snmp 5.0.9 in Red Hat Enterprise Linux (RHEL) 3 allows remote attackers to cause a denial of service (daemon crash) via a crafted SNMP GETBULK request that triggers a divide-by-zero error.  NOTE: this vulnerability exists because of an incorrect fix for CVE-2008-4309.","5.0","MEDIUM","2009-06-26","http://www.mandriva.com/security/advisories?name=MDVSA-2009:156; http://www.redhat.com/support/errata/RHSA-2009-1124.html; https://bugzilla.redhat.com/show_bug.cgi?id=506903","VCDSA23373","1"
"323","CVE-2009-1888","The acl_group_override function in smbd/posix_acls.c in smbd in Samba 3.0.x before 3.0.35, 3.1.x and 3.2.x before 3.2.13, and 3.3.x before 3.3.6, when dos filemode is enabled, allows remote attackers to modify access control lists for files via vectors related to read access to uninitialized memory.","5.8","MEDIUM","2009-06-25","http://secunia.com/advisories/35539; http://secunia.com/advisories/35573; http://secunia.com/advisories/35606","VCDSA23376","1"
"324","CVE-2009-1893","The configtest function in the Red Hat dhcpd init script for DHCP 3.0.1 in Red Hat Enterprise Linux (RHEL) 3 allows local users to overwrite arbitrary files via a symlink attack on an unspecified temporary file, related to the ""dhcpd -t"" command.","6.9","MEDIUM","2009-07-17","http://secunia.com/advisories/35831; http://securitytracker.com/id?1022554; http://www.redhat.com/support/errata/RHSA-2009-1154.html","VCDSA23390","1"
"325","CVE-2009-1895","The personality subsystem in the Linux kernel before 2.6.31-rc3 has a PER_CLEAR_ON_SETID setting that does not clear the ADDR_COMPAT_LAYOUT and MMAP_PAGE_ZERO flags when executing a setuid or setgid program, which makes it easier for local users to leverage the details of memory usage to (1) conduct NULL pointer dereference attacks, (2) bypass the mmap_min_addr protection mechanism, or (3) defeat address space layout randomization (ASLR).","7.2","HIGH","2009-07-16","http://blog.cr0.org/2009/06/bypassing-linux-null-pointer.html; http://git.kernel.org/?p=linux/kernel/git/torvalds/linux-2.6.git%3Ba=commit%3Bh=f9fabcb58a6d26d6efde842d1703ac7cfa9427b6; http://patchwork.kernel.org/patch/32598/","VCDSA23379; VCDSA23392","2"
"326","CVE-2009-2042","libpng before 1.2.37 does not properly parse 1-bit interlaced images with width values that are not divisible by 8, which causes libpng to include uninitialized bits in certain rows of a PNG file and might allow remote attackers to read portions of sensitive memory via ""out-of-bounds pixels"" in the file.","4.3","MEDIUM","2009-06-12","http://archives.neohapsis.com/archives/bugtraq/2010-04/0077.html; http://archives.neohapsis.com/archives/fulldisclosure/2010-04/0121.html; http://lists.apple.com/archives/security-announce/2010//Mar/msg00001.html","VCDSA23377","1"
"327","CVE-2009-2267","VMware Workstation 6.5.x before 6.5.3 build 185404, VMware Player 2.5.x before 2.5.3 build 185404, VMware ACE 2.5.x before 2.5.3 build 185404, VMware Server 1.x before 1.0.10 build 203137 and 2.x before 2.0.2 build 203138, VMware Fusion 2.x before 2.0.6 build 196839, VMware ESXi 3.5 and 4.0, and VMware ESX 2.5.5, 3.0.3, 3.5, and 4.0, when Virtual-8086 mode is used, do not properly set the exception code upon a page fault (aka #PF) exception, which allows guest OS users to gain privileges on the guest OS by specifying a crafted value for the cs register.","6.9","MEDIUM","2009-11-02","http://lists.vmware.com/pipermail/security-announce/2009/000069.html; http://secunia.com/advisories/37172; http://security.gentoo.org/glsa/glsa-201209-25.xml","VCDSA23391","1"
"328","CVE-2009-2277","Cross-site scripting (XSS) vulnerability in WebAccess in VMware VirtualCenter 2.0.2 and 2.5 and VMware ESX 3.0.3 and 3.5 allows remote attackers to inject arbitrary web script or HTML via vectors related to ""context data.""","4.3","MEDIUM","2010-04-01","http://lists.vmware.com/pipermail/security-announce/2010/000086.html; http://www.securityfocus.com/bid/39037; http://www.vmware.com/security/advisories/VMSA-2010-0005.html","VCDSA23375","1"
"329","CVE-2009-2404","Heap-based buffer overflow in a regular-expression parser in Mozilla Network Security Services (NSS) before 3.12.3, as used in Firefox, Thunderbird, SeaMonkey, Evolution, Pidgin, and AOL Instant Messenger (AIM), allows remote SSL servers to cause a denial of service (application crash) or possibly execute arbitrary code via a long domain name in the subject's Common Name (CN) field of an X.509 certificate, related to the cert_TestHostName function.","9.3","HIGH","2009-08-03","http://rhn.redhat.com/errata/RHSA-2009-1185.html; http://secunia.com/advisories/36088; http://secunia.com/advisories/36102","VCDSA23394","1"
"330","CVE-2009-2406","Stack-based buffer overflow in the parse_tag_11_packet function in fs/ecryptfs/keystore.c in the eCryptfs subsystem in the Linux kernel before 2.6.30.4 allows local users to cause a denial of service (system crash) or possibly gain privileges via vectors involving a crafted eCryptfs file, related to not ensuring that the key signature length in a Tag 11 packet is compatible with the key signature buffer size.","6.9","MEDIUM","2009-07-31","http://git.kernel.org/?p=linux/kernel/git/torvalds/linux-2.6.git%3Ba=commit%3Bh=6352a29305373ae6196491e6d4669f301e26492e; http://lists.opensuse.org/opensuse-security-announce/2009-09/msg00001.html; http://risesecurity.org/advisories/RISE-2009002.txt","VCDSA23392","1"
"331","CVE-2009-2407","Heap-based buffer overflow in the parse_tag_3_packet function in fs/ecryptfs/keystore.c in the eCryptfs subsystem in the Linux kernel before 2.6.30.4 allows local users to cause a denial of service (system crash) or possibly gain privileges via vectors involving a crafted eCryptfs file, related to a large encrypted key size in a Tag 3 packet.","6.9","MEDIUM","2009-07-31","http://git.kernel.org/?p=linux/kernel/git/torvalds/linux-2.6.git%3Ba=commit%3Bh=f151cd2c54ddc7714e2f740681350476cda03a28; http://lists.opensuse.org/opensuse-security-announce/2009-09/msg00001.html; http://risesecurity.org/advisories/RISE-2009003.txt","VCDSA23392","1"
"332","CVE-2009-2408","Mozilla Network Security Services (NSS) before 3.12.3, Firefox before 3.0.13, Thunderbird before 2.0.0.23, and SeaMonkey before 1.1.18 do not properly handle a '\0' character in a domain name in the subject's Common Name (CN) field of an X.509 certificate, which allows man-in-the-middle attackers to spoof arbitrary SSL servers via a crafted certificate issued by a legitimate Certification Authority. NOTE: this was originally reported for Firefox before 3.5.","5.9","MEDIUM","2009-07-30","http://isc.sans.org/diary.html?storyid=7003; http://lists.opensuse.org/opensuse-security-announce/2009-11/msg00004.html; http://marc.info/?l=oss-security&m=125198917018936&w=2","VCDSA23394","1"
"333","CVE-2009-2409","The Network Security Services (NSS) library before 3.12.3, as used in Firefox; GnuTLS before 2.6.4 and 2.7.4; OpenSSL 0.9.8 through 0.9.8k; and other products support MD2 with X.509 certificates, which might allow remote attackers to spoof certificates by using MD2 design flaws to generate a hash collision in less than brute-force time.  NOTE: the scope of this issue is currently limited because the amount of computation required is still large.","5.1","MEDIUM","2009-07-30","http://java.sun.com/j2se/1.5.0/ReleaseNotes.html; http://java.sun.com/javase/6/webnotes/6u17.html; http://lists.apple.com/archives/security-announce/2009/Nov/msg00000.html","VCDSA23414; VCDSA23413; VCDSA23378; VCDSA23394","4"
"334","CVE-2009-2414","Stack consumption vulnerability in libxml2 2.5.10, 2.6.16, 2.6.26, 2.6.27, and 2.6.32, and libxml 1.8.17, allows context-dependent attackers to cause a denial of service (application crash) via a large depth of element declarations in a DTD, related to a function recursion, as demonstrated by the Codenomicon XML fuzzing framework.","4.3","MEDIUM","2009-08-11","http://googlechromereleases.blogspot.com/2009/08/stable-update-security-fixes.html; http://lists.apple.com/archives/security-announce/2009/Nov/msg00000.html; http://lists.apple.com/archives/security-announce/2009/Nov/msg00001.html","VCDSA23392","1"
"335","CVE-2009-2416","Multiple use-after-free vulnerabilities in libxml2 2.5.10, 2.6.16, 2.6.26, 2.6.27, and 2.6.32, and libxml 1.8.17, allow context-dependent attackers to cause a denial of service (application crash) via crafted (1) Notation or (2) Enumeration attribute types in an XML file, as demonstrated by the Codenomicon XML fuzzing framework.","6.5","MEDIUM","2009-08-11","http://googlechromereleases.blogspot.com/2009/08/stable-update-security-fixes.html; http://lists.apple.com/archives/security-announce/2009/Nov/msg00000.html; http://lists.apple.com/archives/security-announce/2009/Nov/msg00001.html","VCDSA23392","1"
"336","CVE-2009-2417","lib/ssluse.c in cURL and libcurl 7.4 through 7.19.5, when OpenSSL is used, does not properly handle a '\0' character in a domain name in the subject's Common Name (CN) field of an X.509 certificate, which allows man-in-the-middle attackers to spoof arbitrary SSL servers via a crafted certificate issued by a legitimate Certification Authority, a related issue to CVE-2009-2408.","7.5","HIGH","2009-08-14","http://curl.haxx.se/CVE-2009-2417/curl-7.10.6-CVE-2009-2417.patch; http://curl.haxx.se/CVE-2009-2417/curl-7.11.0-CVE-2009-2417.patch; http://curl.haxx.se/CVE-2009-2417/curl-7.12.1-CVE-2009-2417.patch","VCDSA23392","1"
"337","CVE-2009-2625","XMLScanner.java in Apache Xerces2 Java, as used in Sun Java Runtime Environment (JRE) in JDK and JRE 6 before Update 15 and JDK and JRE 5.0 before Update 20, and in other products, allows remote attackers to cause a denial of service (infinite loop and application hang) via malformed XML input, as demonstrated by the Codenomicon XML fuzzing framework.","5.0","MEDIUM","2009-08-06","http://lists.apple.com/archives/security-announce/2009/Sep/msg00000.html; http://lists.opensuse.org/opensuse-security-announce/2009-10/msg00001.html; http://lists.opensuse.org/opensuse-security-announce/2009-10/msg00004.html","VCDSA23395; VCDSA23392","2"
"338","CVE-2009-2628","The VMnc media codec in vmnc.dll in VMware Movie Decoder before 6.5.3 build 185404, VMware Workstation 6.5.x before 6.5.3 build 185404, VMware Player 2.5.x before 2.5.3 build 185404, and VMware ACE 2.5.x before 2.5.3 build 185404 on Windows does not properly handle certain small heights in video content, which might allow remote attackers to execute arbitrary code via a crafted AVI file that triggers heap memory corruption.","9.3","HIGH","2009-09-08","http://lists.vmware.com/pipermail/security-announce/2009/000065.html; http://secunia.com/advisories/34938; http://www.kb.cert.org/vuls/id/444513","VCDSA23401","1"
"339","CVE-2009-2670","The audio system in Sun Java Runtime Environment (JRE) in JDK and JRE 6 before Update 15, and JDK and JRE 5.0 before Update 20, does not prevent access to java.lang.System properties by (1) untrusted applets and (2) Java Web Start applications, which allows context-dependent attackers to obtain sensitive information by reading these properties.","5.0","MEDIUM","2009-08-05","http://java.sun.com/j2se/1.5.0/ReleaseNotes.html#150_20; http://java.sun.com/javase/6/webnotes/6u15.html; http://lists.apple.com/archives/security-announce/2009/Sep/msg00000.html","VCDSA23395; VCDSA23392","2"
"340","CVE-2009-2671","The SOCKS proxy implementation in Sun Java Runtime Environment (JRE) in JDK and JRE 6 before Update 15, and JDK and JRE 5.0 before Update 20, allows remote attackers to discover the username of the account that invoked an untrusted (1) applet or (2) Java Web Start application via unspecified vectors.","5.0","MEDIUM","2009-08-05","http://java.sun.com/j2se/1.5.0/ReleaseNotes.html#150_20; http://java.sun.com/javase/6/webnotes/6u15.html; http://lists.apple.com/archives/security-announce/2009/Sep/msg00000.html","VCDSA23395; VCDSA23392","2"
"341","CVE-2009-2672","The proxy mechanism implementation in Sun Java Runtime Environment (JRE) in JDK and JRE 6 before Update 15, and JDK and JRE 5.0 before Update 20, does not prevent access to browser cookies by untrusted (1) applets and (2) Java Web Start applications, which allows remote attackers to hijack web sessions via unspecified vectors.","7.5","HIGH","2009-08-05","http://java.sun.com/j2se/1.5.0/ReleaseNotes.html#150_20; http://java.sun.com/javase/6/webnotes/6u15.html; http://lists.apple.com/archives/security-announce/2009/Sep/msg00000.html","VCDSA23395; VCDSA23392","2"
"342","CVE-2009-2673","The proxy mechanism implementation in Sun Java Runtime Environment (JRE) in JDK and JRE 6 before Update 15, and JDK and JRE 5.0 before Update 20, allows remote attackers to bypass intended access restrictions and connect to arbitrary sites via unspecified vectors, related to a declaration that lacks the final keyword.","7.5","HIGH","2009-08-05","http://java.sun.com/j2se/1.5.0/ReleaseNotes.html#150_20; http://java.sun.com/javase/6/webnotes/6u15.html; http://lists.apple.com/archives/security-announce/2009/Sep/msg00000.html","VCDSA23395; VCDSA23392","2"
"343","CVE-2009-2675","Integer overflow in the unpack200 utility in Sun Java Runtime Environment (JRE) in JDK and JRE 6 before Update 15, and JDK and JRE 5.0 before Update 20, allows context-dependent attackers to gain privileges via unspecified length fields in the header of a Pack200-compressed JAR file, which leads to a heap-based buffer overflow during decompression.","10.0","HIGH","2009-08-05","http://labs.idefense.com/intelligence/vulnerabilities/display.php?id=814; http://lists.apple.com/archives/security-announce/2009/Sep/msg00000.html; http://lists.opensuse.org/opensuse-security-announce/2009-08/msg00003.html","VCDSA23395; VCDSA23392","2"
"344","CVE-2009-2676","Unspecified vulnerability in JNLPAppletlauncher in Sun Java SE, and SE for Business, in JDK and JRE 6 Update 14 and earlier and JDK and JRE 5.0 Update 19 and earlier; and Java SE for Business in SDK and JRE 1.4.2_21 and earlier; allows remote attackers to create or modify arbitrary files via vectors involving an untrusted Java applet that accesses an old version of JNLPAppletLauncher.","6.8","MEDIUM","2009-08-05","http://lists.opensuse.org/opensuse-security-announce/2009-08/msg00003.html; http://lists.opensuse.org/opensuse-security-announce/2009-11/msg00002.html; http://marc.info/?l=bugtraq&m=125787273209737&w=2","VCDSA23395; VCDSA23392","2"
"345","CVE-2009-2692","The Linux kernel 2.6.0 through 2.6.30.4, and 2.4.4 through 2.4.37.4, does not initialize all function pointers for socket operations in proto_ops structures, which allows local users to trigger a NULL pointer dereference and gain privileges by using mmap to map page zero, placing arbitrary code on this page, and then invoking an unavailable operation, as demonstrated by the sendpage operation (sock_sendpage function) on a PF_PPPOX socket.","7.8","HIGH","2009-08-14","http://archives.neohapsis.com/archives/fulldisclosure/2009-08/0174.html; http://blog.cr0.org/2009/08/linux-null-pointer-dereference-due-to.html; http://git.kernel.org/?p=linux/kernel/git/stable/linux-2.4.37.y.git%3Ba=commit%3Bh=c18d0fe535a73b219f960d1af3d0c264555a12e3","VCDSA23379; VCDSA23392","2"
"346","CVE-2009-2693","Directory traversal vulnerability in Apache Tomcat 5.5.0 through 5.5.28 and 6.0.0 through 6.0.20 allows remote attackers to create or overwrite arbitrary files via a .. (dot dot) in an entry in a WAR file, as demonstrated by a ../../bin/catalina.bat entry.","5.8","MEDIUM","2010-01-28","http://h20000.www2.hp.com/bizsupport/TechSupport/Document.jsp?objectID=c02241113; http://lists.apple.com/archives/security-announce/2010//Mar/msg00001.html; http://lists.opensuse.org/opensuse-security-announce/2010-04/msg00001.html","VCDSA23418","1"
"347","CVE-2009-2695","The Linux kernel before 2.6.31-rc7 does not properly prevent mmap operations that target page zero and other low memory addresses, which allows local users to gain privileges by exploiting NULL pointer dereference vulnerabilities, related to (1) the default configuration of the allow_unconfined_mmap_low boolean in SELinux on Red Hat Enterprise Linux (RHEL) 5, (2) an error that causes allow_unconfined_mmap_low to be ignored in the unconfined_t domain, (3) lack of a requirement for the CAP_SYS_RAWIO capability for these mmap operations, and (4) interaction between the mmap_min_addr protection mechanism and certain application programs.","7.2","HIGH","2009-08-28","http://danwalsh.livejournal.com/30084.html; http://eparis.livejournal.com/606.html; http://git.kernel.org/?p=linux/kernel/git/jmorris/security-testing-2.6.git%3Ba=commit%3Bh=47d439e9fb8a81a90022cfa785bf1c36c4e2aff6","VCDSA23378; VCDSA23374","2"
"348","CVE-2009-2698","The udp_sendmsg function in the UDP implementation in (1) net/ipv4/udp.c and (2) net/ipv6/udp.c in the Linux kernel before 2.6.19 allows local users to gain privileges or cause a denial of service (NULL pointer dereference and system crash) via vectors involving the MSG_MORE flag and a UDP socket.","7.8","HIGH","2009-08-27","http://git.kernel.org/?p=linux/kernel/git/torvalds/linux-2.6.git%3Ba=commit%3Bh=1e0c14f49d6b393179f423abbac47f85618d3d46; http://lists.opensuse.org/opensuse-security-announce/2009-08/msg00008.html; http://rhn.redhat.com/errata/RHSA-2009-1222.html","VCDSA23379; VCDSA23392","2"
"349","CVE-2009-2716","The plugin functionality in Sun Java SE 6 before Update 15 does not properly implement version selection, which allows context-dependent attackers to leverage vulnerabilities in ""old zip and certificate handling"" and have unspecified other impact via unknown vectors.","7.5","HIGH","2009-08-10","http://java.sun.com/javase/6/webnotes/6u15.html; http://secunia.com/advisories/37386; http://secunia.com/advisories/37460","VCDSA23395; VCDSA23392","2"
"350","CVE-2009-2718","The Abstract Window Toolkit (AWT) implementation in Sun Java SE 6 before Update 15 on X11 does not impose the intended constraint on distance from the window border to the Security Warning Icon, which makes it easier for context-dependent attackers to trick a user into interacting unsafely with an untrusted applet.","6.8","MEDIUM","2009-08-10","http://java.sun.com/javase/6/webnotes/6u15.html; http://secunia.com/advisories/37386; http://secunia.com/advisories/37460","VCDSA23395; VCDSA23392","2"
"351","CVE-2009-2719","The Java Web Start implementation in Sun Java SE 6 before Update 15 allows context-dependent attackers to cause a denial of service (NullPointerException) via a crafted .jnlp file, as demonstrated by the jnlp_file/appletDesc/index.html#misc test in the Technology Compatibility Kit (TCK) for the Java Network Launching Protocol (JNLP).","5.0","MEDIUM","2009-08-10","http://java.sun.com/javase/6/webnotes/6u15.html; http://secunia.com/advisories/37386; http://secunia.com/advisories/37460","VCDSA23395; VCDSA23392","2"
"352","CVE-2009-2720","Unspecified vulnerability in the javax.swing.plaf.synth.SynthContext.isSubregion method in the Swing implementation in Sun Java SE 6 before Update 15 allows context-dependent attackers to cause a denial of service (NullPointerException in the Jemmy library) via unknown vectors.","5.0","MEDIUM","2009-08-10","http://java.sun.com/javase/6/webnotes/6u15.html; http://secunia.com/advisories/37386; http://secunia.com/advisories/37460","VCDSA23395; VCDSA23392","2"
"353","CVE-2009-2721","Multiple unspecified vulnerabilities in the Provider class in Sun Java SE 5.0 before Update 20 have unknown impact and attack vectors, aka BugId 6406003.","10.0","HIGH","2009-08-10","http://java.sun.com/j2se/1.5.0/ReleaseNotes.html; http://secunia.com/advisories/37386; http://secunia.com/advisories/37460","VCDSA23395; VCDSA23392","2"
"354","CVE-2009-2722","Multiple unspecified vulnerabilities in the Provider class in Sun Java SE 5.0 before Update 20 have unknown impact and attack vectors, aka BugId 6429594.  NOTE: this issue exists because of an incorrect fix for BugId 6406003.","10.0","HIGH","2009-08-10","http://java.sun.com/j2se/1.5.0/ReleaseNotes.html; http://lists.apple.com/archives/security-announce/2009/Sep/msg00000.html; http://secunia.com/advisories/37386","VCDSA23395; VCDSA23392","2"
"355","CVE-2009-2723","Unspecified vulnerability in deserialization in the Provider class in Sun Java SE 5.0 before Update 20 has unknown impact and attack vectors, aka BugId 6444262.","10.0","HIGH","2009-08-10","http://java.sun.com/j2se/1.5.0/ReleaseNotes.html; http://lists.apple.com/archives/security-announce/2009/Sep/msg00000.html; http://secunia.com/advisories/37386","VCDSA23395; VCDSA23392","2"
"356","CVE-2009-2724","Race condition in the java.lang package in Sun Java SE 5.0 before Update 20 has unknown impact and attack vectors, related to a ""3Y Race condition in reflection checks.""","9.3","HIGH","2009-08-10","http://java.sun.com/j2se/1.5.0/ReleaseNotes.html; http://secunia.com/advisories/37386; http://secunia.com/advisories/37460","VCDSA23395; VCDSA23392","2"
"357","CVE-2009-2730","libgnutls in GnuTLS before 2.8.2 does not properly handle a '\0' character in a domain name in the subject's (1) Common Name (CN) or (2) Subject Alternative Name (SAN) field of an X.509 certificate, which allows man-in-the-middle attackers to spoof arbitrary SSL servers via a crafted certificate issued by a legitimate Certification Authority.","7.5","HIGH","2009-08-12","http://article.gmane.org/gmane.network.gnutls.general/1733; http://lists.opensuse.org/opensuse-security-announce/2009-09/msg00001.html; http://secunia.com/advisories/36266","VCDSA23392","1"
"358","CVE-2009-2813","Samba 3.4 before 3.4.2, 3.3 before 3.3.8, 3.2 before 3.2.15, and 3.0.12 through 3.0.36, as used in the SMB subsystem in Apple Mac OS X 10.5.8 when Windows File Sharing is enabled, Fedora 11, and other operating systems, does not properly handle errors in resolving pathnames, which allows remote authenticated users to bypass intended sharing restrictions, and read, create, or modify files, in certain circumstances involving user accounts that lack home directories.","6.0","MEDIUM","2009-09-14","http://lists.apple.com/archives/security-announce/2009/Sep/msg00004.html; http://lists.opensuse.org/opensuse-security-announce/2009-10/msg00004.html; http://marc.info/?l=bugtraq&m=126514298313071&w=2","VCDSA23376","1"
"359","CVE-2009-2847","The do_sigaltstack function in kernel/signal.c in Linux kernel 2.4 through 2.4.37 and 2.6 before 2.6.31-rc5, when running on 64-bit systems, does not clear certain padding bytes from a structure, which allows local users to obtain sensitive information from the kernel stack via the sigaltstack function.","4.9","MEDIUM","2009-08-18","http://git.kernel.org/?p=linux/kernel/git/torvalds/linux-2.6.git%3Ba=commitdiff%3Bh=0083fc2c50e6c5127c2802ad323adf8143ab7856; http://rhn.redhat.com/errata/RHSA-2009-1243.html; http://secunia.com/advisories/36136","VCDSA23392","1"
"360","CVE-2009-2848","The execve function in the Linux kernel, possibly 2.6.30-rc6 and earlier, does not properly clear the current->clear_child_tid pointer, which allows local users to cause a denial of service (memory corruption) or possibly gain privileges via a clone system call with CLONE_CHILD_SETTID or CLONE_CHILD_CLEARTID enabled, which is not properly handled during thread creation and exit.","5.9","MEDIUM","2009-08-18","http://article.gmane.org/gmane.linux.kernel/871942; http://lists.opensuse.org/opensuse-security-announce/2009-11/msg00005.html; http://lists.opensuse.org/opensuse-security-announce/2009-11/msg00007.html","VCDSA23379; VCDSA23392","2"
"361","CVE-2009-2849","The md driver (drivers/md/md.c) in the Linux kernel before 2.6.30.2 might allow local users to cause a denial of service (NULL pointer dereference) via vectors related to ""suspend_* sysfs attributes"" and the (1) suspend_lo_store or (2) suspend_hi_store functions.  NOTE: this is only a vulnerability when sysfs is writable by an attacker.","4.7","MEDIUM","2009-08-18","http://git.kernel.org/?p=linux/kernel/git/stable/linux-2.6.30.y.git%3Ba=commit%3Bh=3c92900d9a4afb176d3de335dc0da0198660a244; http://lists.vmware.com/pipermail/security-announce/2010/000082.html; http://secunia.com/advisories/36501","VCDSA23374","1"
"362","CVE-2009-2901","The autodeployment process in Apache Tomcat 5.5.0 through 5.5.28 and 6.0.0 through 6.0.20, when autoDeploy is enabled, deploys appBase files that remain from a failed undeploy, which might allow remote attackers to bypass intended authentication requirements via HTTP requests.","4.3","MEDIUM","2010-01-28","http://lists.apple.com/archives/security-announce/2010//Mar/msg00001.html; http://lists.opensuse.org/opensuse-security-announce/2010-04/msg00001.html; http://lists.opensuse.org/opensuse-updates/2012-12/msg00089.html","VCDSA23418","1"
"363","CVE-2009-2902","Directory traversal vulnerability in Apache Tomcat 5.5.0 through 5.5.28 and 6.0.0 through 6.0.20 allows remote attackers to delete work-directory files via directory traversal sequences in a WAR filename, as demonstrated by the ...war filename.","4.3","MEDIUM","2010-01-28","http://h20000.www2.hp.com/bizsupport/TechSupport/Document.jsp?objectID=c02241113; http://lists.apple.com/archives/security-announce/2010//Mar/msg00001.html; http://lists.opensuse.org/opensuse-security-announce/2010-04/msg00001.html","VCDSA23418","1"
"364","CVE-2009-2904","A certain Red Hat modification to the ChrootDirectory feature in OpenSSH 4.8, as used in sshd in OpenSSH 4.3 in Red Hat Enterprise Linux (RHEL) 5.4 and Fedora 11, allows local users to gain privileges via hard links to setuid programs that use configuration files within the chroot directory, related to requirements for directory ownership.","6.9","MEDIUM","2009-10-01","http://lists.fedoraproject.org/pipermail/package-announce/2010-March/038214.html; http://lists.vmware.com/pipermail/security-announce/2010/000082.html; http://osvdb.org/58495","VCDSA23374","1"
"365","CVE-2009-2905","Heap-based buffer overflow in textbox.c in newt 0.51.5, 0.51.6, and 0.52.2 allows local users to cause a denial of service (application crash) or possibly execute arbitrary code via a request to display a crafted text dialog box.","4.6","MEDIUM","2009-09-29","http://kb.juniper.net/InfoCenter/index?page=content&id=JSA10705; http://lists.opensuse.org/opensuse-security-announce/2009-10/msg00004.html; http://lists.vmware.com/pipermail/security-announce/2010/000082.html","VCDSA23374","1"
"366","CVE-2009-2906","smbd in Samba 3.0 before 3.0.37, 3.2 before 3.2.15, 3.3 before 3.3.8, and 3.4 before 3.4.2 allows remote authenticated users to cause a denial of service (infinite loop) via an unanticipated oplock break notification reply packet.","4.0","MEDIUM","2009-10-07","http://lists.apple.com/archives/security-announce/2010//Mar/msg00001.html; http://lists.opensuse.org/opensuse-security-announce/2009-10/msg00004.html; http://news.samba.org/releases/3.0.37/","VCDSA23376","1"
"367","CVE-2009-2908","The d_delete function in fs/ecryptfs/inode.c in eCryptfs in the Linux kernel 2.6.31 allows local users to cause a denial of service (kernel OOPS) and possibly execute arbitrary code via unspecified vectors that cause a ""negative dentry"" and trigger a NULL pointer dereference, as demonstrated via a Mutt temporary directory in an eCryptfs mount.","4.9","MEDIUM","2009-10-13","http://git.kernel.org/?p=linux/kernel/git/stable/linux-2.6.31.y.git%3Ba=commit%3Bh=afc2b6932f48f200736d3e36ad66fee0ec733136; http://lists.vmware.com/pipermail/security-announce/2010/000082.html; http://secunia.com/advisories/37075","VCDSA23378; VCDSA23374","2"
"368","CVE-2009-2910","arch/x86/ia32/ia32entry.S in the Linux kernel before 2.6.31.4 on the x86_64 platform does not clear certain kernel registers before a return to user mode, which allows local users to read register values from an earlier process by switching an ia32 process to 64-bit mode.","2.1","LOW","2009-10-20","http://git.kernel.org/?p=linux/kernel/git/x86/linux-2.6-tip.git%3Ba=commit%3Bh=24e35800cdc4350fc34e2bed37b608a9e13ab3b6; http://lists.opensuse.org/opensuse-security-announce/2009-11/msg00005.html; http://lists.opensuse.org/opensuse-security-announce/2009-11/msg00007.html","VCDSA23378","1"
"369","CVE-2009-2948","mount.cifs in Samba 3.0 before 3.0.37, 3.2 before 3.2.15, 3.3 before 3.3.8 and 3.4 before 3.4.2, when mount.cifs is installed suid root, does not properly enforce permissions, which allows local users to read part of the credentials file and obtain the password by specifying the path to the credentials file and using the --verbose or -v option.","1.9","LOW","2009-10-07","http://lists.opensuse.org/opensuse-security-announce/2009-10/msg00004.html; http://news.samba.org/releases/3.0.37/; http://news.samba.org/releases/3.2.15/","VCDSA23376","1"
"370","CVE-2009-2968","Directory traversal vulnerability in a support component in the web interface in VMware Studio 2.0 public beta before build 1017-185256 allows remote attackers to upload files to arbitrary locations via unspecified vectors.","5.0","MEDIUM","2009-09-02","http://lists.vmware.com/pipermail/security-announce/2009/000064.html; http://www.securityfocus.com/archive/1/506191/100/0/threaded; http://www.securityfocus.com/bid/36199","VCDSA23388","1"
"371","CVE-2009-3002","The Linux kernel before 2.6.31-rc7 does not initialize certain data structures within getname functions, which allows local users to read the contents of some kernel memory locations by calling getsockname on (1) an AF_APPLETALK socket, related to the atalk_getname function in net/appletalk/ddp.c; (2) an AF_IRDA socket, related to the irda_getname function in net/irda/af_irda.c; (3) an AF_ECONET socket, related to the econet_getname function in net/econet/af_econet.c; (4) an AF_NETROM socket, related to the nr_getname function in net/netrom/af_netrom.c; (5) an AF_ROSE socket, related to the rose_getname function in net/rose/af_rose.c; or (6) a raw CAN socket, related to the raw_getname function in net/can/raw.c.","4.9","MEDIUM","2009-08-28","http://git.kernel.org/?p=linux/kernel/git/torvalds/linux-2.6.git%3Ba=commit%3Bh=09384dfc76e526c3993c09c42e016372dc9dd22c; http://git.kernel.org/?p=linux/kernel/git/torvalds/linux-2.6.git%3Ba=commit%3Bh=17ac2e9c58b69a1e25460a568eae1b0dc0188c25; http://git.kernel.org/?p=linux/kernel/git/torvalds/linux-2.6.git%3Ba=commit%3Bh=3d392475c873c10c10d6d96b94d092a34ebd4791","VCDSA23379","1"
"372","CVE-2009-3080","Array index error in the gdth_read_event function in drivers/scsi/gdth.c in the Linux kernel before 2.6.32-rc8 allows local users to cause a denial of service or possibly gain privileges via a negative event index in an IOCTL request.","7.2","HIGH","2009-11-20","http://git.kernel.org/?p=linux/kernel/git/torvalds/linux-2.6.git%3Ba=commit%3Bh=690e744869f3262855b83b4fb59199cf142765b0; http://lists.opensuse.org/opensuse-security-announce/2009-12/msg00002.html; http://lists.opensuse.org/opensuse-security-announce/2009-12/msg00005.html","VCDSA23424; VCDSA23378","2"
"373","CVE-2009-3228","The tc_fill_tclass function in net/sched/sch_api.c in the tc subsystem in the Linux kernel 2.4.x before 2.4.37.6 and 2.6.x before 2.6.31-rc9 does not initialize certain (1) tcm__pad1 and (2) tcm__pad2 structure members, which might allow local users to obtain sensitive information from kernel memory via unspecified vectors.","2.1","LOW","2009-10-19","http://git.kernel.org/?p=linux/kernel/git/stable/linux-2.4.37.y.git%3Ba=commit%3Bh=096ed17f20affc2db0e307658c69b67433992a7a; http://git.kernel.org/?p=linux/kernel/git/torvalds/linux-2.6.git%3Ba=commit%3Bh=16ebb5e0b36ceadc8186f71d68b0c4fa4b6e781b; http://lists.vmware.com/pipermail/security-announce/2010/000082.html","VCDSA23378; VCDSA23374","2"
"374","CVE-2009-3245","OpenSSL before 0.9.8m does not check for a NULL return value from bn_wexpand function calls in (1) crypto/bn/bn_div.c, (2) crypto/bn/bn_gf2m.c, (3) crypto/ec/ec2_smpl.c, and (4) engines/e_ubsec.c, which has unspecified impact and context-dependent attack vectors.","10.0","HIGH","2010-03-05","http://aix.software.ibm.com/aix/efixes/security/openssl_advisory.asc; http://lists.apple.com/archives/security-announce/2011//Jun/msg00000.html; http://lists.fedoraproject.org/pipermail/package-announce/2010-April/038587.html","VCDSA23413","1"
"375","CVE-2009-3274","Mozilla Firefox 3.6a1, 3.5.3, 3.5.2, and earlier 3.5.x versions, and 3.0.14 and earlier 2.x and 3.x versions, on Linux uses a predictable /tmp pathname for files selected from the Downloads window, which allows local users to replace an arbitrary downloaded file by placing a file in a /tmp location before the download occurs, related to the Download Manager component. NOTE: some of these details are obtained from third party information.","4.4","MEDIUM","2009-09-21","http://jbrownsec.blogspot.com/2009/09/vamos-updates.html; http://secunia.com/advisories/36649; http://securitytube.net/Zero-Day-Demos-%28Firefox-Vulnerability-Discovered%29-video.aspx","VCDSA23394","1"
"376","CVE-2009-3281","The vmx86 kernel extension in VMware Fusion before 2.0.6 build 196839 does not use correct file permissions, which allows host OS users to gain privileges on the host OS via unspecified vectors.","7.2","HIGH","2009-10-16","http://lists.vmware.com/pipermail/security-announce/2009/000066.html; http://secunia.com/advisories/36928; http://securitytracker.com/id?1022981","VCDSA23389","1"
"377","CVE-2009-3282","Integer overflow in the vmx86 kernel extension in VMware Fusion before 2.0.6 build 196839 allows host OS users to cause a denial of service to the host OS via unspecified vectors.","7.8","HIGH","2009-10-16","http://lists.vmware.com/pipermail/security-announce/2009/000066.html; http://secunia.com/advisories/36928; http://securitytracker.com/id?1022981","VCDSA23389","1"
"378","CVE-2009-3286","NFSv4 in the Linux kernel 2.6.18, and possibly other versions, does not properly clean up an inode when an O_EXCL create fails, which causes files to be created with insecure settings such as setuid bits, and possibly allows local users to gain privileges, related to the execution of the do_open_permission function even when a create fails.","4.6","MEDIUM","2009-09-22","http://git.kernel.org/?p=linux/kernel/git/torvalds/linux-2.6.git%3Ba=commitdiff%3Bh=81ac95c5; http://lists.opensuse.org/opensuse-security-announce/2010-02/msg00005.html; http://lists.vmware.com/pipermail/security-announce/2010/000082.html","VCDSA23378; VCDSA23374","2"
"379","CVE-2009-3370","Mozilla Firefox before 3.0.15, and 3.5.x before 3.5.4, allows remote attackers to read form history by forging mouse and keyboard events that leverage the auto-fill feature to populate form fields, in an attacker-readable form, with history entries.","5.0","MEDIUM","2009-10-29","http://sunsolve.sun.com/search/document.do?assetkey=1-26-272909-1; http://www.mandriva.com/security/advisories?name=MDVSA-2009:294; http://www.mozilla.org/security/announce/2009/mfsa2009-52.html","VCDSA23394","1"
"380","CVE-2009-3372","Mozilla Firefox before 3.0.15 and 3.5.x before 3.5.4, and SeaMonkey before 2.0, allows remote attackers to execute arbitrary code via a crafted regular expression in a Proxy Auto-configuration (PAC) file.","9.3","HIGH","2009-10-29","http://sunsolve.sun.com/search/document.do?assetkey=1-26-272909-1; http://www.mandriva.com/security/advisories?name=MDVSA-2009:294; http://www.mozilla.org/security/announce/2009/mfsa2009-55.html","VCDSA23394","1"
"381","CVE-2009-3373","Heap-based buffer overflow in the GIF image parser in Mozilla Firefox before 3.0.15 and 3.5.x before 3.5.4, and SeaMonkey before 2.0, allows remote attackers to execute arbitrary code via unspecified vectors.","10.0","HIGH","2009-10-29","http://sunsolve.sun.com/search/document.do?assetkey=1-26-272909-1; http://www.mandriva.com/security/advisories?name=MDVSA-2009:294; http://www.mozilla.org/security/announce/2009/mfsa2009-56.html","VCDSA23394","1"
"382","CVE-2009-3374","The XPCVariant::VariantDataToJS function in the XPCOM implementation in Mozilla Firefox 3.0.x before 3.0.15 and 3.5.x before 3.5.4 does not enforce intended restrictions on interaction between chrome privileged code and objects obtained from remote web sites, which allows remote attackers to execute arbitrary JavaScript with chrome privileges via unspecified method calls, related to ""doubly-wrapped objects.""","7.5","HIGH","2009-10-29","http://sunsolve.sun.com/search/document.do?assetkey=1-26-272909-1; http://www.mandriva.com/security/advisories?name=MDVSA-2009:294; http://www.mozilla.org/security/announce/2009/mfsa2009-57.html","VCDSA23394","1"
"383","CVE-2009-3375","content/html/document/src/nsHTMLDocument.cpp in Mozilla Firefox 3.0.x before 3.0.15 and 3.5.x before 3.5.4 allows user-assisted remote attackers to bypass the Same Origin Policy and read an arbitrary content selection via the document.getSelection function.","4.3","MEDIUM","2009-10-29","http://sunsolve.sun.com/search/document.do?assetkey=1-26-272909-1; http://www.mandriva.com/security/advisories?name=MDVSA-2009:294; http://www.mozilla.org/security/announce/2009/mfsa2009-61.html","VCDSA23394","1"
"384","CVE-2009-3376","Mozilla Firefox before 3.0.15 and 3.5.x before 3.5.4, and SeaMonkey before 2.0, does not properly handle a right-to-left override (aka RLO or U+202E) Unicode character in a download filename, which allows remote attackers to spoof file extensions via a crafted filename, as demonstrated by displaying a non-executable extension for an executable file.","9.3","HIGH","2009-10-29","http://lists.opensuse.org/opensuse-security-announce/2010-06/msg00001.html; http://secunia.com/advisories/38977; http://sunsolve.sun.com/search/document.do?assetkey=1-26-272909-1","VCDSA23394","1"
"385","CVE-2009-3380","Multiple unspecified vulnerabilities in the browser engine in Mozilla Firefox 3.0.x before 3.0.15 and 3.5.x before 3.5.4 allow remote attackers to cause a denial of service (memory corruption and application crash) or possibly execute arbitrary code via unknown vectors.","10.0","HIGH","2009-10-29","http://sunsolve.sun.com/search/document.do?assetkey=1-26-272909-1; http://www.mandriva.com/security/advisories?name=MDVSA-2009:294; http://www.mozilla.org/security/announce/2009/mfsa2009-64.html","VCDSA23394","1"
"386","CVE-2009-3382","layout/base/nsCSSFrameConstructor.cpp in the browser engine in Mozilla Firefox 3.0.x before 3.0.15 does not properly handle first-letter frames, which allows remote attackers to cause a denial of service (memory corruption and application crash) or possibly execute arbitrary code via unspecified vectors.","10.0","HIGH","2009-10-29","http://sunsolve.sun.com/search/document.do?assetkey=1-26-272909-1; http://www.mozilla.org/security/announce/2009/mfsa2009-64.html; http://www.vupen.com/english/advisories/2009/3334","VCDSA23394","1"
"387","CVE-2009-3547","Multiple race conditions in fs/pipe.c in the Linux kernel before 2.6.32-rc6 allow local users to cause a denial of service (NULL pointer dereference and system crash) or gain privileges by attempting to open an anonymous pipe via a /proc/*/fd/ pathname.","7.0","HIGH","2009-11-04","http://git.kernel.org/?p=linux/kernel/git/torvalds/linux-2.6.git%3Ba=commit%3Bh=ad3960243e55320d74195fb85c975e0a8cc4466c; http://lists.opensuse.org/opensuse-security-announce/2009-11/msg00005.html; http://lists.opensuse.org/opensuse-security-announce/2009-11/msg00007.html","VCDSA23379; VCDSA23378; VCDSA23374","3"
"388","CVE-2009-3548","The Windows installer for Apache Tomcat 6.0.0 through 6.0.20, 5.5.0 through 5.5.28, and possibly earlier versions uses a blank default password for the administrative user, which allows remote attackers to gain privileges.","7.5","HIGH","2009-11-12","http://h20000.www2.hp.com/bizsupport/TechSupport/Document.jsp?objectID=c02241113; http://marc.info/?l=bugtraq&m=127420533226623&w=2; http://marc.info/?l=bugtraq&m=133469267822771&w=2","VCDSA23418","1"
"389","CVE-2009-3555","The TLS protocol, and the SSL protocol 3.0 and possibly earlier, as used in Microsoft Internet Information Services (IIS) 7.0, mod_ssl in the Apache HTTP Server 2.2.14 and earlier, OpenSSL before 0.9.8l, GnuTLS 2.8.5 and earlier, Mozilla Network Security Services (NSS) 3.12.4 and earlier, multiple Cisco products, and other products, does not properly associate renegotiation handshakes with an existing connection, which allows man-in-the-middle attackers to insert data into HTTPS sessions, and possibly other types of sessions protected by TLS or SSL, by sending an unauthenticated request that is processed retroactively by a server in a post-renegotiation context, related to a ""plaintext injection"" attack, aka the ""Project Mogul"" issue.","9.8","CRITICAL","2009-11-09","http://archives.neohapsis.com/archives/bugtraq/2013-11/0120.html; http://blog.g-sec.lu/2009/11/tls-sslv3-renegotiation-vulnerability.html; http://blogs.iss.net/archive/sslmitmiscsrf.html","VCDSA23418; VCDSA23414; VCDSA23413","3"
"390","CVE-2009-3556","A certain Red Hat configuration step for the qla2xxx driver in the Linux kernel 2.6.18 on Red Hat Enterprise Linux (RHEL) 5, when N_Port ID Virtualization (NPIV) hardware is used, sets world-writable permissions for the (1) vport_create and (2) vport_delete files under /sys/class/scsi_host/, which allows local users to make arbitrary changes to SCSI host attributes by modifying these files.","1.9","LOW","2010-01-27","http://lists.opensuse.org/opensuse-security-announce/2010-03/msg00007.html; http://support.avaya.com/css/P8/documents/100073666; http://www.openwall.com/lists/oss-security/2010/01/20/2","VCDSA23378","1"
"391","CVE-2009-3560","The big2_toUtf8 function in lib/xmltok.c in libexpat in Expat 2.0.1, as used in the XML-Twig module for Perl, allows context-dependent attackers to cause a denial of service (application crash) via an XML document with malformed UTF-8 sequences that trigger a buffer over-read, related to the doProlog function in lib/xmlparse.c, a different vulnerability than CVE-2009-2625 and CVE-2009-3720.","5.0","MEDIUM","2009-12-04","http://expat.cvs.sourceforge.net/viewvc/expat/expat/lib/xmlparse.c?r1=1.164&r2=1.165; http://expat.cvs.sourceforge.net/viewvc/expat/expat/lib/xmlparse.c?view=log#rev1.165; http://lists.opensuse.org/opensuse-security-announce/2010-01/msg00007.html","VCDSA23405; VCDSA23374","2"
"392","CVE-2009-3563","ntp_request.c in ntpd in NTP before 4.2.4p8, and 4.2.5, allows remote attackers to cause a denial of service (CPU and bandwidth consumption) by using MODE_PRIVATE to send a spoofed (1) request or (2) response packet that triggers a continuous exchange of MODE_PRIVATE error responses between two NTP daemons.","6.4","MEDIUM","2009-12-09","ftp://ftp.netbsd.org/pub/NetBSD/security/advisories/NetBSD-SA2010-005.txt.asc; http://aix.software.ibm.com/aix/efixes/security/xntpd_advisory.asc; http://bugs.debian.org/cgi-bin/bugreport.cgi?bug=560074","VCDSA23378; VCDSA23374","2"
"393","CVE-2009-3612","The tcf_fill_node function in net/sched/cls_api.c in the netlink subsystem in the Linux kernel 2.6.x before 2.6.32-rc5, and 2.4.37.6 and earlier, does not initialize a certain tcm__pad2 structure member, which might allow local users to obtain sensitive information from kernel memory via unspecified vectors.  NOTE: this issue exists because of an incomplete fix for CVE-2005-4881.","2.1","LOW","2009-10-19","http://git.kernel.org/?p=linux/kernel/git/torvalds/linux-2.6.git%3Ba=commit%3Bh=ad61df918c44316940404891d5082c63e79c256a; http://lists.opensuse.org/opensuse-security-announce/2009-12/msg00002.html; http://lists.opensuse.org/opensuse-security-announce/2009-12/msg00005.html","VCDSA23378; VCDSA23374","2"
"394","CVE-2009-3613","The swiotlb functionality in the r8169 driver in drivers/net/r8169.c in the Linux kernel before 2.6.27.22 allows remote attackers to cause a denial of service (IOMMU space exhaustion and system crash) by using jumbo frames for a large amount of network traffic, as demonstrated by a flood ping.","7.8","HIGH","2009-10-19","http://bugzilla.kernel.org/show_bug.cgi?id=9468; http://git.kernel.org/?p=linux/kernel/git/torvalds/linux-2.6.git%3Ba=commit%3Bh=97d477a914b146e7e6722ded21afa79886ae8ccd; http://git.kernel.org/?p=linux/kernel/git/torvalds/linux-2.6.git%3Ba=commit%3Bh=a866bbf6aacf95f849810079442a20be118ce905","VCDSA23378; VCDSA23374","2"
"395","CVE-2009-3620","The ATI Rage 128 (aka r128) driver in the Linux kernel before 2.6.31-git11 does not properly verify Concurrent Command Engine (CCE) state initialization, which allows local users to cause a denial of service (NULL pointer dereference and system crash) or possibly gain privileges via unspecified ioctl calls.","7.8","HIGH","2009-10-22","http://article.gmane.org/gmane.linux.kernel/892259; http://git.kernel.org/?p=linux/kernel/git/torvalds/linux-2.6.git%3Ba=commit%3Bh=7dc482dfeeeefcfd000d4271c4626937406756d7; http://lists.opensuse.org/opensuse-security-announce/2009-12/msg00002.html","VCDSA23378; VCDSA23374","2"
"396","CVE-2009-3621","net/unix/af_unix.c in the Linux kernel 2.6.31.4 and earlier allows local users to cause a denial of service (system hang) by creating an abstract-namespace AF_UNIX listening socket, performing a shutdown operation on this socket, and then performing a series of connect operations to this socket.","5.5","MEDIUM","2009-10-22","http://git.kernel.org/?p=linux/kernel/git/davem/net-2.6.git%3Ba=commit%3Bh=77238f2b942b38ab4e7f3aced44084493e4a8675; http://lists.opensuse.org/opensuse-security-announce/2009-12/msg00002.html; http://lists.opensuse.org/opensuse-security-announce/2009-12/msg00005.html","VCDSA23378; VCDSA23374","2"
"397","CVE-2009-3707","VMware Authentication Daemon 1.0 in vmware-authd.exe in the VMware Authorization Service in VMware Workstation 7.0 before 7.0.1 build 227600 and 6.5.x before 6.5.4 build 246459, VMware Player 3.0 before 3.0.1 build 227600 and 2.5.x before 2.5.4 build 246459, VMware ACE 2.6 before 2.6.1 build 227600 and 2.5.x before 2.5.4 build 246459, and VMware Server 2.x allows remote attackers to cause a denial of service (process crash) via a \x25\xFF sequence in the USER and PASS commands, related to a ""format string DoS"" issue. NOTE: some of these details are obtained from third party information.","5.0","MEDIUM","2009-10-16","http://archives.neohapsis.com/archives/bugtraq/2010-04/0077.html; http://archives.neohapsis.com/archives/fulldisclosure/2010-04/0121.html; http://lists.vmware.com/pipermail/security-announce/2010/000090.html","VCDSA23377","1"
"398","CVE-2009-3720","The updatePosition function in lib/xmltok_impl.c in libexpat in Expat 2.0.1, as used in Python, PyXML, w3c-libwww, and other software, allows context-dependent attackers to cause a denial of service (application crash) via an XML document with crafted UTF-8 sequences that trigger a buffer over-read, a different vulnerability than CVE-2009-2625.","5.0","MEDIUM","2009-11-03","http://expat.cvs.sourceforge.net/viewvc/expat/expat/lib/xmltok_impl.c?r1=1.13&r2=1.15&view=patch; http://expat.cvs.sourceforge.net/viewvc/expat/expat/lib/xmltok_impl.c?view=log; http://lists.fedoraproject.org/pipermail/package-announce/2010-November/051228.html","VCDSA23405; VCDSA23374","2"
"399","CVE-2009-3726","The nfs4_proc_lock function in fs/nfs/nfs4proc.c in the NFSv4 client in the Linux kernel before 2.6.31-rc4 allows remote NFS servers to cause a denial of service (NULL pointer dereference and panic) by sending a certain response containing incorrect file attributes, which trigger attempted use of an open file that lacks NFSv4 state.","7.8","HIGH","2009-11-09","http://git.kernel.org/?p=linux/kernel/git/torvalds/linux-2.6.git%3Ba=commit%3Bh=d953126a28f97ec965d23c69fd5795854c048f30; http://lists.opensuse.org/opensuse-security-announce/2009-11/msg00007.html; http://lists.opensuse.org/opensuse-security-announce/2009-12/msg00002.html","VCDSA23378; VCDSA23374","2"
"400","CVE-2009-3728","Directory traversal vulnerability in the ICC_Profile.getInstance method in Java Runtime Environment (JRE) in Sun Java SE 5.0 before Update 22 and 6 before Update 17, and OpenJDK, allows remote attackers to determine the existence of local International Color Consortium (ICC) profile files via a .. (dot dot) in a pathname, aka Bug Id 6631533.","5.0","MEDIUM","2009-11-09","http://java.sun.com/j2se/1.5.0/ReleaseNotes.html; http://java.sun.com/javase/6/webnotes/6u17.html; http://lists.apple.com/archives/security-announce/2009/Dec/msg00000.html","VCDSA23395","1"
"401","CVE-2009-3729","Unspecified vulnerability in the TrueType font parsing functionality in Sun Java SE 5.0 before Update 22 and 6 before Update 17 allows remote attackers to cause a denial of service (application crash) via a certain test suite, aka Bug Id 6815780.","5.0","MEDIUM","2009-11-09","http://java.sun.com/j2se/1.5.0/ReleaseNotes.html; http://java.sun.com/javase/6/webnotes/6u17.html; http://secunia.com/advisories/37386","VCDSA23395","1"
"402","CVE-2009-3731","Multiple cross-site scripting (XSS) vulnerabilities in WebWorks Help 2.0 through 5.0 in VMware vCenter 4.0 before Update 1 Build 208156; VMware Server 2.0.2; VMware ESX 4.0; VMware Lab Manager 2.x; VMware vCenter Lab Manager 3.x and 4.x before 4.0.1; VMware Stage Manager 1.x before 4.0.1; WebWorks Publisher 6.x through 8.x; WebWorks Publisher 2003; and WebWorks ePublisher 9.0.x through 9.3, 2008.1 through 2008.4, and 2009.x before 2009.3 allow remote attackers to inject arbitrary web script or HTML via (1) wwhelp_entry.html, reachable through index.html and wwhsec.htm, (2) wwhelp/wwhimpl/api.htm, (3) wwhelp/wwhimpl/common/html/frameset.htm, (4) wwhelp/wwhimpl/common/scripts/switch.js, or (5) the window.opener component in wwhelp/wwhimpl/common/html/bookmark.htm, related to (a) unspecified parameters and (b) messages used in topic links for the bookmarking functionality.","4.3","MEDIUM","2009-12-16","http://archives.neohapsis.com/archives/bugtraq/2009-12/0229.html; http://lists.vmware.com/pipermail/security-announce/2009/000073.html; http://secunia.com/advisories/38749","VCDSA23393","1"
"403","CVE-2009-3732","Format string vulnerability in vmware-vmrc.exe build 158248 in VMware Remote Console (aka VMrc) allows remote attackers to execute arbitrary code via unspecified vectors.","10.0","HIGH","2010-04-12","http://archives.neohapsis.com/archives/bugtraq/2010-04/0077.html; http://archives.neohapsis.com/archives/fulldisclosure/2010-04/0121.html; http://lists.vmware.com/pipermail/security-announce/2010/000090.html","VCDSA23377","1"
"404","CVE-2009-3733","Directory traversal vulnerability in VMware Server 1.x before 1.0.10 build 203137 and 2.x before 2.0.2 build 203138 on Linux, VMware ESXi 3.5, and VMware ESX 3.0.3 and 3.5 allows remote attackers to read arbitrary files via unspecified vectors.","5.0","MEDIUM","2009-11-02","http://lists.vmware.com/pipermail/security-announce/2009/000069.html; http://secunia.com/advisories/37186; http://security.gentoo.org/glsa/glsa-201209-25.xml","VCDSA23391","1"
"405","CVE-2009-3736","ltdl.c in libltdl in GNU Libtool 1.5.x, and 2.2.6 before 2.2.6b, as used in Ham Radio Control Libraries, Q, and possibly other products, attempts to open a .la file in the current working directory, which allows local users to gain privileges via a Trojan horse file.","6.9","MEDIUM","2009-11-29","ftp://ftp.gnu.org/gnu/libtool/libtool-2.2.6a-2.2.6b.diff.gz; http://git.savannah.gnu.org/cgit/libtool.git/commit/?h=branch-1-5&id=29b48580df75f0c5baa2962548a4c101ec7ed7ec; http://hamlib.svn.sourceforge.net/viewvc/hamlib/trunk/libltdl/Makefile.am?revision=2841&view=markup","VCDSA23378","1"
"406","CVE-2009-3767","libraries/libldap/tls_o.c in OpenLDAP 2.2 and 2.4, and possibly other versions, when OpenSSL is used, does not properly handle a '\0' character in a domain name in the subject's Common Name (CN) field of an X.509 certificate, which allows man-in-the-middle attackers to spoof arbitrary SSL servers via a crafted certificate issued by a legitimate Certification Authority, a related issue to CVE-2009-2408.","4.3","MEDIUM","2009-10-23","http://lists.apple.com/archives/security-announce/2009/Nov/msg00000.html; http://lists.fedoraproject.org/pipermail/package-announce/2010-March/036138.html; http://lists.opensuse.org/opensuse-security-announce/2009-10/msg00001.html","VCDSA23413","1"
"407","CVE-2009-3864","The Java Update functionality in Java Runtime Environment (JRE) in Sun Java SE in JDK and JRE 5.0 before Update 22 and JDK and JRE 6 before Update 17, when a non-English version of Windows is used, does not retrieve available new JRE versions, which allows remote attackers to leverage vulnerabilities in older releases of this software, aka Bug Id 6869694.","7.5","HIGH","2009-11-05","http://java.sun.com/javase/6/webnotes/6u17.html; http://lists.opensuse.org/opensuse-security-announce/2009-11/msg00010.html; http://secunia.com/advisories/37231","VCDSA23395","1"
"408","CVE-2009-3865","The launch method in the Deployment Toolkit plugin in Java Runtime Environment (JRE) in Sun Java SE in JDK and JRE 6 before Update 17 allows remote attackers to execute arbitrary commands via a crafted web page, aka Bug Id 6869752.","9.3","HIGH","2009-11-05","http://java.sun.com/javase/6/webnotes/6u17.html; http://lists.apple.com/archives/security-announce/2009/Dec/msg00000.html; http://lists.apple.com/archives/security-announce/2009/Dec/msg00001.html","VCDSA23395","1"
"409","CVE-2009-3866","The Java Web Start Installer in Sun Java SE in JDK and JRE 6 before Update 17 does not properly use security model permissions when removing installer extensions, which allows remote attackers to execute arbitrary code by modifying a certain JNLP file to have a URL field that points to an unintended trusted application, aka Bug Id 6872824.","9.3","HIGH","2009-11-05","http://java.sun.com/javase/6/webnotes/6u17.html; http://lists.apple.com/archives/security-announce/2009/Dec/msg00000.html; http://lists.apple.com/archives/security-announce/2009/Dec/msg00001.html","VCDSA23395","1"
"410","CVE-2009-3867","Stack-based buffer overflow in the HsbParser.getSoundBank function in Sun Java SE in JDK and JRE 5.0 before Update 22, JDK and JRE 6 before Update 17, SDK and JRE 1.3.x before 1.3.1_27, and SDK and JRE 1.4.x before 1.4.2_24 allows remote attackers to execute arbitrary code via a long file: URL in an argument, aka Bug Id 6854303.","9.3","HIGH","2009-11-05","http://java.sun.com/javase/6/webnotes/6u17.html; http://lists.apple.com/archives/security-announce/2009/Dec/msg00000.html; http://lists.apple.com/archives/security-announce/2009/Dec/msg00001.html","VCDSA23395","1"
"411","CVE-2009-3868","Sun Java SE in JDK and JRE 5.0 before Update 22, JDK and JRE 6 before Update 17, SDK and JRE 1.3.x before 1.3.1_27, and SDK and JRE 1.4.x before 1.4.2_24 does not properly parse color profiles, which allows remote attackers to gain privileges via a crafted image file, aka Bug Id 6862970.","9.3","HIGH","2009-11-05","http://java.sun.com/javase/6/webnotes/6u17.html; http://lists.apple.com/archives/security-announce/2009/Dec/msg00000.html; http://lists.apple.com/archives/security-announce/2009/Dec/msg00001.html","VCDSA23395","1"
"412","CVE-2009-3869","Stack-based buffer overflow in the setDiffICM function in the Abstract Window Toolkit (AWT) in Java Runtime Environment (JRE) in Sun Java SE in JDK and JRE 5.0 before Update 22, JDK and JRE 6 before Update 17, SDK and JRE 1.3.x before 1.3.1_27, and SDK and JRE 1.4.x before 1.4.2_24 allows remote attackers to execute arbitrary code via a crafted argument, aka Bug Id 6872357.","9.3","HIGH","2009-11-05","http://java.sun.com/javase/6/webnotes/6u17.html; http://lists.apple.com/archives/security-announce/2009/Dec/msg00000.html; http://lists.apple.com/archives/security-announce/2009/Dec/msg00001.html","VCDSA23395","1"
"413","CVE-2009-3871","Heap-based buffer overflow in the setBytePixels function in the Abstract Window Toolkit (AWT) in Java Runtime Environment (JRE) in Sun Java SE in JDK and JRE 5.0 before Update 22, JDK and JRE 6 before Update 17, SDK and JRE 1.3.x before 1.3.1_27, and SDK and JRE 1.4.x before 1.4.2_24 allows remote attackers to execute arbitrary code via crafted arguments, aka Bug Id 6872358.","9.3","HIGH","2009-11-05","http://java.sun.com/javase/6/webnotes/6u17.html; http://lists.apple.com/archives/security-announce/2009/Dec/msg00000.html; http://lists.apple.com/archives/security-announce/2009/Dec/msg00001.html","VCDSA23395","1"
"414","CVE-2009-3872","Unspecified vulnerability in the JPEG JFIF Decoder in Sun Java SE in JDK and JRE 5.0 before Update 22, JDK and JRE 6 before Update 17, SDK and JRE 1.3.x before 1.3.1_27, and SDK and JRE 1.4.x before 1.4.2_24 allows remote attackers to gain privileges via a crafted image file, aka Bug Id 6862969.","9.3","HIGH","2009-11-05","http://java.sun.com/javase/6/webnotes/6u17.html; http://lists.apple.com/archives/security-announce/2009/Dec/msg00000.html; http://lists.apple.com/archives/security-announce/2009/Dec/msg00001.html","VCDSA23395","1"
"415","CVE-2009-3873","The JPEG Image Writer in Sun Java SE in JDK and JRE 5.0 before Update 22, JDK and JRE 6 before Update 17, and SDK and JRE 1.4.x before 1.4.2_24 allows remote attackers to gain privileges via a crafted image file, related to a ""quantization problem,"" aka Bug Id 6862968.","9.3","HIGH","2009-11-05","http://java.sun.com/javase/6/webnotes/6u17.html; http://lists.apple.com/archives/security-announce/2009/Dec/msg00000.html; http://lists.apple.com/archives/security-announce/2009/Dec/msg00001.html","VCDSA23395","1"
"416","CVE-2009-3874","Integer overflow in the JPEGImageReader implementation in the ImageI/O component in Sun Java SE in JDK and JRE 5.0 before Update 22, JDK and JRE 6 before Update 17, and SDK and JRE 1.4.x before 1.4.2_24 allows remote attackers to execute arbitrary code via large subsample dimensions in a JPEG file that triggers a heap-based buffer overflow, aka Bug Id 6874643.","9.3","HIGH","2009-11-05","http://java.sun.com/javase/6/webnotes/6u17.html; http://lists.apple.com/archives/security-announce/2009/Dec/msg00000.html; http://lists.apple.com/archives/security-announce/2009/Dec/msg00001.html","VCDSA23395","1"
"417","CVE-2009-3875","The MessageDigest.isEqual function in Java Runtime Environment (JRE) in Sun Java SE in JDK and JRE 5.0 before Update 22, JDK and JRE 6 before Update 17, SDK and JRE 1.3.x before 1.3.1_27, and SDK and JRE 1.4.x before 1.4.2_24 allows remote attackers to spoof HMAC-based digital signatures, and possibly bypass authentication, via unspecified vectors related to ""timing attack vulnerabilities,"" aka Bug Id 6863503.","5.0","MEDIUM","2009-11-05","http://java.sun.com/javase/6/webnotes/6u17.html; http://lists.apple.com/archives/security-announce/2009/Dec/msg00000.html; http://lists.apple.com/archives/security-announce/2009/Dec/msg00001.html","VCDSA23395","1"
"418","CVE-2009-3876","Unspecified vulnerability in Sun Java SE in JDK and JRE 5.0 before Update 22, JDK and JRE 6 before Update 17, SDK and JRE 1.3.x before 1.3.1_27, and SDK and JRE 1.4.x before 1.4.2_24 allows remote attackers to cause a denial of service (memory consumption) via crafted DER encoded data, which is not properly decoded by the ASN.1 DER input stream parser, aka Bug Id 6864911.","5.0","MEDIUM","2009-11-05","http://java.sun.com/javase/6/webnotes/6u17.html; http://lists.opensuse.org/opensuse-security-announce/2009-11/msg00010.html; http://marc.info/?l=bugtraq&m=126566824131534&w=2","VCDSA23395","1"
"419","CVE-2009-3877","Unspecified vulnerability in Sun Java SE in JDK and JRE 5.0 before Update 22, JDK and JRE 6 before Update 17, SDK and JRE 1.3.x before 1.3.1_27, and SDK and JRE 1.4.x before 1.4.2_24 allows remote attackers to cause a denial of service (memory consumption) via crafted HTTP headers, which are not properly parsed by the ASN.1 DER input stream parser, aka Bug Id 6864911.","5.0","MEDIUM","2009-11-05","http://java.sun.com/javase/6/webnotes/6u17.html; http://lists.apple.com/archives/security-announce/2009/Dec/msg00000.html; http://lists.apple.com/archives/security-announce/2009/Dec/msg00001.html","VCDSA23395","1"
"420","CVE-2009-3879","Multiple unspecified vulnerabilities in the (1) X11 and (2) Win32GraphicsDevice subsystems in Sun Java SE 5.0 before Update 22 and 6 before Update 17, and OpenJDK, have unknown impact and attack vectors, related to failure to clone arrays that are returned by the getConfigurations function, aka Bug Id 6822057.","7.5","HIGH","2009-11-09","http://java.sun.com/j2se/1.5.0/ReleaseNotes.html; http://java.sun.com/javase/6/webnotes/6u17.html; http://secunia.com/advisories/37386","VCDSA23395","1"
"421","CVE-2009-3880","The Abstract Window Toolkit (AWT) in Java Runtime Environment (JRE) in Sun Java SE 5.0 before Update 22 and 6 before Update 17, and OpenJDK, does not properly restrict the objects that may be sent to loggers, which allows attackers to obtain sensitive information via vectors related to the implementation of Component, KeyboardFocusManager, and DefaultKeyboardFocusManager, aka Bug Id 6664512.","5.0","MEDIUM","2009-11-09","http://java.sun.com/j2se/1.5.0/ReleaseNotes.html; http://java.sun.com/javase/6/webnotes/6u17.html; http://secunia.com/advisories/37386","VCDSA23395","1"
"422","CVE-2009-3881","Sun Java SE 5.0 before Update 22 and 6 before Update 17, and OpenJDK, does not prevent the existence of children of a resurrected ClassLoader, which allows remote attackers to gain privileges via unspecified vectors, related to an ""information leak vulnerability,"" aka Bug Id 6636650.","7.5","HIGH","2009-11-09","http://java.sun.com/j2se/1.5.0/ReleaseNotes.html; http://java.sun.com/javase/6/webnotes/6u17.html; http://secunia.com/advisories/37386","VCDSA23395","1"
"423","CVE-2009-3882","Multiple unspecified vulnerabilities in the Swing implementation in Sun Java SE 5.0 before Update 22 and 6 before Update 17, and OpenJDK, have unknown impact and remote attack vectors, related to ""information leaks in mutable variables,"" aka Bug Id 6657026.","7.5","HIGH","2009-11-09","http://java.sun.com/j2se/1.5.0/ReleaseNotes.html; http://java.sun.com/javase/6/webnotes/6u17.html; http://secunia.com/advisories/37386","VCDSA23395","1"
"424","CVE-2009-3883","Multiple unspecified vulnerabilities in the Windows Pluggable Look and Feel (PL&F) feature in the Swing implementation in Sun Java SE 5.0 before Update 22 and 6 before Update 17, and OpenJDK, have unknown impact and remote attack vectors, related to ""information leaks in mutable variables,"" aka Bug Id 6657138.","7.5","HIGH","2009-11-09","http://java.sun.com/j2se/1.5.0/ReleaseNotes.html; http://java.sun.com/javase/6/webnotes/6u17.html; http://secunia.com/advisories/37386","VCDSA23395","1"
"425","CVE-2009-3884","The TimeZone.getTimeZone method in Sun Java SE 5.0 before Update 22 and 6 before Update 17, and OpenJDK, allows remote attackers to determine the existence of local files via vectors related to handling of zoneinfo (aka tz) files, aka Bug Id 6824265.","5.0","MEDIUM","2009-11-09","http://java.sun.com/j2se/1.5.0/ReleaseNotes.html; http://java.sun.com/javase/6/webnotes/6u17.html; http://lists.apple.com/archives/security-announce/2009/Dec/msg00000.html","VCDSA23395","1"
"426","CVE-2009-3885","Sun Java SE 5.0 before Update 22 and 6 before Update 17 on Windows allows remote attackers to cause a denial of service via a BMP file containing a link to a UNC share pathname for an International Color Consortium (ICC) profile file, probably a related issue to CVE-2007-2789, aka Bug Id 6632445.","5.0","MEDIUM","2009-11-09","http://java.sun.com/j2se/1.5.0/ReleaseNotes.html; http://java.sun.com/javase/6/webnotes/6u17.html; http://www.mandriva.com/security/advisories?name=MDVSA-2010:084","VCDSA23395","1"
"427","CVE-2009-3886","The Java Web Start implementation in Sun Java SE 6 before Update 17 does not properly handle the interaction between a signed JAR file and a JNLP (1) application or (2) applet, which has unspecified impact and attack vectors, related to a ""regression,"" aka Bug Id 6870531.","7.5","HIGH","2009-11-09","http://java.sun.com/javase/6/webnotes/6u17.html; http://secunia.com/advisories/37386; http://security.gentoo.org/glsa/glsa-200911-02.xml","VCDSA23395","1"
"428","CVE-2009-3889","The dbg_lvl file for the megaraid_sas driver in the Linux kernel before 2.6.27 has world-writable permissions, which allows local users to change the (1) behavior and (2) logging level of the driver by modifying this file.","6.6","MEDIUM","2009-11-16","http://git.kernel.org/?p=linux/kernel/git/torvalds/linux-2.6.git%3Ba=commit%3Bh=66dca9b8c50b5e59d3bea8b21cee5c6dae6c9c46; http://lists.opensuse.org/opensuse-security-announce/2009-12/msg00002.html; http://lists.opensuse.org/opensuse-security-announce/2009-12/msg00005.html","VCDSA23378","1"
"429","CVE-2009-3939","The poll_mode_io file for the megaraid_sas driver in the Linux kernel 2.6.31.6 and earlier has world-writable permissions, which allows local users to change the I/O mode of the driver by modifying this file.","7.1","HIGH","2009-11-16","http://lists.opensuse.org/opensuse-security-announce/2009-12/msg00002.html; http://lists.opensuse.org/opensuse-security-announce/2009-12/msg00005.html; http://lists.opensuse.org/opensuse-security-announce/2010-01/msg00000.html","VCDSA23378","1"
"430","CVE-2009-4020","Stack-based buffer overflow in the hfs subsystem in the Linux kernel 2.6.32 allows remote attackers to have an unspecified impact via a crafted Hierarchical File System (HFS) filesystem, related to the hfs_readdir function in fs/hfs/dir.c.","7.8","HIGH","2009-12-04","http://lists.opensuse.org/opensuse-security-announce/2010-01/msg00005.html; http://lists.opensuse.org/opensuse-security-announce/2010-03/msg00007.html; http://marc.info/?l=linux-mm-commits&m=125987755823047&w=2","VCDSA23378","1"
"431","CVE-2009-4021","The fuse_direct_io function in fs/fuse/file.c in the fuse subsystem in the Linux kernel before 2.6.32-rc7 might allow attackers to cause a denial of service (invalid pointer dereference and OOPS) via vectors possibly related to a memory-consumption attack.","4.9","MEDIUM","2009-11-25","http://git.kernel.org/?p=linux/kernel/git/torvalds/linux-2.6.git%3Ba=commit%3Bh=f60311d5f7670d9539b424e4ed8b5c0872fc9e83; http://lists.opensuse.org/opensuse-security-announce/2009-12/msg00002.html; http://lists.opensuse.org/opensuse-security-announce/2009-12/msg00005.html","VCDSA23378","1"
"432","CVE-2009-4022","Unspecified vulnerability in ISC BIND 9.0.x through 9.3.x, 9.4 before 9.4.3-P4, 9.5 before 9.5.2-P1, 9.6 before 9.6.1-P2, and 9.7 beta before 9.7.0b3, with DNSSEC validation enabled and checking disabled (CD), allows remote attackers to conduct DNS cache poisoning attacks by receiving a recursive client query and sending a response that contains an Additional section with crafted data, which is not properly handled when the response is processed ""at the same time as requesting DNSSEC records (DO),"" aka Bug 20438.","2.6","LOW","2009-11-25","ftp://ftp.sco.com/pub/unixware7/714/security/p535243_uw7/p535243b.txt; http://aix.software.ibm.com/aix/efixes/security/bind9_advisory.asc; http://lists.apple.com/archives/Security-announce/2011//Oct/msg00003.html","VCDSA23374","1"
"433","CVE-2009-4138","drivers/firewire/ohci.c in the Linux kernel before 2.6.32-git9, when packet-per-buffer mode is used, allows local users to cause a denial of service (NULL pointer dereference and system crash) or possibly have unknown other impact via an unspecified ioctl associated with receiving an ISO packet that contains zero in the payload-length field.","4.7","MEDIUM","2009-12-16","http://git.kernel.org/?p=linux/kernel/git/torvalds/linux-2.6.git%3Ba=commit%3Bh=8c0c0cc2d9f4c523fde04bdfe41e4380dec8ee54; http://lists.opensuse.org/opensuse-security-announce/2010-01/msg00000.html; http://lists.opensuse.org/opensuse-security-announce/2010-01/msg00005.html","VCDSA23378","1"
"434","CVE-2009-4141","Use-after-free vulnerability in the fasync_helper function in fs/fcntl.c in the Linux kernel before 2.6.33-rc4-git1 allows local users to gain privileges via vectors that include enabling O_ASYNC (aka FASYNC or FIOASYNC) on a locked file, and then closing this file.","7.2","HIGH","2010-01-19","http://archives.neohapsis.com/archives/fulldisclosure/2010-01/0252.html; http://git.kernel.org/?p=linux/kernel/git/torvalds/linux-2.6.git%3Ba=commit%3Bh=53281b6d34d44308372d16acb7fb5327609f68b6; http://lists.opensuse.org/opensuse-security-announce/2010-02/msg00002.html","VCDSA23378","1"
"435","CVE-2009-4212","Multiple integer underflows in the (1) AES and (2) RC4 decryption functionality in the crypto library in MIT Kerberos 5 (aka krb5) 1.3 through 1.6.3, and 1.7 before 1.7.1, allow remote attackers to cause a denial of service (daemon crash) or possibly execute arbitrary code by providing ciphertext with a length that is too short to be valid.","10.0","HIGH","2010-01-13","http://lists.apple.com/archives/security-announce/2010//Jun/msg00001.html; http://lists.fedoraproject.org/pipermail/package-announce/2010-January/033915.html; http://lists.fedoraproject.org/pipermail/package-announce/2010-January/033919.html","VCDSA23402; VCDSA23378","2"
"436","CVE-2009-4272","A certain Red Hat patch for net/ipv4/route.c in the Linux kernel 2.6.18 on Red Hat Enterprise Linux (RHEL) 5 allows remote attackers to cause a denial of service (deadlock) via crafted packets that force collisions in the IPv4 routing hash table, and trigger a routing ""emergency"" in which a hash chain is too long.  NOTE: this is related to an issue in the Linux kernel before 2.6.31, when the kernel routing cache is disabled, involving an uninitialized pointer and a panic.","7.5","HIGH","2010-01-27","http://git.kernel.org/?p=linux/kernel/git/torvalds/linux-2.6.git%3Ba=commit%3Bh=73e42897e8e5619eacb787d2ce69be12f47cfc21; http://git.kernel.org/?p=linux/kernel/git/torvalds/linux-2.6.git%3Ba=commit%3Bh=b6280b47a7a42970d098a3059f4ebe7e55e90d8d; http://support.avaya.com/css/P8/documents/100073666","VCDSA23378","1"
"437","CVE-2009-4308","The ext4_decode_error function in fs/ext4/super.c in the ext4 filesystem in the Linux kernel before 2.6.32 allows user-assisted remote attackers to cause a denial of service (NULL pointer dereference), and possibly have unspecified other impact, via a crafted read-only filesystem that lacks a journal.","7.1","HIGH","2009-12-13","http://git.kernel.org/?p=linux/kernel/git/torvalds/linux-2.6.git%3Ba=commit%3Bh=78f1ddbb498283c2445c11b0dfa666424c301803; http://lists.opensuse.org/opensuse-security-announce/2010-01/msg00000.html; http://lists.opensuse.org/opensuse-security-announce/2010-01/msg00005.html","VCDSA23418","1"
"438","CVE-2009-4355","Memory leak in the zlib_stateful_finish function in crypto/comp/c_zlib.c in OpenSSL 0.9.8l and earlier and 1.0.0 Beta through Beta 4 allows remote attackers to cause a denial of service (memory consumption) via vectors that trigger incorrect calls to the CRYPTO_cleanup_all_ex_data function, as demonstrated by use of SSLv3 and PHP with the Apache HTTP Server, a related issue to CVE-2008-1678.","5.0","MEDIUM","2010-01-14","http://cvs.openssl.org/chngview?cn=19068; http://cvs.openssl.org/chngview?cn=19069; http://cvs.openssl.org/chngview?cn=19167","VCDSA23378","1"
"439","CVE-2009-4536","drivers/net/e1000/e1000_main.c in the e1000 driver in the Linux kernel 2.6.32.3 and earlier handles Ethernet frames that exceed the MTU by processing certain trailing payload data as if it were a complete frame, which allows remote attackers to bypass packet filters via a large packet with a crafted payload.  NOTE: this vulnerability exists because of an incorrect fix for CVE-2009-1385.","7.8","HIGH","2010-01-12","http://blog.c22.cc/2009/12/27/26c3-cat-procsysnetipv4fuckups/; http://events.ccc.de/congress/2009/Fahrplan/events/3596.en.html; http://lists.fedoraproject.org/pipermail/package-announce/2010-February/035159.html","VCDSA23424; VCDSA23378","2"
"440","CVE-2009-4537","drivers/net/r8169.c in the r8169 driver in the Linux kernel 2.6.32.3 and earlier does not properly check the size of an Ethernet frame that exceeds the MTU, which allows remote attackers to (1) cause a denial of service (temporary network outage) via a packet with a crafted size, in conjunction with certain packets containing A characters and certain packets containing E characters; or (2) cause a denial of service (system crash) via a packet with a crafted size, in conjunction with certain packets containing '\0' characters, related to the value of the status register and erroneous behavior associated with the RxMaxSize register.  NOTE: this vulnerability exists because of an incorrect fix for CVE-2009-1389.","7.8","HIGH","2010-01-12","http://blog.c22.cc/2009/12/27/26c3-cat-procsysnetipv4fuckups/; http://events.ccc.de/congress/2009/Fahrplan/events/3596.en.html; http://lists.fedoraproject.org/pipermail/package-announce/2010-February/035159.html","VCDSA23378","1"
"441","CVE-2009-4538","drivers/net/e1000e/netdev.c in the e1000e driver in the Linux kernel 2.6.32.3 and earlier does not properly check the size of an Ethernet frame that exceeds the MTU, which allows remote attackers to have an unspecified impact via crafted packets, a related issue to CVE-2009-4537.","10.0","HIGH","2010-01-12","http://lists.fedoraproject.org/pipermail/package-announce/2010-February/035159.html; http://lists.opensuse.org/opensuse-security-announce/2010-01/msg00005.html; http://lists.opensuse.org/opensuse-security-announce/2010-01/msg00008.html","VCDSA23378","1"
"442","CVE-2009-5029","Integer overflow in the __tzfile_read function in glibc before 2.15 allows context-dependent attackers to cause a denial of service (crash) and possibly execute arbitrary code via a crafted timezone (TZ) file, as demonstrated using vsftpd.","6.8","MEDIUM","2013-05-02","http://dividead.wordpress.com/2009/06/01/glibc-timezone-integer-overflow/; http://lists.grok.org.uk/pipermail/full-disclosure/2011-December/084452.html; http://sourceware.org/git/?p=glibc.git%3Ba=commit%3Bh=97ac2654b2d831acaa18a2b018b0736245903fd2","VCDSA23441; VCDSA23437","2"
"443","CVE-2009-5064","ldd in the GNU C Library (aka glibc or libc6) 2.13 and earlier allows local users to gain privileges via a Trojan horse executable file linked with a modified loader that omits certain LD_TRACE_LOADED_OBJECTS checks.  NOTE: the GNU C Library vendor states ""This is just nonsense. There are a gazillion other ways to introduce code if people are downloading arbitrary binaries and install them in appropriate directories or set LD_LIBRARY_PATH etc.","6.9","MEDIUM","2011-03-30","http://openwall.com/lists/oss-security/2011/03/07/10; http://openwall.com/lists/oss-security/2011/03/07/13; http://openwall.com/lists/oss-security/2011/03/07/7","VCDSA23441; VCDSA23437","2"
"444","CVE-2010-0001","Integer underflow in the unlzw function in unlzw.c in gzip before 1.4 on 64-bit platforms, as used in ncompress and probably others, allows remote attackers to cause a denial of service (application crash) or possibly execute arbitrary code via a crafted archive that uses LZW compression, leading to an array index error.","6.8","MEDIUM","2010-01-29","http://git.savannah.gnu.org/cgit/gzip.git/commit/?id=a3db5806d012082b9e25cc36d09f19cd736a468f; http://itrc.hp.com/service/cki/docDisplay.do?docId=emr_na-c02286083; http://kb.juniper.net/InfoCenter/index?page=content&id=JSA10705","VCDSA23378","1"
"445","CVE-2010-0003","The print_fatal_signal function in kernel/signal.c in the Linux kernel before 2.6.32.4 on the i386 platform, when print-fatal-signals is enabled, allows local users to discover the contents of arbitrary memory locations by jumping to an address and then reading a log file, and might allow local users to cause a denial of service (system slowdown or crash) by jumping to an address.","5.4","MEDIUM","2010-01-26","http://git.kernel.org/?p=linux/kernel/git/torvalds/linux-2.6.git%3Ba=commit%3Bh=b45c6e76bc2c72f6426c14bed64fdcbc9bf37cb0; http://lists.fedoraproject.org/pipermail/package-announce/2010-January/034250.html; http://lists.opensuse.org/opensuse-security-announce/2010-02/msg00002.html","VCDSA23418","1"
"446","CVE-2010-0007","net/bridge/netfilter/ebtables.c in the ebtables module in the netfilter framework in the Linux kernel before 2.6.33-rc4 does not require the CAP_NET_ADMIN capability for setting or modifying rules, which allows local users to bypass intended access restrictions and configure arbitrary network-traffic filtering via a modified ebtables application.","2.1","LOW","2010-01-19","http://git.kernel.org/?p=linux/kernel/git/torvalds/linux-2.6.git%3Ba=commit%3Bh=dce766af541f6605fa9889892c0280bab31c66ab; http://lists.fedoraproject.org/pipermail/package-announce/2010-January/034250.html; http://lists.opensuse.org/opensuse-security-announce/2010-01/msg00008.html","VCDSA23418","1"
"447","CVE-2010-0008","The sctp_rcv_ootb function in the SCTP implementation in the Linux kernel before 2.6.23 allows remote attackers to cause a denial of service (infinite loop) via (1) an Out Of The Blue (OOTB) chunk or (2) a chunk of zero length.","7.8","HIGH","2010-03-19","http://git.kernel.org/?p=linux/kernel/git/torvalds/linux-2.6.git%3Ba=commit%3Bh=ece25dfa0991f65c4e1d26beb1c3c45bda4239b8; http://secunia.com/advisories/39295; http://secunia.com/advisories/43315","VCDSA23418","1"
"448","CVE-2010-0082","Unspecified vulnerability in the HotSpot Server component in Oracle Java SE and Java for Business 6 Update 18, 5.0 Update 23, 1.4.2_25, and 1.3.1_27 allows remote attackers to affect confidentiality, integrity, and availability via unknown vectors.","5.1","MEDIUM","2010-04-01","http://itrc.hp.com/service/cki/docDisplay.do?docId=emr_na-c02273751; http://lists.apple.com/archives/security-announce/2010//May/msg00001.html; http://lists.apple.com/archives/security-announce/2010//May/msg00002.html","VCDSA23418","1"
"449","CVE-2010-0084","Unspecified vulnerability in the Java Runtime Environment component in Oracle Java SE and Java for Business 6 Update 18, 5.0 Update 23, and 1.4.2_25 allows remote attackers to affect confidentiality via unknown vectors, a different vulnerability than CVE-2010-0091.","5.0","MEDIUM","2010-04-01","http://itrc.hp.com/service/cki/docDisplay.do?docId=emr_na-c02273751; http://lists.apple.com/archives/security-announce/2010//May/msg00001.html; http://lists.apple.com/archives/security-announce/2010//May/msg00002.html","VCDSA23418","1"
"450","CVE-2010-0085","Unspecified vulnerability in the Java Runtime Environment component in Oracle Java SE and Java for Business 6 Update 18, 5.0 Update 23, 1.4.2_25, and 1.3.1_27 allows remote attackers to affect confidentiality, integrity, and availability via unknown vectors, a different vulnerability than CVE-2010-0088.","5.1","MEDIUM","2010-04-01","http://itrc.hp.com/service/cki/docDisplay.do?docId=emr_na-c02273751; http://lists.apple.com/archives/security-announce/2010//May/msg00001.html; http://lists.apple.com/archives/security-announce/2010//May/msg00002.html","VCDSA23418","1"
"451","CVE-2010-0087","Unspecified vulnerability in the Java Web Start, Java Plug-in component in Oracle Java SE and Java for Business 6 Update 18, 5.0 Update 23, 1.4.2_25, and 1.3.1_27 allows remote attackers to affect confidentiality, integrity, and availability via unknown vectors.","7.5","HIGH","2010-04-01","http://itrc.hp.com/service/cki/docDisplay.do?docId=emr_na-c02273751; http://lists.apple.com/archives/security-announce/2010//May/msg00001.html; http://lists.apple.com/archives/security-announce/2010//May/msg00002.html","VCDSA23418","1"
"452","CVE-2010-0088","Unspecified vulnerability in the Java Runtime Environment component in Oracle Java SE and Java for Business 6 Update 18, 5.0 Update 23, 1.4.2_25, and 1.3.1_27 allows remote attackers to affect confidentiality, integrity, and availability via unknown vectors, a different vulnerability than CVE-2010-0085.","6.8","MEDIUM","2010-04-01","http://itrc.hp.com/service/cki/docDisplay.do?docId=emr_na-c02273751; http://lists.apple.com/archives/security-announce/2010//May/msg00001.html; http://lists.apple.com/archives/security-announce/2010//May/msg00002.html","VCDSA23418","1"
"453","CVE-2010-0089","Unspecified vulnerability in the Java Web Start, Java Plug-in component in Oracle Java SE and Java for Business 6 Update 18, 5.0 Update 23, and 1.4.2_25 allows remote attackers to affect availability via unknown vectors.","5.0","MEDIUM","2010-04-01","http://itrc.hp.com/service/cki/docDisplay.do?docId=emr_na-c02273751; http://lists.apple.com/archives/security-announce/2010//May/msg00001.html; http://lists.apple.com/archives/security-announce/2010//May/msg00002.html","VCDSA23418","1"
"454","CVE-2010-0090","Unspecified vulnerability in the Java Web Start, Java Plug-in component in Oracle Java SE and Java for Business 6 Update 18 allows remote attackers to affect integrity and availability via unknown vectors.","5.8","MEDIUM","2010-04-01","http://itrc.hp.com/service/cki/docDisplay.do?docId=emr_na-c02273751; http://lists.apple.com/archives/security-announce/2010//May/msg00001.html; http://lists.apple.com/archives/security-announce/2010//May/msg00002.html","VCDSA23418","1"
"455","CVE-2010-0091","Unspecified vulnerability in the Java Runtime Environment component in Oracle Java SE and Java for Business 6 Update 18, 5.0 Update 23, and 1.4.2_25 allows remote attackers to affect confidentiality via unknown vectors, a different vulnerability than CVE-2010-0084.","4.3","MEDIUM","2010-04-01","http://itrc.hp.com/service/cki/docDisplay.do?docId=emr_na-c02273751; http://lists.apple.com/archives/security-announce/2010//May/msg00001.html; http://lists.apple.com/archives/security-announce/2010//May/msg00002.html","VCDSA23418","1"
"456","CVE-2010-0092","Unspecified vulnerability in the Java Runtime Environment component in Oracle Java SE and Java for Business 6 Update 18, and 5.0 Update 23 allows remote attackers to affect confidentiality, integrity, and availability via unknown vectors.","5.1","MEDIUM","2010-04-01","http://itrc.hp.com/service/cki/docDisplay.do?docId=emr_na-c02273751; http://lists.apple.com/archives/security-announce/2010//May/msg00001.html; http://lists.apple.com/archives/security-announce/2010//May/msg00002.html","VCDSA23418","1"
"457","CVE-2010-0093","Unspecified vulnerability in the Java Runtime Environment component in Oracle Java SE and Java for Business 6 Update 18, 5.0 Update 23, and 1.4.2_25 allows remote attackers to affect confidentiality, integrity, and availability via unknown vectors, a different vulnerability than CVE-2010-0095.","5.1","MEDIUM","2010-04-01","http://itrc.hp.com/service/cki/docDisplay.do?docId=emr_na-c02273751; http://lists.apple.com/archives/security-announce/2010//May/msg00001.html; http://lists.apple.com/archives/security-announce/2010//May/msg00002.html","VCDSA23418","1"
"458","CVE-2010-0094","Unspecified vulnerability in the Java Runtime Environment component in Oracle Java SE and Java for Business 6 Update 18 and 5.0 Update 23 allows remote attackers to affect confidentiality, integrity, and availability via unknown vectors.  NOTE: the previous information was obtained from the March 2010 CPU.  Oracle has not commented on claims from a reliable researcher that this is due to missing privilege checks during deserialization of RMIConnectionImpl objects, which allows remote attackers to call system-level Java functions via the ClassLoader of a constructor that is being deserialized.","7.5","HIGH","2010-04-01","http://itrc.hp.com/service/cki/docDisplay.do?docId=emr_na-c02273751; http://lists.apple.com/archives/security-announce/2010//May/msg00001.html; http://lists.apple.com/archives/security-announce/2010//May/msg00002.html","VCDSA23418","1"
"459","CVE-2010-0095","Unspecified vulnerability in the Java Runtime Environment component in Oracle Java SE and Java for Business 6 Update 18, 5.0 Update 23, and 1.4.2_25 allows remote attackers to affect confidentiality, integrity, and availability via unknown vectors, a different vulnerability than CVE-2010-0093.","6.8","MEDIUM","2010-04-01","http://itrc.hp.com/service/cki/docDisplay.do?docId=emr_na-c02273751; http://lists.apple.com/archives/security-announce/2010//May/msg00001.html; http://lists.apple.com/archives/security-announce/2010//May/msg00002.html","VCDSA23418","1"
"460","CVE-2010-0097","ISC BIND 9.0.x through 9.3.x, 9.4 before 9.4.3-P5, 9.5 before 9.5.2-P2, 9.6 before 9.6.1-P3, and 9.7.0 beta does not properly validate DNSSEC (1) NSEC and (2) NSEC3 records, which allows remote attackers to add the Authenticated Data (AD) flag to a forged NXDOMAIN response for an existing domain.","4.3","MEDIUM","2010-01-22","ftp://ftp.sco.com/pub/unixware7/714/security/p535243_uw7/p535243b.txt; http://lists.apple.com/archives/Security-announce/2011//Oct/msg00003.html; http://lists.fedoraproject.org/pipermail/package-announce/2010-January/034196.html","VCDSA23378","1"
"461","CVE-2010-0205","The png_decompress_chunk function in pngrutil.c in libpng 1.0.x before 1.0.53, 1.2.x before 1.2.43, and 1.4.x before 1.4.1 does not properly handle compressed ancillary-chunk data that has a disproportionately large uncompressed representation, which allows remote attackers to cause a denial of service (memory and CPU consumption, and application hang) via a crafted PNG file, as demonstrated by use of the deflate compression method on data composed of many occurrences of the same character, related to a ""decompression bomb"" attack.","4.3","MEDIUM","2010-03-03","http://libpng.sourceforge.net/ADVISORY-1.4.1.html; http://libpng.sourceforge.net/decompression_bombs.html; http://lists.apple.com/archives/security-announce/2010//Nov/msg00000.html","VCDSA23412","1"
"462","CVE-2010-0211","The slap_modrdn2mods function in modrdn.c in OpenLDAP 2.4.22 does not check the return value of a call to the smr_normalize function, which allows remote attackers to cause a denial of service (segmentation fault) and possibly execute arbitrary code via a modrdn call with an RDN string containing invalid UTF-8 sequences, which triggers a free of an invalid, uninitialized pointer in the slap_mods_free function, as demonstrated using the Codenomicon LDAPv3 test suite.","9.8","CRITICAL","2010-07-28","http://kb.juniper.net/InfoCenter/index?page=content&id=JSA10705; http://lists.apple.com/archives/security-announce/2010//Nov/msg00000.html; http://lists.opensuse.org/opensuse-security-announce/2010-08/msg00001.html","VCDSA23416","1"
"463","CVE-2010-0212","OpenLDAP 2.4.22 allows remote attackers to cause a denial of service (crash) via a modrdn call with a zero-length RDN destination string, which is not properly handled by the smr_normalize function and triggers a NULL pointer dereference in the IA5StringNormalize function in schema_init.c, as demonstrated using the Codenomicon LDAPv3 test suite.","5.0","MEDIUM","2010-07-28","http://kb.juniper.net/InfoCenter/index?page=content&id=JSA10705; http://kb.juniper.net/InfoCenter/index?page=content&id=JSA10735; http://lists.apple.com/archives/security-announce/2010//Nov/msg00000.html","VCDSA23416","1"
"464","CVE-2010-0290","Unspecified vulnerability in ISC BIND 9.0.x through 9.3.x, 9.4 before 9.4.3-P5, 9.5 before 9.5.2-P2, 9.6 before 9.6.1-P3, and 9.7.0 beta, with DNSSEC validation enabled and checking disabled (CD), allows remote attackers to conduct DNS cache poisoning attacks by receiving a recursive client query and sending a response that contains (1) CNAME or (2) DNAME records, which do not have the intended validation before caching, aka Bug 20737.  NOTE: this vulnerability exists because of an incomplete fix for CVE-2009-4022.","4.0","MEDIUM","2010-01-22","http://lists.opensuse.org/opensuse-security-announce/2010-01/msg00009.html; http://marc.info/?l=oss-security&m=126393609503704&w=2; http://marc.info/?l=oss-security&m=126399602810086&w=2","VCDSA23378","1"
"465","CVE-2010-0291","The Linux kernel before 2.6.32.4 allows local users to gain privileges or cause a denial of service (panic) by calling the (1) mmap or (2) mremap function, aka the ""do_mremap() mess"" or ""mremap/mmap mess.""","4.6","MEDIUM","2010-02-15","http://git.kernel.org/?p=linux/kernel/git/torvalds/linux-2.6.git%3Ba=commit%3Bh=0067bd8a55862ac9dd212bd1c4f6f5bff1ca1301; http://git.kernel.org/?p=linux/kernel/git/torvalds/linux-2.6.git%3Ba=commit%3Bh=05d72faa6d13c9d857478a5d35c85db9adada685; http://git.kernel.org/?p=linux/kernel/git/torvalds/linux-2.6.git%3Ba=commit%3Bh=097eed103862f9c6a97f2e415e21d1134017b135","VCDSA23418; VCDSA23403; VCDSA23402","3"
"466","CVE-2010-0296","The encode_name macro in misc/mntent_r.c in the GNU C Library (aka glibc or libc6) 2.11.1 and earlier, as used by ncpmount and mount.cifs, does not properly handle newline characters in mountpoint names, which allows local users to cause a denial of service (mtab corruption), or possibly modify mount options and gain privileges, via a crafted mount request.","7.2","HIGH","2010-06-01","http://frugalware.org/security/662; http://packetstormsecurity.com/files/153278/WAGO-852-Industrial-Managed-Switch-Series-Code-Execution-Hardcoded-Credentials.html; http://seclists.org/fulldisclosure/2019/Jun/18","VCDSA23427; VCDSA23425","2"
"467","CVE-2010-0307","The load_elf_binary function in fs/binfmt_elf.c in the Linux kernel before 2.6.32.8 on the x86_64 platform does not ensure that the ELF interpreter is available before a call to the SET_PERSONALITY macro, which allows local users to cause a denial of service (system crash) via a 32-bit application that attempts to execute a 64-bit application and then triggers a segmentation fault, as demonstrated by amd64_killer, related to the flush_old_exec function.","4.7","MEDIUM","2010-02-17","http://git.kernel.org/?p=linux/kernel/git/torvalds/linux-2.6.git%3Ba=commit%3Bh=221af7f87b97431e3ee21ce4b0e77d5411cf1549; http://lists.fedoraproject.org/pipermail/package-announce/2010-February/035159.html; http://lists.opensuse.org/opensuse-security-announce/2010-03/msg00000.html","VCDSA23418; VCDSA23403; VCDSA23402","3"
"468","CVE-2010-0382","ISC BIND 9.0.x through 9.3.x, 9.4 before 9.4.3-P5, 9.5 before 9.5.2-P2, 9.6 before 9.6.1-P3, and 9.7.0 beta handles out-of-bailiwick data accompanying a secure response without re-fetching from the original source, which allows remote attackers to have an unspecified impact via a crafted response, aka Bug 20819.  NOTE: this vulnerability exists because of a regression during the fix for CVE-2009-4022.","7.6","HIGH","2010-01-22","http://secunia.com/advisories/40086; http://wiki.rpath.com/wiki/Advisories:rPSA-2010-0018; http://www.debian.org/security/2010/dsa-2054","VCDSA23378","1"
"469","CVE-2010-0405","Integer overflow in the BZ2_decompress function in decompress.c in bzip2 and libbzip2 before 1.0.6 allows context-dependent attackers to cause a denial of service (application crash) or possibly execute arbitrary code via a crafted compressed file.","5.1","MEDIUM","2010-09-28","http://blogs.sun.com/security/entry/cve_2010_0405_integer_overflow; http://git.clamav.net/gitweb?p=clamav-devel.git%3Ba=blob_plain%3Bf=ChangeLog%3Bhb=clamav-0.96.3; http://lists.apple.com/archives/security-announce/2011/Mar/msg00006.html","VCDSA23408; VCDSA23414","2"
"470","CVE-2010-0410","drivers/connector/connector.c in the Linux kernel before 2.6.32.8 allows local users to cause a denial of service (memory consumption and system crash) by sending the kernel many NETLINK_CONNECTOR messages.","4.9","MEDIUM","2010-02-22","http://git.kernel.org/?p=linux/kernel/git/torvalds/linux-2.6.git%3Ba=commit%3Bh=f98bfbd78c37c5946cc53089da32a5f741efdeb7; http://lists.fedoraproject.org/pipermail/package-announce/2010-February/035070.html; http://lists.fedoraproject.org/pipermail/package-announce/2010-February/035159.html","VCDSA23418","1"
"471","CVE-2010-0415","The do_pages_move function in mm/migrate.c in the Linux kernel before 2.6.33-rc7 does not validate node values, which allows local users to read arbitrary kernel memory locations, cause a denial of service (OOPS), and possibly have unspecified other impact by specifying a node that is not part of the kernel's node set.","4.6","MEDIUM","2010-02-17","http://git.kernel.org/?p=linux/kernel/git/torvalds/linux-2.6.git%3Ba=commit%3Bh=6f5a55f1a6c5abee15a0e878e5c74d9f1569b8b0; http://lists.fedoraproject.org/pipermail/package-announce/2010-February/035070.html; http://lists.fedoraproject.org/pipermail/package-announce/2010-February/035159.html","VCDSA23418; VCDSA23403; VCDSA23402","3"
"472","CVE-2010-0425","modules/arch/win32/mod_isapi.c in mod_isapi in the Apache HTTP Server 2.0.37 through 2.0.63, 2.2.0 through 2.2.14, and 2.3.x before 2.3.7, when running on Windows, does not ensure that request processing is complete before calling isapi_unload for an ISAPI .dll module, which allows remote attackers to execute arbitrary code via unspecified vectors related to a crafted request, a reset packet, and ""orphaned callback pointers.""","10.0","HIGH","2010-03-05","http://httpd.apache.org/security/vulnerabilities_20.html; http://httpd.apache.org/security/vulnerabilities_22.html; http://lists.vmware.com/pipermail/security-announce/2010/000105.html","VCDSA23412","1"
"473","CVE-2010-0426","sudo 1.6.x before 1.6.9p21 and 1.7.x before 1.7.2p4, when a pseudo-command is enabled, permits a match between the name of the pseudo-command and the name of an executable file in an arbitrary directory, which allows local users to gain privileges via a crafted executable file, as demonstrated by a file named sudoedit in a user's home directory.","6.9","MEDIUM","2010-02-24","ftp://ftp.sudo.ws/pub/sudo/sudo-1.6.9p21.patch.gz; http://bugs.debian.org/cgi-bin/bugreport.cgi?bug=570737; http://lists.fedoraproject.org/pipermail/package-announce/2010-May/040578.html","VCDSA23378","1"
"474","CVE-2010-0427","sudo 1.6.x before 1.6.9p21, when the runas_default option is used, does not properly set group memberships, which allows local users to gain privileges via a sudo command.","4.4","MEDIUM","2010-02-25","ftp://ftp.sudo.ws/pub/sudo/sudo-1.6.9p21.patch.gz; http://lists.opensuse.org/opensuse-security-announce/2010-03/msg00004.html; http://secunia.com/advisories/38762","VCDSA23378","1"
"475","CVE-2010-0433","The kssl_keytab_is_available function in ssl/kssl.c in OpenSSL before 0.9.8n, when Kerberos is enabled but Kerberos configuration files cannot be opened, does not check a certain return value, which allows remote attackers to cause a denial of service (NULL pointer dereference and daemon crash) via SSL cipher negotiation, as demonstrated by a chroot installation of Dovecot or stunnel without Kerberos configuration files inside the chroot.","4.3","MEDIUM","2010-03-05","http://aix.software.ibm.com/aix/efixes/security/openssl_advisory.asc; http://cvs.openssl.org/chngview?cn=19374; http://groups.google.com/group/mailing.openssl.users/browse_thread/thread/c3e1ab0034ca4b4c/66aa896c3a78b2f7","VCDSA23418; VCDSA23413","2"
"476","CVE-2010-0434","The ap_read_request function in server/protocol.c in the Apache HTTP Server 2.2.x before 2.2.15, when a multithreaded MPM is used, does not properly handle headers in subrequests in certain circumstances involving a parent request that has a body, which might allow remote attackers to obtain sensitive information via a crafted request that triggers access to memory locations associated with an earlier request.","4.3","MEDIUM","2010-03-05","http://httpd.apache.org/security/vulnerabilities_22.html; http://lists.apple.com/archives/security-announce/2010//Nov/msg00000.html; http://lists.fedoraproject.org/pipermail/package-announce/2010-April/039957.html","VCDSA23412","1"
"477","CVE-2010-0437","The ip6_dst_lookup_tail function in net/ipv6/ip6_output.c in the Linux kernel before 2.6.27 does not properly handle certain circumstances involving an IPv6 TUN network interface and a large number of neighbors, which allows attackers to cause a denial of service (NULL pointer dereference and OOPS) or possibly have unspecified other impact via unknown vectors.","7.8","HIGH","2010-03-24","http://bugzilla.kernel.org/show_bug.cgi?id=11469; http://git.kernel.org/?p=linux/kernel/git/torvalds/linux-2.6.git%3Ba=commit%3Bh=e550dfb0c2c31b6363aa463a035fc9f8dcaa3c9b; http://secunia.com/advisories/39033","VCDSA23418","1"
"478","CVE-2010-0547","client/mount.cifs.c in mount.cifs in smbfs in Samba 3.4.5 and earlier does not verify that the (1) device name and (2) mountpoint strings are composed of valid characters, which allows local users to cause a denial of service (mtab corruption) via a crafted string.","2.1","LOW","2010-02-04","http://git.samba.org/?p=samba.git%3Ba=commit%3Bh=a065c177dfc8f968775593ba00dffafeebb2e054; http://lists.opensuse.org/opensuse-security-announce/2010-04/msg00001.html; http://lists.opensuse.org/opensuse-security-announce/2010-08/msg00001.html","VCDSA23405","1"
"479","CVE-2010-0622","The wake_futex_pi function in kernel/futex.c in the Linux kernel before 2.6.33-rc7 does not properly handle certain unlock operations for a Priority Inheritance (PI) futex, which allows local users to cause a denial of service (OOPS) and possibly have unspecified other impact via vectors involving modification of the futex value from user space.","2.1","LOW","2010-02-15","http://git.kernel.org/?p=linux/kernel/git/torvalds/linux-2.6.git%3Ba=commit%3Bh=51246bfd189064079c54421507236fd2723b18f3; http://lists.fedoraproject.org/pipermail/package-announce/2010-February/035070.html; http://lists.opensuse.org/opensuse-security-announce/2010-03/msg00000.html","VCDSA23418; VCDSA23403; VCDSA23402","3"
"480","CVE-2010-0624","Heap-based buffer overflow in the rmt_read__ function in lib/rtapelib.c in the rmt client functionality in GNU tar before 1.23 and GNU cpio before 2.11 allows remote rmt servers to cause a denial of service (memory corruption) or possibly execute arbitrary code by sending more data than was requested, related to archive filenames that contain a : (colon) character.","6.8","MEDIUM","2010-03-15","http://kb.juniper.net/InfoCenter/index?page=content&id=JSA10691; http://kb.juniper.net/InfoCenter/index?page=content&id=JSA10705; http://lists.fedoraproject.org/pipermail/package-announce/2010-March/036668.html","VCDSA23411","1"
"481","CVE-2010-0686","WebAccess in VMware VirtualCenter 2.0.2 and 2.5, VMware Server 2.0, and VMware ESX 3.0.3 and 3.5 allows remote attackers to leverage proxy-server functionality to spoof the origin of requests via unspecified vectors, related to a ""URL forwarding vulnerability.""","7.5","HIGH","2010-04-01","http://lists.vmware.com/pipermail/security-announce/2010/000086.html; http://www.securityfocus.com/bid/39037; http://www.securitytracker.com/id?1023769","VCDSA23375","1"
"482","CVE-2010-0730","The MMIO instruction decoder in the Xen hypervisor in the Linux kernel 2.6.18 in Red Hat Enterprise Linux (RHEL) 5 allows guest OS users to cause a denial of service (32-bit guest OS crash) via vectors that trigger an unspecified instruction emulation.","2.6","LOW","2010-05-12","http://secunia.com/advisories/39649; http://secunia.com/advisories/43315; http://support.avaya.com/css/P8/documents/100088287","VCDSA23418","1"
"483","CVE-2010-0734","content_encoding.c in libcurl 7.10.5 through 7.19.7, when zlib is enabled, does not properly restrict the amount of callback data sent to an application that requests automatic decompression, which might allow remote attackers to cause a denial of service (application crash) or have unspecified other impact by sending crafted compressed data to an application that relies on the intended data-length limit.","6.8","MEDIUM","2010-03-19","http://curl.haxx.se/docs/adv_20100209.html; http://curl.haxx.se/docs/security.html#20100209; http://curl.haxx.se/libcurl-contentencoding.patch","VCDSA23418; VCDSA23413","2"
"484","CVE-2010-0740","The ssl3_get_record function in ssl/s3_pkt.c in OpenSSL 0.9.8f through 0.9.8m allows remote attackers to cause a denial of service (crash) via a malformed record in a TLS connection that triggers a NULL pointer dereference, related to the minor version number.  NOTE: some of these details are obtained from third party information.","5.0","MEDIUM","2010-03-26","http://aix.software.ibm.com/aix/efixes/security/openssl_advisory.asc; http://lists.apple.com/archives/security-announce/2011//Jun/msg00000.html; http://lists.fedoraproject.org/pipermail/package-announce/2010-April/038587.html","VCDSA23418","1"
"485","CVE-2010-0787","client/mount.cifs.c in mount.cifs in smbfs in Samba 3.0.22, 3.0.28a, 3.2.3, 3.3.2, 3.4.0, and 3.4.5 allows local users to mount a CIFS share on an arbitrary mountpoint, and gain privileges, via a symlink attack on the mountpoint directory file.","4.4","MEDIUM","2010-03-02","http://git.samba.org/?p=samba.git%3Ba=commit%3Bh=3ae5dac462c4ed0fb2cd94553583c56fce2f9d80; http://git.samba.org/?p=samba.git%3Ba=commit%3Bh=a0c31ec1c8d1220a5884e40d9ba6b191a04a24d5; http://lists.fedoraproject.org/pipermail/package-announce/2010-January/034444.html","VCDSA23405","1"
"486","CVE-2010-0826","The Free Software Foundation (FSF) Berkeley DB NSS module (aka libnss-db) 2.2.3pre1 reads the DB_CONFIG file in the current working directory, which allows local users to obtain sensitive information via a symlink attack involving a setgid or setuid application that uses this module.","1.9","LOW","2010-04-05","http://kb.juniper.net/InfoCenter/index?page=content&id=JSA10705; http://lists.fedoraproject.org/pipermail/package-announce/2010-April/038760.html; http://secunia.com/advisories/39165","VCDSA23413","1"
"487","CVE-2010-0830","Integer signedness error in the elf_get_dynamic_info function in elf/dynamic-link.h in ld.so in the GNU C Library (aka glibc or libc6) 2.0.1 through 2.11.1, when the --verify option is used, allows user-assisted remote attackers to execute arbitrary code via a crafted ELF program with a negative value for a certain d_tag structure member in the ELF header.","5.1","MEDIUM","2010-06-01","http://drosenbe.blogspot.com/2010/05/integer-overflow-in-ldso-cve-2010-0830.html; http://frugalware.org/security/662; http://secunia.com/advisories/39900","VCDSA23441; VCDSA23437","2"
"488","CVE-2010-0837","Unspecified vulnerability in the Pack200 component in Oracle Java SE and Java for Business 6 Update 18, 5.0, Update, and 23 allows remote attackers to affect confidentiality, integrity, and availability via unknown vectors.","7.5","HIGH","2010-04-01","http://itrc.hp.com/service/cki/docDisplay.do?docId=emr_na-c02273751; http://lists.apple.com/archives/security-announce/2010//May/msg00001.html; http://lists.apple.com/archives/security-announce/2010//May/msg00002.html","VCDSA23418","1"
"489","CVE-2010-0838","Unspecified vulnerability in the Java 2D component in Oracle Java SE and Java for Business 6 Update 18, 5.0, Update, and 23 allows remote attackers to affect confidentiality, integrity, and availability via unknown vectors.  NOTE: the previous information was obtained from the March 2010 CPU.  Oracle has not commented on claims from a reliable researcher that this is a stack-based buffer overflow using an untrusted size value in the readMabCurveData function in the CMM module in the JVM.","7.5","HIGH","2010-04-01","http://itrc.hp.com/service/cki/docDisplay.do?docId=emr_na-c02273751; http://lists.apple.com/archives/security-announce/2010//May/msg00001.html; http://lists.apple.com/archives/security-announce/2010//May/msg00002.html","VCDSA23418","1"
"490","CVE-2010-0839","Unspecified vulnerability in the Sound component in Oracle Java SE and Java for Business 6 Update 18, 5.0 Update 23, 1.4.2_25, and 1.3.1_27 allows remote attackers to affect confidentiality, integrity, and availability via unknown vectors.","7.5","HIGH","2010-04-01","http://itrc.hp.com/service/cki/docDisplay.do?docId=emr_na-c02273751; http://lists.opensuse.org/opensuse-security-announce/2010-04/msg00001.html; http://lists.opensuse.org/opensuse-security-announce/2010-09/msg00006.html","VCDSA23418","1"
"491","CVE-2010-0840","Unspecified vulnerability in the Java Runtime Environment component in Oracle Java SE and Java for Business 6 Update 18, 5.0 Update 23, and 1.4.2_25 allows remote attackers to affect confidentiality, integrity, and availability via unknown vectors.  NOTE: the previous information was obtained from the March 2010 CPU.  Oracle has not commented on claims from a reliable researcher that this is related to improper checks when executing privileged methods in the Java Runtime Environment (JRE), which allows attackers to execute arbitrary code via (1) an untrusted object that extends the trusted class but has not modified a certain method, or (2) ""a similar trust issue with interfaces,"" aka ""Trusted Methods Chaining Remote Code Execution Vulnerability.""","9.8","CRITICAL","2010-04-01","http://itrc.hp.com/service/cki/docDisplay.do?docId=emr_na-c02273751; http://lists.apple.com/archives/security-announce/2010//May/msg00001.html; http://lists.apple.com/archives/security-announce/2010//May/msg00002.html","VCDSA23418","1"
"492","CVE-2010-0841","Unspecified vulnerability in the ImageIO component in Oracle Java SE and Java for Business 6 Update 18, 5.0 Update 23, and 1.4.2_25 allows remote attackers to affect confidentiality, integrity, and availability via unknown vectors.  NOTE: the previous information was obtained from the March 2010 CPU.  Oracle has not commented on claims from a reliable researcher that this is an integer overflow in the Java Runtime Environment that allows remote attackers to execute arbitrary code via a JPEG image that contains subsample dimensions with large values, related to JPEGImageReader and ""stepX"".","7.5","HIGH","2010-04-01","http://itrc.hp.com/service/cki/docDisplay.do?docId=emr_na-c02273751; http://lists.apple.com/archives/security-announce/2010//May/msg00001.html; http://lists.apple.com/archives/security-announce/2010//May/msg00002.html","VCDSA23418","1"
"493","CVE-2010-0842","Unspecified vulnerability in the Sound component in Oracle Java SE and Java for Business 6 Update 18, 5.0 Update 23, 1.4.2_25, and 1.3.1_27 allows remote attackers to affect confidentiality, integrity, and availability via unknown vectors.  NOTE: the previous information was obtained from the March 2010 CPU.  Oracle has not commented on claims from a reliable researcher that this is an uncontrolled array index that allows remote attackers to execute arbitrary code via a MIDI file with a crafted MixerSequencer object, related to the GM_Song structure.","7.5","HIGH","2010-04-01","http://itrc.hp.com/service/cki/docDisplay.do?docId=emr_na-c02273751; http://lists.apple.com/archives/security-announce/2010//May/msg00001.html; http://lists.apple.com/archives/security-announce/2010//May/msg00002.html","VCDSA23418","1"
"494","CVE-2010-0843","Unspecified vulnerability in the Sound component in Oracle Java SE and Java for Business 6 Update 18, 5.0 Update 23, 1.4.2_25, and 1.3.1_27 allows remote attackers to affect confidentiality, integrity, and availability via unknown vectors.  NOTE: the previous information was obtained from the March 2010 CPU.  Oracle has not commented on claims from a reliable researcher that this is related to XNewPtr and improper handling of an integer parameter when allocating heap memory in the com.sun.media.sound libraries, which allows remote attackers to execute arbitrary code.","7.5","HIGH","2010-04-01","http://itrc.hp.com/service/cki/docDisplay.do?docId=emr_na-c02273751; http://lists.apple.com/archives/security-announce/2010//May/msg00001.html; http://lists.apple.com/archives/security-announce/2010//May/msg00002.html","VCDSA23418","1"
"495","CVE-2010-0844","Unspecified vulnerability in the Sound component in Oracle Java SE and Java for Business 6 Update 18, 5.0 Update 23, 1.4.2_25, and 1.3.1_27 allows remote attackers to affect confidentiality, integrity, and availability via unknown vectors.  NOTE: the previous information was obtained from the March 2010 CPU.  Oracle has not commented on claims from a reliable researcher that this is for improper parsing of a crafted MIDI stream when creating a MixerSequencer object, which causes a pointer to be corrupted and allows a NULL byte to be written to arbitrary memory.","7.5","HIGH","2010-04-01","http://itrc.hp.com/service/cki/docDisplay.do?docId=emr_na-c02273751; http://lists.apple.com/archives/security-announce/2010//May/msg00001.html; http://lists.apple.com/archives/security-announce/2010//May/msg00002.html","VCDSA23418","1"
"496","CVE-2010-0845","Unspecified vulnerability in the HotSpot Server component in Oracle Java SE and Java for Business 6 Update 18, 5.0, Update, and 23 allows remote attackers to affect confidentiality, integrity, and availability via unknown vectors.","5.1","MEDIUM","2010-04-01","http://itrc.hp.com/service/cki/docDisplay.do?docId=emr_na-c02273751; http://lists.opensuse.org/opensuse-security-announce/2010-04/msg00001.html; http://lists.opensuse.org/opensuse-security-announce/2010-05/msg00001.html","VCDSA23418","1"
"497","CVE-2010-0846","Unspecified vulnerability in the ImageIO component in Oracle Java SE and Java for Business 6 Update 18, 5.0 Update 23, 1.4.2_25, and 1.3.1_27 allows remote attackers to affect confidentiality, integrity, and availability via unknown vectors.  NOTE: the previous information was obtained from the March 2010 CPU.  Oracle has not commented on claims from a reliable researcher that this is a heap-based buffer overflow that allows remote attackers to execute arbitrary code, related to an ""invalid assignment"" and inconsistent length values in a JPEG image encoder (JPEGImageEncoderImpl).","7.5","HIGH","2010-04-01","http://itrc.hp.com/service/cki/docDisplay.do?docId=emr_na-c02273751; http://lists.apple.com/archives/security-announce/2010//May/msg00001.html; http://lists.apple.com/archives/security-announce/2010//May/msg00002.html","VCDSA23418","1"
"498","CVE-2010-0847","Unspecified vulnerability in the Java 2D component in Oracle Java SE and Java for Business 6 Update 18, 5.0 Update 23, 1.4.2_25, and 1.3.1_27 allows remote attackers to affect confidentiality, integrity, and availability via unknown vectors.  NOTE: the previous information was obtained from the March 2010 CPU.  Oracle has not commented on claims from a reliable researcher that this is a heap-based buffer overflow that allows arbitrary code execution via a crafted image.","7.5","HIGH","2010-04-01","http://itrc.hp.com/service/cki/docDisplay.do?docId=emr_na-c02273751; http://labs.idefense.com/intelligence/vulnerabilities/display.php?id=865; http://lists.apple.com/archives/security-announce/2010//May/msg00001.html","VCDSA23418","1"
"499","CVE-2010-0848","Unspecified vulnerability in the Java 2D component in Oracle Java SE and Java for Business 6 Update 18, 5.0 Update 23, 1.4.2_25, and 1.3.1_27 allows remote attackers to affect confidentiality, integrity, and availability via unknown vectors.","7.5","HIGH","2010-04-01","http://itrc.hp.com/service/cki/docDisplay.do?docId=emr_na-c02273751; http://lists.apple.com/archives/security-announce/2010//May/msg00001.html; http://lists.apple.com/archives/security-announce/2010//May/msg00002.html","VCDSA23418","1"
"500","CVE-2010-0849","Unspecified vulnerability in the Java 2D component in Oracle Java SE and Java for Business 6 Update 18, 5.0 Update 23, 1.4.2_25, and 1.3.1_27 allows remote attackers to affect confidentiality, integrity, and availability via unknown vectors.  NOTE: the previous information was obtained from the March 2010 CPU.  Oracle has not commented on claims from a reliable researcher that this is a heap-based buffer overflow in a decoding routine used by the JPEGImageDecoderImpl interface, which allows code execution via a crafted JPEG image.","7.5","HIGH","2010-04-01","http://itrc.hp.com/service/cki/docDisplay.do?docId=emr_na-c02273751; http://lists.apple.com/archives/security-announce/2010//May/msg00001.html; http://lists.apple.com/archives/security-announce/2010//May/msg00002.html","VCDSA23418","1"
"501","CVE-2010-0850","Unspecified vulnerability in the Java 2D component in Oracle Java SE and Java for Business 1.3.1_27 allows remote attackers to affect confidentiality, integrity, and availability via unknown vectors.","7.5","HIGH","2010-04-01","http://itrc.hp.com/service/cki/docDisplay.do?docId=emr_na-c02273751; http://lists.opensuse.org/opensuse-security-announce/2010-04/msg00001.html; http://marc.info/?l=bugtraq&m=134254866602253&w=2","VCDSA23418","1"
"502","CVE-2010-0886","Unspecified vulnerability in the Java Deployment Toolkit component in Oracle Java SE and Java for Business JDK and JRE 6 Update 10 through 19 allows remote attackers to affect confidentiality, integrity, and availability via unknown vectors.","10.0","HIGH","2010-04-20","http://lists.apple.com/archives/security-announce/2010//May/msg00001.html; http://lists.apple.com/archives/security-announce/2010//May/msg00002.html; http://marc.info/?l=bugtraq&m=134254866602253&w=2","VCDSA23418","1"
"503","CVE-2010-1083","The processcompl_compat function in drivers/usb/core/devio.c in Linux kernel 2.6.x through 2.6.32, and possibly other versions, does not clear the transfer buffer before returning to userspace when a USB command fails, which might make it easier for physically proximate attackers to obtain sensitive information (kernel memory).","4.7","MEDIUM","2010-04-06","http://lists.opensuse.org/opensuse-security-announce/2010-03/msg00007.html; http://lkml.org/lkml/2010/3/30/759; http://lwn.net/Articles/375350/","VCDSA23427","1"
"504","CVE-2010-1084","Linux kernel 2.6.18 through 2.6.33, and possibly other versions, allows remote attackers to cause a denial of service (memory corruption) via a large number of Bluetooth sockets, related to the size of sysfs files in (1) net/bluetooth/l2cap.c, (2) net/bluetooth/rfcomm/core.c, (3) net/bluetooth/rfcomm/sock.c, and (4) net/bluetooth/sco.c.","7.1","HIGH","2010-04-06","http://git.kernel.org/?p=linux/kernel/git/torvalds/linux-2.6.git%3Ba=commitdiff%3Bh=101545f6fef4a0a3ea8daf0b5b880df2c6a92a69; http://secunia.com/advisories/39830; http://secunia.com/advisories/43315","VCDSA23418","1"
"505","CVE-2010-1085","The azx_position_ok function in hda_intel.c in Linux kernel 2.6.33-rc4 and earlier, when running on the AMD780V chip set, allows context-dependent attackers to cause a denial of service (crash) via unknown manipulations that trigger a divide-by-zero error.","7.1","HIGH","2010-04-06","http://lkml.org/lkml/2010/2/5/322; http://nctritech.net/bugreport.txt; http://secunia.com/advisories/39649","VCDSA23418","1"
"506","CVE-2010-1086","The ULE decapsulation functionality in drivers/media/dvb/dvb-core/dvb_net.c in dvb-core in Linux kernel 2.6.33 and earlier allows attackers to cause a denial of service (infinite loop) via a crafted MPEG2-TS frame, related to an invalid Payload Pointer ULE.","7.8","HIGH","2010-04-06","http://git.kernel.org/?p=linux/kernel/git/torvalds/linux-2.6.git%3Ba=commitdiff%3Bh=29e1fa3565a7951cc415c634eb2b78dbdbee151d; http://lists.opensuse.org/opensuse-security-announce/2010-03/msg00007.html; http://secunia.com/advisories/39649","VCDSA23418","1"
"507","CVE-2010-1087","The nfs_wait_on_request function in fs/nfs/pagelist.c in Linux kernel 2.6.x through 2.6.33-rc5 allows attackers to cause a denial of service (Oops) via unknown vectors related to truncating a file and an operation that is not interruptible.","7.8","HIGH","2010-04-06","http://git.kernel.org/?p=linux/kernel/git/torvalds/linux-2.6.git%3Ba=commitdiff%3Bh=9f557cd8073104b39528794d44e129331ded649f; http://lists.opensuse.org/opensuse-security-announce/2010-07/msg00006.html; http://secunia.com/advisories/39830","VCDSA23418; VCDSA23403; VCDSA23402","3"
"508","CVE-2010-1088","fs/namei.c in Linux kernel 2.6.18 through 2.6.34 does not always follow NFS automount ""symlinks,"" which allows attackers to have an unknown impact, related to LOOKUP_FOLLOW.","5.4","MEDIUM","2010-04-06","http://git.kernel.org/?p=linux/kernel/git/torvalds/linux-2.6.git%3Ba=commitdiff%3Bh=ac278a9c505092dd82077a2446af8f9fc0d9c095; http://lists.opensuse.org/opensuse-security-announce/2010-03/msg00007.html; http://secunia.com/advisories/39742","VCDSA23418; VCDSA23403; VCDSA23402","3"
"509","CVE-2010-1137","Cross-site scripting (XSS) vulnerability in WebAccess in VMware VirtualCenter 2.0.2 and 2.5 and VMware ESX 3.0.3 and 3.5, and the Server Console in VMware Server 1.0, allows remote attackers to inject arbitrary web script or HTML via the name of a virtual machine.","4.3","MEDIUM","2010-04-01","http://lists.vmware.com/pipermail/security-announce/2010/000086.html; http://security.gentoo.org/glsa/glsa-201209-25.xml; http://www.securityfocus.com/bid/39037","VCDSA23375","1"
"510","CVE-2010-1138","The virtual networking stack in VMware Workstation 7.0 before 7.0.1 build 227600, VMware Workstation 6.5.x before 6.5.4 build 246459 on Windows, VMware Player 3.0 before 3.0.1 build 227600, VMware Player 2.5.x before 2.5.4 build 246459 on Windows, VMware ACE 2.6 before 2.6.1 build 227600 and 2.5.x before 2.5.4 build 246459, VMware Server 2.x, and VMware Fusion 3.0 before 3.0.1 build 232708 and 2.x before 2.0.7 build 246742 allows remote attackers to obtain sensitive information from memory on the host OS by examining received network packets, related to interaction between the guest OS and the host vmware-vmx process.","5.0","MEDIUM","2010-04-12","http://archives.neohapsis.com/archives/bugtraq/2010-04/0077.html; http://archives.neohapsis.com/archives/fulldisclosure/2010-04/0121.html; http://lists.vmware.com/pipermail/security-announce/2010/000090.html","VCDSA23377","1"
"511","CVE-2010-1139","Format string vulnerability in vmrun in VMware VIX API 1.6.x, VMware Workstation 6.5.x before 6.5.4 build 246459, VMware Player 2.5.x before 2.5.4 build 246459, and VMware Server 2.x on Linux, and VMware Fusion 2.x before 2.0.7 build 246742, allows local users to gain privileges via format string specifiers in process metadata.","7.2","HIGH","2010-04-12","http://archives.neohapsis.com/archives/bugtraq/2010-04/0077.html; http://archives.neohapsis.com/archives/fulldisclosure/2010-04/0121.html; http://lists.vmware.com/pipermail/security-announce/2010/000090.html","VCDSA23377","1"
"512","CVE-2010-1140","The USB service in VMware Workstation 7.0 before 7.0.1 build 227600 and VMware Player 3.0 before 3.0.1 build 227600 on Windows might allow host OS users to gain privileges by placing a Trojan horse program at an unspecified location on the host OS disk.","6.9","MEDIUM","2010-04-12","http://archives.neohapsis.com/archives/bugtraq/2010-04/0077.html; http://archives.neohapsis.com/archives/fulldisclosure/2010-04/0121.html; http://lists.vmware.com/pipermail/security-announce/2010/000090.html","VCDSA23377","1"
"513","CVE-2010-1141","VMware Tools in VMware Workstation 6.5.x before 6.5.4 build 246459; VMware Player 2.5.x before 2.5.4 build 246459; VMware ACE 2.5.x before 2.5.4 build 246459; VMware Server 2.x before 2.0.2 build 203138; VMware Fusion 2.x before 2.0.6 build 246742; VMware ESXi 3.5 and 4.0; and VMware ESX 2.5.5, 3.0.3, 3.5, and 4.0 does not properly access libraries, which allows user-assisted remote attackers to execute arbitrary code by tricking a Windows guest OS user into clicking on a file that is stored on a network share.","8.5","HIGH","2010-04-12","http://archives.neohapsis.com/archives/bugtraq/2010-04/0077.html; http://archives.neohapsis.com/archives/fulldisclosure/2010-04/0121.html; http://lists.vmware.com/pipermail/security-announce/2010/000090.html","VCDSA23377","1"
"514","CVE-2010-1142","VMware Tools in VMware Workstation 6.5.x before 6.5.4 build 246459; VMware Player 2.5.x before 2.5.4 build 246459; VMware ACE 2.5.x before 2.5.4 build 246459; VMware Server 2.x before 2.0.2 build 203138; VMware Fusion 2.x before 2.0.6 build 246742; VMware ESXi 3.5 and 4.0; and VMware ESX 2.5.5, 3.0.3, 3.5, and 4.0 does not properly load VMware programs, which might allow Windows guest OS users to gain privileges by placing a Trojan horse program at an unspecified location on the guest OS disk.","8.5","HIGH","2010-04-12","http://archives.neohapsis.com/archives/bugtraq/2010-04/0077.html; http://archives.neohapsis.com/archives/fulldisclosure/2010-04/0121.html; http://lists.vmware.com/pipermail/security-announce/2010/000090.html","VCDSA23377","1"
"515","CVE-2010-1157","Apache Tomcat 5.5.0 through 5.5.29 and 6.0.0 through 6.0.26 might allow remote attackers to discover the server's hostname or IP address by sending a request for a resource that requires (1) BASIC or (2) DIGEST authentication, and then reading the realm field in the WWW-Authenticate header in the reply.","2.6","LOW","2010-04-23","http://lists.apple.com/archives/Security-announce/2011//Oct/msg00003.html; http://lists.opensuse.org/opensuse-security-announce/2010-09/msg00006.html; http://marc.info/?l=bugtraq&m=129070310906557&w=2","VCDSA23418","1"
"516","CVE-2010-1168","The Safe (aka Safe.pm) module before 2.25 for Perl allows context-dependent attackers to bypass intended (1) Safe::reval and (2) Safe::rdo access restrictions, and inject and execute arbitrary code, via vectors involving implicitly called methods and implicitly blessed objects, as demonstrated by the (a) DESTROY and (b) AUTOLOAD methods, related to ""automagic methods.""","7.5","HIGH","2010-06-21","http://blogs.perl.org/users/rafael_garcia-suarez/2010/03/new-safepm-fixes-security-hole.html; http://blogs.sun.com/security/entry/cve_2010_1168_vulnerability_in; http://cpansearch.perl.org/src/RGARCIA/Safe-2.27/Changes","VCDSA23411","1"
"517","CVE-2010-1173","The sctp_process_unk_param function in net/sctp/sm_make_chunk.c in the Linux kernel 2.6.33.3 and earlier, when SCTP is enabled, allows remote attackers to cause a denial of service (system crash) via an SCTPChunkInit packet containing multiple invalid parameters that require a large amount of error data.","7.1","HIGH","2010-05-07","http://article.gmane.org/gmane.linux.network/159531; http://git.kernel.org/?p=linux/kernel/git/davem/net-2.6.git%3Ba=commit%3Bh=5fa782c2f5ef6c2e4f04d3e228412c9b4a4c8809; http://kbase.redhat.com/faq/docs/DOC-31052","VCDSA23418","1"
"518","CVE-2010-1187","The Transparent Inter-Process Communication (TIPC) functionality in Linux kernel 2.6.16-rc1 through 2.6.33, and possibly other versions, allows local users to cause a denial of service (kernel OOPS) by sending datagrams through AF_TIPC before entering network mode, which triggers a NULL pointer dereference.","4.9","MEDIUM","2010-03-31","http://git.kernel.org/?p=linux/kernel/git/davem/net-2.6.git%3Ba=commitdiff%3Bh=d0021b252eaf65ca07ed14f0d66425dd9ccab9a6%3Bhp=6d55cb91a0020ac0d78edcad61efd6c8cf5785a3; http://secunia.com/advisories/39830; http://secunia.com/advisories/43315","VCDSA23418","1"
"519","CVE-2010-1188","Use-after-free vulnerability in net/ipv4/tcp_input.c in the Linux kernel 2.6 before 2.6.20, when IPV6_RECVPKTINFO is set on a listening socket, allows remote attackers to cause a denial of service (kernel panic) via a SYN packet while the socket is in a listening (TCP_LISTEN) state, which is not properly handled and causes the skb structure to be freed.","7.1","HIGH","2010-03-31","http://git.kernel.org/linus/fb7e2399ec17f1004c0e0ccfd17439f8759ede01; http://secunia.com/advisories/39652; http://support.avaya.com/css/P8/documents/100090459","VCDSA23424","1"
"520","CVE-2010-1193","Cross-site scripting (XSS) vulnerability in WebAccess in VMware Server 2.0 allows remote attackers to inject arbitrary web script or HTML via vectors related to JSON error messages.","4.3","MEDIUM","2010-04-01","http://lists.vmware.com/pipermail/security-announce/2010/000086.html; http://www.securityfocus.com/bid/39037; http://www.securitytracker.com/id?1023769","VCDSA23375","1"
"521","CVE-2010-1205","Buffer overflow in pngpread.c in libpng before 1.2.44 and 1.4.x before 1.4.3, as used in progressive applications, might allow remote attackers to execute arbitrary code via a PNG image that triggers an additional data row.","9.8","CRITICAL","2010-06-30","http://blackberry.com/btsc/KB27244; http://code.google.com/p/chromium/issues/detail?id=45983; http://googlechromereleases.blogspot.com/2010/07/stable-channel-update.html","VCDSA23412","1"
"522","CVE-2010-1321","The kg_accept_krb5 function in krb5/accept_sec_context.c in the GSS-API library in MIT Kerberos 5 (aka krb5) through 1.7.1 and 1.8 before 1.8.2, as used in kadmind and other applications, does not properly check for invalid GSS-API tokens, which allows remote authenticated users to cause a denial of service (NULL pointer dereference and daemon crash) via an AP-REQ message in which the authenticator's checksum field is missing.","6.8","MEDIUM","2010-05-19","http://h20000.www2.hp.com/bizsupport/TechSupport/Document.jsp?objectID=c02257427; http://lists.fedoraproject.org/pipermail/package-announce/2010-May/041615.html; http://lists.fedoraproject.org/pipermail/package-announce/2010-May/041645.html","VCDSA23428; VCDSA23418; VCDSA23402; VCDSA23411","4"
"523","CVE-2010-1323","MIT Kerberos 5 (aka krb5) 1.3.x, 1.4.x, 1.5.x, 1.6.x, 1.7.x, and 1.8.x through 1.8.3 does not properly determine the acceptability of checksums, which might allow remote attackers to modify user-visible prompt text, modify a response to a Key Distribution Center (KDC), or forge a KRB-SAFE message via certain checksums that (1) are unkeyed or (2) use RC4 keys.","3.7","LOW","2010-12-02","http://kb.vmware.com/kb/1035108; http://lists.apple.com/archives/security-announce/2011/Mar/msg00006.html; http://lists.fedoraproject.org/pipermail/package-announce/2010-December/051976.html","VCDSA23427; VCDSA23422","2"
"524","CVE-2010-1324","MIT Kerberos 5 (aka krb5) 1.7.x and 1.8.x through 1.8.3 does not properly determine the acceptability of checksums, which might allow remote attackers to forge GSS tokens, gain privileges, or have unspecified other impact via (1) an unkeyed checksum, (2) an unkeyed PAC checksum, or (3) a KrbFastArmoredReq checksum based on an RC4 key.","3.7","LOW","2010-12-02","http://kb.vmware.com/kb/1035108; http://lists.apple.com/archives/security-announce/2011/Mar/msg00006.html; http://lists.fedoraproject.org/pipermail/package-announce/2010-December/051976.html","VCDSA23422","1"
"525","CVE-2010-1436","gfs2 in the Linux kernel 2.6.18, and possibly other versions, does not properly handle when the gfs2_quota struct occupies two separate pages, which allows local users to cause a denial of service (kernel panic) via certain manipulations that cause an out-of-bounds write, as demonstrated by writing from an ext3 file system to a gfs2 file system.","4.9","MEDIUM","2010-05-21","http://secunia.com/advisories/43315; http://www.openwall.com/lists/oss-security/2010/04/27/1; http://www.openwall.com/lists/oss-security/2010/04/28/1","VCDSA23418","1"
"526","CVE-2010-1437","Race condition in the find_keyring_by_name function in security/keys/keyring.c in the Linux kernel 2.6.34-rc5 and earlier allows local users to cause a denial of service (memory corruption and system crash) or possibly have unspecified other impact via keyctl session commands that trigger access to a dead keyring that is undergoing deletion by the key_cleanup function.","7.0","HIGH","2010-05-07","http://lists.opensuse.org/opensuse-security-announce/2010-07/msg00006.html; http://marc.info/?l=linux-kernel&m=127192182917857&w=2; http://marc.info/?l=linux-kernel&m=127274294622730&w=2","VCDSA23418; VCDSA23403; VCDSA23402","3"
"527","CVE-2010-1447","The Safe (aka Safe.pm) module 2.26, and certain earlier versions, for Perl, as used in PostgreSQL 7.4 before 7.4.29, 8.0 before 8.0.25, 8.1 before 8.1.21, 8.2 before 8.2.17, 8.3 before 8.3.11, 8.4 before 8.4.4, and 9.0 Beta before 9.0 Beta 2, allows context-dependent attackers to bypass intended (1) Safe::reval and (2) Safe::rdo access restrictions, and inject and execute arbitrary code, via vectors involving subroutine references and delayed execution.","8.5","HIGH","2010-05-19","http://kb.juniper.net/InfoCenter/index?page=content&id=JSA10705; http://osvdb.org/64756; http://secunia.com/advisories/39845","VCDSA23411","1"
"528","CVE-2010-1634","Multiple integer overflows in audioop.c in the audioop module in Python 2.6, 2.7, 3.1, and 3.2 allow context-dependent attackers to cause a denial of service (application crash) via a large fragment, as demonstrated by a call to audioop.lin2lin with a long string in the first argument, leading to a buffer overflow.  NOTE: this vulnerability exists because of an incorrect fix for CVE-2008-3143.5.","5.0","MEDIUM","2010-05-27","http://bugs.python.org/issue8674; http://lists.apple.com/archives/Security-announce/2011//Oct/msg00003.html; http://lists.fedoraproject.org/pipermail/package-announce/2010-June/042751.html","VCDSA23405","1"
"529","CVE-2010-1641","The do_gfs2_set_flags function in fs/gfs2/file.c in the Linux kernel before 2.6.34-git10 does not verify the ownership of a file, which allows local users to bypass intended access restrictions via a SETFLAGS ioctl request.","4.6","MEDIUM","2010-06-01","http://git.kernel.org/?p=linux/kernel/git/torvalds/linux-2.6.git%3Ba=commit%3Bh=7df0e0397b9a18358573274db9fdab991941062f; http://lists.opensuse.org/opensuse-security-announce/2010-07/msg00006.html; http://lists.opensuse.org/opensuse-security-announce/2010-08/msg00000.html","VCDSA23418","1"
"530","CVE-2010-1646","The secure path feature in env.c in sudo 1.3.1 through 1.6.9p22 and 1.7.0 through 1.7.2p6 does not properly handle an environment that contains multiple PATH variables, which might allow local users to gain privileges via a crafted value of the last PATH variable.","6.2","MEDIUM","2010-06-07","http://lists.fedoraproject.org/pipermail/package-announce/2010-June/042838.html; http://lists.fedoraproject.org/pipermail/package-announce/2010-June/043012.html; http://lists.fedoraproject.org/pipermail/package-announce/2010-June/043026.html","VCDSA23413","1"
"531","CVE-2010-1870","The OGNL extensive expression evaluation capability in XWork in Struts 2.0.0 through 2.1.8.1, as used in Atlassian Fisheye, Crucible, and possibly other products, uses a permissive whitelist, which allows remote attackers to modify server-side context objects and bypass the ""#"" protection mechanism in ParameterInterceptors via the (1) #context, (2) #_memberAccess, (3) #root, (4) #this, (5) #_typeResolver, (6) #_classResolver, (7) #_traceEvaluations, (8) #_lastEvaluation, (9) #_keepLastEvaluation, and possibly other OGNL context variables, a different vulnerability than CVE-2008-6504.","5.0","MEDIUM","2010-08-17","http://blog.o0o.nu/2010/07/cve-2010-1870-struts2xwork-remote.html; http://confluence.atlassian.com/display/FISHEYE/FishEye+Security+Advisory+2010-06-16; http://packetstormsecurity.com/files/159643/LISTSERV-Maestro-9.0-8-Remote-Code-Execution.html","VCDSA23420","1"
"532","CVE-2010-2054","Integer overflow in httpAdapter.c in httpAdapter in SBLIM SFCB 1.3.4 through 1.3.7, when the configuration sets httpMaxContentLength to a zero value, allows remote attackers to cause a denial of service (heap memory corruption) or possibly execute arbitrary code via a large integer in the Content-Length HTTP header, aka bug #3001915.  NOTE: some of these details are obtained from third party information.","10.0","HIGH","2010-06-15","http://marc.info/?l=bugtraq&m=127549079109192&w=2; http://sblim.cvs.sourceforge.net/viewvc/sblim/sfcb/httpAdapter.c?r1=1.85&r2=1.86; http://secunia.com/advisories/40018","VCDSA23428","1"
"533","CVE-2010-2059","lib/fsm.c in RPM 4.8.0 and unspecified 4.7.x and 4.6.x versions, and RPM before 4.4.3, does not properly reset the metadata of an executable file during replacement of the file in an RPM package upgrade, which might allow local users to gain privileges by creating a hard link to a vulnerable (1) setuid or (2) setgid file.","7.2","HIGH","2010-06-08","http://distrib-coffee.ipsl.jussieu.fr/pub/mirrors/rpm/files/rpm/rpm-4.4/rpm-4.4.3.tar.gz; http://lists.opensuse.org/opensuse-security-announce/2010-08/msg00001.html; http://lists.opensuse.org/opensuse-security-announce/2010-09/msg00006.html","VCDSA23405; VCDSA23419","2"
"534","CVE-2010-2063","Buffer overflow in the SMB1 packet chaining implementation in the chain_reply function in process.c in smbd in Samba 3.0.x before 3.3.13 allows remote attackers to cause a denial of service (memory corruption and daemon crash) or possibly execute arbitrary code via a crafted field in a packet.","7.5","HIGH","2010-06-17","http://labs.idefense.com/intelligence/vulnerabilities/display.php?id=873; http://lists.apple.com/archives/security-announce/2010//Aug/msg00003.html; http://lists.opensuse.org/opensuse-security-announce/2010-08/msg00001.html","VCDSA23411","1"
"535","CVE-2010-2066","The mext_check_arguments function in fs/ext4/move_extent.c in the Linux kernel before 2.6.35 allows local users to overwrite an append-only file via a MOVE_EXT ioctl call that specifies this file as a donor.","5.5","MEDIUM","2010-09-08","http://git.kernel.org/?p=linux/kernel/git/torvalds/linux-2.6.git%3Ba=commit%3Bh=1f5a81e41f8b1a782c68d3843e9ec1bfaadf7d72; http://lists.opensuse.org/opensuse-security-announce/2010-08/msg00000.html; http://secunia.com/advisories/43315","VCDSA23418","1"
"536","CVE-2010-2070","arch/ia64/xen/faults.c in Xen 3.4 and 4.0 in Linux kernel 2.6.18, and possibly other kernel versions, when running on IA-64 architectures, allows local users to cause a denial of service and ""turn on BE by modifying the user mask of the PSR,"" as demonstrated via exploitation of CVE-2006-0742.","4.9","MEDIUM","2010-06-16","http://osvdb.org/65541; http://secunia.com/advisories/43315; http://www.openwall.com/lists/oss-security/2010/06/10/2","VCDSA23418","1"
"537","CVE-2010-2089","The audioop module in Python 2.7 and 3.2 does not verify the relationships between size arguments and byte string lengths, which allows context-dependent attackers to cause a denial of service (memory corruption and application crash) via crafted arguments, as demonstrated by a call to audioop.reverse with a one-byte string, a different vulnerability than CVE-2010-1634.","5.0","MEDIUM","2010-05-27","http://bugs.python.org/issue7673; http://lists.apple.com/archives/Security-announce/2011//Oct/msg00003.html; http://lists.fedoraproject.org/pipermail/package-announce/2010-June/042751.html","VCDSA23405","1"
"538","CVE-2010-2226","The xfs_swapext function in fs/xfs/xfs_dfrag.c in the Linux kernel before 2.6.35 does not properly check the file descriptors passed to the SWAPEXT ioctl, which allows local users to leverage write access and obtain read access by swapping one file into another file.","2.1","LOW","2010-09-03","http://archives.free.net.ph/message/20100616.130710.301704aa.en.html; http://archives.free.net.ph/message/20100616.135735.40f53a32.en.html; http://git.kernel.org/?p=linux/kernel/git/torvalds/linux-2.6.git%3Ba=commit%3Bh=1817176a86352f65210139d4c794ad2d19fc6b63","VCDSA23418","1"
"539","CVE-2010-2227","Apache Tomcat 5.5.0 through 5.5.29, 6.0.0 through 6.0.27, and 7.0.0 beta does not properly handle an invalid Transfer-Encoding header, which allows remote attackers to cause a denial of service (application outage) or obtain sensitive information via a crafted header that interferes with ""recycling of a buffer.""","6.4","MEDIUM","2010-07-13","http://geronimo.apache.org/21x-security-report.html; http://geronimo.apache.org/22x-security-report.html; http://lists.apple.com/archives/Security-announce/2011//Oct/msg00003.html","VCDSA23418","1"
"540","CVE-2010-2240","The do_anonymous_page function in mm/memory.c in the Linux kernel before 2.6.27.52, 2.6.32.x before 2.6.32.19, 2.6.34.x before 2.6.34.4, and 2.6.35.x before 2.6.35.2 does not properly separate the stack and the heap, which allows context-dependent attackers to execute arbitrary code by writing to the bottom page of a shared memory segment, as demonstrated by a memory-exhaustion attack against the X.Org X server.","7.2","HIGH","2010-09-03","http://git.kernel.org/?p=linux/kernel/git/torvalds/linux-2.6.git%3Ba=commit%3Bh=320b2b8de12698082609ebbc1a17165727f4c893; http://lists.vmware.com/pipermail/security-announce/2011/000133.html; http://securitytracker.com/id?1024344","VCDSA23424; VCDSA23422; VCDSA23418","3"
"541","CVE-2010-2248","fs/cifs/cifssmb.c in the CIFS implementation in the Linux kernel before 2.6.34-rc4 allows remote attackers to cause a denial of service (panic) via an SMB response packet with an invalid CountHigh value, as demonstrated by a response from an OS/2 server, related to the CIFSSMBWrite and CIFSSMBWrite2 functions.","7.8","HIGH","2010-09-07","http://git.kernel.org/?p=linux/kernel/git/torvalds/linux-2.6.git%3Ba=commit%3Bh=6513a81e9325d712f1bfb9a1d7b750134e49ff18; http://lists.opensuse.org/opensuse-security-announce/2010-12/msg00004.html; http://secunia.com/advisories/43315","VCDSA23418","1"
"542","CVE-2010-2249","Memory leak in pngrutil.c in libpng before 1.2.44, and 1.4.x before 1.4.3, allows remote attackers to cause a denial of service (memory consumption and application crash) via a PNG image containing malformed Physical Scale (aka sCAL) chunks.","6.5","MEDIUM","2010-06-30","http://libpng.git.sourceforge.net/git/gitweb.cgi?p=libpng/libpng%3Ba=commitdiff%3Bh=90cfcecc09febb8d6c8c1d37ea7bb7cf0f4b00f3#patch20; http://lists.apple.com/archives/security-announce/2010//Nov/msg00000.html; http://lists.apple.com/archives/security-announce/2010//Nov/msg00003.html","VCDSA23412","1"
"543","CVE-2010-2427","VMware Studio 2.0 does not properly write to temporary files, which allows local users to gain privileges via unspecified vectors.","4.4","MEDIUM","2010-07-22","http://lists.vmware.com/pipermail/security-announce/2010/000101.html; http://secunia.com/advisories/40507; http://securitytracker.com/id?1024187","VCDSA23380","1"
"544","CVE-2010-2492","Buffer overflow in the ecryptfs_uid_hash macro in fs/ecryptfs/messaging.c in the eCryptfs subsystem in the Linux kernel before 2.6.35 might allow local users to gain privileges or cause a denial of service (system crash) via unspecified vectors.","7.8","HIGH","2010-09-08","http://git.kernel.org/?p=linux/kernel/git/torvalds/linux-2.6.git%3Ba=commit%3Bh=a6f80fb7b5986fda663d94079d3bba0937a6b6ff; http://secunia.com/advisories/42890; http://secunia.com/advisories/46397","VCDSA23427","1"
"545","CVE-2010-2521","Multiple buffer overflows in fs/nfsd/nfs4xdr.c in the XDR implementation in the NFS server in the Linux kernel before 2.6.34-rc6 allow remote attackers to cause a denial of service (panic) or possibly execute arbitrary code via a crafted NFSv4 compound WRITE request, related to the read_buf and nfsd4_decode_compound functions.","10.0","HIGH","2010-09-07","http://git.kernel.org/?p=linux/kernel/git/torvalds/linux-2.6.git%3Ba=commit%3Bh=2bc3c1179c781b359d4f2f3439cb3df72afc17fc; http://lists.opensuse.org/opensuse-security-announce/2010-09/msg00004.html; http://secunia.com/advisories/43315","VCDSA23418","1"
"546","CVE-2010-2524","The DNS resolution functionality in the CIFS implementation in the Linux kernel before 2.6.35, when CONFIG_CIFS_DFS_UPCALL is enabled, relies on a user's keyring for the dns_resolver upcall in the cifs.upcall userspace helper, which allows local users to spoof the results of DNS queries and perform arbitrary CIFS mounts via vectors involving an add_key call, related to a ""cache stuffing"" issue and MS-DFS referrals.","7.8","HIGH","2010-09-08","http://git.kernel.org/?p=linux/kernel/git/torvalds/linux-2.6.git%3Ba=commit%3Bh=4c0c03ca54f72fdd5912516ad0a23ec5cf01bda7; http://lists.opensuse.org/opensuse-security-announce/2010-09/msg00004.html; http://marc.info/?l=oss-security&m=128072090331700&w=2","VCDSA23418","1"
"547","CVE-2010-2667","Multiple unspecified vulnerabilities in the Virtual Appliance Management Infrastructure (VAMI) in VMware Studio 2.0 allow remote authenticated users to execute arbitrary commands via vectors involving (1) the Studio virtual appliance or (2) a virtual appliance created by the Studio virtual appliance.","6.0","MEDIUM","2010-07-22","http://lists.vmware.com/pipermail/security-announce/2010/000101.html; http://secunia.com/advisories/40507; http://securitytracker.com/id?1024187","VCDSA23380","1"
"548","CVE-2010-2761","The multipart_init function in (1) CGI.pm before 3.50 and (2) Simple.pm in CGI::Simple 1.112 and earlier uses a hardcoded value of the MIME boundary string in multipart/x-mixed-replace content, which allows remote attackers to inject arbitrary HTTP headers and conduct HTTP response splitting attacks via crafted input that contains this value, a different vulnerability than CVE-2010-3172.","4.3","MEDIUM","2010-12-06","http://cpansearch.perl.org/src/LDS/CGI.pm-3.50/Changes; http://kb.juniper.net/InfoCenter/index?page=content&id=JSA10705; http://kb.juniper.net/InfoCenter/index?page=content&id=JSA10735","VCDSA23437","1"
"549","CVE-2010-2798","The gfs2_dirent_find_space function in fs/gfs2/dir.c in the Linux kernel before 2.6.35 uses an incorrect size value in calculations associated with sentinel directory entries, which allows local users to cause a denial of service (NULL pointer dereference and panic) and possibly have unspecified other impact by renaming a file in a GFS2 filesystem, related to the gfs2_rename function in fs/gfs2/ops_inode.c.","7.8","HIGH","2010-09-08","http://git.kernel.org/?p=linux/kernel/git/torvalds/linux-2.6.git%3Ba=commit%3Bh=728a756b8fcd22d80e2dbba8117a8a3aafd3f203; http://lists.opensuse.org/opensuse-security-announce/2010-09/msg00004.html; http://lists.opensuse.org/opensuse-security-announce/2010-11/msg00000.html","VCDSA23427","1"
"550","CVE-2010-2928","The vCenter Tomcat Management Application in VMware vCenter Server 4.1 before Update 1 stores log-on credentials in a configuration file, which allows local users to gain privileges by reading this file.","2.1","LOW","2011-02-16","http://osvdb.org/70859; http://secunia.com/advisories/43307; http://securityreason.com/securityalert/8079","VCDSA23418","1"
"551","CVE-2010-2938","arch/x86/hvm/vmx/vmcs.c in the virtual-machine control structure (VMCS) implementation in the Linux kernel 2.6.18 on Red Hat Enterprise Linux (RHEL) 5, when an Intel platform without Extended Page Tables (EPT) functionality is used, accesses VMCS fields without verifying hardware support for these fields, which allows local users to cause a denial of service (host OS crash) by requesting a VMCS dump for a fully virtualized Xen guest.","4.9","MEDIUM","2010-10-08","http://secunia.com/advisories/46397; http://support.avaya.com/css/P8/documents/100113326; http://www.redhat.com/support/errata/RHSA-2010-0723.html","VCDSA23427","1"
"552","CVE-2010-2939","Double free vulnerability in the ssl3_get_key_exchange function in the OpenSSL client (ssl/s3_clnt.c) in OpenSSL 1.0.0a, 0.9.8, 0.9.7, and possibly other versions, when using ECDH, allows context-dependent attackers to cause a denial of service (crash) and possibly execute arbitrary code via a crafted private key with an invalid prime.  NOTE: some sources refer to this as a use-after-free issue.","4.3","MEDIUM","2010-08-17","http://lists.opensuse.org/opensuse-security-announce/2010-11/msg00005.html; http://marc.info/?l=bugtraq&m=130331363227777&w=2; http://seclists.org/fulldisclosure/2010/Aug/84","VCDSA23418","1"
"553","CVE-2010-2942","The actions implementation in the network queueing functionality in the Linux kernel before 2.6.36-rc2 does not properly initialize certain structure members when performing dump operations, which allows local users to obtain potentially sensitive information from kernel memory via vectors related to (1) the tcf_gact_dump function in net/sched/act_gact.c, (2) the tcf_mirred_dump function in net/sched/act_mirred.c, (3) the tcf_nat_dump function in net/sched/act_nat.c, (4) the tcf_simp_dump function in net/sched/act_simple.c, and (5) the tcf_skbedit_dump function in net/sched/act_skbedit.c.","5.5","MEDIUM","2010-09-21","http://git.kernel.org/?p=linux/kernel/git/davem/net-2.6.git%3Ba=commit%3Bh=1c40be12f7d8ca1d387510d39787b12e512a7ce8; http://lists.opensuse.org/opensuse-security-announce/2010-09/msg00004.html; http://lists.opensuse.org/opensuse-security-announce/2010-09/msg00005.html","VCDSA23427","1"
"554","CVE-2010-2943","The xfs implementation in the Linux kernel before 2.6.35 does not look up inode allocation btrees before reading inode buffers, which allows remote authenticated users to read unlinked files, or read or overwrite disk blocks that are currently assigned to an active file but were previously assigned to an unlinked file, by accessing a stale NFS filehandle.","8.1","HIGH","2010-09-30","http://article.gmane.org/gmane.comp.file-systems.xfs.general/33767; http://article.gmane.org/gmane.comp.file-systems.xfs.general/33768; http://article.gmane.org/gmane.comp.file-systems.xfs.general/33769","VCDSA23427","1"
"555","CVE-2010-2956","Sudo 1.7.0 through 1.7.4p3, when a Runas group is configured, does not properly handle use of the -u option in conjunction with the -g option, which allows local users to gain privileges via a command line containing a ""-u root"" sequence.","6.2","MEDIUM","2010-09-10","http://lists.fedoraproject.org/pipermail/package-announce/2010-September/047516.html; http://lists.opensuse.org/opensuse-security-announce/2010-09/msg00006.html; http://secunia.com/advisories/40508","VCDSA23416","1"
"556","CVE-2010-3015","Integer overflow in the ext4_ext_get_blocks function in fs/ext4/extents.c in the Linux kernel before 2.6.34 allows local users to cause a denial of service (BUG and system crash) via a write operation on the last block of a large file, followed by a sync operation.","4.7","MEDIUM","2010-08-20","http://git.kernel.org/?p=linux/kernel/git/torvalds/linux-2.6.git%3Ba=commit%3Bh=731eb1a03a8445cde2cb23ecfb3580c6fa7bb690; http://lists.opensuse.org/opensuse-security-announce/2010-09/msg00004.html; http://lists.opensuse.org/opensuse-security-announce/2010-11/msg00000.html","VCDSA23427","1"
"557","CVE-2010-3066","The io_submit_one function in fs/aio.c in the Linux kernel before 2.6.23 allows local users to cause a denial of service (NULL pointer dereference) via a crafted io_submit system call with an IOCB_FLAG_RESFD flag.","4.9","MEDIUM","2010-12-06","http://git.kernel.org/?p=linux/kernel/git/torvalds/linux-2.6.git%3Ba=commit%3Bh=87e2831c3fa39cbf6f7ab676bb5aef039b9659e2; http://secunia.com/advisories/46397; http://securitytracker.com/id?1024708","VCDSA23427","1"
"558","CVE-2010-3067","Integer overflow in the do_io_submit function in fs/aio.c in the Linux kernel before 2.6.36-rc4-next-20100915 allows local users to cause a denial of service or possibly have unspecified other impact via crafted use of the io_submit system call.","4.9","MEDIUM","2010-09-21","http://git.kernel.org/?p=linux/kernel/git/torvalds/linux-2.6.git%3Ba=commit%3Bh=75e1c70fc31490ef8a373ea2a4bea2524099b478; http://lists.opensuse.org/opensuse-security-announce/2010-12/msg00004.html; http://lists.opensuse.org/opensuse-security-announce/2011-01/msg00000.html","VCDSA23427","1"
"559","CVE-2010-3069","Stack-based buffer overflow in the (1) sid_parse and (2) dom_sid_parse functions in Samba before 3.5.5 allows remote attackers to cause a denial of service (crash) and possibly execute arbitrary code via a crafted Windows Security ID (SID) on a file share.","7.5","HIGH","2010-09-15","http://lists.apple.com/archives/security-announce/2011//Jun/msg00000.html; http://lists.apple.com/archives/security-announce/2011/Mar/msg00006.html; http://lists.fedoraproject.org/pipermail/package-announce/2010-September/047650.html","VCDSA23414","1"
"560","CVE-2010-3078","The xfs_ioc_fsgetxattr function in fs/xfs/linux-2.6/xfs_ioctl.c in the Linux kernel before 2.6.36-rc4 does not initialize a certain structure member, which allows local users to obtain potentially sensitive information from kernel stack memory via an ioctl call.","5.5","MEDIUM","2010-09-21","http://git.kernel.org/?p=linux/kernel/git/torvalds/linux-2.6.git%3Ba=commit%3Bh=a122eb2fdfd78b58c6dd992d6f4b1aaef667eef9; http://lists.opensuse.org/opensuse-security-announce/2010-09/msg00005.html; http://lists.opensuse.org/opensuse-security-announce/2010-10/msg00003.html","VCDSA23427","1"
"561","CVE-2010-3081","The compat_alloc_user_space functions in include/asm/compat.h files in the Linux kernel before 2.6.36-rc4-git2 on 64-bit platforms do not properly allocate the userspace memory required for the 32-bit compatibility layer, which allows local users to gain privileges by leveraging the ability of the compat_mc_getsockopt function (aka the MCAST_MSFILTER getsockopt support) to control a certain length value, related to a ""stack pointer underflow"" issue, as exploited in the wild in September 2010.","7.8","HIGH","2010-09-24","http://archives.neohapsis.com/archives/fulldisclosure/2010-09/0273.html; http://archives.neohapsis.com/archives/fulldisclosure/2010-09/0278.html; http://blog.ksplice.com/2010/09/cve-2010-3081/","VCDSA23418; VCDSA23403","2"
"562","CVE-2010-3086","include/asm-x86/futex.h in the Linux kernel before 2.6.25 does not properly implement exception fixup, which allows local users to cause a denial of service (panic) via an invalid application that triggers a page fault.","4.9","MEDIUM","2011-01-14","http://git.kernel.org/?p=linux/kernel/git/torvalds/linux-2.6.git%3Ba=commit%3Bh=9d55b9923a1b7ea8193b8875c57ec940dc2ff027; http://kerneltrap.org/mailarchive/linux-kernel/2008/2/6/752194/thread; http://lists.opensuse.org/opensuse-security-announce/2010-12/msg00004.html","VCDSA23427","1"
"563","CVE-2010-3170","Mozilla Firefox before 3.5.14 and 3.6.x before 3.6.11, Thunderbird before 3.0.9 and 3.1.x before 3.1.5, and SeaMonkey before 2.0.9 recognize a wildcard IP address in the subject's Common Name field of an X.509 certificate, which might allow man-in-the-middle attackers to spoof arbitrary SSL servers via a crafted certificate issued by a legitimate Certification Authority.","4.3","MEDIUM","2010-10-21","http://blogs.sun.com/security/entry/multiple_vulnerabilities_in_mozilla_firefox; http://lists.opensuse.org/opensuse-security-announce/2010-11/msg00001.html; http://secunia.com/advisories/41839","VCDSA23428","1"
"564","CVE-2010-3173","The SSL implementation in Mozilla Firefox before 3.5.14 and 3.6.x before 3.6.11, Thunderbird before 3.0.9 and 3.1.x before 3.1.5, and SeaMonkey before 2.0.9 does not properly set the minimum key length for Diffie-Hellman Ephemeral (DHE) mode, which makes it easier for remote attackers to defeat cryptographic protection mechanisms via a brute-force attack.","7.5","HIGH","2010-10-21","http://blogs.sun.com/security/entry/multiple_vulnerabilities_in_mozilla_firefox; http://secunia.com/advisories/41839; http://secunia.com/advisories/42867","VCDSA23428","1"
"565","CVE-2010-3277","The installer in VMware Workstation 7.x before 7.1.2 build 301548 and VMware Player 3.x before 3.1.2 build 301548 renders an index.htm file if present in the installation directory, which might allow local users to trigger unintended interpretation of web script or HTML by creating this file.","2.1","LOW","2010-09-28","http://lists.vmware.com/pipermail/security-announce/2010/000105.html; http://secunia.com/advisories/41574; http://securitytracker.com/id?1024481","VCDSA23412","1"
"566","CVE-2010-3296","The cxgb_extension_ioctl function in drivers/net/cxgb3/cxgb3_main.c in the Linux kernel before 2.6.36-rc5 does not properly initialize a certain structure member, which allows local users to obtain potentially sensitive information from kernel stack memory via a CHELSIO_GET_QSET_NUM ioctl call.","2.1","LOW","2010-09-30","http://git.kernel.org/?p=linux/kernel/git/davem/net-2.6.git%3Ba=commit%3Bh=49c37c0334a9b85d30ab3d6b5d1acb05ef2ef6de; http://lists.opensuse.org/opensuse-security-announce/2010-10/msg00003.html; http://lists.opensuse.org/opensuse-security-announce/2010-11/msg00000.html","VCDSA23427","1"
"567","CVE-2010-3316","The run_coprocess function in pam_xauth.c in the pam_xauth module in Linux-PAM (aka pam) before 1.1.2 does not check the return values of the setuid, setgid, and setgroups system calls, which might allow local users to read arbitrary files by executing a program that relies on the pam_xauth PAM check.","3.3","LOW","2011-01-24","http://git.altlinux.org/people/ldv/packages/?p=pam.git%3Ba=commit%3Bh=06f882f30092a39a1db867c9744b2ca8d60e4ad6; http://lists.vmware.com/pipermail/security-announce/2011/000126.html; http://openwall.com/lists/oss-security/2010/08/16/2","VCDSA23419","1"
"568","CVE-2010-3432","The sctp_packet_config function in net/sctp/output.c in the Linux kernel before 2.6.35.6 performs extraneous initializations of packet data structures, which allows remote attackers to cause a denial of service (panic) via a certain sequence of SCTP traffic.","7.8","HIGH","2010-11-22","http://git.kernel.org/?p=linux/kernel/git/torvalds/linux-2.6.git%3Ba=commit%3Bh=4bdab43323b459900578b200a4b8cf9713ac8fab; http://lists.opensuse.org/opensuse-security-announce/2011-01/msg00000.html; http://lists.opensuse.org/opensuse-security-announce/2011-02/msg00000.html","VCDSA23427","1"
"569","CVE-2010-3435","The (1) pam_env and (2) pam_mail modules in Linux-PAM (aka pam) before 1.1.2 use root privileges during read access to files and directories that belong to arbitrary user accounts, which might allow local users to obtain sensitive information by leveraging this filesystem activity, as demonstrated by a symlink attack on the .pam_environment file in a user's home directory.","4.7","MEDIUM","2011-01-24","http://git.altlinux.org/people/ldv/packages/?p=pam.git%3Ba=commit%3Bh=06f882f30092a39a1db867c9744b2ca8d60e4ad6; http://lists.vmware.com/pipermail/security-announce/2011/000126.html; http://openwall.com/lists/oss-security/2010/09/21/3","VCDSA23419","1"
"570","CVE-2010-3442","Multiple integer overflows in the snd_ctl_new function in sound/core/control.c in the Linux kernel before 2.6.36-rc5-next-20100929 allow local users to cause a denial of service (heap memory corruption) or possibly have unspecified other impact via a crafted (1) SNDRV_CTL_IOCTL_ELEM_ADD or (2) SNDRV_CTL_IOCTL_ELEM_REPLACE ioctl call.","4.7","MEDIUM","2010-10-04","http://git.kernel.org/?p=linux/kernel/git/tiwai/sound-2.6.git%3Ba=commit%3Bh=5591bf07225523600450edd9e6ad258bb877b779; http://lists.fedoraproject.org/pipermail/package-announce/2010-December/052513.html; http://lists.opensuse.org/opensuse-security-announce/2010-12/msg00004.html","VCDSA23427","1"
"571","CVE-2010-3477","The tcf_act_police_dump function in net/sched/act_police.c in the actions implementation in the network queueing functionality in the Linux kernel before 2.6.36-rc4 does not properly initialize certain structure members, which allows local users to obtain potentially sensitive information from kernel memory via vectors involving a dump operation.  NOTE: this vulnerability exists because of an incomplete fix for CVE-2010-2942.","2.1","LOW","2010-09-21","http://git.kernel.org/?p=linux/kernel/git/davem/net-2.6.git%3Ba=commit%3Bh=0f04cfd098fb81fded74e78ea1a1b86cc6c6c31e; http://secunia.com/advisories/42890; http://secunia.com/advisories/46397","VCDSA23427","1"
"572","CVE-2010-3493","Multiple race conditions in smtpd.py in the smtpd module in Python 2.6, 2.7, 3.1, and 3.2 alpha allow remote attackers to cause a denial of service (daemon outage) by establishing and then immediately closing a TCP connection, leading to the accept function having an unexpected return value of None, an unexpected value of None for the address, or an ECONNABORTED, EAGAIN, or EWOULDBLOCK error, or the getpeername function having an ENOTCONN error, a related issue to CVE-2010-3492.","4.3","MEDIUM","2010-10-19","http://bugs.python.org/issue6706; http://bugs.python.org/issue9129; http://lists.opensuse.org/opensuse-security-announce/2010-12/msg00006.html","VCDSA23405","1"
"573","CVE-2010-3541","Unspecified vulnerability in the Networking component in Oracle Java SE and Java for Business 6 Update 21, 5.0 Update 25, 1.4.2_27, and 1.3.1_28 allows remote attackers to affect confidentiality, integrity, and availability via unknown vectors.  NOTE: the previous information was obtained from the October 2010 CPU.  Oracle has not commented on claims from a reliable downstream vendor that this is related to missing validation of request headers in the HttpURLConnection class when they are set by applets, which allows remote attackers to bypass the intended security policy.","5.1","MEDIUM","2010-10-19","http://h20000.www2.hp.com/bizsupport/TechSupport/Document.jsp?lang=en&cc=us&objectID=c02616748; http://lists.fedoraproject.org/pipermail/package-announce/2010-October/049455.html; http://lists.fedoraproject.org/pipermail/package-announce/2010-October/049528.html","VCDSA23428; VCDSA23418","2"
"574","CVE-2010-3548","Unspecified vulnerability in the Java Naming and Directory Interface (JNDI) component in Oracle Java SE and Java for Business 6 Update 21, 5.0 Update 25, and 1.4.2_27 allows remote attackers to affect confidentiality via unknown vectors.  NOTE: the previous information was obtained from the October 2010 CPU.  Oracle has not commented on claims from a reliable downstream vendor that this allows remote attackers to determine internal IP addresses or ""otherwise-protected internal network names.""","5.0","MEDIUM","2010-10-19","http://h20000.www2.hp.com/bizsupport/TechSupport/Document.jsp?lang=en&cc=us&objectID=c02616748; http://lists.fedoraproject.org/pipermail/package-announce/2010-October/049455.html; http://lists.fedoraproject.org/pipermail/package-announce/2010-October/049528.html","VCDSA23428; VCDSA23418","2"
"575","CVE-2010-3549","Unspecified vulnerability in the Networking component in Oracle Java SE and Java for Business 6 Update 21, 5.0 Update 25, 1.4.2_27, and 1.3.1_28 allows remote attackers to affect confidentiality, integrity, and availability via unknown vectors.  NOTE: the previous information was obtained from the October 2010 CPU.  Oracle has not commented on claims from a reliable downstream vendor that this is an HTTP request splitting vulnerability involving the handling of the chunked transfer encoding method by the HttpURLConnection class.","6.8","MEDIUM","2010-10-19","http://h20000.www2.hp.com/bizsupport/TechSupport/Document.jsp?lang=en&cc=us&objectID=c02616748; http://lists.fedoraproject.org/pipermail/package-announce/2010-October/049455.html; http://lists.fedoraproject.org/pipermail/package-announce/2010-October/049528.html","VCDSA23428; VCDSA23418","2"
"576","CVE-2010-3550","Unspecified vulnerability in the Java Web Start component in Oracle Java SE and Java for Business 6 Update 21 and 5.0 Update 25 allows remote attackers to affect confidentiality, integrity, and availability via unknown vectors.","9.3","HIGH","2010-10-19","http://h20000.www2.hp.com/bizsupport/TechSupport/Document.jsp?lang=en&cc=us&objectID=c02616748; http://lists.opensuse.org/opensuse-security-announce/2010-10/msg00006.html; http://marc.info/?l=bugtraq&m=134254866602253&w=2","VCDSA23428; VCDSA23418","2"
"577","CVE-2010-3551","Unspecified vulnerability in the Networking component in Oracle Java SE and Java for Business 6 Update 21, 5.0 Update 25, and 1.4.2_27 allows remote attackers to affect confidentiality via unknown vectors.","5.0","MEDIUM","2010-10-19","http://h20000.www2.hp.com/bizsupport/TechSupport/Document.jsp?lang=en&cc=us&objectID=c02616748; http://lists.fedoraproject.org/pipermail/package-announce/2010-October/049455.html; http://lists.fedoraproject.org/pipermail/package-announce/2010-October/049528.html","VCDSA23428; VCDSA23418","2"
"578","CVE-2010-3552","Unspecified vulnerability in the New Java Plug-in component in Oracle Java SE and Java for Business 6 Update 21 allows remote attackers to affect confidentiality, integrity, and availability via unknown vectors.","10.0","HIGH","2010-10-19","http://h20000.www2.hp.com/bizsupport/TechSupport/Document.jsp?lang=en&cc=us&objectID=c02616748; http://lists.opensuse.org/opensuse-security-announce/2010-10/msg00006.html; http://marc.info/?l=bugtraq&m=134254866602253&w=2","VCDSA23428","1"
"579","CVE-2010-3553","Unspecified vulnerability in the Swing component in Oracle Java SE and Java for Business 6 Update 21, 5.0 Update 25, 1.4.2_27, and 1.3.1_28 allows remote attackers to affect confidentiality, integrity, and availability via unknown vectors.  NOTE: the previous information was obtained from the October 2010 CPU.  Oracle has not commented on claims from a reliable downstream vendor that this is related to unsafe reflection involving the UIDefault.ProxyLazyValue class.","10.0","HIGH","2010-10-19","http://h20000.www2.hp.com/bizsupport/TechSupport/Document.jsp?lang=en&cc=us&objectID=c02616748; http://lists.fedoraproject.org/pipermail/package-announce/2010-October/049455.html; http://lists.fedoraproject.org/pipermail/package-announce/2010-October/049528.html","VCDSA23428; VCDSA23418","2"
"580","CVE-2010-3554","Unspecified vulnerability in the CORBA component in Oracle Java SE and Java for Business 6 Update 21, 5.0 Update 25, 1.4.2_27, and 1.3.1_28 allows remote attackers to affect confidentiality, integrity, and availability via unknown vectors.  NOTE: the previous information was obtained from the October 2010 CPU.  Oracle has not commented on claims from a reliable downstream vendor that this is related to ""permissions granted to certain system objects.""","10.0","HIGH","2010-10-19","http://h20000.www2.hp.com/bizsupport/TechSupport/Document.jsp?lang=en&cc=us&objectID=c02616748; http://lists.fedoraproject.org/pipermail/package-announce/2010-October/049455.html; http://lists.fedoraproject.org/pipermail/package-announce/2010-October/049528.html","VCDSA23428; VCDSA23418","2"
"581","CVE-2010-3555","Unspecified vulnerability in the Deployment component in Oracle Java SE and Java for Business 6 Update 21 allows remote attackers to affect confidentiality, integrity, and availability via unknown vectors. NOTE: the previous information was obtained from the January 2011 CPU. Oracle has not commented on claims from a reliable third party coordinator that the ActiveX Plugin does not properly initialize an object field that is used as a window handle, which allows attackers to execute arbitrary code.","9.3","HIGH","2010-10-19","http://h20000.www2.hp.com/bizsupport/TechSupport/Document.jsp?lang=en&cc=us&objectID=c02616748; http://lists.opensuse.org/opensuse-security-announce/2010-10/msg00006.html; http://marc.info/?l=bugtraq&m=134254866602253&w=2","VCDSA23428","1"
"582","CVE-2010-3556","Unspecified vulnerability in the 2D component in Oracle Java SE and Java for Business 6 Update 21, 5.0 Update 25, 1.4.2_27, and 1.3.1_28 allows remote attackers to affect confidentiality, integrity, and availability via unknown vectors.","10.0","HIGH","2010-10-19","http://h20000.www2.hp.com/bizsupport/TechSupport/Document.jsp?lang=en&cc=us&objectID=c02616748; http://lists.opensuse.org/opensuse-security-announce/2010-10/msg00006.html; http://lists.opensuse.org/opensuse-security-announce/2010-12/msg00005.html","VCDSA23428; VCDSA23418","2"
"583","CVE-2010-3557","Unspecified vulnerability in the Swing component in Oracle Java SE and Java for Business 6 Update 21, 5.0 Update 25, 1.4.2_27, and 1.3.1_28 allows remote attackers to affect confidentiality, integrity, and availability via unknown vectors.  NOTE: the previous information was obtained from the October 2010 CPU.  Oracle has not commented on claims from a reliable downstream vendor that this is related to the modification of ""behavior and state of certain JDK classes"" and ""mutable static.""","6.8","MEDIUM","2010-10-19","http://h20000.www2.hp.com/bizsupport/TechSupport/Document.jsp?lang=en&cc=us&objectID=c02616748; http://lists.fedoraproject.org/pipermail/package-announce/2010-October/049455.html; http://lists.fedoraproject.org/pipermail/package-announce/2010-October/049528.html","VCDSA23428; VCDSA23418","2"
"584","CVE-2010-3558","Unspecified vulnerability in the Java Web Start component in Oracle Java SE and Java for Business 6 Update 21 allows remote attackers to affect confidentiality, integrity, and availability via unknown vectors.","10.0","HIGH","2010-10-19","http://h20000.www2.hp.com/bizsupport/TechSupport/Document.jsp?lang=en&cc=us&objectID=c02616748; http://lists.opensuse.org/opensuse-security-announce/2010-10/msg00006.html; http://marc.info/?l=bugtraq&m=134254866602253&w=2","VCDSA23428","1"
"585","CVE-2010-3559","Unspecified vulnerability in the Sound component in Oracle Java SE and Java for Business 6 Update 21, 5.0 Update 25, 1.4.2_27, and 1.3.1_28 allows remote attackers to affect confidentiality, integrity, and availability via unknown vectors.  NOTE: the previous information was obtained from the October 2010 CPU.  Oracle has not commented on claims from a reliable researcher that this involves an incorrect sign extension in the HeadspaceSoundbank.nGetName function, which allows attackers to execute arbitrary code via a crafted BANK record that leads to a buffer overflow.","10.0","HIGH","2010-10-19","http://h20000.www2.hp.com/bizsupport/TechSupport/Document.jsp?lang=en&cc=us&objectID=c02616748; http://lists.opensuse.org/opensuse-security-announce/2010-10/msg00006.html; http://marc.info/?l=bugtraq&m=134254866602253&w=2","VCDSA23428; VCDSA23418","2"
"586","CVE-2010-3560","Unspecified vulnerability in the Networking component in Oracle Java SE and Java for Business 6 Update 21 allows remote attackers to affect confidentiality via unknown vectors.","2.6","LOW","2010-10-19","http://h20000.www2.hp.com/bizsupport/TechSupport/Document.jsp?lang=en&cc=us&objectID=c02616748; http://lists.opensuse.org/opensuse-security-announce/2010-10/msg00006.html; http://marc.info/?l=bugtraq&m=134254866602253&w=2","VCDSA23428","1"
"587","CVE-2010-3561","Unspecified vulnerability in the CORBA component in Oracle Java SE and Java for Business 6 Update 21 and 5.0 Update 25 allows remote attackers to affect confidentiality, integrity, and availability via unknown vectors.  NOTE: the previous information was obtained from the October 2010 CPU.  Oracle has not commented on claims from a reliable downstream vendor that this involves the use of the privileged accept method in the ServerSocket class, which does not limit which hosts can connect and allows remote attackers to bypass intended network access restrictions.","7.5","HIGH","2010-10-19","http://h20000.www2.hp.com/bizsupport/TechSupport/Document.jsp?lang=en&cc=us&objectID=c02616748; http://lists.fedoraproject.org/pipermail/package-announce/2010-October/049455.html; http://lists.fedoraproject.org/pipermail/package-announce/2010-October/049528.html","VCDSA23428; VCDSA23418","2"
"588","CVE-2010-3562","Unspecified vulnerability in the 2D component in Oracle Java SE and Java for Business 6 Update 21, 5.0 Update 25, 1.4.2_27, and 1.3.1_28 allows remote attackers to affect confidentiality, integrity, and availability via unknown vectors.  NOTE: the previous information was obtained from the October 2010 CPU.  Oracle has not commented on claims from a reliable downstream vendor that this is a double free vulnerability in IndexColorModel that allows remote attackers to cause a denial of service (crash) and possibly execute arbitrary code.","10.0","HIGH","2010-10-19","http://h20000.www2.hp.com/bizsupport/TechSupport/Document.jsp?lang=en&cc=us&objectID=c02616748; http://lists.fedoraproject.org/pipermail/package-announce/2010-October/049455.html; http://lists.fedoraproject.org/pipermail/package-announce/2010-October/049528.html","VCDSA23428; VCDSA23418","2"
"589","CVE-2010-3563","Unspecified vulnerability in the Deployment component in Oracle Java SE and Java for Business 6 Update 21 allows remote attackers to affect confidentiality, integrity, and availability via unknown vectors. NOTE: the previous information was obtained from the October 2010 CPU. Oracle has not commented on claims from a reliable researcher that this is related to ""how Web Start retrieves security policies,"" BasicServiceImpl, and forged policies that bypass sandbox restrictions.","10.0","HIGH","2010-10-19","http://h20000.www2.hp.com/bizsupport/TechSupport/Document.jsp?lang=en&cc=us&objectID=c02616748; http://lists.opensuse.org/opensuse-security-announce/2010-10/msg00006.html; http://marc.info/?l=bugtraq&m=134254866602253&w=2","VCDSA23428","1"
"590","CVE-2010-3565","Unspecified vulnerability in the 2D component in Oracle Java SE and Java for Business 6 Update 21, 5.0 Update 25, and 1.4.2_27 allows remote attackers to affect confidentiality, integrity, and availability via unknown vectors.  NOTE: the previous information was obtained from the October 2010 CPU.  Oracle has not commented on claims from a reliable researcher that this is an integer overflow that triggers memory corruption via large values in a subsample of a JPEG image, related to JPEGImageWriter.writeImage in the imageio API.","10.0","HIGH","2010-10-19","http://h20000.www2.hp.com/bizsupport/TechSupport/Document.jsp?lang=en&cc=us&objectID=c02616748; http://lists.fedoraproject.org/pipermail/package-announce/2010-October/049455.html; http://lists.fedoraproject.org/pipermail/package-announce/2010-October/049528.html","VCDSA23428; VCDSA23418","2"
"591","CVE-2010-3566","Unspecified vulnerability in the 2D component in Oracle Java SE and Java for Business 6 Update 21, 5.0 Update and 25 allows remote attackers to affect confidentiality, integrity, and availability via unknown vectors.  NOTE: the previous information was obtained from the October 2010 CPU.  Oracle has not commented on claims from a reliable researcher that this is an integer overflow that leads to a buffer overflow via a crafted devs (device information) tag structure in a color profile.","10.0","HIGH","2010-10-19","http://h20000.www2.hp.com/bizsupport/TechSupport/Document.jsp?lang=en&cc=us&objectID=c02616748; http://lists.opensuse.org/opensuse-security-announce/2010-10/msg00006.html; http://marc.info/?l=bugtraq&m=134254866602253&w=2","VCDSA23428; VCDSA23418","2"
"592","CVE-2010-3567","Unspecified vulnerability in the 2D component in Oracle Java SE and Java for Business 6 Update 21, and 5.0 Update 25 allows remote attackers to affect confidentiality, integrity, and availability via unknown vectors.  NOTE: the previous information was obtained from the October 2010 CPU.  Oracle has not commented on claims from a reliable downstream vendor that this is related to a calculation error in right-to-left text character counts for the ICU OpenType font rendering implementation, which triggers an out-of-bounds memory access.","10.0","HIGH","2010-10-19","http://h20000.www2.hp.com/bizsupport/TechSupport/Document.jsp?lang=en&cc=us&objectID=c02616748; http://lists.fedoraproject.org/pipermail/package-announce/2010-October/049455.html; http://lists.fedoraproject.org/pipermail/package-announce/2010-October/049528.html","VCDSA23428; VCDSA23418","2"
"593","CVE-2010-3568","Unspecified vulnerability in the Java Runtime Environment component in Oracle Java SE and Java for Business 6 Update 21, 5.0 Update 25, and 1.4.2_27 allows remote attackers to affect confidentiality, integrity, and availability via unknown vectors.  NOTE: the previous information was obtained from the October 2010 CPU.  Oracle has not commented on claims from a reliable downstream vendor that this is a race condition related to deserialization.","10.0","HIGH","2010-10-19","http://h20000.www2.hp.com/bizsupport/TechSupport/Document.jsp?lang=en&cc=us&objectID=c02616748; http://lists.fedoraproject.org/pipermail/package-announce/2010-October/049455.html; http://lists.fedoraproject.org/pipermail/package-announce/2010-October/049528.html","VCDSA23428; VCDSA23418","2"
"594","CVE-2010-3569","Unspecified vulnerability in the Java Runtime Environment component in Oracle Java SE and Java for Business 6 Update 21, 5.0 Update 25, and 1.4.2_27 allows remote attackers to affect confidentiality, integrity, and availability via unknown vectors.  NOTE: the previous information was obtained from the October 2010 CPU.  Oracle has not commented on claims from a reliable downstream vendor that this allows remote attackers to execute arbitrary code by causing the defaultReadObject method in the Serialization API to set a volatile field multiple times.","10.0","HIGH","2010-10-19","http://h20000.www2.hp.com/bizsupport/TechSupport/Document.jsp?lang=en&cc=us&objectID=c02616748; http://lists.fedoraproject.org/pipermail/package-announce/2010-October/049455.html; http://lists.fedoraproject.org/pipermail/package-announce/2010-October/049528.html","VCDSA23428; VCDSA23418","2"
"595","CVE-2010-3570","Unspecified vulnerability in the Deployment Toolkit component in Oracle Java SE and Java for Business 6 Update 21 allows remote attackers to affect confidentiality, integrity, and availability via unknown vectors.","7.6","HIGH","2010-10-19","http://h20000.www2.hp.com/bizsupport/TechSupport/Document.jsp?lang=en&cc=us&objectID=c02616748; http://lists.opensuse.org/opensuse-security-announce/2010-10/msg00006.html; http://marc.info/?l=bugtraq&m=134254866602253&w=2","VCDSA23428","1"
"596","CVE-2010-3571","Unspecified vulnerability in the 2D component in Oracle Java SE and Java for Business 6 Update 21, 5.0 Update 25, 1.4.2_27, and 1.3.1_28 allows remote attackers to affect confidentiality, integrity, and availability via unknown vectors.  NOTE: the previous information was obtained from the October 2010 CPU.  Oracle has not commented on claims from a reliable researcher that this is an integer overflow in the color profile parser that allows remote attackers to execute arbitrary code via a crafted Tag structure in a color profile.","10.0","HIGH","2010-10-19","http://h20000.www2.hp.com/bizsupport/TechSupport/Document.jsp?lang=en&cc=us&objectID=c02616748; http://lists.opensuse.org/opensuse-security-announce/2010-10/msg00006.html; http://lists.opensuse.org/opensuse-security-announce/2010-12/msg00005.html","VCDSA23428; VCDSA23418","2"
"597","CVE-2010-3572","Unspecified vulnerability in the Sound component in Oracle Java SE and Java for Business 6 Update 21, 5.0 Update 25, 1.4.2_27, and 1.3.1_28 allows remote attackers to affect confidentiality, integrity, and availability via unknown vectors.","10.0","HIGH","2010-10-19","http://h20000.www2.hp.com/bizsupport/TechSupport/Document.jsp?lang=en&cc=us&objectID=c02616748; http://lists.opensuse.org/opensuse-security-announce/2010-10/msg00006.html; http://lists.opensuse.org/opensuse-security-announce/2010-12/msg00005.html","VCDSA23428; VCDSA23418","2"
"598","CVE-2010-3573","Unspecified vulnerability in the Networking component in Oracle Java SE and Java for Business 6 Update 21 and 5.0 Update 25 allows remote attackers to affect confidentiality, integrity, and availability via unknown vectors.  NOTE: the previous information was obtained from the October 2010 CPU.  Oracle has not commented on claims from a reliable downstream vendor that this is related to missing validation of request headers in the HttpURLConnection class when they are set by applets, which allows remote attackers to bypass the intended security policy.","5.1","MEDIUM","2010-10-19","http://h20000.www2.hp.com/bizsupport/TechSupport/Document.jsp?lang=en&cc=us&objectID=c02616748; http://lists.fedoraproject.org/pipermail/package-announce/2010-October/049455.html; http://lists.fedoraproject.org/pipermail/package-announce/2010-October/049528.html","VCDSA23428; VCDSA23418","2"
"599","CVE-2010-3574","Unspecified vulnerability in the Networking component in Oracle Java SE and Java for Business 6 Update 21, 5.0 Update 25, 1.4.2_27, and 1.3.1_28 allows remote attackers to affect confidentiality, integrity, and availability via unknown vectors.  NOTE: the previous information was obtained from the October 2010 CPU.  Oracle has not commented on claims from a reliable downstream vendor that HttpURLConnection does not properly check for the allowHttpTrace permission, which allows untrusted code to perform HTTP TRACE requests.","10.0","HIGH","2010-10-19","http://h20000.www2.hp.com/bizsupport/TechSupport/Document.jsp?lang=en&cc=us&objectID=c02616748; http://lists.fedoraproject.org/pipermail/package-announce/2010-October/049455.html; http://lists.fedoraproject.org/pipermail/package-announce/2010-October/049528.html","VCDSA23428; VCDSA23418","2"
"600","CVE-2010-3609","The extension parser in slp_v2message.c in OpenSLP 1.2.1, and other versions before SVN revision 1647, as used in Service Location Protocol daemon (SLPD) in VMware ESX 4.0 and 4.1 and ESXi 4.0 and 4.1, allows remote attackers to cause a denial of service (infinite loop) via a packet with a ""next extension offset"" that references this extension or a previous extension.  NOTE: some of these details are obtained from third party information.","5.0","MEDIUM","2011-03-11","http://lists.vmware.com/pipermail/security-announce/2011/000126.html; http://secunia.com/advisories/43601; http://secunia.com/advisories/43742","VCDSA23419","1"
"601","CVE-2010-3613","named in ISC BIND 9.6.2 before 9.6.2-P3, 9.6-ESV before 9.6-ESV-R3, and 9.7.x before 9.7.2-P3 does not properly handle the combination of signed negative responses and corresponding RRSIG records in the cache, which allows remote attackers to cause a denial of service (daemon crash) via a query for cached data.","4.0","MEDIUM","2010-12-06","http://ftp.netbsd.org/pub/NetBSD/security/advisories/NetBSD-SA2011-001.txt.asc; http://lists.apple.com/archives/Security-announce/2011//Oct/msg00003.html; http://lists.fedoraproject.org/pipermail/package-announce/2010-December/051910.html","VCDSA23419","1"
"602","CVE-2010-3614","named in ISC BIND 9.x before 9.6.2-P3, 9.7.x before 9.7.2-P3, 9.4-ESV before 9.4-ESV-R4, and 9.6-ESV before 9.6-ESV-R3 does not properly determine the security status of an NS RRset during a DNSKEY algorithm rollover, which might allow remote attackers to cause a denial of service (DNSSEC validation error) by triggering a rollover.","6.4","MEDIUM","2010-12-06","http://lists.apple.com/archives/Security-announce/2011//Oct/msg00003.html; http://lists.fedoraproject.org/pipermail/package-announce/2010-December/051910.html; http://lists.fedoraproject.org/pipermail/package-announce/2010-December/051963.html","VCDSA23419","1"
"603","CVE-2010-3699","The backend driver in Xen 3.x allows guest OS users to cause a denial of service via a kernel thread leak, which prevents the device and guest OS from being shut down or create a zombie domain, causes a hang in zenwatch, or prevents unspecified xm commands from working properly, related to (1) netback, (2) blkback, or (3) blktap.","2.7","LOW","2010-12-08","http://lists.opensuse.org/opensuse-security-announce/2011-01/msg00007.html; http://secunia.com/advisories/42372; http://secunia.com/advisories/42789","VCDSA23427","1"
"604","CVE-2010-3762","ISC BIND before 9.7.2-P2, when DNSSEC validation is enabled, does not properly handle certain bad signatures if multiple trust anchors exist for a single zone, which allows remote attackers to cause a denial of service (daemon crash) via a DNS query.","4.3","MEDIUM","2010-10-05","http://ftp.isc.org/isc/bind9/9.7.2-P2/RELEASE-NOTES-BIND-9.7.2-P2.html; http://lists.vmware.com/pipermail/security-announce/2011/000126.html; http://support.avaya.com/css/P8/documents/100124923","VCDSA23419","1"
"605","CVE-2010-3847","elf/dl-load.c in ld.so in the GNU C Library (aka glibc or libc6) through 2.11.2, and 2.12.x through 2.12.1, does not properly handle a value of $ORIGIN for the LD_AUDIT environment variable, which allows local users to gain privileges via a crafted dynamic shared object (DSO) located in an arbitrary directory.","6.9","MEDIUM","2011-01-07","http://seclists.org/fulldisclosure/2010/Oct/257; http://seclists.org/fulldisclosure/2010/Oct/292; http://seclists.org/fulldisclosure/2010/Oct/294","VCDSA23416","1"
"606","CVE-2010-3853","pam_namespace.c in the pam_namespace module in Linux-PAM (aka pam) before 1.1.3 uses the environment of the invoking application or service during execution of the namespace.init script, which might allow local users to gain privileges by running a setuid program that relies on the pam_namespace PAM check, as demonstrated by the sudo program.","6.9","MEDIUM","2011-01-24","http://lists.vmware.com/pipermail/security-announce/2011/000126.html; http://pam.cvs.sourceforge.net/viewvc/pam/Linux-PAM/modules/pam_namespace/pam_namespace.c?view=log#rev1.13; http://secunia.com/advisories/49711","VCDSA23419","1"
"607","CVE-2010-3856","ld.so in the GNU C Library (aka glibc or libc6) before 2.11.3, and 2.12.x before 2.12.2, does not properly restrict use of the LD_AUDIT environment variable to reference dynamic shared objects (DSOs) as audit objects, which allows local users to gain privileges by leveraging an unsafe DSO located in a trusted library directory, as demonstrated by libpcprofile.so.","7.2","HIGH","2011-01-07","http://packetstormsecurity.com/files/153278/WAGO-852-Industrial-Managed-Switch-Series-Code-Execution-Hardcoded-Credentials.html; http://packetstormsecurity.com/files/173661/OpenSSH-Forwarded-SSH-Agent-Remote-Code-Execution.html; http://seclists.org/fulldisclosure/2010/Oct/344","VCDSA23416","1"
"608","CVE-2010-3858","The setup_arg_pages function in fs/exec.c in the Linux kernel before 2.6.36, when CONFIG_STACK_GROWSDOWN is used, does not properly restrict the stack memory consumption of the (1) arguments and (2) environment for a 32-bit application on a 64-bit platform, which allows local users to cause a denial of service (system crash) via a crafted exec system call, a related issue to CVE-2010-2240.","4.9","MEDIUM","2010-11-30","http://git.kernel.org/?p=linux/kernel/git/torvalds/linux-2.6.git%3Ba=commit%3Bh=1b528181b2ffa14721fb28ad1bd539fe1732c583; http://grsecurity.net/~spender/64bit_dos.c; http://secunia.com/advisories/42758","VCDSA23427","1"
"609","CVE-2010-3859","Multiple integer signedness errors in the TIPC implementation in the Linux kernel before 2.6.36.2 allow local users to gain privileges via a crafted sendmsg call that triggers a heap-based buffer overflow, related to the tipc_msg_build function in net/tipc/msg.c and the verify_iovec function in net/core/iovec.c.","6.9","MEDIUM","2010-12-29","http://git.kernel.org/?p=linux/kernel/git/torvalds/linux-2.6.git%3Ba=commit%3Bh=253eacc070b114c2ec1f81b067d2fed7305467b0; http://git.kernel.org/?p=linux/kernel/git/torvalds/linux-2.6.git%3Ba=commit%3Bh=8acfe468b0384e834a303f08ebc4953d72fb690a; http://marc.info/?l=linux-netdev&m=128770476511716&w=2","VCDSA23427","1"
"610","CVE-2010-3864","Multiple race conditions in ssl/t1_lib.c in OpenSSL 0.9.8f through 0.9.8o, 1.0.0, and 1.0.0a, when multi-threading and internal caching are enabled on a TLS server, might allow remote attackers to execute arbitrary code via client data that triggers a heap-based buffer overflow, related to (1) the TLS server name extension and (2) elliptic curve cryptography.","7.6","HIGH","2010-11-17","http://blogs.sun.com/security/entry/cve_2010_3864_race_condition; http://h20000.www2.hp.com/bizsupport/TechSupport/Document.jsp?objectID=c02794777; http://lists.apple.com/archives/security-announce/2011//Jun/msg00000.html","VCDSA23418","1"
"611","CVE-2010-3865","Integer overflow in the rds_rdma_pages function in net/rds/rdma.c in the Linux kernel allows local users to cause a denial of service (crash) and possibly execute arbitrary code via a crafted iovec struct in a Reliable Datagram Sockets (RDS) request, which triggers a buffer overflow.","7.2","HIGH","2011-01-11","http://lists.opensuse.org/opensuse-security-announce/2010-11/msg00004.html; http://lists.opensuse.org/opensuse-security-announce/2011-01/msg00000.html; http://lists.opensuse.org/opensuse-security-announce/2011-01/msg00001.html","VCDSA23427","1"
"612","CVE-2010-3876","net/packet/af_packet.c in the Linux kernel before 2.6.37-rc2 does not properly initialize certain structure members, which allows local users to obtain potentially sensitive information from kernel stack memory by leveraging the CAP_NET_RAW capability to read copies of the applicable structures.","1.9","LOW","2011-01-03","http://git.kernel.org/?p=linux/kernel/git/torvalds/linux-2.6.git%3Ba=commit%3Bh=67286640f638f5ad41a946b9a3dc75327950248f; http://marc.info/?l=linux-netdev&m=128854507220908&w=2; http://openwall.com/lists/oss-security/2010/11/02/10","VCDSA23427","1"
"613","CVE-2010-3877","The get_name function in net/tipc/socket.c in the Linux kernel before 2.6.37-rc2 does not initialize a certain structure, which allows local users to obtain potentially sensitive information from kernel stack memory by reading a copy of this structure.","1.9","LOW","2011-01-03","http://git.kernel.org/?p=linux/kernel/git/torvalds/linux-2.6.git%3Ba=commit%3Bh=88f8a5e3e7defccd3925cabb1ee4d3994e5cdb52; http://marc.info/?l=linux-netdev&m=128854507420917&w=2; http://openwall.com/lists/oss-security/2010/11/02/7","VCDSA23427","1"
"614","CVE-2010-3880","net/ipv4/inet_diag.c in the Linux kernel before 2.6.37-rc2 does not properly audit INET_DIAG bytecode, which allows local users to cause a denial of service (kernel infinite loop) via crafted INET_DIAG_REQ_BYTECODE instructions in a netlink message that contains multiple attribute elements, as demonstrated by INET_DIAG_BC_JMP instructions.","4.9","MEDIUM","2010-12-10","http://git.kernel.org/?p=linux/kernel/git/torvalds/linux-2.6.git%3Ba=commit%3Bh=22e76c849d505d87c5ecf3d3e6742a65f0ff4860; http://openwall.com/lists/oss-security/2010/11/04/9; http://openwall.com/lists/oss-security/2010/11/05/3","VCDSA23427","1"
"615","CVE-2010-3904","The rds_page_copy_user function in net/rds/page.c in the Reliable Datagram Sockets (RDS) protocol implementation in the Linux kernel before 2.6.36 does not properly validate addresses obtained from user space, which allows local users to gain privileges via crafted use of the sendmsg and recvmsg system calls.","7.8","HIGH","2010-12-06","http://git.kernel.org/?p=linux/kernel/git/torvalds/linux-2.6.git%3Ba=commit%3Bh=799c10559d60f159ab2232203f222f18fa3c4a5f; http://lists.opensuse.org/opensuse-security-announce/2010-10/msg00008.html; http://lists.opensuse.org/opensuse-security-announce/2010-11/msg00004.html","VCDSA23427","1"
"616","CVE-2010-4008","libxml2 before 2.7.8, as used in Google Chrome before 7.0.517.44, Apple Safari 5.0.2 and earlier, and other products, reads from invalid memory locations during processing of malformed XPath expressions, which allows context-dependent attackers to cause a denial of service (application crash) via a crafted XML document.","4.3","MEDIUM","2010-11-17","http://blog.bkis.com/en/libxml2-vulnerability-in-google-chrome-and-apple-safari/; http://code.google.com/p/chromium/issues/detail?id=58731; http://googlechromereleases.blogspot.com/2010/11/stable-channel-update.html","VCDSA23436; VCDSA23432","2"
"617","CVE-2010-4020","MIT Kerberos 5 (aka krb5) 1.8.x through 1.8.3 does not reject RC4 key-derivation checksums, which might allow remote authenticated users to forge a (1) AD-SIGNEDPATH or (2) AD-KDC-ISSUED signature, and possibly gain privileges, by leveraging the small key space that results from certain one-byte stream-cipher operations.","6.3","MEDIUM","2010-12-02","http://kb.vmware.com/kb/1035108; http://lists.apple.com/archives/security-announce/2011/Mar/msg00006.html; http://lists.fedoraproject.org/pipermail/package-announce/2010-December/051976.html","VCDSA23422","1"
"618","CVE-2010-4021","The Key Distribution Center (KDC) in MIT Kerberos 5 (aka krb5) 1.7 does not properly restrict the use of TGT credentials for armoring TGS requests, which might allow remote authenticated users to impersonate a client by rewriting an inner request, aka a ""KrbFastReq forgery issue.""","2.1","LOW","2010-12-02","http://kb.vmware.com/kb/1035108; http://lists.apple.com/archives/security-announce/2011/Mar/msg00006.html; http://lists.opensuse.org/opensuse-security-announce/2010-12/msg00000.html","VCDSA23422","1"
"619","CVE-2010-4072","The copy_shmid_to_user function in ipc/shm.c in the Linux kernel before 2.6.37-rc1 does not initialize a certain structure, which allows local users to obtain potentially sensitive information from kernel stack memory via vectors related to the shmctl system call and the ""old shm interface.""","1.9","LOW","2010-11-29","http://git.kernel.org/?p=linux/kernel/git/torvalds/linux-2.6.git%3Ba=commit%3Bh=3af54c9bd9e6f14f896aac1bb0e8405ae0bc7a44; http://lists.opensuse.org/opensuse-security-announce/2010-12/msg00004.html; http://lists.opensuse.org/opensuse-security-announce/2011-01/msg00000.html","VCDSA23427","1"
"620","CVE-2010-4073","The ipc subsystem in the Linux kernel before 2.6.37-rc1 does not initialize certain structures, which allows local users to obtain potentially sensitive information from kernel stack memory via vectors related to the (1) compat_sys_semctl, (2) compat_sys_msgctl, and (3) compat_sys_shmctl functions in ipc/compat.c; and the (4) compat_sys_mq_open and (5) compat_sys_mq_getsetattr functions in ipc/compat_mq.c.","1.9","LOW","2010-11-29","http://git.kernel.org/?p=linux/kernel/git/torvalds/linux-2.6.git%3Ba=commit%3Bh=03145beb455cf5c20a761e8451e30b8a74ba58d9; http://lists.opensuse.org/opensuse-security-announce/2010-12/msg00004.html; http://lists.opensuse.org/opensuse-security-announce/2011-01/msg00000.html","VCDSA23427","1"
"621","CVE-2010-4075","The uart_get_count function in drivers/serial/serial_core.c in the Linux kernel before 2.6.37-rc1 does not properly initialize a certain structure member, which allows local users to obtain potentially sensitive information from kernel stack memory via a TIOCGICOUNT ioctl call.","1.9","LOW","2010-11-29","http://git.kernel.org/?p=linux/kernel/git/torvalds/linux-2.6.git%3Ba=commit%3Bh=d281da7ff6f70efca0553c288bb883e8605b3862; http://lkml.indiana.edu/hypermail//linux/kernel/1009.1/03388.html; http://secunia.com/advisories/42884","VCDSA23427","1"
"622","CVE-2010-4080","The snd_hdsp_hwdep_ioctl function in sound/pci/rme9652/hdsp.c in the Linux kernel before 2.6.36-rc6 does not initialize a certain structure, which allows local users to obtain potentially sensitive information from kernel stack memory via an SNDRV_HDSP_IOCTL_GET_CONFIG_INFO ioctl call.","2.1","LOW","2010-11-30","http://git.kernel.org/?p=linux/kernel/git/torvalds/linux-2.6.git%3Ba=commit%3Bh=e68d3b316ab7b02a074edc4f770e6a746390cb7d; http://lists.opensuse.org/opensuse-security-announce/2010-12/msg00004.html; http://lists.opensuse.org/opensuse-security-announce/2011-01/msg00000.html","VCDSA23427","1"
"623","CVE-2010-4081","The snd_hdspm_hwdep_ioctl function in sound/pci/rme9652/hdspm.c in the Linux kernel before 2.6.36-rc6 does not initialize a certain structure, which allows local users to obtain potentially sensitive information from kernel stack memory via an SNDRV_HDSPM_IOCTL_GET_CONFIG_INFO ioctl call.","1.9","LOW","2010-11-30","http://git.kernel.org/?p=linux/kernel/git/torvalds/linux-2.6.git%3Ba=commit%3Bh=e68d3b316ab7b02a074edc4f770e6a746390cb7d; http://lists.opensuse.org/opensuse-security-announce/2010-12/msg00004.html; http://lists.opensuse.org/opensuse-security-announce/2011-01/msg00000.html","VCDSA23427","1"
"624","CVE-2010-4083","The copy_semid_to_user function in ipc/sem.c in the Linux kernel before 2.6.36 does not initialize a certain structure, which allows local users to obtain potentially sensitive information from kernel stack memory via a (1) IPC_INFO, (2) SEM_INFO, (3) IPC_STAT, or (4) SEM_STAT command in a semctl system call.","1.9","LOW","2010-11-30","http://git.kernel.org/?p=linux/kernel/git/torvalds/linux-2.6.git%3Ba=commit%3Bh=982f7c2b2e6a28f8f266e075d92e19c0dd4c6e56; http://lists.opensuse.org/opensuse-security-announce/2010-12/msg00004.html; http://lists.opensuse.org/opensuse-security-announce/2011-01/msg00000.html","VCDSA23427","1"
"625","CVE-2010-4157","Integer overflow in the ioc_general function in drivers/scsi/gdth.c in the Linux kernel before 2.6.36.1 on 64-bit platforms allows local users to cause a denial of service (memory corruption) or possibly have unspecified other impact via a large argument in an ioctl call.","6.2","MEDIUM","2010-12-10","http://git.kernel.org/?p=linux/kernel/git/torvalds/linux-2.6.git%3Ba=commit%3Bh=f63ae56e4e97fb12053590e41a4fa59e7daa74a4; http://lists.fedoraproject.org/pipermail/package-announce/2010-December/052513.html; http://lists.opensuse.org/opensuse-security-announce/2010-12/msg00004.html","VCDSA23427","1"
"626","CVE-2010-4158","The sk_run_filter function in net/core/filter.c in the Linux kernel before 2.6.36.2 does not check whether a certain memory location has been initialized before executing a (1) BPF_S_LD_MEM or (2) BPF_S_LDX_MEM instruction, which allows local users to obtain potentially sensitive information from kernel stack memory via a crafted socket filter.","2.1","LOW","2010-12-30","http://git.kernel.org/?p=linux/kernel/git/torvalds/linux-2.6.git%3Ba=commit%3Bh=57fe93b374a6b8711995c2d466c502af9f3a08bb; http://lists.fedoraproject.org/pipermail/package-announce/2010-December/052513.html; http://lists.grok.org.uk/pipermail/full-disclosure/2010-November/077321.html","VCDSA23427","1"
"627","CVE-2010-4161","The udp_queue_rcv_skb function in net/ipv4/udp.c in a certain Red Hat build of the Linux kernel 2.6.18 in Red Hat Enterprise Linux (RHEL) 5 allows attackers to cause a denial of service (deadlock and system hang) by sending UDP traffic to a socket that has a crafted socket filter, a related issue to CVE-2010-4158.","4.9","MEDIUM","2010-12-30","http://secunia.com/advisories/42789; http://secunia.com/advisories/46397; http://www.redhat.com/support/errata/RHSA-2011-0004.html","VCDSA23427","1"
"628","CVE-2010-4180","OpenSSL before 0.9.8q, and 1.0.x before 1.0.0c, when SSL_OP_NETSCAPE_REUSE_CIPHER_CHANGE_BUG is enabled, does not properly prevent modification of the ciphersuite in the session cache, which allows remote attackers to force the downgrade to an unintended cipher via vectors involving sniffing network traffic to discover a session identifier.","4.3","MEDIUM","2010-12-06","http://cvs.openssl.org/chngview?cn=20131; http://h20000.www2.hp.com/bizsupport/TechSupport/Document.jsp?objectID=c02794777; http://lists.apple.com/archives/security-announce/2011//Jun/msg00000.html","VCDSA23437; VCDSA23428","2"
"629","CVE-2010-4238","The vbd_create function in Xen 3.1.2, when the Linux kernel 2.6.18 on Red Hat Enterprise Linux (RHEL) 5 is used, allows guest OS users to cause a denial of service (host OS panic) via an attempted access to a virtual CD-ROM device through the blkback driver.  NOTE: some of these details are obtained from third party information.","5.5","MEDIUM","2011-01-22","http://bugs.centos.org/bug_view_advanced_page.php?bug_id=4517; http://secunia.com/advisories/42884; http://secunia.com/advisories/46397","VCDSA23427","1"
"630","CVE-2010-4242","The hci_uart_tty_open function in the HCI UART driver (drivers/bluetooth/hci_ldisc.c) in the Linux kernel 2.6.36, and possibly other versions, does not verify whether the tty has a write operation, which allows local users to cause a denial of service (NULL pointer dereference) via vectors related to the Bluetooth driver.","4.0","MEDIUM","2011-01-11","http://git.kernel.org/linus/c19483cc5e56ac5e22dd19cf25ba210ab1537773; http://lists.opensuse.org/opensuse-security-announce/2011-02/msg00002.html; http://secunia.com/advisories/42789","VCDSA23427","1"
"631","CVE-2010-4243","fs/exec.c in the Linux kernel before 2.6.37 does not enable the OOM Killer to assess use of stack memory by arrays representing the (1) arguments and (2) environment, which allows local users to cause a denial of service (memory consumption) via a crafted exec system call, aka an ""OOM dodging issue,"" a related issue to CVE-2010-3858.","4.9","MEDIUM","2011-01-22","http://git.kernel.org/?p=linux/kernel/git/torvalds/linux-2.6.git%3Ba=commit%3Bh=3c77f845722158206a7209c45ccddc264d19319c; http://grsecurity.net/~spender/64bit_dos.c; http://linux.derkeiler.com/Mailing-Lists/Kernel/2010-11/msg13278.html","VCDSA23427","1"
"632","CVE-2010-4247","The do_block_io_op function in (1) drivers/xen/blkback/blkback.c and (2) drivers/xen/blktap/blktap.c in Xen before 3.4.0 for the Linux kernel 2.6.18, and possibly other versions, allows guest OS users to cause a denial of service (infinite loop and CPU consumption) via a large production request index to the blkback or blktap back-end drivers.  NOTE: some of these details are obtained from third party information.","5.5","MEDIUM","2011-01-11","http://secunia.com/advisories/35093; http://secunia.com/advisories/42789; http://secunia.com/advisories/46397","VCDSA23427","1"
"633","CVE-2010-4248","Race condition in the __exit_signal function in kernel/exit.c in the Linux kernel before 2.6.37-rc2 allows local users to cause a denial of service via vectors related to multithreaded exec, the use of a thread group leader in kernel/posix-cpu-timers.c, and the selection of a new thread group leader in the de_thread function in fs/exec.c.","4.9","MEDIUM","2010-11-30","http://git.kernel.org/?p=linux/kernel/git/torvalds/linux-2.6.git%3Ba=commit%3Bh=e0a70217107e6f9844628120412cb27bb4cea194; http://secunia.com/advisories/42789; http://secunia.com/advisories/42890","VCDSA23427","1"
"634","CVE-2010-4249","The wait_for_unix_gc function in net/unix/garbage.c in the Linux kernel before 2.6.37-rc3-next-20101125 does not properly select times for garbage collection of inflight sockets, which allows local users to cause a denial of service (system hang) via crafted use of the socketpair and sendmsg system calls for SOCK_SEQPACKET sockets.","4.9","MEDIUM","2010-11-29","http://git.kernel.org/?p=linux/kernel/git/davem/net-2.6.git%3Ba=commit%3Bh=9915672d41273f5b77f1b3c29b391ffb7732b84b; http://lists.fedoraproject.org/pipermail/package-announce/2010-December/052513.html; http://lkml.org/lkml/2010/11/23/395","VCDSA23427","1"
"635","CVE-2010-4251","The socket implementation in net/core/sock.c in the Linux kernel before 2.6.34 does not properly manage a backlog of received packets, which allows remote attackers to cause a denial of service (memory consumption) by sending a large amount of network traffic, as demonstrated by netperf UDP tests.","7.5","HIGH","2011-05-26","http://git.kernel.org/?p=linux/kernel/git/torvalds/linux-2.6.git%3Ba=commit%3Bh=8eae939f1400326b06d0c9afe53d2a484a326871; http://kerneltrap.org/mailarchive/linux-netdev/2010/3/3/6271093/thread; http://secunia.com/advisories/46397","VCDSA23427","1"
"636","CVE-2010-4252","OpenSSL before 1.0.0c, when J-PAKE is enabled, does not properly validate the public parameters in the J-PAKE protocol, which allows remote attackers to bypass the need for knowledge of the shared secret, and successfully authenticate, by sending crafted values in each round of the protocol.","7.5","HIGH","2010-12-06","http://cvs.openssl.org/chngview?cn=20098; http://marc.info/?l=bugtraq&m=129916880600544&w=2; http://marc.info/?l=bugtraq&m=130497251507577&w=2","VCDSA23437","1"
"637","CVE-2010-4255","The fixup_page_fault function in arch/x86/traps.c in Xen 4.0.1 and earlier on 64-bit platforms, when paravirtualization is enabled, does not verify that kernel mode is used to call the handle_gdt_ldt_mapping_fault function, which allows guest OS users to cause a denial of service (host OS BUG_ON) via a crafted memory access.","6.1","MEDIUM","2011-01-25","http://lists.xensource.com/archives/html/xen-devel/2010-11/msg01650.html; http://openwall.com/lists/oss-security/2010/11/30/5; http://openwall.com/lists/oss-security/2010/11/30/8","VCDSA23427","1"
"638","CVE-2010-4263","The igb_receive_skb function in drivers/net/igb/igb_main.c in the Intel Gigabit Ethernet (aka igb) subsystem in the Linux kernel before 2.6.34, when Single Root I/O Virtualization (SR-IOV) and promiscuous mode are enabled but no VLANs are registered, allows remote attackers to cause a denial of service (NULL pointer dereference and panic) and possibly have unspecified other impact via a VLAN tagged frame.","7.9","HIGH","2011-01-18","http://git.kernel.org/?p=linux/kernel/git/torvalds/linux-2.6.git%3Ba=commit%3Bh=31b24b955c3ebbb6f3008a6374e61cf7c05a193c; http://openwall.com/lists/oss-security/2010/12/06/3; http://openwall.com/lists/oss-security/2010/12/06/9","VCDSA23427","1"
"639","CVE-2010-4294","The frame decompression functionality in the VMnc media codec in VMware Movie Decoder before 6.5.5 build 328052 and 7.x before 7.1.2 build 301548, VMware Workstation 6.5.x before 6.5.5 build 328052 and 7.x before 7.1.2 build 301548 on Windows, VMware Player 2.5.x before 2.5.5 build 246459 and 3.x before 3.1.2 build 301548 on Windows, and VMware Server 2.x on Windows does not properly validate an unspecified size field, which allows remote attackers to execute arbitrary code or cause a denial of service (heap memory corruption) via a crafted video file.","9.3","HIGH","2010-12-06","http://lists.vmware.com/pipermail/security-announce/2010/000112.html; http://osvdb.org/69596; http://secunia.com/advisories/42482","VCDSA23404","1"
"640","CVE-2010-4295","Race condition in the mounting process in vmware-mount in VMware Workstation 7.x before 7.1.2 build 301548 on Linux, VMware Player 3.1.x before 3.1.2 build 301548 on Linux, VMware Server 2.0.2 on Linux, and VMware Fusion 3.1.x before 3.1.2 build 332101 allows host OS users to gain privileges via vectors involving temporary files.","6.9","MEDIUM","2010-12-06","http://lists.vmware.com/pipermail/security-announce/2010/000112.html; http://osvdb.org/69585; http://secunia.com/advisories/42453","VCDSA23404","1"
"641","CVE-2010-4296","vmware-mount in VMware Workstation 7.x before 7.1.2 build 301548 on Linux, VMware Player 3.1.x before 3.1.2 build 301548 on Linux, VMware Server 2.0.2 on Linux, and VMware Fusion 3.1.x before 3.1.2 build 332101 does not properly load libraries, which allows host OS users to gain privileges via vectors involving shared object files.","7.2","HIGH","2010-12-06","http://lists.vmware.com/pipermail/security-announce/2010/000112.html; http://osvdb.org/69584; http://secunia.com/advisories/42453","VCDSA23404","1"
"642","CVE-2010-4297","The VMware Tools update functionality in VMware Workstation 6.5.x before 6.5.5 build 328052 and 7.x before 7.1.2 build 301548; VMware Player 2.5.x before 2.5.5 build 328052 and 3.1.x before 3.1.2 build 301548; VMware Server 2.0.2; VMware Fusion 2.x before 2.0.8 build 328035 and 3.1.x before 3.1.2 build 332101; VMware ESXi 3.5, 4.0, and 4.1; and VMware ESX 3.0.3, 3.5, 4.0, and 4.1 allows host OS users to gain privileges on the guest OS via unspecified vectors, related to a ""command injection"" issue.","7.2","HIGH","2010-12-06","http://lists.vmware.com/pipermail/security-announce/2010/000112.html; http://osvdb.org/69590; http://secunia.com/advisories/42480","VCDSA23404","1"
"643","CVE-2010-4343","drivers/scsi/bfa/bfa_core.c in the Linux kernel before 2.6.35 does not initialize a certain port data structure, which allows local users to cause a denial of service (system crash) via read operations on an fc_host statistics file.","5.5","MEDIUM","2010-12-29","http://git.kernel.org/?p=linux/kernel/git/torvalds/linux-2.6.git%3Ba=commit%3Bh=7873ca4e4401f0ecd8868bf1543113467e6bae61; http://secunia.com/advisories/42884; http://secunia.com/advisories/46397","VCDSA23427","1"
"644","CVE-2010-4346","The install_special_mapping function in mm/mmap.c in the Linux kernel before 2.6.37-rc6 does not make an expected security_file_mmap function call, which allows local users to bypass intended mmap_min_addr restrictions and possibly conduct NULL pointer dereference attacks via a crafted assembly-language application.","2.1","LOW","2010-12-22","http://git.kernel.org/?p=linux/kernel/git/torvalds/linux-2.6.git%3Ba=commit%3Bh=462e635e5b73ba9a4c03913b77138cd57ce4b050; http://openwall.com/lists/oss-security/2010/12/09/12; http://openwall.com/lists/oss-security/2010/12/09/13","VCDSA23427","1"
"645","CVE-2010-4410","CRLF injection vulnerability in the header function in (1) CGI.pm before 3.50 and (2) Simple.pm in CGI::Simple 1.112 and earlier allows remote attackers to inject arbitrary HTTP headers and conduct HTTP response splitting attacks via vectors related to non-whitespace characters preceded by newline characters, a different vulnerability than CVE-2010-2761 and CVE-2010-3172.","4.3","MEDIUM","2010-12-06","http://cpansearch.perl.org/src/LDS/CGI.pm-3.50/Changes; http://kb.juniper.net/InfoCenter/index?page=content&id=JSA10705; http://kb.juniper.net/InfoCenter/index?page=content&id=JSA10735","VCDSA23437","1"
"646","CVE-2010-4422","Unspecified vulnerability in the Java Runtime Environment (JRE) in Oracle Java SE and Java for Business 6 Update 23 and earlier allows remote attackers to affect confidentiality, integrity, and availability via unknown vectors related to Deployment.","7.6","HIGH","2011-02-17","http://marc.info/?l=bugtraq&m=134254866602253&w=2; http://marc.info/?l=bugtraq&m=134254957702612&w=2; http://secunia.com/advisories/44954","VCDSA23428","1"
"647","CVE-2010-4447","Unspecified vulnerability in the Java Runtime Environment (JRE) in Oracle Java SE and Java for Business 6 Update 23 and earlier, 5.0 Update 27 and earlier, and 1.4.2_29 and earlier allows remote untrusted Java Web Start applications and untrusted Java applets to affect confidentiality via unknown vectors related to Deployment, a different vulnerability than CVE-2010-4475.","4.3","MEDIUM","2011-02-17","http://lists.opensuse.org/opensuse-security-announce/2011-05/msg00004.html; http://lists.opensuse.org/opensuse-security-announce/2011-07/msg00010.html; http://marc.info/?l=bugtraq&m=133728004526190&w=2","VCDSA23428","1"
"648","CVE-2010-4448","Unspecified vulnerability in the Java Runtime Environment (JRE) in Oracle Java SE and Java for Business 6 Update 23 and earlier, 5.0 Update 27 and earlier, and 1.4.2_29 earlier allows remote untrusted Java Web Start applications and untrusted Java applets to affect integrity via unknown vectors related to Networking.  NOTE: the previous information was obtained from the February 2011 CPU.  Oracle has not commented on claims from a downstream vendor that this issue involves ""DNS cache poisoning by untrusted applets.""","2.6","LOW","2011-02-17","http://lists.fedoraproject.org/pipermail/package-announce/2011-February/054115.html; http://lists.fedoraproject.org/pipermail/package-announce/2011-February/054134.html; http://lists.opensuse.org/opensuse-security-announce/2011-05/msg00004.html","VCDSA23428","1"
"649","CVE-2010-4450","Unspecified vulnerability in the Java Runtime Environment (JRE) in Oracle Java SE and Java for Business 6 Update 23 and earlier for Solaris and Linux; 5.0 Update 27 and earlier for Solaris and Linux; and 1.4.2_29 and earlier for Solaris and Linux allows local standalone applications to affect confidentiality, integrity, and availability via unknown vectors related to Launcher.  NOTE: the previous information was obtained from the February 2011 CPU.  Oracle has not commented on claims from a downstream vendor that this issue is an untrusted search path vulnerability involving an empty LD_LIBRARY_PATH environment variable.","3.7","LOW","2011-02-17","http://dbhole.wordpress.com/2011/02/15/icedtea-web-1-0-1-released/; http://lists.fedoraproject.org/pipermail/package-announce/2011-February/054115.html; http://lists.fedoraproject.org/pipermail/package-announce/2011-February/054134.html","VCDSA23428","1"
"650","CVE-2010-4451","Unspecified vulnerability in the Java Runtime Environment (JRE) in Oracle Java SE and Java for Business 6 Update 23 and earlier for Windows, when using Java Update, allows remote attackers to affect confidentiality, integrity, and availability via unknown vectors related to Install.","7.6","HIGH","2011-02-17","http://marc.info/?l=bugtraq&m=134254866602253&w=2; http://marc.info/?l=bugtraq&m=134254957702612&w=2; http://www.oracle.com/technetwork/topics/security/javacpufeb2011-304611.html","VCDSA23428","1"
"651","CVE-2010-4452","Unspecified vulnerability in the Deployment component in Java Runtime Environment (JRE) in Oracle Java SE and Java for Business 6 Update 23 and earlier allows remote untrusted Java Web Start applications and untrusted Java applets to affect confidentiality, integrity, and availability via unknown vectors.","10.0","HIGH","2011-02-17","http://marc.info/?l=bugtraq&m=134254866602253&w=2; http://marc.info/?l=bugtraq&m=134254957702612&w=2; http://secunia.com/advisories/44954","VCDSA23428","1"
"652","CVE-2010-4454","Unspecified vulnerability in the Java Runtime Environment (JRE) in Oracle Java SE and Java for Business 6 Update 23 and earlier, 5.0 Update 27 and earlier, and 1.4.2_29 and earlier allows remote attackers to affect confidentiality, integrity, and availability via unknown vectors related to Sound and unspecified APIs, a different vulnerability than CVE-2010-4462 and CVE-2010-4473.","10.0","HIGH","2011-02-17","http://lists.opensuse.org/opensuse-security-announce/2011-05/msg00004.html; http://lists.opensuse.org/opensuse-security-announce/2011-07/msg00010.html; http://marc.info/?l=bugtraq&m=133728004526190&w=2","VCDSA23428","1"
"653","CVE-2010-4462","Unspecified vulnerability in the Java Runtime Environment (JRE) in Oracle Java SE and Java for Business 6 Update 23 and earlier, 5.0 Update 27 and earlier, and 1.4.2_29 and earlier allows remote attackers to affect confidentiality, integrity, and availability via unknown vectors related to Sound and unspecified APIs, a different vulnerability than CVE-2010-4454 and CVE-2010-4473.","10.0","HIGH","2011-02-17","http://lists.opensuse.org/opensuse-security-announce/2011-05/msg00004.html; http://lists.opensuse.org/opensuse-security-announce/2011-07/msg00010.html; http://marc.info/?l=bugtraq&m=133728004526190&w=2","VCDSA23428","1"
"654","CVE-2010-4463","Unspecified vulnerability in the Java Runtime Environment (JRE) in Oracle Java SE and Java for Business 6 Update 21 through 6 Update 23 allows remote untrusted Java Web Start applications and untrusted Java applets to affect confidentiality, integrity, and availability via unknown vectors related to Deployment.","10.0","HIGH","2011-02-17","http://marc.info/?l=bugtraq&m=134254866602253&w=2; http://marc.info/?l=bugtraq&m=134254957702612&w=2; http://secunia.com/advisories/44954","VCDSA23428","1"
"655","CVE-2010-4465","Unspecified vulnerability in the Java Runtime Environment (JRE) in Oracle Java SE and Java for Business 6 Update 23 and earlier, 5.0 Update 27 and earlier, and 1.4.2_29 and earlier allows remote untrusted Java Web Start applications and untrusted Java applets to affect confidentiality, integrity, and availability via unknown vectors related to Swing.  NOTE: the previous information was obtained from the February 2011 CPU.  Oracle has not commented on claims from a downstream vendor that this issue is related to the lack of framework support by AWT event dispatch, and/or ""clipboard access in Applets.""","10.0","HIGH","2011-02-17","http://lists.fedoraproject.org/pipermail/package-announce/2011-February/054115.html; http://lists.fedoraproject.org/pipermail/package-announce/2011-February/054134.html; http://lists.opensuse.org/opensuse-security-announce/2011-05/msg00004.html","VCDSA23428","1"
"656","CVE-2010-4466","Unspecified vulnerability in the Java Runtime Environment (JRE) in Oracle Java SE and Java for Business 6 Update 23 and earlier for Windows, Solaris, and, Linux; 5.0 Update 27 and earlier for Windows; and 1.4.2_29 and earlier for Windows allows remote untrusted Java Web Start applications and untrusted Java applets to affect confidentiality via unknown vectors related to Deployment.","5.0","MEDIUM","2011-02-17","http://lists.opensuse.org/opensuse-security-announce/2011-05/msg00004.html; http://lists.opensuse.org/opensuse-security-announce/2011-07/msg00010.html; http://marc.info/?l=bugtraq&m=134254866602253&w=2","VCDSA23428","1"
"657","CVE-2010-4467","Unspecified vulnerability in the Java Runtime Environment (JRE) in Oracle Java SE and Java for Business 6 Update 10 through 6 Update 23 allows remote untrusted Java Web Start applications and untrusted Java applets to affect confidentiality, integrity, and availability via unknown vectors related to Deployment.","10.0","HIGH","2011-02-17","http://marc.info/?l=bugtraq&m=134254866602253&w=2; http://marc.info/?l=bugtraq&m=134254957702612&w=2; http://secunia.com/advisories/44954","VCDSA23428","1"
"658","CVE-2010-4468","Unspecified vulnerability in the Java Runtime Environment (JRE) in Oracle Java SE and Java for Business 6 Update 23 and earlier, and 5.0 Update 27 and earlier, allows remote untrusted Java Web Start applications and untrusted Java applets to affect confidentiality and integrity via unknown vectors related to JDBC.","4.0","MEDIUM","2011-02-17","http://marc.info/?l=bugtraq&m=134254866602253&w=2; http://marc.info/?l=bugtraq&m=134254957702612&w=2; http://secunia.com/advisories/44954","VCDSA23428","1"
"659","CVE-2010-4469","Unspecified vulnerability in the Java Runtime Environment (JRE) in Oracle Java SE and Java for Business 6 Update 23 and earlier, 5.0 Update 27 and earlier, and 1.4.2_29 and earlier allows remote untrusted Java Web Start applications and untrusted Java applets to affect confidentiality, integrity, and availability via unknown vectors related to HotSpot.  NOTE: the previous information was obtained from the February 2011 CPU.  Oracle has not commented on claims from a downstream vendor that this issue is heap corruption related to the Verifier and ""backward jsrs.""","10.0","HIGH","2011-02-17","http://lists.fedoraproject.org/pipermail/package-announce/2011-February/054115.html; http://lists.fedoraproject.org/pipermail/package-announce/2011-February/054134.html; http://marc.info/?l=bugtraq&m=133728004526190&w=2","VCDSA23428","1"
"660","CVE-2010-4470","Unspecified vulnerability in the Java Runtime Environment (JRE) in Oracle Java SE and Java for Business 6 Update 23, and, and earlier allows remote attackers to affect availability via unknown vectors related to JAXP and unspecified APIs.  NOTE: the previous information was obtained from the February 2011 CPU.  Oracle has not commented on claims from a downstream vendor that this issue is related to ""Features set on SchemaFactory not inherited by Validator.""","5.0","MEDIUM","2011-02-17","http://lists.fedoraproject.org/pipermail/package-announce/2011-February/054115.html; http://lists.fedoraproject.org/pipermail/package-announce/2011-February/054134.html; http://marc.info/?l=bugtraq&m=134254866602253&w=2","VCDSA23428","1"
"661","CVE-2010-4471","Unspecified vulnerability in the Java Runtime Environment (JRE) in Oracle Java SE and Java for Business 6 Update 23 and earlier, and 5.0 Update 27 and earlier allows remote untrusted Java Web Start applications and untrusted Java applets to affect confidentiality via unknown vectors related to 2D.  NOTE: the previous information was obtained from the February 2011 CPU.  Oracle has not commented on claims from a downstream vendor that this issue is related to the exposure of system properties via vectors related to Font.createFont and exception text.","5.0","MEDIUM","2011-02-17","http://lists.fedoraproject.org/pipermail/package-announce/2011-February/054115.html; http://lists.fedoraproject.org/pipermail/package-announce/2011-February/054134.html; http://marc.info/?l=bugtraq&m=134254866602253&w=2","VCDSA23428","1"
"662","CVE-2010-4472","Unspecified vulnerability in the Java Runtime Environment (JRE) in Oracle Java SE and Java for Business 6 Update 23 and earlier allows remote attackers to affect availability, related to XML Digital Signature and unspecified APIs.  NOTE: the previous information was obtained from the February 2011 CPU.  Oracle has not commented on claims from a downstream vendor that this issue involves the replacement of the ""XML DSig Transform or C14N algorithm implementations.""","2.6","LOW","2011-02-17","http://lists.fedoraproject.org/pipermail/package-announce/2011-February/054115.html; http://lists.fedoraproject.org/pipermail/package-announce/2011-February/054134.html; http://marc.info/?l=bugtraq&m=134254866602253&w=2","VCDSA23428","1"
"663","CVE-2010-4473","Unspecified vulnerability in the Java Runtime Environment (JRE) in Oracle Java SE and Java for Business 6 Update 23 and earlier, 5.0 Update 27 and earlier, and 1.4.2_29 and earlier allows remote attackers to affect confidentiality, integrity, and availability via unknown vectors related to Sound and unspecified APIs, a different vulnerability than CVE-2010-4454 and CVE-2010-4462.","10.0","HIGH","2011-02-17","http://lists.opensuse.org/opensuse-security-announce/2011-05/msg00004.html; http://lists.opensuse.org/opensuse-security-announce/2011-07/msg00010.html; http://marc.info/?l=bugtraq&m=133728004526190&w=2","VCDSA23428","1"
"664","CVE-2010-4474","Unspecified vulnerability in the Java DB component in Oracle Java SE and Java for Business 6 Update 23, and, and earlier allows local users to affect confidentiality via unknown vectors related to Security, a similar vulnerability to CVE-2009-4269.","2.1","LOW","2011-02-17","http://marc.info/?l=bugtraq&m=134254866602253&w=2; http://marc.info/?l=bugtraq&m=134254957702612&w=2; http://www.oracle.com/technetwork/topics/security/javacpufeb2011-304611.html","VCDSA23428","1"
"665","CVE-2010-4475","Unspecified vulnerability in the Java Runtime Environment (JRE) in Oracle Java SE and Java for Business 6 Update 23 and earlier, 5.0 Update 27 and earlier, and 1.4.2_29 and earlier allows remote untrusted Java Web Start applications and untrusted Java applets to affect confidentiality via unknown vectors related to Deployment, a different vulnerability than CVE-2010-4447.","4.3","MEDIUM","2011-02-17","http://lists.opensuse.org/opensuse-security-announce/2011-05/msg00004.html; http://lists.opensuse.org/opensuse-security-announce/2011-07/msg00010.html; http://marc.info/?l=bugtraq&m=133728004526190&w=2","VCDSA23428","1"
"666","CVE-2010-4476","The Double.parseDouble method in Java Runtime Environment (JRE) in Oracle Java SE and Java for Business 6 Update 23 and earlier, 5.0 Update 27 and earlier, and 1.4.2_29 and earlier, as used in OpenJDK, Apache, JBossweb, and other products, allows remote attackers to cause a denial of service via a crafted string that triggers an infinite loop of estimations during conversion to a double-precision binary floating-point number, as demonstrated using 2.2250738585072012e-308.","5.0","MEDIUM","2011-02-17","http://blog.fortify.com/blog/2011/02/08/Double-Trouble; http://blogs.oracle.com/security/2011/02/security_alert_for_cve-2010-44.html; http://lists.fedoraproject.org/pipermail/package-announce/2011-February/053926.html","VCDSA23428","1"
"667","CVE-2010-4494","Double free vulnerability in libxml2 2.7.8 and other versions, as used in Google Chrome before 8.0.552.215 and other products, allows remote attackers to cause a denial of service or possibly have unspecified other impact via vectors related to XPath handling.","7.5","HIGH","2010-12-07","http://code.google.com/p/chromium/issues/detail?id=63444; http://googlechromereleases.blogspot.com/2010/12/stable-beta-channel-updates.html; http://lists.apple.com/archives/security-announce/2011//Mar/msg00003.html","VCDSA23436","1"
"668","CVE-2010-4526","Race condition in the sctp_icmp_proto_unreachable function in net/sctp/input.c in Linux kernel 2.6.11-rc2 through 2.6.33 allows remote attackers to cause a denial of service (panic) via an ICMP unreachable message to a socket that is already locked by a user, which causes the socket to be freed and triggers list corruption, related to the sctp_wait_for_connect function.","7.1","HIGH","2011-01-11","http://git.kernel.org/?p=linux/kernel/git/torvalds/linux-2.6.git%3Ba=commitdiff%3Bh=50b5d6ad63821cea324a5a7a19854d4de1a0a819; http://secunia.com/advisories/42964; http://secunia.com/advisories/46397","VCDSA23427","1"
"669","CVE-2010-4573","The Update Installer in VMware ESXi 4.1, when a modified sfcb.cfg is present, does not properly configure the SFCB authentication mode, which allows remote attackers to obtain access via an arbitrary username and password.","9.3","HIGH","2010-12-22","http://kb.vmware.com/kb/1031761; http://lists.vmware.com/pipermail/security-announce/2010/000114.html; http://secunia.com/advisories/42591","VCDSA23415","1"
"670","CVE-2010-4649","Integer overflow in the ib_uverbs_poll_cq function in drivers/infiniband/core/uverbs_cmd.c in the Linux kernel before 2.6.37 allows local users to cause a denial of service (memory corruption) or possibly have unspecified other impact via a large value of a certain structure member.","6.9","MEDIUM","2011-02-18","http://git.kernel.org/?p=linux/kernel/git/torvalds/linux-2.6.git%3Ba=commit%3Bh=7182afea8d1afd432a17c18162cc3fd441d0da93; http://rhn.redhat.com/errata/RHSA-2011-0927.html; http://www.kernel.org/pub/linux/kernel/v2.6/ChangeLog-2.6.37","VCDSA23405","1"
"671","CVE-2010-4655","net/core/ethtool.c in the Linux kernel before 2.6.36 does not initialize certain data structures, which allows local users to obtain potentially sensitive information from kernel heap memory by leveraging the CAP_NET_ADMIN capability for an ethtool ioctl call.","5.5","MEDIUM","2011-07-18","http://git.kernel.org/?p=linux/kernel/git/torvalds/linux-2.6.git%3Ba=commit%3Bh=b00916b189d13a615ff05c9242201135992fcda3; http://openwall.com/lists/oss-security/2011/01/24/9; http://openwall.com/lists/oss-security/2011/01/25/3","VCDSA23427","1"
"672","CVE-2010-5298","Race condition in the ssl3_read_bytes function in s3_pkt.c in OpenSSL through 1.0.1g, when SSL_MODE_RELEASE_BUFFERS is enabled, allows remote attackers to inject data across sessions or cause a denial of service (use-after-free and parsing error) via an SSL connection in a multithreaded environment.","4.0","MEDIUM","2014-04-14","http://advisories.mageia.org/MGASA-2014-0187.html; http://ftp.openbsd.org/pub/OpenBSD/patches/5.5/common/004_openssl.patch.sig; http://kb.juniper.net/InfoCenter/index?page=content&id=JSA10629","VCDSA23447","1"
"673","CVE-2011-0002","libuser before 0.57 uses a cleartext password value of (1) !! or (2) x for new LDAP user accounts, which makes it easier for remote attackers to obtain access by specifying one of these values.","6.4","MEDIUM","2011-01-22","http://kb.juniper.net/InfoCenter/index?page=content&id=JSA10705; http://lists.fedoraproject.org/pipermail/package-announce/2011-January/053365.html; http://lists.fedoraproject.org/pipermail/package-announce/2011-January/053378.html","VCDSA23428","1"
"674","CVE-2011-0014","ssl/t1_lib.c in OpenSSL 0.9.8h through 0.9.8q and 1.0.0 through 1.0.0c allows remote attackers to cause a denial of service (crash), and possibly obtain sensitive information in applications that use OpenSSL, via a malformed ClientHello handshake message that triggers an out-of-bounds memory access, aka ""OCSP stapling vulnerability.""","5.0","MEDIUM","2011-02-19","http://ftp.netbsd.org/pub/NetBSD/security/advisories/NetBSD-SA2011-002.txt.asc; http://h20000.www2.hp.com/bizsupport/TechSupport/Document.jsp?objectID=c02794777; http://lists.apple.com/archives/security-announce/2011//Jun/msg00000.html","VCDSA23437","1"
"675","CVE-2011-0216","Off-by-one error in libxml in Apple Safari before 5.0.6 allows remote attackers to execute arbitrary code or cause a denial of service (heap-based buffer overflow and application crash) via a crafted web site.","9.3","HIGH","2011-07-21","http://lists.apple.com/archives/Security-announce/2011//Oct/msg00001.html; http://lists.apple.com/archives/Security-announce/2011//Oct/msg00002.html; http://lists.apple.com/archives/security-announce/2011//Jul/msg00002.html","VCDSA23436; VCDSA23432","2"
"676","CVE-2011-0281","The unparse implementation in the Key Distribution Center (KDC) in MIT Kerberos 5 (aka krb5) 1.6.x through 1.9, when an LDAP backend is used, allows remote attackers to cause a denial of service (file descriptor exhaustion and daemon hang) via a principal name that triggers use of a backslash escape sequence, as demonstrated by a \n sequence.","5.0","MEDIUM","2011-02-10","http://lists.opensuse.org/opensuse-security-announce/2011-02/msg00004.html; http://mailman.mit.edu/pipermail/kerberos/2010-December/016800.html; http://secunia.com/advisories/43260","VCDSA23427","1"
"677","CVE-2011-0282","The Key Distribution Center (KDC) in MIT Kerberos 5 (aka krb5) 1.6.x through 1.9, when an LDAP backend is used, allows remote attackers to cause a denial of service (NULL pointer dereference or buffer over-read, and daemon crash) via a crafted principal name.","5.0","MEDIUM","2011-02-10","http://lists.opensuse.org/opensuse-security-announce/2011-02/msg00004.html; http://secunia.com/advisories/43260; http://secunia.com/advisories/43273","VCDSA23427","1"
"678","CVE-2011-0355","Cisco Nexus 1000V Virtual Ethernet Module (VEM) 4.0(4) SV1(1) through SV1(3b), as used in VMware ESX 4.0 and 4.1 and ESXi 4.0 and 4.1, does not properly handle dropped packets, which allows guest OS users to cause a denial of service (ESX or ESXi host OS crash) by sending an 802.1Q tagged packet over an access vEthernet port, aka Cisco Bug ID CSCtj17451.","7.8","HIGH","2011-02-17","http://lists.vmware.com/pipermail/security-announce/2011/000118.html; http://secunia.com/advisories/43084; http://securityreason.com/securityalert/8090","VCDSA23417","1"
"679","CVE-2011-0426","Directory traversal vulnerability in vCenter Server in VMware vCenter 4.0 before Update 3 and 4.1 before Update 1, and VMware VirtualCenter 2.5 before Update 6a, allows remote attackers to read arbitrary files via unspecified vectors.","4.3","MEDIUM","2011-05-09","http://lists.vmware.com/pipermail/security-announce/2011/000137.html; http://securitytracker.com/id?1025502; http://www.vmware.com/security/advisories/VMSA-2011-0008.html","VCDSA23423","1"
"680","CVE-2011-0521","The dvb_ca_ioctl function in drivers/media/dvb/ttpci/av7110_ca.c in the Linux kernel before 2.6.38-rc2 does not check the sign of a certain integer field, which allows local users to cause a denial of service (memory corruption) or possibly have unspecified other impact via a negative value.","7.2","HIGH","2011-02-02","http://git.kernel.org/?p=linux/kernel/git/torvalds/linux-2.6.git%3Ba=commit%3Bh=cb26a24ee9706473f31d34cc259f4dcf45cd0644; http://openwall.com/lists/oss-security/2011/01/24/2; http://openwall.com/lists/oss-security/2011/01/25/2","VCDSA23427","1"
"681","CVE-2011-0536","Multiple untrusted search path vulnerabilities in elf/dl-object.c in certain modified versions of the GNU C Library (aka glibc or libc6), including glibc-2.5-49.el5_5.6 and glibc-2.12-1.7.el6_0.3 in Red Hat Enterprise Linux, allow local users to gain privileges via a crafted dynamic shared object (DSO) in a subdirectory of the current working directory during execution of a (1) setuid or (2) setgid program that has $ORIGIN in (a) RPATH or (b) RUNPATH within the program itself or a referenced library. NOTE: this issue exists because of an incorrect fix for CVE-2010-3847.","6.9","MEDIUM","2011-04-08","http://lists.debian.org/debian-security-announce/2011/msg00005.html; http://openwall.com/lists/oss-security/2011/02/01/3; http://openwall.com/lists/oss-security/2011/02/03/2","VCDSA23427; VCDSA23425","2"
"682","CVE-2011-0695","Race condition in the cm_work_handler function in the InfiniBand driver (drivers/infiniband/core/cma.c) in Linux kernel 2.6.x allows remote attackers to cause a denial of service (panic) by sending an InfiniBand request while other request handlers are still running, which triggers an invalid pointer dereference.","5.7","MEDIUM","2011-03-15","http://rhn.redhat.com/errata/RHSA-2011-0927.html; http://secunia.com/advisories/43693; http://www.openwall.com/lists/oss-security/2011/03/11/1","VCDSA23405","1"
"683","CVE-2011-0710","The task_show_regs function in arch/s390/kernel/traps.c in the Linux kernel before 2.6.38-rc4-next-20110216 on the s390 platform allows local users to obtain the values of the registers of an arbitrary process by reading a status file under /proc/.","2.1","LOW","2011-02-18","http://git.kernel.org/?p=linux/kernel/git/torvalds/linux-2.6.git%3Ba=commit%3Bh=261cd298a8c363d7985e3482946edb4bfedacf98; http://openwall.com/lists/oss-security/2011/02/16/3; http://openwall.com/lists/oss-security/2011/02/16/9","VCDSA23427","1"
"684","CVE-2011-0711","The xfs_fs_geometry function in fs/xfs/xfs_fsops.c in the Linux kernel before 2.6.38-rc6-git3 does not initialize a certain structure member, which allows local users to obtain potentially sensitive information from kernel stack memory via an FSGEOMETRY_V1 ioctl call.","2.1","LOW","2011-03-01","http://git.kernel.org/?p=linux/kernel/git/torvalds/linux-2.6.git%3Ba=commit%3Bh=3a3675b7f23f83ca8c67c9c2b6edf707fd28d1ba; http://openwall.com/lists/oss-security/2011/02/16/10; http://openwall.com/lists/oss-security/2011/02/16/4","VCDSA23405","1"
"685","CVE-2011-0726","The do_task_stat function in fs/proc/array.c in the Linux kernel before 2.6.39-rc1 does not perform an expected uid check, which makes it easier for local users to defeat the ASLR protection mechanism by reading the start_code and end_code fields in the /proc/#####/stat file for a process executing a PIE binary.","2.1","LOW","2011-07-18","http://downloads.avaya.com/css/P8/documents/100145416; http://git.kernel.org/?p=linux/kernel/git/torvalds/linux-2.6.git%3Ba=commit%3Bh=5883f57ca0008ffc93e09cbb9847a1928e50c6f3; http://rhn.redhat.com/errata/RHSA-2011-0833.html","VCDSA23405","1"
"686","CVE-2011-0802","Unspecified vulnerability in the Java Runtime Environment (JRE) component in Oracle Java SE 6 Update 25 and earlier, 5.0 Update 29 and earlier, and 1.4.2_31 and earlier allows remote attackers to affect confidentiality, integrity, and availability via unknown vectors related to Sound, a different vulnerability than CVE-2011-0814.","10.0","HIGH","2011-06-14","http://lists.opensuse.org/opensuse-security-announce/2011-06/msg00003.html; http://lists.opensuse.org/opensuse-security-announce/2011-07/msg00003.html; http://lists.opensuse.org/opensuse-security-announce/2011-07/msg00009.html","VCDSA23428","1"
"687","CVE-2011-0814","Unspecified vulnerability in the Java Runtime Environment (JRE) component in Oracle Java SE 6 Update 25 and earlier, 5.0 Update 29 and earlier, and 1.4.2_31 and earlier allows remote attackers to affect confidentiality, integrity, and availability via unknown vectors related to Sound, a different vulnerability than CVE-2011-0802.","10.0","HIGH","2011-06-14","http://lists.opensuse.org/opensuse-security-announce/2011-06/msg00003.html; http://lists.opensuse.org/opensuse-security-announce/2011-07/msg00003.html; http://lists.opensuse.org/opensuse-security-announce/2011-07/msg00009.html","VCDSA23428","1"
"688","CVE-2011-0815","Unspecified vulnerability in the Java Runtime Environment (JRE) component in Oracle Java SE 6 Update 25 and earlier, 5.0 Update 29 and earlier, and 1.4.2_31 and earlier allows remote untrusted Java Web Start applications and untrusted Java applets to affect confidentiality, integrity, and availability via unknown vectors related to AWT.","10.0","HIGH","2011-06-14","http://lists.opensuse.org/opensuse-security-announce/2011-06/msg00003.html; http://lists.opensuse.org/opensuse-security-announce/2011-07/msg00003.html; http://lists.opensuse.org/opensuse-security-announce/2011-07/msg00009.html","VCDSA23428","1"
"689","CVE-2011-0862","Multiple unspecified vulnerabilities in the Java Runtime Environment (JRE) component in Oracle Java SE 6 Update 25 and earlier, 5.0 Update 29 and earlier, and 1.4.2_31 and earlier allow remote attackers to affect confidentiality, integrity, and availability via unknown vectors related to 2D.","10.0","HIGH","2011-06-14","http://lists.opensuse.org/opensuse-security-announce/2011-06/msg00003.html; http://lists.opensuse.org/opensuse-security-announce/2011-07/msg00003.html; http://lists.opensuse.org/opensuse-security-announce/2011-07/msg00009.html","VCDSA23428","1"
"690","CVE-2011-0864","Unspecified vulnerability in the Java Runtime Environment (JRE) component in Oracle Java SE 6 Update 25 and earlier, 5.0 Update 29 and earlier, and 1.4.2_31 and earlier allows remote untrusted Java Web Start applications and untrusted Java applets to affect confidentiality, integrity, and availability via unknown vectors related to HotSpot.","10.0","HIGH","2011-06-14","http://lists.opensuse.org/opensuse-security-announce/2011-06/msg00003.html; http://marc.info/?l=bugtraq&m=132439520301822&w=2; http://marc.info/?l=bugtraq&m=133728004526190&w=2","VCDSA23428","1"
"691","CVE-2011-0865","Unspecified vulnerability in the Java Runtime Environment (JRE) component in Oracle Java SE 6 Update 25 and earlier, 5.0 Update 29 and earlier, and 1.4.2_31 and earlier allows remote untrusted Java Web Start applications and untrusted Java applets to affect integrity via unknown vectors related to Deserialization.","2.6","LOW","2011-06-14","http://lists.opensuse.org/opensuse-security-announce/2011-06/msg00003.html; http://lists.opensuse.org/opensuse-security-announce/2011-07/msg00003.html; http://lists.opensuse.org/opensuse-security-announce/2011-07/msg00009.html","VCDSA23428","1"
"692","CVE-2011-0867","Unspecified vulnerability in the Java Runtime Environment (JRE) component in Oracle Java SE 6 Update 25 and earlier, 5.0 Update 29 and earlier, and 1.4.2_31 and earlier allows remote untrusted Java Web Start applications and untrusted Java applets to affect confidentiality via unknown vectors related to Networking.","5.0","MEDIUM","2011-06-14","http://lists.opensuse.org/opensuse-security-announce/2011-06/msg00003.html; http://lists.opensuse.org/opensuse-security-announce/2011-07/msg00003.html; http://lists.opensuse.org/opensuse-security-announce/2011-07/msg00009.html","VCDSA23428","1"
"693","CVE-2011-0871","Unspecified vulnerability in the Java Runtime Environment (JRE) component in Oracle Java SE 6 Update 25 and earlier, 5.0 Update 29 and earlier, and 1.4.2_31 and earlier allows remote untrusted Java Web Start applications and untrusted Java applets to affect confidentiality, integrity, and availability via unknown vectors related to Swing.","10.0","HIGH","2011-06-14","http://lists.opensuse.org/opensuse-security-announce/2011-06/msg00003.html; http://lists.opensuse.org/opensuse-security-announce/2011-07/msg00003.html; http://lists.opensuse.org/opensuse-security-announce/2011-07/msg00009.html","VCDSA23428","1"
"694","CVE-2011-0873","Unspecified vulnerability in the Java Runtime Environment (JRE) component in Oracle Java SE 6 Update 25 and earlier, and 5.0 Update 29 and earlier, allows remote attackers to affect confidentiality, integrity, and availability via unknown vectors related to 2D.","10.0","HIGH","2011-06-14","http://lists.opensuse.org/opensuse-security-announce/2011-06/msg00003.html; http://lists.opensuse.org/opensuse-security-announce/2011-07/msg00003.html; http://lists.opensuse.org/opensuse-security-announce/2011-07/msg00009.html","VCDSA23428","1"
"695","CVE-2011-0997","dhclient in ISC DHCP 3.0.x through 4.2.x before 4.2.1-P1, 3.1-ESV before 3.1-ESV-R1, and 4.1-ESV before 4.1-ESV-R2 allows remote attackers to execute arbitrary commands via shell metacharacters in a hostname obtained from a DHCP message, as demonstrated by a hostname that is provided to dhclient-script.","7.5","HIGH","2011-04-08","http://kb.juniper.net/InfoCenter/index?page=content&id=JSA10761; http://lists.fedoraproject.org/pipermail/package-announce/2011-April/057888.html; http://lists.fedoraproject.org/pipermail/package-announce/2011-April/058279.html","VCDSA23425","1"
"696","CVE-2011-1010","Buffer overflow in the mac_partition function in fs/partitions/mac.c in the Linux kernel before 2.6.37.2 allows local users to cause a denial of service (panic) or possibly have unspecified other impact via a malformed Mac OS partition table.","4.9","MEDIUM","2011-03-01","http://git.kernel.org/?p=linux/kernel/git/torvalds/linux-2.6.git%3Ba=commit%3Bh=fa7ea87a057958a8b7926c1a60a3ca6d696328ed; http://openwall.com/lists/oss-security/2011/02/22/11; http://openwall.com/lists/oss-security/2011/02/22/15","VCDSA23427","1"
"697","CVE-2011-1015","The is_cgi method in CGIHTTPServer.py in the CGIHTTPServer module in Python 2.5, 2.6, and 3.0 allows remote attackers to read script source code via an HTTP GET request that lacks a / (slash) character at the beginning of the URI.","5.0","MEDIUM","2011-05-09","http://bugs.python.org/issue2254; http://hg.python.org/cpython/rev/c6c4398293bd/; http://openwall.com/lists/oss-security/2011/02/23/27","VCDSA23405","1"
"698","CVE-2011-1020","The proc filesystem implementation in the Linux kernel 2.6.37 and earlier does not restrict access to the /proc directory tree of a process after this process performs an exec of a setuid program, which allows local users to obtain sensitive information or cause a denial of service via open, lseek, read, and write system calls.","4.6","MEDIUM","2011-02-28","http://openwall.com/lists/oss-security/2011/02/24/18; http://openwall.com/lists/oss-security/2011/02/25/2; http://seclists.org/fulldisclosure/2011/Jan/421","VCDSA23437","1"
"699","CVE-2011-1044","The ib_uverbs_poll_cq function in drivers/infiniband/core/uverbs_cmd.c in the Linux kernel before 2.6.37 does not initialize a certain response buffer, which allows local users to obtain potentially sensitive information from kernel memory via vectors that cause this buffer to be only partially filled, a different vulnerability than CVE-2010-4649.","2.1","LOW","2011-02-18","http://git.kernel.org/?p=linux/kernel/git/torvalds/linux-2.6.git%3Ba=commit%3Bh=7182afea8d1afd432a17c18162cc3fd441d0da93; http://rhn.redhat.com/errata/RHSA-2011-0927.html; http://www.kernel.org/pub/linux/kernel/v2.6/ChangeLog-2.6.37","VCDSA23405","1"
"700","CVE-2011-1071","The GNU C Library (aka glibc or libc6) before 2.12.2 and Embedded GLIBC (EGLIBC) allow context-dependent attackers to execute arbitrary code or cause a denial of service (memory consumption) via a long UTF8 string that is used in an fnmatch call, aka a ""stack extension attack,"" a related issue to CVE-2010-2898, CVE-2010-1917, and CVE-2007-4782, as originally reported for use of this library by Google Chrome.","5.1","MEDIUM","2011-04-08","http://bugs.debian.org/615120; http://code.google.com/p/chromium/issues/detail?id=48733; http://openwall.com/lists/oss-security/2011/02/26/3","VCDSA23427; VCDSA23425","2"
"701","CVE-2011-1078","The sco_sock_getsockopt_old function in net/bluetooth/sco.c in the Linux kernel before 2.6.39 does not initialize a certain structure, which allows local users to obtain potentially sensitive information from kernel stack memory via the SCO_CONNINFO option.","1.9","LOW","2012-06-21","http://downloads.avaya.com/css/P8/documents/100145416; http://ftp.osuosl.org/pub/linux/kernel/v2.6/ChangeLog-2.6.39; http://git.kernel.org/?p=linux/kernel/git/torvalds/linux-2.6.git%3Ba=commit%3Bh=c4c896e1471aec3b004a693c689f60be3b17ac86","VCDSA23405","1"
"702","CVE-2011-1079","The bnep_sock_ioctl function in net/bluetooth/bnep/sock.c in the Linux kernel before 2.6.39 does not ensure that a certain device field ends with a '\0' character, which allows local users to obtain potentially sensitive information from kernel stack memory, or cause a denial of service (BUG and system crash), via a BNEPCONNADD command.","5.4","MEDIUM","2012-06-21","http://downloads.avaya.com/css/P8/documents/100145416; http://ftp.osuosl.org/pub/linux/kernel/v2.6/ChangeLog-2.6.39; http://git.kernel.org/?p=linux/kernel/git/torvalds/linux-2.6.git%3Ba=commit%3Bh=43629f8f5ea32a998d06d1bb41eefa0e821ff573","VCDSA23405","1"
"703","CVE-2011-1080","The do_replace function in net/bridge/netfilter/ebtables.c in the Linux kernel before 2.6.39 does not ensure that a certain name field ends with a '\0' character, which allows local users to obtain potentially sensitive information from kernel stack memory by leveraging the CAP_NET_ADMIN capability to replace a table, and then reading a modprobe command line.","2.1","LOW","2012-06-21","http://downloads.avaya.com/css/P8/documents/100145416; http://ftp.osuosl.org/pub/linux/kernel/v2.6/ChangeLog-2.6.39; http://git.kernel.org/?p=linux/kernel/git/torvalds/linux-2.6.git%3Ba=commit%3Bh=d846f71195d57b0bbb143382647c2c6638b04c5a","VCDSA23405","1"
"704","CVE-2011-1089","The addmntent function in the GNU C Library (aka glibc or libc6) 2.13 and earlier does not report an error status for failed attempts to write to the /etc/mtab file, which makes it easier for local users to trigger corruption of this file, as demonstrated by writes from a process with a small RLIMIT_FSIZE value, a different vulnerability than CVE-2010-0296.","3.3","LOW","2011-04-10","http://openwall.com/lists/oss-security/2011/03/04/10; http://openwall.com/lists/oss-security/2011/03/04/11; http://openwall.com/lists/oss-security/2011/03/04/12","VCDSA23441; VCDSA23437","2"
"705","CVE-2011-1090","The __nfs4_proc_set_acl function in fs/nfs/nfs4proc.c in the Linux kernel before 2.6.38 stores NFSv4 ACL data in memory that is allocated by kmalloc but not properly freed, which allows local users to cause a denial of service (panic) via a crafted attempt to set an ACL.","4.9","MEDIUM","2011-05-09","http://git.kernel.org/?p=linux/kernel/git/torvalds/linux-2.6.git%3Ba=commit%3Bh=e9e3d724e2145f5039b423c290ce2b2c3d8f94bc; http://lists.opensuse.org/opensuse-security-announce/2015-04/msg00020.html; http://openwall.com/lists/oss-security/2011/03/07/12","VCDSA23427","1"
"706","CVE-2011-1093","The dccp_rcv_state_process function in net/dccp/input.c in the Datagram Congestion Control Protocol (DCCP) implementation in the Linux kernel before 2.6.38 does not properly handle packets for a CLOSED endpoint, which allows remote attackers to cause a denial of service (NULL pointer dereference and OOPS) by sending a DCCP-Close packet followed by a DCCP-Reset packet.","7.8","HIGH","2011-07-18","http://downloads.avaya.com/css/P8/documents/100145416; http://git.kernel.org/?p=linux/kernel/git/torvalds/linux-2.6.git%3Ba=commit%3Bh=720dc34bbbe9493c7bd48b2243058b4e447a929d; http://openwall.com/lists/oss-security/2011/03/08/19","VCDSA23405","1"
"707","CVE-2011-1095","locale/programs/locale.c in locale in the GNU C Library (aka glibc or libc6) before 2.13 does not quote its output, which might allow local users to gain privileges via a crafted localization environment variable, in conjunction with a program that executes a script that uses the eval function.","6.2","MEDIUM","2011-04-10","http://bugs.gentoo.org/show_bug.cgi?id=330923; http://openwall.com/lists/oss-security/2011/03/08/21; http://openwall.com/lists/oss-security/2011/03/08/22","VCDSA23427; VCDSA23425","2"
"708","CVE-2011-1126","VMware vmrun, as used in VIX API 1.x before 1.10.3 and VMware Workstation 6.5.x and 7.x before 7.1.4 build 385536 on Linux, might allow local users to gain privileges via a Trojan horse shared library in an unspecified directory.","6.9","MEDIUM","2011-04-04","http://lists.vmware.com/pipermail/security-announce/2011/000131.html; http://secunia.com/advisories/43885; http://secunia.com/advisories/43943","VCDSA23421","1"
"709","CVE-2011-1163","The osf_partition function in fs/partitions/osf.c in the Linux kernel before 2.6.38 does not properly handle an invalid number of partitions, which might allow local users to obtain potentially sensitive information from kernel heap memory via vectors related to partition-table parsing.","2.1","LOW","2011-04-10","http://downloads.avaya.com/css/P8/documents/100145416; http://git.kernel.org/?p=linux/kernel/git/torvalds/linux-2.6.git%3Ba=commit%3Bh=1eafbfeb7bdf59cfe173304c76188f3fd5f1fd05; http://lists.opensuse.org/opensuse-security-announce/2015-04/msg00020.html","VCDSA23405","1"
"710","CVE-2011-1166","Xen, possibly before 4.0.2, allows local 64-bit PV guests to cause a denial of service (host crash) by specifying user mode execution without user-mode pagetables.","5.5","MEDIUM","2014-01-07","http://downloads.avaya.com/css/P8/documents/100145416; http://rhn.redhat.com/errata/RHSA-2011-0833.html; http://wiki.xen.org/wiki/Security_Announcements#XSA-1_Host_crash_due_to_failure_to_correctly_validate_PV_kernel_execution_state.","VCDSA23405","1"
"711","CVE-2011-1170","net/ipv4/netfilter/arp_tables.c in the IPv4 implementation in the Linux kernel before 2.6.39 does not place the expected '\0' character at the end of string data in the values of certain structure members, which allows local users to obtain potentially sensitive information from kernel memory by leveraging the CAP_NET_ADMIN capability to issue a crafted request, and then reading the argument to the resulting modprobe process.","2.1","LOW","2011-06-22","http://downloads.avaya.com/css/P8/documents/100145416; http://git.kernel.org/?p=linux/kernel/git/torvalds/linux-2.6.git%3Ba=commit%3Bh=42eab94fff18cb1091d3501cd284d6bd6cc9c143; http://marc.info/?l=netfilter-devel&m=129978081009955&w=2","VCDSA23405","1"
"712","CVE-2011-1171","net/ipv4/netfilter/ip_tables.c in the IPv4 implementation in the Linux kernel before 2.6.39 does not place the expected '\0' character at the end of string data in the values of certain structure members, which allows local users to obtain potentially sensitive information from kernel memory by leveraging the CAP_NET_ADMIN capability to issue a crafted request, and then reading the argument to the resulting modprobe process.","2.1","LOW","2011-06-22","http://downloads.avaya.com/css/P8/documents/100145416; http://git.kernel.org/?p=linux/kernel/git/torvalds/linux-2.6.git%3Ba=commit%3Bh=78b79876761b86653df89c48a7010b5cbd41a84a; http://marc.info/?l=linux-kernel&m=129978077609894&w=2","VCDSA23405","1"
"713","CVE-2011-1172","net/ipv6/netfilter/ip6_tables.c in the IPv6 implementation in the Linux kernel before 2.6.39 does not place the expected '\0' character at the end of string data in the values of certain structure members, which allows local users to obtain potentially sensitive information from kernel memory by leveraging the CAP_NET_ADMIN capability to issue a crafted request, and then reading the argument to the resulting modprobe process.","2.1","LOW","2011-06-22","http://downloads.avaya.com/css/P8/documents/100145416; http://git.kernel.org/?p=linux/kernel/git/torvalds/linux-2.6.git%3Ba=commit%3Bh=6a8ab060779779de8aea92ce3337ca348f973f54; http://marc.info/?l=linux-kernel&m=129978086410061&w=2","VCDSA23405","1"
"714","CVE-2011-1182","kernel/signal.c in the Linux kernel before 2.6.39 allows local users to spoof the uid and pid of a signal sender via a sigqueueinfo system call.","3.6","LOW","2013-03-01","http://ftp.osuosl.org/pub/linux/kernel/v2.6/ChangeLog-2.6.39; http://git.kernel.org/?p=linux/kernel/git/torvalds/linux-2.6.git%3Ba=commit%3Bh=da48524eb20662618854bb3df2db01fc65f3070c; http://rhn.redhat.com/errata/RHSA-2011-0927.html","VCDSA23405","1"
"715","CVE-2011-1202","The xsltGenerateIdFunction function in functions.c in libxslt 1.1.26 and earlier, as used in Google Chrome before 10.0.648.127 and other products, allows remote attackers to obtain potentially sensitive information about heap memory addresses via an XML document containing a call to the XSLT generate-id XPath function.","4.3","MEDIUM","2011-03-11","http://code.google.com/p/chromium/issues/detail?id=73716; http://downloads.avaya.com/css/P8/documents/100144158; http://git.gnome.org/browse/libxslt/commit/?id=ecb6bcb8d1b7e44842edde3929f412d46b40c89f","VCDSA23442; VCDSA23441","2"
"716","CVE-2011-1478","The napi_reuse_skb function in net/core/dev.c in the Generic Receive Offload (GRO) implementation in the Linux kernel before 2.6.38 does not reset the values of certain structure members, which might allow remote attackers to cause a denial of service (NULL pointer dereference) via a malformed VLAN frame.","5.7","MEDIUM","2011-10-23","http://git.kernel.org/?p=linux/kernel/git/torvalds/linux-2.6.git%3Ba=commit%3Bh=66c46d741e2e60f0e8b625b80edb0ab820c46d7a; http://git.kernel.org/?p=linux/kernel/git/torvalds/linux-2.6.git%3Ba=commit%3Bh=6d152e23ad1a7a5b40fef1f42e017d66e6115159; http://mirror.anl.gov/pub/linux/kernel/v2.6/ChangeLog-2.6.38","VCDSA23427","1"
"717","CVE-2011-1494","Integer overflow in the _ctl_do_mpt_command function in drivers/scsi/mpt2sas/mpt2sas_ctl.c in the Linux kernel 2.6.38 and earlier might allow local users to gain privileges or cause a denial of service (memory corruption) via an ioctl call specifying a crafted value that triggers a heap-based buffer overflow.","6.9","MEDIUM","2011-05-03","http://downloads.avaya.com/css/P8/documents/100145416; http://lists.opensuse.org/opensuse-security-announce/2015-04/msg00020.html; http://lkml.org/lkml/2011/4/5/327","VCDSA23405; VCDSA23427","2"
"718","CVE-2011-1495","drivers/scsi/mpt2sas/mpt2sas_ctl.c in the Linux kernel 2.6.38 and earlier does not validate (1) length and (2) offset values before performing memory copy operations, which might allow local users to gain privileges, cause a denial of service (memory corruption), or obtain sensitive information from kernel memory via a crafted ioctl call, related to the _ctl_do_mpt_command and _ctl_diag_read_buffer functions.","7.2","HIGH","2011-05-03","http://downloads.avaya.com/css/P8/documents/100145416; http://lists.opensuse.org/opensuse-security-announce/2015-04/msg00020.html; http://lkml.org/lkml/2011/4/5/327","VCDSA23405; VCDSA23427","2"
"719","CVE-2011-1521","The urllib and urllib2 modules in Python 2.x before 2.7.2 and 3.x before 3.2.1 process Location headers that specify redirection to file: URLs, which makes it easier for remote attackers to obtain sensitive information or cause a denial of service (resource consumption) via a crafted URL, as demonstrated by the file:///etc/passwd and file:///dev/zero URLs.","6.4","MEDIUM","2011-05-24","http://bugs.python.org/issue11662; http://hg.python.org/cpython/file/96a6c128822b/Misc/NEWS; http://hg.python.org/cpython/file/b2934d98dac1/Misc/NEWS","VCDSA23405","1"
"720","CVE-2011-1573","net/sctp/sm_make_chunk.c in the Linux kernel before 2.6.34, when addip_enable and auth_enable are used, does not consider the amount of zero padding during calculation of chunk lengths for (1) INIT and (2) INIT ACK chunks, which allows remote attackers to cause a denial of service (OOPS) via crafted packet data.","5.9","MEDIUM","2012-02-02","http://git.kernel.org/?p=linux/kernel/git/torvalds/linux-2.6.git%3Ba=commit%3Bh=a8170c35e738d62e9919ce5b109cf4ed66e95bde; http://mirror.anl.gov/pub/linux/kernel/v2.6/ChangeLog-2.6.34; http://openwall.com/lists/oss-security/2011/04/11/12","VCDSA23405","1"
"721","CVE-2011-1576","The Generic Receive Offload (GRO) implementation in the Linux kernel 2.6.18 on Red Hat Enterprise Linux 5 and 2.6.32 on Red Hat Enterprise Linux 6, as used in Red Hat Enterprise Virtualization (RHEV) Hypervisor and other products, allows remote attackers to cause a denial of service via crafted VLAN packets that are processed by the napi_reuse_skb function, leading to (1) a memory leak or (2) memory corruption, a different vulnerability than CVE-2011-1478.","5.7","MEDIUM","2011-08-31","http://rhn.redhat.com/errata/RHSA-2011-0927.html; http://www.redhat.com/support/errata/RHSA-2011-1090.html; http://www.redhat.com/support/errata/RHSA-2011-1106.html","VCDSA23405","1"
"722","CVE-2011-1577","Heap-based buffer overflow in the is_gpt_valid function in fs/partitions/efi.c in the Linux kernel 2.6.38 and earlier allows physically proximate attackers to cause a denial of service (OOPS) or possibly have unspecified other impact via a crafted size of the EFI GUID partition-table header on removable media.","4.9","MEDIUM","2011-05-03","http://downloads.avaya.com/css/P8/documents/100145416; http://lists.fedoraproject.org/pipermail/package-announce/2011-June/061236.html; http://openwall.com/lists/oss-security/2011/04/12/17","VCDSA23405","1"
"723","CVE-2011-1593","Multiple integer overflows in the next_pidmap function in kernel/pid.c in the Linux kernel before 2.6.38.4 allow local users to cause a denial of service (system crash) via a crafted (1) getdents or (2) readdir system call.","4.9","MEDIUM","2011-05-03","http://git.kernel.org/?p=linux/kernel/git/torvalds/linux-2.6.git%3Ba=commit%3Bh=c78193e9c7bcbf25b8237ad0dec82f805c4ea69b; http://git.kernel.org/?p=linux/kernel/git/torvalds/linux-2.6.git%3Ba=commit%3Bh=d8bdc59f215e62098bc5b4256fd9928bf27053a1; http://groups.google.com/group/fa.linux.kernel/msg/4a28ecb7f755a88d?dmode=source","VCDSA23405","1"
"724","CVE-2011-1658","ld.so in the GNU C Library (aka glibc or libc6) 2.13 and earlier expands the $ORIGIN dynamic string token when RPATH is composed entirely of this token, which might allow local users to gain privileges by creating a hard link in an arbitrary directory to a (1) setuid or (2) setgid program with this RPATH value, and then executing the program with a crafted value for the LD_PRELOAD environment variable, a different vulnerability than CVE-2010-3847 and CVE-2011-0536.  NOTE: it is not expected that any standard operating-system distribution would ship an applicable setuid or setgid program.","3.7","LOW","2011-04-08","http://secunia.com/advisories/46397; http://sourceware.org/bugzilla/show_bug.cgi?id=12393; http://www.securityfocus.com/archive/1/520102/100/0/threaded","VCDSA23427; VCDSA23425","2"
"725","CVE-2011-1659","Integer overflow in posix/fnmatch.c in the GNU C Library (aka glibc or libc6) 2.13 and earlier allows context-dependent attackers to cause a denial of service (application crash) via a long UTF8 string that is used in an fnmatch call with a crafted pattern argument, a different vulnerability than CVE-2011-1071.","5.0","MEDIUM","2011-04-08","http://code.google.com/p/chromium/issues/detail?id=48733; http://scarybeastsecurity.blogspot.com/2011/02/i-got-accidental-code-execution-via.html; http://secunia.com/advisories/44353","VCDSA23427; VCDSA23425","2"
"726","CVE-2011-1678","smbfs in Samba 3.5.8 and earlier attempts to use (1) mount.cifs to append to the /etc/mtab file and (2) umount.cifs to append to the /etc/mtab.tmp file without first checking whether resource limits would interfere, which allows local users to trigger corruption of the /etc/mtab file via a process with a small RLIMIT_FSIZE value, a related issue to CVE-2011-1089.","3.3","LOW","2011-04-10","http://openwall.com/lists/oss-security/2011/03/04/10; http://openwall.com/lists/oss-security/2011/03/04/11; http://openwall.com/lists/oss-security/2011/03/04/12","VCDSA23405","1"
"727","CVE-2011-1745","Integer overflow in the agp_generic_insert_memory function in drivers/char/agp/generic.c in the Linux kernel before 2.6.38.5 allows local users to gain privileges or cause a denial of service (system crash) via a crafted AGPIOC_BIND agp_ioctl ioctl call.","6.9","MEDIUM","2011-05-09","http://git.kernel.org/?p=linux/kernel/git/torvalds/linux-2.6.git%3Ba=commit%3Bh=194b3da873fd334ef183806db751473512af29ce; http://openwall.com/lists/oss-security/2011/04/21/4; http://openwall.com/lists/oss-security/2011/04/22/7","VCDSA23405","1"
"728","CVE-2011-1746","Multiple integer overflows in the (1) agp_allocate_memory and (2) agp_create_user_memory functions in drivers/char/agp/generic.c in the Linux kernel before 2.6.38.5 allow local users to trigger buffer overflows, and consequently cause a denial of service (system crash) or possibly have unspecified other impact, via vectors related to calls that specify a large number of memory pages.","6.9","MEDIUM","2011-05-09","http://git.kernel.org/?p=linux/kernel/git/torvalds/linux-2.6.git%3Ba=commit%3Bh=b522f02184b413955f3bc952e3776ce41edc6355; http://openwall.com/lists/oss-security/2011/04/21/4; http://openwall.com/lists/oss-security/2011/04/22/7","VCDSA23405","1"
"729","CVE-2011-1763","The get_free_port function in Xen allows local authenticated DomU users to cause a denial of service or possibly gain privileges via unspecified vectors involving a new event channel port.","7.7","HIGH","2014-01-07","http://downloads.avaya.com/css/P8/documents/100145416; http://rhn.redhat.com/errata/RHSA-2011-0833.html; https://bugzilla.redhat.com/show_bug.cgi?id=701240","VCDSA23405","1"
"730","CVE-2011-1776","The is_gpt_valid function in fs/partitions/efi.c in the Linux kernel before 2.6.39 does not check the size of an Extensible Firmware Interface (EFI) GUID Partition Table (GPT) entry, which allows physically proximate attackers to cause a denial of service (heap-based buffer overflow and OOPS) or obtain sensitive information from kernel heap memory by connecting a crafted GPT storage device, a different vulnerability than CVE-2011-1577.","6.1","MEDIUM","2011-09-06","http://git.kernel.org/?p=linux/kernel/git/torvalds/linux-2.6.git%3Ba=commit%3Bh=fa039d5f6b126fbd65eefa05db2f67e44df8f121; http://openwall.com/lists/oss-security/2011/05/10/4; http://rhn.redhat.com/errata/RHSA-2011-0927.html","VCDSA23405","1"
"731","CVE-2011-1780","The instruction emulation in Xen 3.0.3 allows local SMP guest users to cause a denial of service (host crash) by replacing the instruction that causes the VM to exit in one thread with a different instruction in a different thread.","6.1","MEDIUM","2014-01-07","http://rhn.redhat.com/errata/RHSA-2011-1065.html; http://rhn.redhat.com/errata/RHSA-2011-1163.html; http://www.openwall.com/lists/oss-security/2011/07/07/3","VCDSA23405","1"
"732","CVE-2011-1785","VMware ESXi 4.0 and 4.1 and ESX 4.0 and 4.1 allow remote attackers to cause a denial of service (socket exhaustion) via unspecified network traffic.","7.8","HIGH","2011-05-03","http://kb.vmware.com/kb/1035108; http://lists.vmware.com/pipermail/security-announce/2011/000133.html; http://osvdb.org/72118","VCDSA23423; VCDSA23422","2"
"733","CVE-2011-1786","lsassd in Likewise Open /Enterprise 5.3 before build 7845, Open 6.0 before build 8325, and Enterprise 6.0 before build 178, as distributed in VMware ESXi 4.1 and ESX 4.1 and possibly other products, allows remote attackers to cause a denial of service (daemon crash) via an Active Directory login attempt that provides a username containing an invalid byte sequence.","5.0","MEDIUM","2011-05-03","http://kb.vmware.com/kb/1035108; http://lists.vmware.com/pipermail/security-announce/2011/000133.html; http://secunia.com/advisories/44349","VCDSA23422","1"
"734","CVE-2011-1787","Race condition in mount.vmhgfs in the VMware Host Guest File System (HGFS) in VMware Workstation 7.1.x before 7.1.4, VMware Player 3.1.x before 3.1.4, VMware Fusion 3.1.x before 3.1.3, VMware ESXi 3.5 through 4.1, and VMware ESX 3.0.3 through 4.1 allows guest OS users to gain privileges on the guest OS by mounting a filesystem on top of an arbitrary directory.","6.9","MEDIUM","2011-06-06","http://secunia.com/advisories/44840; http://secunia.com/advisories/44904; http://www.securityfocus.com/bid/48098","VCDSA23424","1"
"735","CVE-2011-1788","vCenter Server in VMware vCenter 4.0 before Update 3 and 4.1 before Update 1 allows local users to discover the SOAP session ID via unspecified vectors.","2.1","LOW","2011-05-09","http://lists.vmware.com/pipermail/security-announce/2011/000137.html; http://osvdb.org/72179; http://securitytracker.com/id?1025502","VCDSA23423","1"
"736","CVE-2011-1789","The self-extracting installer in the vSphere Client Installer package in VMware vCenter 4.0 before Update 3 and 4.1 before Update 1, VMware ESXi 4.x before 4.1 Update 1, and VMware ESX 4.x before 4.1 Update 1 does not have a digital signature, which might make it easier for remote attackers to spoof the software distribution via a Trojan horse installer.","5.0","MEDIUM","2011-05-09","http://lists.vmware.com/pipermail/security-announce/2011/000137.html; http://securitytracker.com/id?1025502; http://www.vmware.com/security/advisories/VMSA-2011-0008.html","VCDSA23423","1"
"737","CVE-2011-1833","Race condition in the ecryptfs_mount function in fs/ecryptfs/main.c in the eCryptfs subsystem in the Linux kernel before 3.1 allows local users to bypass intended file permissions via a mount.ecryptfs_private mount with a mismatched uid.","3.3","LOW","2012-10-03","http://git.kernel.org/?p=linux/kernel/git/torvalds/linux-2.6.git%3Ba=commit%3Bh=764355487ea220fdc2faf128d577d7f679b91f97; http://lists.opensuse.org/opensuse-security-announce/2011-08/msg00009.html; http://www.kernel.org/pub/linux/kernel/v3.x/ChangeLog-3.1","VCDSA23437","1"
"738","CVE-2011-1936","Xen, when using x86 Intel processors and the VMX virtualization extension is enabled, does not properly handle cpuid instruction emulation when exiting the VM, which allows local guest users to cause a denial of service (guest crash) via unspecified vectors.","4.6","MEDIUM","2014-01-07","http://rhn.redhat.com/errata/RHSA-2011-0927.html; http://www.openwall.com/lists/oss-security/2011/07/07/3; http://rhn.redhat.com/errata/RHSA-2011-0927.html","VCDSA23405","1"
"739","CVE-2011-1944","Integer overflow in xpath.c in libxml2 2.6.x through 2.6.32 and 2.7.x through 2.7.8, and libxml 1.8.16 and earlier, allows context-dependent attackers to cause a denial of service (crash) and possibly execute arbitrary code via a crafted XML file that triggers a heap-based buffer overflow when adding a new namespace node, related to handling of XPath expressions.","9.3","HIGH","2011-09-02","http://git.gnome.org/browse/libxml2/commit/?id=d7958b21e7f8c447a26bb2436f08402b2c308be4; http://h20000.www2.hp.com/bizsupport/TechSupport/Document.jsp?objectID=c03360041; http://lists.apple.com/archives/security-announce/2012/May/msg00001.html","VCDSA23436; VCDSA23432","2"
"740","CVE-2011-2022","The agp_generic_remove_memory function in drivers/char/agp/generic.c in the Linux kernel before 2.6.38.5 does not validate a certain start parameter, which allows local users to gain privileges or cause a denial of service (system crash) via a crafted AGPIOC_UNBIND agp_ioctl ioctl call, a different vulnerability than CVE-2011-1745.","6.9","MEDIUM","2011-05-09","http://git.kernel.org/?p=linux/kernel/git/torvalds/linux-2.6.git%3Ba=commit%3Bh=194b3da873fd334ef183806db751473512af29ce; http://openwall.com/lists/oss-security/2011/04/21/4; http://openwall.com/lists/oss-security/2011/04/22/7","VCDSA23405","1"
"741","CVE-2011-2145","mount.vmhgfs in the VMware Host Guest File System (HGFS) in VMware Workstation 7.1.x before 7.1.4, VMware Player 3.1.x before 3.1.4, VMware Fusion 3.1.x before 3.1.3, VMware ESXi 3.5 through 4.1, and VMware ESX 3.0.3 through 4.1, when a Solaris or FreeBSD guest OS is used, allows guest OS users to modify arbitrary guest OS files via unspecified vectors, related to a ""procedural error.""","6.3","MEDIUM","2011-06-06","http://secunia.com/advisories/44840; http://secunia.com/advisories/44904; http://www.securityfocus.com/bid/48098","VCDSA23424","1"
"742","CVE-2011-2146","mount.vmhgfs in the VMware Host Guest File System (HGFS) in VMware Workstation 7.1.x before 7.1.4, VMware Player 3.1.x before 3.1.4, VMware Fusion 3.1.x before 3.1.3, VMware ESXi 3.5 through 4.1, and VMware ESX 3.0.3 through 4.1 allows guest OS users to determine the existence of host OS files and directories via unspecified vectors.","2.1","LOW","2011-06-06","http://secunia.com/advisories/44840; http://secunia.com/advisories/44904; http://www.securityfocus.com/bid/48098","VCDSA23424","1"
"743","CVE-2011-2192","The Curl_input_negotiate function in http_negotiate.c in libcurl 7.10.6 through 7.21.6, as used in curl and other products, always performs credential delegation during GSSAPI authentication, which allows remote servers to impersonate clients via GSSAPI requests.","4.3","MEDIUM","2011-07-07","http://curl.haxx.se/curl-gssapi-delegation.patch; http://curl.haxx.se/docs/adv_20110623.html; http://lists.apple.com/archives/security-announce/2012/Feb/msg00000.html","VCDSA23405","1"
"744","CVE-2011-2213","The inet_diag_bc_audit function in net/ipv4/inet_diag.c in the Linux kernel before 2.6.39.3 does not properly audit INET_DIAG bytecode, which allows local users to cause a denial of service (kernel infinite loop) via crafted INET_DIAG_REQ_BYTECODE instructions in a netlink message, as demonstrated by an INET_DIAG_BC_JMP instruction with a zero yes value, a different vulnerability than CVE-2010-3880.","4.9","MEDIUM","2011-08-29","http://article.gmane.org/gmane.linux.network/197206; http://article.gmane.org/gmane.linux.network/197208; http://article.gmane.org/gmane.linux.network/197386","VCDSA23405","1"
"745","CVE-2011-2217","Certain ActiveX controls in (1) tsgetxu71ex552.dll and (2) tsgetx71ex552.dll in Tom Sawyer GET Extension Factory 5.5.2.237, as used in VI Client (aka VMware Infrastructure Client) 2.0.2 before Build 230598 and 2.5 before Build 204931 in VMware Infrastructure 3, do not properly handle attempted initialization within Internet Explorer, which allows remote attackers to execute arbitrary code or cause a denial of service (memory corruption) via a crafted HTML document.","9.3","HIGH","2011-06-06","http://labs.idefense.com/intelligence/vulnerabilities/display.php?id=911; http://secunia.com/advisories/44826; http://secunia.com/advisories/44844","VCDSA23424","1"
"746","CVE-2011-2482","A certain Red Hat patch to the sctp_sock_migrate function in net/sctp/socket.c in the Linux kernel before 2.6.21, as used in Red Hat Enterprise Linux (RHEL) 5, allows remote attackers to cause a denial of service (NULL pointer dereference and OOPS) via a crafted SCTP packet.","7.5","HIGH","2013-06-08","http://ftp.osuosl.org/pub/linux/kernel/v2.6/ChangeLog-2.6.21; http://git.kernel.org/?p=linux/kernel/git/torvalds/linux-2.6.git%3Ba=commit%3Bh=ea2bc483ff5caada7c4aa0d5fbf87d3a6590273d; http://rhn.redhat.com/errata/RHSA-2011-1212.html","VCDSA23430; VCDSA23405","2"
"747","CVE-2011-2484","The add_del_listener function in kernel/taskstats.c in the Linux kernel 2.6.39.1 and earlier does not prevent multiple registrations of exit handlers, which allows local users to cause a denial of service (memory and CPU consumption), and bypass the OOM Killer, via a crafted application.","4.9","MEDIUM","2011-06-24","http://lists.openwall.net/linux-kernel/2011/06/16/605; http://openwall.com/lists/oss-security/2011/06/22/1; http://openwall.com/lists/oss-security/2011/06/22/2","VCDSA23437","1"
"748","CVE-2011-2491","The Network Lock Manager (NLM) protocol implementation in the NFS client functionality in the Linux kernel before 3.0 allows local users to cause a denial of service (system hang) via a LOCK_UN flock system call.","4.9","MEDIUM","2013-03-01","http://ftp.osuosl.org/pub/linux/kernel/v3.0/ChangeLog-3.0; http://git.kernel.org/?p=linux/kernel/git/torvalds/linux-2.6.git%3Ba=commit%3Bh=0b760113a3a155269a3fba93a409c640031dd68f; http://rhn.redhat.com/errata/RHSA-2011-1212.html","VCDSA23405","1"
"749","CVE-2011-2492","The bluetooth subsystem in the Linux kernel before 3.0-rc4 does not properly initialize certain data structures, which allows local users to obtain potentially sensitive information from kernel memory via a crafted getsockopt system call, related to (1) the l2cap_sock_getsockopt_old function in net/bluetooth/l2cap_sock.c and (2) the rfcomm_sock_getsockopt_old function in net/bluetooth/rfcomm/sock.c.","1.9","LOW","2011-07-28","http://git.kernel.org/?p=linux/kernel/git/torvalds/linux-2.6.git%3Ba=commit%3Bh=8d03e971cf403305217b8e62db3a2e5ad2d6263f; http://marc.info/?l=bugtraq&m=139447903326211&w=2; http://permalink.gmane.org/gmane.linux.bluez.kernel/12909","VCDSA23405","1"
"750","CVE-2011-2495","fs/proc/base.c in the Linux kernel before 2.6.39.4 does not properly restrict access to /proc/#####/io files, which allows local users to obtain sensitive I/O statistics by polling a file, as demonstrated by discovering the length of another user's password.","2.1","LOW","2012-06-13","http://ftp.osuosl.org/pub/linux/kernel/v2.6/ChangeLog-2.6.39.4; http://git.kernel.org/?p=linux/kernel/git/torvalds/linux-2.6.git%3Ba=commit%3Bh=1d1221f375c94ef961ba8574ac4f85c8870ddd51; http://rhn.redhat.com/errata/RHSA-2011-1212.html","VCDSA23405","1"
"751","CVE-2011-2496","Integer overflow in the vma_to_resize function in mm/mremap.c in the Linux kernel before 2.6.39 allows local users to cause a denial of service (BUG_ON and system crash) via a crafted mremap system call that expands a memory mapping.","4.9","MEDIUM","2012-06-13","http://ftp.osuosl.org/pub/linux/kernel/v2.6/ChangeLog-2.6.39; http://git.kernel.org/?p=linux/kernel/git/torvalds/linux-2.6.git%3Ba=commit%3Bh=982134ba62618c2d69fbbbd166d0a11ee3b7e3d8; http://www.openwall.com/lists/oss-security/2011/06/27/2","VCDSA23437","1"
"752","CVE-2011-2517","Multiple buffer overflows in net/wireless/nl80211.c in the Linux kernel before 2.6.39.2 allow local users to gain privileges by leveraging the CAP_NET_ADMIN capability during scan operations with a long SSID value.","7.2","HIGH","2012-05-24","http://ftp.osuosl.org/pub/linux/kernel/v2.6/ChangeLog-2.6.39.2; http://git.kernel.org/?p=linux/kernel/git/torvalds/linux-2.6.git%3Ba=commit%3Bh=208c72f4fe44fe09577e7975ba0e7fa0278f3d03; http://rhn.redhat.com/errata/RHSA-2011-1212.html","VCDSA23405","1"
"753","CVE-2011-2519","Xen in the Linux kernel, when running a guest on a host without hardware assisted paging (HAP), allows guest users to cause a denial of service (invalid pointer dereference and hypervisor crash) via the SAHF instruction.","5.5","MEDIUM","2013-12-27","http://rhn.redhat.com/errata/RHSA-2011-1212.html; http://www.openwall.com/lists/oss-security/2011/08/30/1; http://xenbits.xen.org/hg/xen-3.1-testing.hg/rev/15644","VCDSA23405","1"
"754","CVE-2011-2522","Multiple cross-site request forgery (CSRF) vulnerabilities in the Samba Web Administration Tool (SWAT) in Samba 3.x before 3.5.10 allow remote attackers to hijack the authentication of administrators for requests that (1) shut down daemons, (2) start daemons, (3) add shares, (4) remove shares, (5) add printers, (6) remove printers, (7) add user accounts, or (8) remove user accounts, as demonstrated by certain start, stop, and restart parameters to the status program.","6.8","MEDIUM","2011-07-29","http://jvn.jp/en/jp/JVN29529126/index.html; http://marc.info/?l=bugtraq&m=133527864025056&w=2; http://osvdb.org/74071","VCDSA23405","1"
"755","CVE-2011-2525","The qdisc_notify function in net/sched/sch_api.c in the Linux kernel before 2.6.35 does not prevent tc_fill_qdisc function calls referencing builtin (aka CQ_F_BUILTIN) Qdisc structures, which allows local users to cause a denial of service (NULL pointer dereference and OOPS) or possibly have unspecified other impact via a crafted call.","7.8","HIGH","2012-02-02","http://git.kernel.org/?p=linux/kernel/git/torvalds/linux-2.6.git%3Ba=commit%3Bh=53b0f08042f04813cd1a7473dacd3edfacb28eb3; http://kerneltrap.org/mailarchive/linux-netdev/2010/5/21/6277805; http://mirror.anl.gov/pub/linux/kernel/v2.6/ChangeLog-2.6.35","VCDSA23405","1"
"756","CVE-2011-2689","The gfs2_fallocate function in fs/gfs2/file.c in the Linux kernel before 3.0-rc1 does not ensure that the size of a chunk allocation is a multiple of the block size, which allows local users to cause a denial of service (BUG and system crash) by arranging for all resource groups to have too little free space.","4.9","MEDIUM","2011-07-28","http://git.kernel.org/?p=linux/kernel/git/torvalds/linux-2.6.git%3Ba=commit%3Bh=6905d9e4dda6112f007e9090bca80507da158e63; http://marc.info/?l=bugtraq&m=139447903326211&w=2; http://rhn.redhat.com/errata/RHSA-2011-1065.html","VCDSA23405","1"
"757","CVE-2011-2694","Cross-site scripting (XSS) vulnerability in the chg_passwd function in web/swat.c in the Samba Web Administration Tool (SWAT) in Samba 3.x before 3.5.10 allows remote authenticated administrators to inject arbitrary web script or HTML via the username parameter to the passwd program (aka the user field to the Change Password page).","2.6","LOW","2011-07-29","http://jvn.jp/en/jp/JVN63041502/index.html; http://osvdb.org/74072; http://samba.org/samba/history/samba-3.5.10.html","VCDSA23405","1"
"758","CVE-2011-2699","The IPv6 implementation in the Linux kernel before 3.1 does not generate Fragment Identification values separately for each destination, which makes it easier for remote attackers to cause a denial of service (disrupted networking) by predicting these values and sending crafted packets.","7.5","HIGH","2012-05-24","http://git.kernel.org/?p=linux/kernel/git/torvalds/linux-2.6.git%3Ba=commit%3Bh=87c48fa3b4630905f98268dde838ee43626a060c; http://www.kernel.org/pub/linux/kernel/v3.x/ChangeLog-3.1; http://www.mandriva.com/security/advisories?name=MDVSA-2013:150","VCDSA23437","1"
"759","CVE-2011-2821","Double free vulnerability in libxml2, as used in Google Chrome before 13.0.782.215, allows remote attackers to cause a denial of service or possibly have unspecified other impact via a crafted XPath expression.","7.5","HIGH","2011-08-29","http://code.google.com/p/chromium/issues/detail?id=89402; http://googlechromereleases.blogspot.com/2011/08/stable-channel-update_22.html; http://h20000.www2.hp.com/bizsupport/TechSupport/Document.jsp?objectID=c03360041","VCDSA23436","1"
"760","CVE-2011-2834","Double free vulnerability in libxml2, as used in Google Chrome before 14.0.835.163, allows remote attackers to cause a denial of service or possibly have unspecified other impact via vectors related to XPath handling.","6.8","MEDIUM","2011-09-19","http://code.google.com/p/chromium/issues/detail?id=93472; http://googlechromereleases.blogspot.com/2011/09/stable-channel-update_16.html; http://h20000.www2.hp.com/bizsupport/TechSupport/Document.jsp?objectID=c03360041","VCDSA23436; VCDSA23432","2"
"761","CVE-2011-2901","Off-by-one error in the __addr_ok macro in Xen 3.3 and earlier allows local 64 bit PV guest administrators to cause a denial of service (host crash) via unspecified hypercalls that ignore virtual-address bits.","5.5","MEDIUM","2013-10-01","http://rhn.redhat.com/errata/RHSA-2011-1212.html; http://secunia.com/advisories/55082; http://security.gentoo.org/glsa/glsa-201309-24.xml","VCDSA23405","1"
"762","CVE-2011-3102","Off-by-one error in libxml2, as used in Google Chrome before 19.0.1084.46 and other products, allows remote attackers to cause a denial of service (out-of-bounds write) or possibly have unspecified other impact via unknown vectors.","6.8","MEDIUM","2012-05-16","http://code.google.com/p/chromium/issues/detail?id=125462; http://googlechromereleases.blogspot.com/2012/05/stable-channel-update.html; http://lists.apple.com/archives/security-announce/2013/Oct/msg00009.html","VCDSA23442; VCDSA23441","2"
"763","CVE-2011-3188","The (1) IPv4 and (2) IPv6 implementations in the Linux kernel before 3.1 use a modified MD4 algorithm to generate sequence numbers and Fragment Identification values, which makes it easier for remote attackers to cause a denial of service (disrupted networking) or hijack network sessions by predicting these values and sending crafted packets.","9.1","CRITICAL","2012-05-24","http://git.kernel.org/?p=linux/kernel/git/torvalds/linux-2.6.git%3Ba=commit%3Bh=6e5714eaf77d79ae1c8b47e3e040ff5411b717ec; http://git.kernel.org/?p=linux/kernel/git/torvalds/linux-2.6.git%3Ba=commit%3Bh=bc0b96b54a21246e377122d54569eef71cec535f; http://marc.info/?l=bugtraq&m=139447903326211&w=2","VCDSA23437","1"
"764","CVE-2011-3190","Certain AJP protocol connector implementations in Apache Tomcat 7.0.0 through 7.0.20, 6.0.0 through 6.0.33, 5.5.0 through 5.5.33, and possibly other versions allow remote attackers to spoof AJP requests, bypass authentication, and obtain sensitive information by causing the connector to interpret a request body as a new request.","7.5","HIGH","2011-08-31","http://marc.info/?l=bugtraq&m=132215163318824&w=2; http://marc.info/?l=bugtraq&m=133469267822771&w=2; http://marc.info/?l=bugtraq&m=136485229118404&w=2","VCDSA23408","1"
"765","CVE-2011-3191","Integer signedness error in the CIFSFindNext function in fs/cifs/cifssmb.c in the Linux kernel before 3.1 allows remote CIFS servers to cause a denial of service (memory corruption) or possibly have unspecified other impact via a large length value in a response to a read request for a directory.","8.8","HIGH","2012-05-24","http://git.kernel.org/?p=linux/kernel/git/torvalds/linux-2.6.git%3Ba=commit%3Bh=9438fabb73eb48055b58b89fc51e0bc4db22fabd; http://www.kernel.org/pub/linux/kernel/v3.x/ChangeLog-3.1; http://www.openwall.com/lists/oss-security/2011/08/24/2","VCDSA23432; VCDSA23430","2"
"766","CVE-2011-3209","The div_long_long_rem implementation in include/asm-x86/div64.h in the Linux kernel before 2.6.26 on the x86 platform allows local users to cause a denial of service (Divide Error Fault and panic) via a clock_gettime system call.","4.9","MEDIUM","2012-10-03","http://ftp.osuosl.org/pub/linux/kernel/v2.6/ChangeLog-2.6.26; http://git.kernel.org/?p=linux/kernel/git/torvalds/linux-2.6.git%3Ba=commit%3Bh=f8bd2258e2d520dff28c855658bd24bdafb5102d; http://www.openwall.com/lists/oss-security/2011/10/24/3","VCDSA23437","1"
"767","CVE-2011-3363","The setup_cifs_sb function in fs/cifs/connect.c in the Linux kernel before 2.6.39 does not properly handle DFS referrals, which allows remote CIFS servers to cause a denial of service (system crash) by placing a referral at the root of a share.","6.5","MEDIUM","2012-05-24","http://ftp.osuosl.org/pub/linux/kernel/v2.6/ChangeLog-2.6.39; http://git.kernel.org/?p=linux/kernel/git/torvalds/linux-2.6.git%3Ba=commit%3Bh=70945643722ffeac779d2529a348f99567fa5c33; http://www.openwall.com/lists/oss-security/2011/09/14/12","VCDSA23437","1"
"768","CVE-2011-3375","Apache Tomcat 6.0.30 through 6.0.33 and 7.x before 7.0.22 does not properly perform certain caching and recycling operations involving request objects, which allows remote attackers to obtain unintended read access to IP address and HTTP header information in opportunistic circumstances by reading TCP data.","5.0","MEDIUM","2012-01-19","http://tomcat.apache.org/security-6.html; http://tomcat.apache.org/security-7.html; http://www.debian.org/security/2012/dsa-2401","VCDSA23408","1"
"769","CVE-2011-3378","RPM 4.4.x through 4.9.x, probably before 4.9.1.2, allows remote attackers to cause a denial of service (memory corruption) and possibly execute arbitrary code via an rpm package with crafted headers and offsets that are not properly handled when a package is queried or installed, related to (1) the regionSwab function, (2) the headerLoad function, and (3) multiple functions in rpmio/rpmpgp.c.","9.3","HIGH","2011-12-24","http://kb.juniper.net/InfoCenter/index?page=content&id=JSA10691; http://lists.opensuse.org/opensuse-security-announce/2011-11/msg00000.html; http://lists.opensuse.org/opensuse-security-announce/2011-11/msg00002.html","VCDSA23405","1"
"770","CVE-2011-3548","Unspecified vulnerability in the Java Runtime Environment component in Oracle Java SE JDK and JRE 7, 6 Update 27 and earlier, 5.0 Update 31 and earlier, and 1.4.2_33 and earlier allows remote untrusted Java Web Start applications and untrusted Java applets to affect confidentiality, integrity, and availability, related to AWT.","10.0","HIGH","2011-10-19","http://lists.opensuse.org/opensuse-security-announce/2012-01/msg00049.html; http://lists.opensuse.org/opensuse-security-announce/2012-01/msg00051.html; http://marc.info/?l=bugtraq&m=132750579901589&w=2","VCDSA23407","1"
"771","CVE-2011-3597","Eval injection vulnerability in the Digest module before 1.17 for Perl allows context-dependent attackers to execute arbitrary commands via the new constructor.","7.5","HIGH","2012-01-13","http://aix.software.ibm.com/aix/efixes/security/perl_advisory2.asc; http://cpansearch.perl.org/src/GAAS/Digest-1.17/Changes; http://kb.juniper.net/InfoCenter/index?page=content&id=JSA10705","VCDSA23437","1"
"772","CVE-2011-3868","Buffer overflow in VMware Workstation 7.x before 7.1.5, VMware Player 3.x before 3.1.5, VMware Fusion 3.1.x before 3.1.3, and VMware AMS allows remote attackers to execute arbitrary code via a crafted UDF filesystem in an ISO image.","9.3","HIGH","2011-10-07","http://osvdb.org/76060; http://secunia.com/advisories/46241; http://security.gentoo.org/glsa/glsa-201209-25.xml","VCDSA23426","1"
"773","CVE-2011-3905","libxml2, as used in Google Chrome before 16.0.912.63, allows remote attackers to cause a denial of service (out-of-bounds read) via unspecified vectors.","5.0","MEDIUM","2011-12-13","http://code.google.com/p/chromium/issues/detail?id=95465; http://googlechromereleases.blogspot.com/2011/12/stable-channel-update.html; http://rhn.redhat.com/errata/RHSA-2013-0217.html","VCDSA23436; VCDSA23432","2"
"774","CVE-2011-3919","Heap-based buffer overflow in libxml2, as used in Google Chrome before 16.0.912.75, allows remote attackers to cause a denial of service or possibly have unspecified other impact via unknown vectors.","7.5","HIGH","2012-01-07","http://code.google.com/p/chromium/issues/detail?id=107128; http://googlechromereleases.blogspot.com/2012/01/stable-channel-update.html; http://lists.apple.com/archives/security-announce/2012/May/msg00001.html","VCDSA23436; VCDSA23432","2"
"775","CVE-2011-3970","libxslt, as used in Google Chrome before 17.0.963.46, allows remote attackers to cause a denial of service (out-of-bounds read) via unspecified vectors.","4.3","MEDIUM","2012-02-09","http://code.google.com/p/chromium/issues/detail?id=110277; http://googlechromereleases.blogspot.com/2012/02/stable-channel-update.html; https://oval.cisecurity.org/repository/search/definition/oval%3Aorg.mitre.oval%3Adef%3A14818","VCDSA23442; VCDSA23441","2"
"776","CVE-2011-4108","The DTLS implementation in OpenSSL before 0.9.8s and 1.x before 1.0.0f performs a MAC check only if certain padding is valid, which makes it easier for remote attackers to recover plaintext via a padding oracle attack.","4.3","MEDIUM","2012-01-06","http://aix.software.ibm.com/aix/efixes/security/openssl_advisory3.asc; http://h20000.www2.hp.com/bizsupport/TechSupport/Document.jsp?objectID=c03360041; http://lists.apple.com/archives/security-announce/2013/Jun/msg00000.html","VCDSA23437","1"
"777","CVE-2011-4109","Double free vulnerability in OpenSSL 0.9.8 before 0.9.8s, when X509_V_FLAG_POLICY_CHECK is enabled, allows remote attackers to have an unspecified impact by triggering failure of a policy check.","9.3","HIGH","2012-01-06","http://aix.software.ibm.com/aix/efixes/security/openssl_advisory3.asc; http://lists.apple.com/archives/security-announce/2013/Jun/msg00000.html; http://lists.opensuse.org/opensuse-security-announce/2012-01/msg00018.html","VCDSA23437","1"
"778","CVE-2011-4110","The user_update function in security/keys/user_defined.c in the Linux kernel 2.6 allows local users to cause a denial of service (NULL pointer dereference and kernel oops) via vectors related to a user-defined key and ""updating a negative key into a fully instantiated key.""","2.1","LOW","2012-01-27","http://marc.info/?l=bugtraq&m=139447903326211&w=2; http://secunia.com/advisories/47754; http://www.openwall.com/lists/oss-security/2011/11/21/19","VCDSA23437","1"
"779","CVE-2011-4128","Buffer overflow in the gnutls_session_get_data function in lib/gnutls_session.c in GnuTLS 2.12.x before 2.12.14 and 3.x before 3.0.7, when used on a client that performs nonstandard session resumption, allows remote TLS servers to cause a denial of service (application crash) via a large SessionTicket.","4.3","MEDIUM","2011-12-08","http://article.gmane.org/gmane.comp.encryption.gpg.gnutls.devel/5596; http://git.savannah.gnu.org/gitweb/?p=gnutls.git%3Ba=commitdiff%3Bh=190cef6eed37d0e73a73c1e205eb31d45ab60a3c; http://git.savannah.gnu.org/gitweb/?p=gnutls.git%3Ba=commitdiff%3Bh=e82ef4545e9e98cbcb032f55d7c750b81e3a0450","VCDSA23437","1"
"780","CVE-2011-4132","The cleanup_journal_tail function in the Journaling Block Device (JBD) functionality in the Linux kernel 2.6 allows local users to cause a denial of service (assertion error and kernel oops) via an ext3 or ext4 image with an ""invalid log first block value.""","2.1","LOW","2012-01-27","http://git.kernel.org/?p=linux/kernel/git/torvalds/linux-2.6.git%3Ba=commitdiff%3Bh=8762202dd0d6e46854f786bdb6fb3780a1625efe; http://lists.opensuse.org/opensuse-security-announce/2012-04/msg00021.html; http://lists.opensuse.org/opensuse-security-announce/2015-04/msg00020.html","VCDSA23437","1"
"781","CVE-2011-4324","The encode_share_access function in fs/nfs/nfs4xdr.c in the Linux kernel before 2.6.29 allows local users to cause a denial of service (BUG and system crash) by using the mknod system call with a pathname on an NFSv4 filesystem.","4.9","MEDIUM","2012-06-21","http://ftp.osuosl.org/pub/linux/kernel/v2.6/ChangeLog-2.6.29; http://git.kernel.org/?p=linux/kernel/git/torvalds/linux-2.6.git%3Ba=commit%3Bh=dc0b027dfadfcb8a5504f7d8052754bf8d501ab9; http://www.openwall.com/lists/oss-security/2012/02/06/3","VCDSA23437","1"
"782","CVE-2011-4325","The NFS implementation in Linux kernel before 2.6.31-rc6 calls certain functions without properly initializing certain data, which allows local users to cause a denial of service (NULL pointer dereference and O_DIRECT oops), as demonstrated using diotest4 from LTP.","4.9","MEDIUM","2012-01-27","http://git.kernel.org/?p=linux/kernel/git/torvalds/linux-2.6.git%3Ba=commitdiff%3Bh=1ae88b2e4; http://www.securityfocus.com/bid/51366; https://bugzilla.redhat.com/show_bug.cgi?id=755455","VCDSA23437","1"
"783","CVE-2011-4348","Race condition in the sctp_rcv function in net/sctp/input.c in the Linux kernel before 2.6.29 allows remote attackers to cause a denial of service (system hang) via SCTP packets.  NOTE: in some environments, this issue exists because of an incomplete fix for CVE-2011-2482.","7.1","HIGH","2013-06-08","http://ftp.osuosl.org/pub/linux/kernel/v2.6/ChangeLog-2.6.29; http://git.kernel.org/?p=linux/kernel/git/torvalds/linux-2.6.git%3Ba=commit%3Bh=ae53b5bd77719fed58086c5be60ce4f22bffe1c6; http://www.openwall.com/lists/oss-security/2012/03/05/2","VCDSA23432; VCDSA23430","2"
"784","CVE-2011-4404","The default configuration of the HTTP server in Jetty in vSphere Update Manager in VMware vCenter Update Manager 4.0 before Update 4 and 4.1 before Update 2 allows remote attackers to conduct directory traversal attacks and read arbitrary files via unspecified vectors, a related issue to CVE-2009-1523.","5.0","MEDIUM","2011-11-19","http://jetty.codehaus.org/jetty/jetty-6/xref/org/mortbay/jetty/handler/ResourceHandler.html; http://jetty.codehaus.org/jetty/jetty-6/xref/org/mortbay/jetty/servlet/DefaultServlet.html; http://www.securitytracker.com/id?1026341","VCDSA23429","1"
"785","CVE-2011-4576","The SSL 3.0 implementation in OpenSSL before 0.9.8s and 1.x before 1.0.0f does not properly initialize data structures for block cipher padding, which might allow remote attackers to obtain sensitive information by decrypting the padding data sent by an SSL peer.","5.0","MEDIUM","2012-01-06","http://aix.software.ibm.com/aix/efixes/security/openssl_advisory3.asc; http://h20000.www2.hp.com/bizsupport/TechSupport/Document.jsp?objectID=c03360041; http://lists.apple.com/archives/security-announce/2013/Jun/msg00000.html","VCDSA23437","1"
"786","CVE-2011-4577","OpenSSL before 0.9.8s and 1.x before 1.0.0f, when RFC 3779 support is enabled, allows remote attackers to cause a denial of service (assertion failure) via an X.509 certificate containing certificate-extension data associated with (1) IP address blocks or (2) Autonomous System (AS) identifiers.","4.3","MEDIUM","2012-01-06","http://h20000.www2.hp.com/bizsupport/TechSupport/Document.jsp?objectID=c03360041; http://lists.apple.com/archives/security-announce/2013/Jun/msg00000.html; http://lists.fedoraproject.org/pipermail/package-announce/2012-November/092905.html","VCDSA23437","1"
"787","CVE-2011-4609","The svc_run function in the RPC implementation in glibc before 2.15 allows remote attackers to cause a denial of service (CPU consumption) via a large number of RPC connections.","5.0","MEDIUM","2013-05-02","https://bugzilla.redhat.com/show_bug.cgi?id=767299; https://bugzilla.redhat.com/show_bug.cgi?id=767299","VCDSA23441; VCDSA23437","2"
"788","CVE-2011-4619","The Server Gated Cryptography (SGC) implementation in OpenSSL before 0.9.8s and 1.x before 1.0.0f does not properly handle handshake restarts, which allows remote attackers to cause a denial of service (CPU consumption) via unspecified vectors.","5.0","MEDIUM","2012-01-06","http://aix.software.ibm.com/aix/efixes/security/openssl_advisory3.asc; http://h20000.www2.hp.com/bizsupport/TechSupport/Document.jsp?objectID=c03360041; http://lists.apple.com/archives/security-announce/2013/Jun/msg00000.html","VCDSA23437","1"
"789","CVE-2011-4862","Buffer overflow in libtelnet/encrypt.c in telnetd in FreeBSD 7.3 through 9.0, MIT Kerberos Version 5 Applications (aka krb5-appl) 1.0.2 and earlier, Heimdal 1.5.1 and earlier, GNU inetutils, and possibly other products allows remote attackers to execute arbitrary code via a long encryption key, as exploited in the wild in December 2011.","10.0","HIGH","2011-12-25","http://archives.neohapsis.com/archives/bugtraq/2011-12/0172.html; http://git.savannah.gnu.org/cgit/inetutils.git/commit/?id=665f1e73cdd9b38e2d2e11b8db9958a315935592; http://lists.fedoraproject.org/pipermail/package-announce/2012-January/071627.html","VCDSA23430","1"
"790","CVE-2011-4940","The list_directory function in Lib/SimpleHTTPServer.py in SimpleHTTPServer in Python before 2.5.6c1, 2.6.x before 2.6.7 rc2, and 2.7.x before 2.7.2 does not place a charset parameter in the Content-Type HTTP header, which makes it easier for remote attackers to conduct cross-site scripting (XSS) attacks against Internet Explorer 7 via UTF-7 encoding.","2.6","LOW","2012-06-27","http://bugs.python.org/issue11442; http://jvn.jp/en/jp/JVN51176027/index.html; http://jvndb.jvn.jp/jvndb/JVNDB-2012-000063","VCDSA23440","1"
"791","CVE-2011-4944","Python 2.6 through 3.2 creates ~/.pypirc with world-readable permissions before changing them after data has been written, which introduces a race condition that allows local users to obtain a username and password by reading this file.","1.9","LOW","2012-08-27","http://bugs.debian.org/cgi-bin/bugreport.cgi?bug=650555; http://bugs.python.org/file23824/pypirc-secure.diff; http://bugs.python.org/issue13512","VCDSA23440","1"
"792","CVE-2011-5057","Apache Struts 2.3.1.2 and earlier, 2.3.19-2.3.23, provides interfaces that do not properly restrict access to collections such as the session and request collections, which might allow remote attackers to modify run-time data values via a crafted parameter to an application that implements an affected interface, as demonstrated by the SessionAware, RequestAware, ApplicationAware, ServletRequestAware, ServletResponseAware, and ParameterAware interfaces. NOTE: the vendor disputes the significance of this report because of an ""easy work-around in existing apps by configuring the interceptor.""","5.0","MEDIUM","2012-01-08","http://codesecure.blogspot.com/2011/12/struts-2-session-tampering-via.html; http://secunia.com/advisories/47109; https://issues.apache.org/jira/browse/WW-2264","VCDSA23437","1"
"793","CVE-2012-0022","Apache Tomcat 5.5.x before 5.5.35, 6.x before 6.0.34, and 7.x before 7.0.23 uses an inefficient approach for handling parameters, which allows remote attackers to cause a denial of service (CPU consumption) via a request that contains many parameters and parameter values, a different vulnerability than CVE-2011-4858.","5.0","MEDIUM","2012-01-19","http://archives.neohapsis.com/archives/bugtraq/2012-01/0112.html; http://marc.info/?l=bugtraq&m=132871655717248&w=2; http://marc.info/?l=bugtraq&m=133294394108746&w=2","VCDSA23408","1"
"794","CVE-2012-0028","The robust futex implementation in the Linux kernel before 2.6.28 does not properly handle processes that make exec system calls, which allows local users to cause a denial of service or possibly gain privileges by writing to a memory location in a child process.","7.2","HIGH","2012-06-21","http://ftp.osuosl.org/pub/linux/kernel/v2.6/ChangeLog-2.6.28; http://git.kernel.org/?p=linux/kernel/git/torvalds/linux-2.6.git%3Ba=commit%3Bh=8141c7f3e7aee618312fa1c15109e1219de784a7; http://www.openwall.com/lists/oss-security/2012/05/08/1","VCDSA23432","1"
"795","CVE-2012-0050","OpenSSL 0.9.8s and 1.0.0f does not properly support DTLS applications, which allows remote attackers to cause a denial of service (crash) via unspecified vectors related to an out-of-bounds read.  NOTE: this vulnerability exists because of an incorrect fix for CVE-2011-4108.","5.0","MEDIUM","2012-01-19","http://aix.software.ibm.com/aix/efixes/security/openssl_advisory3.asc; http://h20565.www2.hp.com/portal/site/hpsc/public/kb/docDisplay/?docId=emr_na-c03169289; http://lists.apple.com/archives/security-announce/2013/Jun/msg00000.html","VCDSA23437","1"
"796","CVE-2012-0060","RPM before 4.9.1.3 does not properly validate region tags, which allows remote attackers to cause a denial of service (crash) and possibly execute arbitrary code via an invalid region tag in a package header to the (1) headerLoad, (2) rpmReadSignature, or (3) headerVerify function.","6.8","MEDIUM","2012-06-04","http://lists.fedoraproject.org/pipermail/package-announce/2012-April/077960.html; http://lists.fedoraproject.org/pipermail/package-announce/2012-April/078819.html; http://lists.fedoraproject.org/pipermail/package-announce/2012-April/078907.html","VCDSA23437","1"
"797","CVE-2012-0061","The headerLoad function in lib/header.c in RPM before 4.9.1.3 does not properly validate region tags, which allows user-assisted remote attackers to cause a denial of service (crash) and possibly execute arbitrary code via a large region size in a package header.","6.8","MEDIUM","2012-06-04","http://lists.fedoraproject.org/pipermail/package-announce/2012-April/077960.html; http://lists.fedoraproject.org/pipermail/package-announce/2012-April/078819.html; http://lists.fedoraproject.org/pipermail/package-announce/2012-April/078907.html","VCDSA23437","1"
"798","CVE-2012-0207","The igmp_heard_query function in net/ipv4/igmp.c in the Linux kernel before 3.2.1 allows remote attackers to cause a denial of service (divide-by-zero error and panic) via IGMP packets.","7.5","HIGH","2012-05-17","http://bugs.debian.org/cgi-bin/bugreport.cgi?bug=654876; http://git.kernel.org/?p=linux/kernel/git/torvalds/linux-2.6.git%3Ba=commit%3Bh=a8c1f65c79cbbb2f7da782d4c9d15639a9b94b27; http://www.kernel.org/pub/linux/kernel/v3.x/ChangeLog-3.2.1","VCDSA23437","1"
"799","CVE-2012-0391","The ExceptionDelegator component in Apache Struts before 2.2.3.1 interprets parameter values as OGNL expressions during certain exception handling for mismatched data types of properties, which allows remote attackers to execute arbitrary Java code via a crafted parameter.","9.8","CRITICAL","2012-01-08","http://archives.neohapsis.com/archives/bugtraq/2012-01/0031.html; http://secunia.com/advisories/47393; http://struts.apache.org/2.x/docs/s2-008.html","VCDSA23437","1"
"800","CVE-2012-0392","The CookieInterceptor component in Apache Struts before 2.3.1.1 does not use the parameter-name whitelist, which allows remote attackers to execute arbitrary commands via a crafted HTTP Cookie header that triggers Java code execution through a static method.","6.8","MEDIUM","2012-01-08","http://archives.neohapsis.com/archives/bugtraq/2012-01/0031.html; http://secunia.com/advisories/47393; http://struts.apache.org/2.x/docs/s2-008.html","VCDSA23437","1"
"801","CVE-2012-0393","The ParameterInterceptor component in Apache Struts before 2.3.1.1 does not prevent access to public constructors, which allows remote attackers to create or overwrite arbitrary files via a crafted parameter that triggers the creation of a Java object.","6.4","MEDIUM","2012-01-08","http://archives.neohapsis.com/archives/bugtraq/2012-01/0031.html; http://secunia.com/advisories/47393; http://struts.apache.org/2.x/docs/s2-008.html","VCDSA23437","1"
"802","CVE-2012-0394","The DebuggingInterceptor component in Apache Struts before 2.3.1.1, when developer mode is used, allows remote attackers to execute arbitrary commands via unspecified vectors.  NOTE: the vendor characterizes this behavior as not ""a security vulnerability itself.","6.8","MEDIUM","2012-01-08","http://archives.neohapsis.com/archives/bugtraq/2012-01/0031.html; http://struts.apache.org/2.x/docs/s2-008.html; http://struts.apache.org/2.x/docs/version-notes-2311.html","VCDSA23437","1"
"803","CVE-2012-0441","The ASN.1 decoder in the QuickDER decoder in Mozilla Network Security Services (NSS) before 3.13.4, as used in Firefox 4.x through 12.0, Firefox ESR 10.x before 10.0.5, Thunderbird 5.0 through 12.0, Thunderbird ESR 10.x before 10.0.5, and SeaMonkey before 2.10, allows remote attackers to cause a denial of service (application crash) via a zero-length item, as demonstrated by (1) a zero-length basic constraint or (2) a zero-length field in an OCSP response.","5.0","MEDIUM","2012-06-05","http://lists.opensuse.org/opensuse-security-announce/2012-06/msg00012.html; http://lists.opensuse.org/opensuse-security-announce/2012-06/msg00015.html; http://secunia.com/advisories/49976","VCDSA23440","1"
"804","CVE-2012-0815","The headerVerifyInfo function in lib/header.c in RPM before 4.9.1.3 allows remote attackers to cause a denial of service (crash) and possibly execute arbitrary code via a negative value in a region offset of a package header, which is not properly handled in a numeric range comparison.","6.8","MEDIUM","2012-06-04","http://lists.fedoraproject.org/pipermail/package-announce/2012-April/077960.html; http://lists.fedoraproject.org/pipermail/package-announce/2012-April/078819.html; http://lists.fedoraproject.org/pipermail/package-announce/2012-April/078907.html","VCDSA23437","1"
"805","CVE-2012-0841","libxml2 before 2.8.0 computes hash values without restricting the ability to trigger hash collisions predictably, which allows context-dependent attackers to cause a denial of service (CPU consumption) via crafted XML data.","5.0","MEDIUM","2012-12-21","http://bugs.debian.org/cgi-bin/bugreport.cgi?bug=660846; http://git.gnome.org/browse/libxml2/commit/?id=8973d58b7498fa5100a876815476b81fd1a2412a; http://lists.apple.com/archives/security-announce/2013/Oct/msg00009.html","VCDSA23437; VCDSA23436","2"
"806","CVE-2012-0864","Integer overflow in the vfprintf function in stdio-common/vfprintf.c in glibc 2.14 and other versions allows context-dependent attackers to bypass the FORTIFY_SOURCE protection mechanism, conduct format string attacks, and write to arbitrary memory via a large number of arguments.","6.8","MEDIUM","2013-05-02","http://rhn.redhat.com/errata/RHSA-2012-0393.html; http://rhn.redhat.com/errata/RHSA-2012-0397.html; http://rhn.redhat.com/errata/RHSA-2012-0488.html","VCDSA23441; VCDSA23437","2"
"807","CVE-2012-0876","The XML parser (xmlparse.c) in expat before 2.1.0 computes hash values without restricting the ability to trigger hash collisions predictably, which allows context-dependent attackers to cause a denial of service (CPU consumption) via an XML file with many identifiers with the same value.","4.3","MEDIUM","2012-07-03","http://bugs.python.org/issue13703#msg151870; http://lists.apple.com/archives/security-announce/2013/Oct/msg00004.html; http://lists.apple.com/archives/security-announce/2015/Dec/msg00005.html","VCDSA23440","1"
"808","CVE-2012-0897","Stack-based buffer overflow in the JPEG2000 plugin in IrfanView PlugIns before 4.33 allows remote attackers to execute arbitrary code via a JPEG2000 (JP2) file with a crafted Quantization Default (QCD) marker segment.","6.8","MEDIUM","2012-01-20","http://osvdb.org/78333; http://secunia.com/advisories/47360; http://www.irfanview.com/history_old.htm","VCDSA23479","1"
"809","CVE-2012-1033","The resolver in ISC BIND 9 through 9.8.1-P1 overwrites cached server names and TTL values in NS records during the processing of a response to an A record query, which allows remote attackers to trigger continued resolvability of revoked domain names via a ""ghost domain names"" attack.","5.0","MEDIUM","2012-02-08","http://marc.info/?l=bugtraq&m=135638082529878&w=2; http://osvdb.org/78916; http://rhn.redhat.com/errata/RHSA-2012-0717.html","VCDSA23440","1"
"810","CVE-2012-1148","Memory leak in the poolGrow function in expat/lib/xmlparse.c in expat before 2.1.0 allows context-dependent attackers to cause a denial of service (memory consumption) via a large number of crafted XML files that cause improperly-handled reallocation failures when expanding entities.","5.0","MEDIUM","2012-07-03","http://expat.cvs.sourceforge.net/viewvc/expat/expat/lib/xmlparse.c?r1=1.166&r2=1.167; http://lists.apple.com/archives/security-announce/2015/Dec/msg00005.html; http://rhn.redhat.com/errata/RHSA-2012-0731.html","VCDSA23440","1"
"811","CVE-2012-1150","Python before 2.6.8, 2.7.x before 2.7.3, 3.x before 3.1.5, and 3.2.x before 3.2.3 computes hash values without restricting the ability to trigger hash collisions predictably, which allows context-dependent attackers to cause a denial of service (CPU consumption) via crafted input to an application that maintains a hash table.","5.0","MEDIUM","2012-10-05","http://bugs.python.org/issue13703; http://lists.apple.com/archives/security-announce/2013/Oct/msg00004.html; http://lists.opensuse.org/opensuse-security-announce/2020-01/msg00040.html","VCDSA23440","1"
"812","CVE-2012-1472","VMware vCenter Chargeback Manager (aka CBM) before 2.0.1 does not properly handle XML API requests, which allows remote attackers to read arbitrary files or cause a denial of service via unspecified vectors.","6.4","MEDIUM","2012-03-13","http://www.vmware.com/security/advisories/VMSA-2012-0002.html; http://www.vmware.com/security/advisories/VMSA-2012-0002.html","VCDSA23406","1"
"813","CVE-2012-1508","The XPDM display driver in VMware ESXi 4.0, 4.1, and 5.0; VMware ESX 4.0 and 4.1; and VMware View before 4.6.1 allows guest OS users to gain guest OS privileges or cause a denial of service (NULL pointer dereference) via unspecified vectors.","7.2","HIGH","2012-03-16","http://archives.neohapsis.com/archives/bugtraq/2012-03/0071.html; http://osvdb.org/80115; http://secunia.com/advisories/48378","VCDSA23408","1"
"814","CVE-2012-1509","Buffer overflow in the XPDM display driver in VMware View before 4.6.1 allows guest OS users to gain guest OS privileges via unspecified vectors.","7.2","HIGH","2012-03-16","http://archives.neohapsis.com/archives/bugtraq/2012-03/0071.html; http://osvdb.org/80116; http://secunia.com/advisories/48379","VCDSA23408","1"
"815","CVE-2012-1510","Buffer overflow in the WDDM display driver in VMware ESXi 4.0, 4.1, and 5.0; VMware ESX 4.0 and 4.1; and VMware View before 4.6.1 allows guest OS users to gain guest OS privileges via unspecified vectors.","7.2","HIGH","2012-03-16","http://archives.neohapsis.com/archives/bugtraq/2012-03/0071.html; http://osvdb.org/80117; http://secunia.com/advisories/48378","VCDSA23408","1"
"816","CVE-2012-1512","Cross-site scripting (XSS) vulnerability in the internal browser in vSphere Client in VMware vSphere 4.1 before Update 2 and 5.0 before Update 1 allows remote attackers to inject arbitrary web script or HTML via a crafted log-file entry.","4.3","MEDIUM","2012-03-16","http://osvdb.org/80119; http://secunia.com/advisories/48387; http://www.securityfocus.com/bid/52525","VCDSA23408","1"
"817","CVE-2012-1513","The Web Configuration tool in VMware vCenter Orchestrator (vCO) 4.0 before Update 4, 4.1 before Update 2, and 4.2 before Update 1 places the vCenter Server password in an HTML document, which allows remote authenticated administrators to obtain sensitive information by reading this document.","4.0","MEDIUM","2012-03-16","http://osvdb.org/80120; http://secunia.com/advisories/48408; http://www.securityfocus.com/bid/52525","VCDSA23408","1"
"818","CVE-2012-1514","Cross-site request forgery (CSRF) vulnerability in VMware vShield Manager (vSM) 1.0.1 before Update 2 and 4.1.0 before Update 2 allows remote attackers to hijack the authentication of arbitrary users.","6.8","MEDIUM","2012-03-16","http://osvdb.org/80121; http://secunia.com/advisories/48409; http://www.securityfocus.com/bid/52525","VCDSA23408","1"
"819","CVE-2012-1515","VMware ESXi 3.5, 4.0, and 4.1 and ESX 3.5, 4.0, and 4.1 do not properly implement port-based I/O operations, which allows guest OS users to gain guest OS privileges by overwriting memory locations in a read-only memory block associated with the Virtual DOS Machine.","8.3","HIGH","2012-04-02","http://www.securityfocus.com/bid/52820; http://www.securitytracker.com/id?1026875; http://www.us-cert.gov/cas/techalerts/TA12-164A.html","VCDSA23430","1"
"820","CVE-2012-1516","The VMX process in VMware ESXi 3.5 through 4.1 and ESX 3.5 through 4.1 does not properly handle RPC commands, which allows guest OS users to cause a denial of service (memory overwrite and process crash) or possibly execute arbitrary code on the host OS via vectors involving data pointers.","9.9","CRITICAL","2012-05-04","http://www.securityfocus.com/bid/53369; http://www.securitytracker.com/id?1027018; http://www.vmware.com/security/advisories/VMSA-2012-0009.html","VCDSA23433","1"
"821","CVE-2012-1517","The VMX process in VMware ESXi 4.1 and ESX 4.1 does not properly handle RPC commands, which allows guest OS users to cause a denial of service (memory overwrite and process crash) or possibly execute arbitrary code on the host OS via vectors involving function pointers.","9.0","HIGH","2012-05-04","http://osvdb.org/81692; http://www.securityfocus.com/bid/53369; http://www.securitytracker.com/id?1027018","VCDSA23433","1"
"822","CVE-2012-1518","VMware Workstation 8.x before 8.0.2, VMware Player 4.x before 4.0.2, VMware Fusion 4.x before 4.1.2, VMware ESXi 3.5 through 5.0, and VMware ESX 3.5 through 4.1 use an incorrect ACL for the VMware Tools folder, which allows guest OS users to gain guest OS privileges via unspecified vectors.","8.3","HIGH","2012-04-17","http://osvdb.org/81163; http://secunia.com/advisories/48782; http://www.securityfocus.com/bid/53006","VCDSA23431","1"
"823","CVE-2012-1569","The asn1_get_length_der function in decoding.c in GNU Libtasn1 before 2.12, as used in GnuTLS before 3.0.16 and other products, does not properly handle certain large length values, which allows remote attackers to cause a denial of service (heap memory corruption and application crash) or possibly have unspecified other impact via a crafted ASN.1 structure.","5.0","MEDIUM","2012-03-26","http://archives.neohapsis.com/archives/bugtraq/2012-03/0099.html; http://article.gmane.org/gmane.comp.encryption.gpg.gnutls.devel/5932; http://article.gmane.org/gmane.comp.gnu.libtasn1.general/53","VCDSA23437","1"
"824","CVE-2012-1573","gnutls_cipher.c in libgnutls in GnuTLS before 2.12.17 and 3.x before 3.0.15 does not properly handle data encrypted with a block cipher, which allows remote attackers to cause a denial of service (heap memory corruption and application crash) via a crafted record, as demonstrated by a crafted GenericBlockCipher structure.","5.0","MEDIUM","2012-03-26","http://archives.neohapsis.com/archives/bugtraq/2012-03/0099.html; http://article.gmane.org/gmane.comp.encryption.gpg.gnutls.devel/5910; http://article.gmane.org/gmane.comp.encryption.gpg.gnutls.devel/5912","VCDSA23437","1"
"825","CVE-2012-1583","Double free vulnerability in the xfrm6_tunnel_rcv function in net/ipv6/xfrm6_tunnel.c in the Linux kernel before 2.6.22, when the xfrm6_tunnel module is enabled, allows remote attackers to cause a denial of service (panic) via crafted IPv6 packets.","5.0","MEDIUM","2012-06-16","http://ftp.osuosl.org/pub/linux/kernel/v2.6/ChangeLog-2.6.22; http://git.kernel.org/?p=linux/kernel/git/torvalds/linux-2.6.git%3Ba=commit%3Bh=d0772b70faaf8e9f2013b6c4273d94d5eac8047a; http://marc.info/?l=bugtraq&m=133951357207000&w=2","VCDSA23437","1"
"826","CVE-2012-1667","ISC BIND 9.x before 9.7.6-P1, 9.8.x before 9.8.3-P1, 9.9.x before 9.9.1-P1, and 9.4-ESV and 9.6-ESV before 9.6-ESV-R7-P1 does not properly handle resource records with a zero-length RDATA section, which allows remote DNS servers to cause a denial of service (daemon crash or data corruption) or obtain sensitive information from process memory via a crafted record.","8.5","HIGH","2012-06-05","http://lists.apple.com/archives/security-announce/2012/Sep/msg00004.html; http://lists.opensuse.org/opensuse-security-announce/2012-06/msg00005.html; http://lists.opensuse.org/opensuse-security-announce/2012-06/msg00010.html","VCDSA23440","1"
"827","CVE-2012-2110","The asn1_d2i_read_bio function in crypto/asn1/a_d2i_fp.c in OpenSSL before 0.9.8v, 1.0.0 before 1.0.0i, and 1.0.1 before 1.0.1a does not properly interpret integer data, which allows remote attackers to conduct buffer overflow attacks, and cause a denial of service (memory corruption) or possibly have unspecified other impact, via crafted DER data, as demonstrated by an X.509 certificate or an RSA public key.","7.5","HIGH","2012-04-19","http://archives.neohapsis.com/archives/fulldisclosure/2012-04/0209.html; http://cvs.openssl.org/chngview?cn=22431; http://cvs.openssl.org/chngview?cn=22434","VCDSA23444; VCDSA23443; VCDSA23437","3"
"828","CVE-2012-2337","sudo 1.6.x and 1.7.x before 1.7.9p1, and 1.8.x before 1.8.4p5, does not properly support configurations that use a netmask syntax, which allows local users to bypass intended command restrictions in opportunistic circumstances by executing a command on a host that has an IPv4 address.","7.2","HIGH","2012-05-18","http://lists.fedoraproject.org/pipermail/package-announce/2012-May/081432.html; http://secunia.com/advisories/49219; http://secunia.com/advisories/49244","VCDSA23451; VCDSA23450","2"
"829","CVE-2012-2372","The rds_ib_xmit function in net/rds/ib_send.c in the Reliable Datagram Sockets (RDS) protocol implementation in the Linux kernel 3.7.4 and earlier allows local users to cause a denial of service (BUG_ON and kernel panic) by establishing an RDS connection with the source IP address equal to the IPoIB interface's own IP address, as demonstrated by rds-ping.","4.4","MEDIUM","2013-01-22","http://marc.info/?l=bugtraq&m=139447903326211&w=2; http://rhn.redhat.com/errata/RHSA-2012-0743.html; http://rhn.redhat.com/errata/RHSA-2012-1540.html","VCDSA23459","1"
"830","CVE-2012-2448","VMware ESXi 3.5 through 5.0 and ESX 3.5 through 4.1 allow remote attackers to execute arbitrary code or cause a denial of service (memory overwrite) via NFS traffic.","7.5","HIGH","2012-05-04","http://osvdb.org/81693; http://www.securityfocus.com/bid/53371; http://www.securitytracker.com/id?1027018","VCDSA23433","1"
"831","CVE-2012-2449","VMware Workstation 8.x before 8.0.3, VMware Player 4.x before 4.0.3, VMware Fusion 4.x through 4.1.2, VMware ESXi 3.5 through 5.0, and VMware ESX 3.5 through 4.1 do not properly configure the virtual floppy device, which allows guest OS users to cause a denial of service (out-of-bounds write operation and VMX process crash) or possibly execute arbitrary code on the host OS by leveraging administrative privileges on the guest OS.","9.0","HIGH","2012-05-04","http://osvdb.org/81694; http://secunia.com/advisories/49032; http://www.securityfocus.com/bid/53369","VCDSA23433","1"
"832","CVE-2012-2450","VMware Workstation 8.x before 8.0.3, VMware Player 4.x before 4.0.3, VMware Fusion 4.x before 4.1.2, VMware ESXi 3.5 through 5.0, and VMware ESX 3.5 through 4.1 do not properly register SCSI devices, which allows guest OS users to cause a denial of service (invalid write operation and VMX process crash) or possibly execute arbitrary code on the host OS by leveraging administrative privileges on the guest OS.","9.0","HIGH","2012-05-04","http://osvdb.org/81695; http://secunia.com/advisories/49032; http://www.securityfocus.com/bid/53369","VCDSA23433","1"
"833","CVE-2012-2733","java/org/apache/coyote/http11/InternalNioInputBuffer.java in the HTTP NIO connector in Apache Tomcat 6.x before 6.0.36 and 7.x before 7.0.28 does not properly restrict the request-header size, which allows remote attackers to cause a denial of service (memory consumption) via a large amount of header data.","5.0","MEDIUM","2012-11-16","http://lists.opensuse.org/opensuse-updates/2012-12/msg00089.html; http://lists.opensuse.org/opensuse-updates/2012-12/msg00090.html; http://lists.opensuse.org/opensuse-updates/2013-01/msg00037.html","VCDSA23450; VCDSA23410","2"
"834","CVE-2012-2752","Untrusted search path vulnerability in VMware vMA 4.x and 5.x before 5.0.0.2 allows local users to gain privileges via a Trojan horse DLL in the current working directory.","7.2","HIGH","2012-06-01","http://osvdb.org/82276; http://secunia.com/advisories/49300; http://secunia.com/advisories/49322","VCDSA23434","1"
"835","CVE-2012-2807","Multiple integer overflows in libxml2, as used in Google Chrome before 20.0.1132.43 and other products, on 64-bit Linux platforms allow remote attackers to cause a denial of service or possibly have unspecified other impact via unknown vectors.","6.8","MEDIUM","2012-06-27","http://code.google.com/p/chromium/issues/detail?id=129930; http://googlechromereleases.blogspot.com/2012/06/stable-channel-update_26.html; http://lists.apple.com/archives/security-announce/2013/Oct/msg00009.html","VCDSA23442; VCDSA23441","2"
"836","CVE-2012-2825","The XSL implementation in Google Chrome before 20.0.1132.43 allows remote attackers to cause a denial of service (incorrect read operation) via unspecified vectors.","5.0","MEDIUM","2012-06-27","http://code.google.com/p/chromium/issues/detail?id=127417; http://googlechromereleases.blogspot.com/2012/06/stable-channel-update_26.html; http://lists.apple.com/archives/security-announce/2013/Oct/msg00009.html","VCDSA23442; VCDSA23441","2"
"837","CVE-2012-2834","Integer overflow in Google Chrome before 20.0.1132.43 allows remote attackers to cause a denial of service or possibly have unspecified other impact via crafted data in the Matroska container format.","9.3","HIGH","2012-06-27","http://code.google.com/p/chromium/issues/detail?id=132779; http://googlechromereleases.blogspot.com/2012/06/stable-channel-update_26.html; https://hermes.opensuse.org/messages/15075728","VCDSA23432","1"
"838","CVE-2012-2870","libxslt 1.1.26 and earlier, as used in Google Chrome before 21.0.1180.89, does not properly manage memory, which might allow remote attackers to cause a denial of service (application crash) via a crafted XSLT expression that is not properly identified during XPath navigation, related to (1) the xsltCompileLocationPathPattern function in libxslt/pattern.c and (2) the xsltGenerateIdFunction function in libxslt/functions.c.","4.3","MEDIUM","2012-08-31","http://code.google.com/p/chromium/issues/detail?id=138672; http://code.google.com/p/chromium/issues/detail?id=140368; http://googlechromereleases.blogspot.com/2012/08/stable-channel-update_30.html","VCDSA23442; VCDSA23441","2"
"839","CVE-2012-2871","libxml2 2.9.0-rc1 and earlier, as used in Google Chrome before 21.0.1180.89, does not properly support a cast of an unspecified variable during handling of XSL transforms, which allows remote attackers to cause a denial of service or possibly have unknown other impact via a crafted document, related to the _xmlNs data structure in include/libxml/tree.h.","6.8","MEDIUM","2012-08-31","http://code.google.com/p/chromium/issues/detail?id=138673; http://googlechromereleases.blogspot.com/2012/08/stable-channel-update_30.html; http://lists.apple.com/archives/security-announce/2013/Oct/msg00009.html","VCDSA23442; VCDSA23441","2"
"840","CVE-2012-3191","Unspecified vulnerability in the PeopleSoft Enterprise PeopleTools component in Oracle PeopleSoft Products 8.50, 8.51, and 8.52 allows remote authenticated users to affect availability via unknown vectors related to Data Mover.","2.1","LOW","2012-10-17","http://secunia.com/advisories/51001; http://www.mandriva.com/security/advisories?name=MDVSA-2013:150; http://www.oracle.com/technetwork/topics/security/cpuoct2012-1515893.html","VCDSA23432","1"
"841","CVE-2012-3288","VMware Workstation 7.x before 7.1.6 and 8.x before 8.0.4, VMware Player 3.x before 3.1.6 and 4.x before 4.0.4, VMware Fusion 4.x before 4.1.3, VMware ESXi 3.5 through 5.0, and VMware ESX 3.5 through 4.1 allow user-assisted remote attackers to execute arbitrary code on the host OS or cause a denial of service (memory corruption) on the host OS via a crafted Checkpoint file.","9.3","HIGH","2012-06-14","http://www.vmware.com/security/advisories/VMSA-2012-0011.html; https://oval.cisecurity.org/repository/search/definition/oval%3Aorg.mitre.oval%3Adef%3A17178; http://www.vmware.com/security/advisories/VMSA-2012-0011.html","VCDSA23435","1"
"842","CVE-2012-3289","VMware Workstation 8.x before 8.0.4, VMware Player 4.x before 4.0.4, VMware ESXi 3.5 through 5.0, and VMware ESX 3.5 through 4.1 allow remote attackers to cause a denial of service (guest OS crash) via crafted traffic from a remote virtual device.","7.8","HIGH","2012-06-14","http://www.vmware.com/security/advisories/VMSA-2012-0011.html; http://www.vmware.com/security/advisories/VMSA-2012-0011.html","VCDSA23435","1"
"843","CVE-2012-3404","The vfprintf function in stdio-common/vfprintf.c in libc in GNU C Library (aka glibc) 2.12 and other versions does not properly calculate a buffer length, which allows context-dependent attackers to bypass the FORTIFY_SOURCE format-string protection mechanism and cause a denial of service (stack corruption and crash) via a format string that uses positional parameters and many format specifiers.","5.0","MEDIUM","2014-02-10","http://rhn.redhat.com/errata/RHSA-2012-1098.html; http://rhn.redhat.com/errata/RHSA-2012-1200.html; http://www.openwall.com/lists/oss-security/2012/07/11/17","VCDSA23441","1"
"844","CVE-2012-3405","The vfprintf function in stdio-common/vfprintf.c in libc in GNU C Library (aka glibc) 2.14 and other versions does not properly calculate a buffer length, which allows context-dependent attackers to bypass the FORTIFY_SOURCE format-string protection mechanism and cause a denial of service (segmentation fault and crash) via a format string with a large number of format specifiers that triggers ""desynchronization within the buffer size handling,"" a different vulnerability than CVE-2012-3404.","5.0","MEDIUM","2014-02-10","http://rhn.redhat.com/errata/RHSA-2012-1098.html; http://rhn.redhat.com/errata/RHSA-2012-1200.html; http://www.openwall.com/lists/oss-security/2012/07/11/17","VCDSA23441","1"
"845","CVE-2012-3406","The vfprintf function in stdio-common/vfprintf.c in GNU C Library (aka glibc) 2.5, 2.12, and probably other versions does not ""properly restrict the use of"" the alloca function when allocating the SPECS array, which allows context-dependent attackers to bypass the FORTIFY_SOURCE format-string protection mechanism and cause a denial of service (crash) or possibly execute arbitrary code via a crafted format string using positional parameters and a large number of format specifiers, a different vulnerability than CVE-2012-3404 and CVE-2012-3405.","6.8","MEDIUM","2014-02-10","http://rhn.redhat.com/errata/RHSA-2012-1097.html; http://rhn.redhat.com/errata/RHSA-2012-1098.html; http://rhn.redhat.com/errata/RHSA-2012-1185.html","VCDSA23441","1"
"846","CVE-2012-3440","A certain Red Hat script for sudo 1.7.2 on Red Hat Enterprise Linux (RHEL) 5 allows local users to overwrite arbitrary files via a symlink attack on the /var/tmp/nsswitch.conf.bak temporary file.","5.6","MEDIUM","2012-08-08","http://www.oracle.com/technetwork/topics/security/ovmbulletinjul2016-3090546.html; http://www.securityfocus.com/bid/54868; https://bugzilla.redhat.com/show_bug.cgi?id=844442","VCDSA23451; VCDSA23450","2"
"847","CVE-2012-3480","Multiple integer overflows in the (1) strtod, (2) strtof, (3) strtold, (4) strtod_l, and other unspecified ""related functions"" in stdlib in GNU C Library (aka glibc or libc6) 2.16 allow local users to cause a denial of service (application crash) and possibly execute arbitrary code via a long string, which triggers a stack-based buffer overflow.","4.6","MEDIUM","2012-08-25","http://lists.fedoraproject.org/pipermail/package-announce/2012-August/085190.html; http://osvdb.org/84710; http://rhn.redhat.com/errata/RHSA-2012-1207.html","VCDSA23441","1"
"848","CVE-2012-3546","org/apache/catalina/realm/RealmBase.java in Apache Tomcat 6.x before 6.0.36 and 7.x before 7.0.30, when FORM authentication is used, allows remote attackers to bypass security-constraint checks by leveraging a previous setUserPrincipal call and then placing /j_security_check at the end of a URI.","4.3","MEDIUM","2012-12-19","http://archives.neohapsis.com/archives/bugtraq/2012-12/0044.html; http://lists.opensuse.org/opensuse-updates/2012-12/msg00089.html; http://lists.opensuse.org/opensuse-updates/2012-12/msg00090.html","VCDSA23450; VCDSA23410","2"
"849","CVE-2012-3552","Race condition in the IP implementation in the Linux kernel before 3.0 might allow remote attackers to cause a denial of service (slab corruption and system crash) by sending packets to an application that sets socket options during the handling of network traffic.","5.9","MEDIUM","2012-10-03","http://ftp.osuosl.org/pub/linux/kernel/v3.0/ChangeLog-3.0; http://git.kernel.org/?p=linux/kernel/git/torvalds/linux-2.6.git%3Ba=commit%3Bh=f6d8bd051c391c1c0458a30b2a7abcd939329259; http://rhn.redhat.com/errata/RHSA-2012-1540.html","VCDSA23459","1"
"850","CVE-2012-3569","Format string vulnerability in VMware OVF Tool 2.1 on Windows, as used in VMware Workstation 8.x before 8.0.5, VMware Player 4.x before 4.0.5, and other products, allows user-assisted remote attackers to execute arbitrary code via a crafted OVF file.","9.3","HIGH","2012-11-14","http://osvdb.org/87117; http://packetstormsecurity.com/files/120101/VMWare-OVF-Tools-Format-String.html; http://secunia.com/advisories/51240","VCDSA23439","1"
"851","CVE-2012-3817","ISC BIND 9.4.x, 9.5.x, 9.6.x, and 9.7.x before 9.7.6-P2; 9.8.x before 9.8.3-P2; 9.9.x before 9.9.1-P2; and 9.6-ESV before 9.6-ESV-R7-P2, when DNSSEC validation is enabled, does not properly initialize the failing-query cache, which allows remote attackers to cause a denial of service (assertion failure and daemon exit) by sending many queries.","7.8","HIGH","2012-07-25","http://lists.apple.com/archives/security-announce/2013/Sep/msg00002.html; http://lists.opensuse.org/opensuse-updates/2012-08/msg00013.html; http://lists.opensuse.org/opensuse-updates/2012-08/msg00015.html","VCDSA23440","1"
"852","CVE-2012-3905","CVE not found in NVD.","N/A","N/A","N/A","","VCDSA23432","1"
"853","CVE-2012-3919","The Cisco Application Control Engine (ACE) module 3.0 for Cisco Catalyst switches and Cisco routers does not properly monitor Load Balancer (LB) queues, which allows remote attackers to cause a denial of service (incorrect memory access and module reboot) via application traffic, aka Bug ID CSCtw70879.","5.0","MEDIUM","2012-09-16","http://www.cisco.com/en/US/docs/interfaces_modules/services_modules/ace/vA2_3_x/Release/Note/RACEA2_3_X.html; https://exchange.xforce.ibmcloud.com/vulnerabilities/78808; http://www.cisco.com/en/US/docs/interfaces_modules/services_modules/ace/vA2_3_x/Release/Note/RACEA2_3_X.html","VCDSA23432","1"
"854","CVE-2012-4244","ISC BIND 9.x before 9.7.6-P3, 9.8.x before 9.8.3-P3, 9.9.x before 9.9.1-P3, and 9.4-ESV and 9.6-ESV before 9.6-ESV-R7-P3 allows remote attackers to cause a denial of service (assertion failure and named daemon exit) via a query for a long resource record.","7.8","HIGH","2012-09-14","http://lists.apple.com/archives/security-announce/2013/Sep/msg00002.html; http://lists.fedoraproject.org/pipermail/package-announce/2012-September/087697.html; http://lists.fedoraproject.org/pipermail/package-announce/2012-September/087703.html","VCDSA23442; VCDSA23441","2"
"855","CVE-2012-4348","The management console in Symantec Endpoint Protection (SEP) 11.0 before RU7-MP3 and 12.1 before RU2, and Symantec Endpoint Protection Small Business Edition 12.x before 12.1 RU2, does not properly validate input for PHP scripts, which allows remote authenticated users to execute arbitrary code via unspecified vectors.","7.2","HIGH","2012-12-18","http://www.securityfocus.com/bid/56846; http://www.securitytracker.com/id?1027863; http://www.symantec.com/security_response/securityupdates/detail.jsp?fid=security_advisory&pvid=security_advisory&year=2012&suid=20121210_00","VCDSA23432","1"
"856","CVE-2012-4431","org/apache/catalina/filters/CsrfPreventionFilter.java in Apache Tomcat 6.x before 6.0.36 and 7.x before 7.0.32 allows remote attackers to bypass the cross-site request forgery (CSRF) protection mechanism via a request that lacks a session identifier.","4.3","MEDIUM","2012-12-19","http://archives.neohapsis.com/archives/bugtraq/2012-12/0045.html; http://lists.opensuse.org/opensuse-updates/2012-12/msg00089.html; http://lists.opensuse.org/opensuse-updates/2012-12/msg00090.html","VCDSA23450; VCDSA23410","2"
"857","CVE-2012-4534","org/apache/tomcat/util/net/NioEndpoint.java in Apache Tomcat 6.x before 6.0.36 and 7.x before 7.0.28, when the NIO connector is used in conjunction with sendfile and HTTPS, allows remote attackers to cause a denial of service (infinite loop) by terminating the connection during the reading of a response.","2.6","LOW","2012-12-19","http://archives.neohapsis.com/archives/bugtraq/2012-12/0043.html; http://lists.opensuse.org/opensuse-updates/2013-01/msg00051.html; http://lists.opensuse.org/opensuse-updates/2013-01/msg00061.html","VCDSA23450; VCDSA23410","2"
"858","CVE-2012-4897","Untrusted search path vulnerability in the installer in VMware Movie Decoder before 9.0 allows local users to gain privileges via a Trojan horse executable file in the installer directory.","6.9","MEDIUM","2012-10-05","http://archives.neohapsis.com/archives/bugtraq/2012-10/0069.html; http://osvdb.org/85957; http://www.securityfocus.com/bid/55802","VCDSA23438","1"
"859","CVE-2012-5050","Cross-site scripting (XSS) vulnerability in the server in VMware vCenter Operations (aka vCOps) before 5.0.x allows remote attackers to inject arbitrary web script or HTML via unspecified vectors.","4.3","MEDIUM","2012-10-05","http://archives.neohapsis.com/archives/bugtraq/2012-10/0069.html; http://osvdb.org/85959; http://secunia.com/advisories/50795","VCDSA23438","1"
"860","CVE-2012-5051","Directory traversal vulnerability in VMware CapacityIQ 1.5.x allows remote attackers to read arbitrary files via unspecified vectors.","5.0","MEDIUM","2012-10-05","http://archives.neohapsis.com/archives/bugtraq/2012-10/0069.html; http://www.securityfocus.com/bid/55808; http://www.vmware.com/security/advisories/VMSA-2012-0014.html","VCDSA23438","1"
"861","CVE-2012-5134","Heap-based buffer underflow in the xmlParseAttValueComplex function in parser.c in libxml2 2.9.0 and earlier, as used in Google Chrome before 23.0.1271.91 and other products, allows remote attackers to cause a denial of service or possibly execute arbitrary code via crafted entities in an XML document.","6.8","MEDIUM","2012-11-28","http://git.gnome.org/browse/libxml2/commit/?id=6a36fbe3b3e001a8a840b5c1fdd81cefc9947f0d; http://googlechromereleases.blogspot.com/2012/11/stable-channel-update.html; http://lists.apple.com/archives/security-announce/2013/Oct/msg00009.html","VCDSA23409; VCDSA23444","2"
"862","CVE-2012-5458","VMware Workstation 8.x before 8.0.5 and VMware Player 4.x before 4.0.5 on Windows use weak permissions for unspecified process threads, which allows host OS users to gain host OS privileges via a crafted application.","8.3","HIGH","2012-11-14","http://osvdb.org/87118; http://www.securityfocus.com/bid/56469; http://www.vmware.com/security/advisories/VMSA-2012-0015.html","VCDSA23439","1"
"863","CVE-2012-5459","Untrusted search path vulnerability in VMware Workstation 8.x before 8.0.5 and VMware Player 4.x before 4.0.5 on Windows allows host OS users to gain host OS privileges via a Trojan horse DLL in a ""system folder.""","7.9","HIGH","2012-11-14","http://osvdb.org/87119; http://www.securityfocus.com/bid/56470; http://www.vmware.com/security/advisories/VMSA-2012-0015.html","VCDSA23439","1"
"864","CVE-2012-5703","The vSphere API in VMware ESXi 4.1 and ESX 4.1 allows remote attackers to cause a denial of service (host daemon crash) via an invalid value in a (1) RetrieveProp or (2) RetrievePropEx SOAP request.","5.0","MEDIUM","2012-11-20","http://www.coresecurity.com/content/vmware-esx-input-validation-error; http://www.securityfocus.com/bid/56571; http://www.securitytracker.com/id?1027782","VCDSA23440","1"
"865","CVE-2012-5885","The replay-countermeasure functionality in the HTTP Digest Access Authentication implementation in Apache Tomcat 5.5.x before 5.5.36, 6.x before 6.0.36, and 7.x before 7.0.30 tracks cnonce (aka client nonce) values instead of nonce (aka server nonce) and nc (aka nonce-count) values, which makes it easier for remote attackers to bypass intended access restrictions by sniffing the network for valid requests, a different vulnerability than CVE-2011-1184.","5.0","MEDIUM","2012-11-17","http://lists.opensuse.org/opensuse-updates/2012-12/msg00089.html; http://lists.opensuse.org/opensuse-updates/2012-12/msg00090.html; http://lists.opensuse.org/opensuse-updates/2013-01/msg00037.html","VCDSA23450; VCDSA23410","2"
"866","CVE-2012-5886","The HTTP Digest Access Authentication implementation in Apache Tomcat 5.5.x before 5.5.36, 6.x before 6.0.36, and 7.x before 7.0.30 caches information about the authenticated user within the session state, which makes it easier for remote attackers to bypass authentication via vectors related to the session ID.","5.0","MEDIUM","2012-11-17","http://lists.opensuse.org/opensuse-updates/2012-12/msg00089.html; http://lists.opensuse.org/opensuse-updates/2012-12/msg00090.html; http://lists.opensuse.org/opensuse-updates/2013-01/msg00037.html","VCDSA23450; VCDSA23410","2"
"867","CVE-2012-5887","The HTTP Digest Access Authentication implementation in Apache Tomcat 5.5.x before 5.5.36, 6.x before 6.0.36, and 7.x before 7.0.30 does not properly check for stale nonce values in conjunction with enforcement of proper credentials, which makes it easier for remote attackers to bypass intended access restrictions by sniffing the network for valid requests.","5.0","MEDIUM","2012-11-17","http://lists.opensuse.org/opensuse-updates/2012-12/msg00089.html; http://lists.opensuse.org/opensuse-updates/2012-12/msg00090.html; http://lists.opensuse.org/opensuse-updates/2013-01/msg00037.html","VCDSA23450; VCDSA23410","2"
"868","CVE-2012-6324","Directory traversal vulnerability in VMware vCenter Server Appliance (vCSA) 5.0 before Update 2 and 5.1 before Patch 1 allows remote authenticated users to read arbitrary files via unspecified vectors.","4.0","MEDIUM","2012-12-21","http://www.vmware.com/security/advisories/VMSA-2012-0018.html; http://www.vmware.com/security/advisories/VMSA-2012-0018.html","VCDSA23441","1"
"869","CVE-2012-6325","VMware vCenter Server Appliance (vCSA) 5.0 before Update 2 does not properly parse XML documents, which allows remote authenticated users to read arbitrary files via unspecified vectors.","4.0","MEDIUM","2012-12-21","http://www.vmware.com/security/advisories/VMSA-2012-0018.html; http://www.vmware.com/security/advisories/VMSA-2012-0018.html","VCDSA23441","1"
"870","CVE-2012-6326","VMware vCenter Server 4.1 before Update 3 and 5.0 before Update 2, and vCSA 5.0 before Update 2, allows remote attackers to cause a denial of service (disk consumption) via vectors that trigger large log entries.","7.8","HIGH","2013-02-22","http://www.vmware.com/security/advisories/VMSA-2012-0018.html; http://www.vmware.com/security/advisories/VMSA-2012-0018.html","VCDSA23441","1"
"871","CVE-2013-0166","OpenSSL before 0.9.8y, 1.0.0 before 1.0.0k, and 1.0.1 before 1.0.1d does not properly perform signature verification for OCSP responses, which allows remote OCSP servers to cause a denial of service (NULL pointer dereference and application crash) via an invalid key.","5.0","MEDIUM","2013-02-08","http://git.openssl.org/gitweb/?p=openssl.git%3Ba=commit%3Bh=62e4506a7d4cec1c8e1ff687f6b220f6a62a57c7; http://git.openssl.org/gitweb/?p=openssl.git%3Ba=commit%3Bh=66e8211c0b1347970096e04b18aa52567c325200; http://git.openssl.org/gitweb/?p=openssl.git%3Ba=commit%3Bh=ebc71865f0506a293242bd4aec97cdc7a8ef24b0","VCDSA23453; VCDSA23452","2"
"872","CVE-2013-0169","The TLS protocol 1.1 and 1.2 and the DTLS protocol 1.0 and 1.2, as used in OpenSSL, OpenJDK, PolarSSL, and other products, do not properly consider timing side-channel attacks on a MAC check requirement during the processing of malformed CBC padding, which allows remote attackers to conduct distinguishing attacks and plaintext-recovery attacks via statistical analysis of timing data for crafted packets, aka the ""Lucky Thirteen"" issue.","2.6","LOW","2013-02-08","http://blog.fuseyism.com/index.php/2013/02/20/security-icedtea-2-1-6-2-2-6-2-3-7-for-openjdk-7-released/; http://lists.apple.com/archives/security-announce/2013/Sep/msg00002.html; http://lists.fedoraproject.org/pipermail/package-announce/2013-April/101366.html","VCDSA23453; VCDSA23452","2"
"873","CVE-2013-0242","Buffer overflow in the extend_buffers function in the regular expression matcher (posix/regexec.c) in glibc, possibly 2.17 and earlier, allows context-dependent attackers to cause a denial of service (memory corruption and crash) via crafted multibyte characters.","5.0","MEDIUM","2013-02-08","http://osvdb.org/89747; http://rhn.redhat.com/errata/RHSA-2013-0769.html; http://rhn.redhat.com/errata/RHSA-2013-1605.html","VCDSA23465","1"
"874","CVE-2013-0268","The msr_open function in arch/x86/kernel/msr.c in the Linux kernel before 3.7.6 allows local users to bypass intended capability restrictions by executing a crafted application as root, as demonstrated by msr32.c.","6.2","MEDIUM","2013-02-18","http://git.kernel.org/?p=linux/kernel/git/torvalds/linux-2.6.git%3Ba=commit%3Bh=c903f0456bc69176912dee6dd25c6a66ee1aed00; http://lists.opensuse.org/opensuse-security-announce/2013-04/msg00018.html; http://lists.opensuse.org/opensuse-security-announce/2013-07/msg00018.html","VCDSA23453; VCDSA23452","2"
"875","CVE-2013-0338","libxml2 2.9.0 and earlier allows context-dependent attackers to cause a denial of service (CPU and memory consumption) via an XML file containing an entity declaration with long replacement text and many references to this entity, aka ""internal entity expansion"" with linear complexity.","4.3","MEDIUM","2013-04-25","http://lists.opensuse.org/opensuse-security-announce/2013-11/msg00002.html; http://lists.opensuse.org/opensuse-updates/2013-03/msg00112.html; http://lists.opensuse.org/opensuse-updates/2013-03/msg00114.html","VCDSA23453; VCDSA23452","2"
"876","CVE-2013-0791","The CERT_DecodeCertPackage function in Mozilla Network Security Services (NSS), as used in Mozilla Firefox before 20.0, Firefox ESR 17.x before 17.0.5, Thunderbird before 17.0.5, Thunderbird ESR 17.x before 17.0.5, SeaMonkey before 2.17, and other products, allows remote attackers to cause a denial of service (out-of-bounds read and memory corruption) via a crafted certificate.","5.0","MEDIUM","2013-04-03","http://kb.juniper.net/InfoCenter/index?page=content&id=JSA10761; http://lists.opensuse.org/opensuse-security-announce/2013-04/msg00009.html; http://lists.opensuse.org/opensuse-security-announce/2013-04/msg00010.html","VCDSA23459; VCDSA23458","2"
"877","CVE-2013-0871","Race condition in the ptrace functionality in the Linux kernel before 3.7.5 allows local users to gain privileges via a PTRACE_SETREGS ptrace system call in a crafted application, as demonstrated by ptrace_death.","6.9","MEDIUM","2013-02-18","http://git.kernel.org/?p=linux/kernel/git/torvalds/linux-2.6.git%3Ba=commit%3Bh=9899d11f654474d2d54ea52ceaa2a1f4db3abd68; http://lists.opensuse.org/opensuse-security-announce/2013-02/msg00022.html; http://lists.opensuse.org/opensuse-security-announce/2013-04/msg00018.html","VCDSA23453; VCDSA23452","2"
"878","CVE-2013-1405","VMware vCenter Server 4.0 before Update 4b and 4.1 before Update 3a, VMware VirtualCenter 2.5, VMware vSphere Client 4.0 before Update 4b and 4.1 before Update 3a, VMware VI-Client 2.5, VMware ESXi 3.5 through 4.1, and VMware ESX 3.5 through 4.1 do not properly implement the management authentication protocol, which allow remote servers to execute arbitrary code or cause a denial of service (memory corruption) via unspecified vectors.","10.0","HIGH","2013-02-15","http://www.vmware.com/security/advisories/VMSA-2013-0001.html; http://www.vmware.com/security/advisories/VMSA-2013-0001.html","VCDSA23442; VCDSA23441","2"
"879","CVE-2013-1406","The Virtual Machine Communication Interface (VMCI) implementation in vmci.sys in VMware Workstation 8.x before 8.0.5 and 9.x before 9.0.1 on Windows, VMware Fusion 4.1 before 4.1.4 and 5.0 before 5.0.2, VMware View 4.x before 4.6.2 and 5.x before 5.1.2 on Windows, VMware ESXi 4.0 through 5.1, and VMware ESX 4.0 and 4.1 does not properly restrict memory allocation by control code, which allows local users to gain privileges via unspecified vectors.","7.2","HIGH","2013-02-11","http://www.vmware.com/security/advisories/VMSA-2013-0002.html; https://oval.cisecurity.org/repository/search/definition/oval%3Aorg.mitre.oval%3Adef%3A17164; http://www.vmware.com/security/advisories/VMSA-2013-0002.html","VCDSA23443; VCDSA23442","2"
"880","CVE-2013-1620","The TLS implementation in Mozilla Network Security Services (NSS) does not properly consider timing side-channel attacks on a noncompliant MAC check operation during the processing of malformed CBC padding, which allows remote attackers to conduct distinguishing attacks and plaintext-recovery attacks via statistical analysis of timing data for crafted packets, a related issue to CVE-2013-0169.","4.3","MEDIUM","2013-02-08","http://kb.juniper.net/InfoCenter/index?page=content&id=JSA10761; http://lists.opensuse.org/opensuse-security-announce/2013-04/msg00009.html; http://lists.opensuse.org/opensuse-security-announce/2013-04/msg00010.html","VCDSA23459; VCDSA23458","2"
"881","CVE-2013-1659","VMware vCenter Server 4.0 before Update 4b, 5.0 before Update 2, and 5.1 before 5.1.0b; VMware ESXi 3.5 through 5.1; and VMware ESX 3.5 through 4.1 do not properly implement the Network File Copy (NFC) protocol, which allows man-in-the-middle attackers to execute arbitrary code or cause a denial of service (memory corruption) by modifying the client-server data stream.","7.6","HIGH","2013-02-22","http://www.vmware.com/security/advisories/VMSA-2013-0003.html; http://www.vmware.com/security/advisories/VMSA-2013-0003.html","VCDSA23444; VCDSA23443","2"
"882","CVE-2013-1661","VMware ESXi 4.0 through 5.1, and ESX 4.0 and 4.1, does not properly implement the Network File Copy (NFC) protocol, which allows man-in-the-middle attackers to cause a denial of service (unhandled exception and application crash) by modifying the client-server data stream.","4.3","MEDIUM","2013-09-04","http://www.vmware.com/security/advisories/VMSA-2013-0011.html; http://www.vmware.com/security/advisories/VMSA-2013-0011.html","VCDSA23455; VCDSA23454","2"
"883","CVE-2013-1662","vmware-mount in VMware Workstation 8.x and 9.x and VMware Player 4.x and 5.x, on systems based on Debian GNU/Linux, allows host OS users to gain host OS privileges via a crafted lsb_release binary in a directory in the PATH, related to use of the popen library function.","6.9","MEDIUM","2013-08-24","http://blog.cmpxchg8b.com/2013/08/security-debianisms.html; http://www.vmware.com/security/advisories/VMSA-2013-0010.html; http://blog.cmpxchg8b.com/2013/08/security-debianisms.html","VCDSA23454; VCDSA23453","2"
"884","CVE-2013-1752","Rejected reason: Various versions of Python do not properly restrict readline calls, which allows remote attackers to cause a denial of service (memory consumption) via a long string, related to (1) httplib - fixed in 2.7.4, 2.6.9, and 3.3.3; (2) ftplib - fixed in 2.7.6, 2.6.9, 3.3.3; (3) imaplib - not yet fixed in 2.7.x, fixed in 2.6.9, 3.3.3; (4) nntplib - fixed in 2.7.6, 2.6.9, 3.3.3; (5) poplib - not yet fixed in 2.7.x, fixed in 2.6.9, 3.3.3; and (6) smtplib - not yet fixed in 2.7.x, fixed in 2.6.9, not yet fixed in 3.3.x. NOTE: this was REJECTed because it is incompatible with CNT1 ""Independently Fixable"" in the CVE Counting Decisions","N/A","N/A","2019-06-03","","VCDSA23469","1"
"885","CVE-2013-1899","Argument injection vulnerability in PostgreSQL 9.2.x before 9.2.4, 9.1.x before 9.1.9, and 9.0.x before 9.0.13 allows remote attackers to cause a denial of service (file corruption), and allows remote authenticated users to modify configuration settings and execute arbitrary code, via a connection request using a database name that begins with a ""-"" (hyphen).","6.5","MEDIUM","2013-04-04","http://lists.apple.com/archives/security-announce/2013/Sep/msg00002.html; http://lists.apple.com/archives/security-announce/2013/Sep/msg00004.html; http://lists.fedoraproject.org/pipermail/package-announce/2013-April/101519.html","VCDSA23410; VCDSA23409","2"
"886","CVE-2013-1900","PostgreSQL 9.2.x before 9.2.4, 9.1.x before 9.1.9, 9.0.x before 9.0.13, and 8.4.x before 8.4.17, when using OpenSSL, generates insufficiently random numbers, which might allow remote authenticated users to have an unspecified impact via vectors related to the ""contrib/pgcrypto functions.""","8.5","HIGH","2013-04-04","http://lists.apple.com/archives/security-announce/2013/Sep/msg00002.html; http://lists.apple.com/archives/security-announce/2013/Sep/msg00004.html; http://lists.fedoraproject.org/pipermail/package-announce/2013-April/101519.html","VCDSA23410; VCDSA23409","2"
"887","CVE-2013-1901","PostgreSQL 9.2.x before 9.2.4 and 9.1.x before 9.1.9 does not properly check REPLICATION privileges, which allows remote authenticated users to bypass intended backup restrictions by calling the (1) pg_start_backup or (2) pg_stop_backup functions.","4.0","MEDIUM","2013-04-04","http://lists.apple.com/archives/security-announce/2013/Sep/msg00002.html; http://lists.apple.com/archives/security-announce/2013/Sep/msg00004.html; http://lists.fedoraproject.org/pipermail/package-announce/2013-April/101519.html","VCDSA23410; VCDSA23409","2"
"888","CVE-2013-1914","Stack-based buffer overflow in the getaddrinfo function in sysdeps/posix/getaddrinfo.c in GNU C Library (aka glibc or libc6) 2.17 and earlier allows remote attackers to cause a denial of service (crash) via a (1) hostname or (2) IP address that triggers a large number of domain conversion results.","5.0","MEDIUM","2013-04-29","http://packetstormsecurity.com/files/164014/Moxa-Command-Injection-Cross-Site-Scripting-Vulnerable-Software.html; http://rhn.redhat.com/errata/RHSA-2013-0769.html; http://rhn.redhat.com/errata/RHSA-2013-1605.html","VCDSA23465","1"
"889","CVE-2013-2116","The _gnutls_ciphertext2compressed function in lib/gnutls_cipher.c in GnuTLS 2.12.23 allows remote attackers to cause a denial of service (buffer over-read and crash) via a crafted padding length.  NOTE: this might be due to an incorrect fix for CVE-2013-0169.","5.0","MEDIUM","2013-07-03","http://lists.opensuse.org/opensuse-security-announce/2013-06/msg00019.html; http://lists.opensuse.org/opensuse-security-announce/2014-03/msg00001.html; http://lists.opensuse.org/opensuse-security-announce/2014-03/msg00003.html","VCDSA23453; VCDSA23452","2"
"890","CVE-2013-2147","The HP Smart Array controller disk-array driver and Compaq SMART2 controller disk-array driver in the Linux kernel through 3.9.4 do not initialize certain data structures, which allows local users to obtain sensitive information from kernel memory via (1) a crafted IDAGETPCIINFO command for a /dev/ida device, related to the ida_locked_ioctl function in drivers/block/cpqarray.c or (2) a crafted CCISS_PASSTHRU32 command for a /dev/cciss device, related to the cciss_ioctl32_passthru function in drivers/block/cciss.c.","2.1","LOW","2013-06-07","http://lists.opensuse.org/opensuse-security-announce/2015-04/msg00020.html; http://lkml.org/lkml/2013/6/3/127; http://lkml.org/lkml/2013/6/3/131","VCDSA23459","1"
"891","CVE-2013-2164","The mmc_ioctl_cdrom_read_data function in drivers/cdrom/cdrom.c in the Linux kernel through 3.10 allows local users to obtain sensitive information from kernel memory via a read operation on a malfunctioning CD-ROM drive.","2.1","LOW","2013-07-04","http://git.kernel.org/cgit/linux/kernel/git/next/linux-next.git/commit/drivers/cdrom/cdrom.c?id=050e4b8fb7cdd7096c987a9cd556029c622c7fe2; http://lists.opensuse.org/opensuse-security-announce/2013-09/msg00003.html; http://lists.opensuse.org/opensuse-security-announce/2013-09/msg00004.html","VCDSA23459","1"
"892","CVE-2013-2206","The sctp_sf_do_5_2_4_dupcook function in net/sctp/sm_statefuns.c in the SCTP implementation in the Linux kernel before 3.8.5 does not properly handle associations during the processing of a duplicate COOKIE ECHO chunk, which allows remote attackers to cause a denial of service (NULL pointer dereference and system crash) or possibly have unspecified other impact via crafted SCTP traffic.","5.4","MEDIUM","2013-07-04","http://git.kernel.org/?p=linux/kernel/git/torvalds/linux-2.6.git%3Ba=commit%3Bh=f2815633504b442ca0b0605c16bf3d88a3a0fcea; http://lists.opensuse.org/opensuse-security-announce/2013-11/msg00020.html; http://lists.opensuse.org/opensuse-security-announce/2013-11/msg00021.html","VCDSA23459","1"
"893","CVE-2013-2224","A certain Red Hat patch for the Linux kernel 2.6.32 on Red Hat Enterprise Linux (RHEL) 6 allows local users to cause a denial of service (invalid free operation and system crash) or possibly gain privileges via a sendmsg system call with the IP_RETOPTS option, as demonstrated by hemlock.c.  NOTE: this vulnerability exists because of an incorrect fix for CVE-2012-3552.","6.9","MEDIUM","2013-07-04","http://rhn.redhat.com/errata/RHSA-2013-1166.html; http://rhn.redhat.com/errata/RHSA-2013-1173.html; http://rhn.redhat.com/errata/RHSA-2013-1450.html","VCDSA23459","1"
"894","CVE-2013-2232","The ip6_sk_dst_check function in net/ipv6/ip6_output.c in the Linux kernel before 3.10 allows local users to cause a denial of service (system crash) by using an AF_INET6 socket for a connection to an IPv4 interface.","4.9","MEDIUM","2013-07-04","http://git.kernel.org/?p=linux/kernel/git/torvalds/linux-2.6.git%3Ba=commit%3Bh=a963a37d384d71ad43b3e9e79d68d42fbe0901f3; http://lists.opensuse.org/opensuse-security-announce/2013-09/msg00003.html; http://lists.opensuse.org/opensuse-security-announce/2013-09/msg00004.html","VCDSA23459","1"
"895","CVE-2013-2234","The (1) key_notify_sa_flush and (2) key_notify_policy_flush functions in net/key/af_key.c in the Linux kernel before 3.10 do not initialize certain structure members, which allows local users to obtain sensitive information from kernel heap memory by reading a broadcast message from the notify interface of an IPSec key_socket.","2.1","LOW","2013-07-04","http://git.kernel.org/?p=linux/kernel/git/torvalds/linux-2.6.git%3Ba=commit%3Bh=a5cc68f3d63306d0d288f31edfc2ae6ef8ecd887; http://lists.opensuse.org/opensuse-security-announce/2013-09/msg00003.html; http://lists.opensuse.org/opensuse-security-announce/2013-09/msg00004.html","VCDSA23459","1"
"896","CVE-2013-2237","The key_notify_policy_flush function in net/key/af_key.c in the Linux kernel before 3.9 does not initialize a certain structure member, which allows local users to obtain sensitive information from kernel heap memory by reading a broadcast message from the notify_policy interface of an IPSec key_socket.","2.1","LOW","2013-07-04","http://git.kernel.org/?p=linux/kernel/git/torvalds/linux-2.6.git%3Ba=commit%3Bh=85dfb745ee40232876663ae206cba35f24ab2a40; http://lists.opensuse.org/opensuse-security-announce/2013-09/msg00003.html; http://lists.opensuse.org/opensuse-security-announce/2013-09/msg00004.html","VCDSA23459","1"
"897","CVE-2013-2877","parser.c in libxml2 before 2.9.0, as used in Google Chrome before 28.0.1500.71 and other products, allows remote attackers to cause a denial of service (out-of-bounds read) via a document that ends abruptly, related to the lack of certain checks for the XML_PARSER_EOF state.","5.0","MEDIUM","2013-07-10","ftp://xmlsoft.org/libxml2/libxml2-2.9.0.tar.gz; http://git.chromium.org/gitweb/?p=chromium/chromium.git%3Ba=commit%3Bh=e5d7f7e5dc21d3ae7be3cbb949ac4d8701e06de1; http://googlechromereleases.blogspot.com/2013/07/stable-channel-update.html","VCDSA23469","1"
"898","CVE-2013-3079","VMware vCenter Server Appliance (vCSA) 5.1 before Update 1 allows remote authenticated users to execute arbitrary programs with root privileges by leveraging Virtual Appliance Management Interface (VAMI) access.","9.0","HIGH","2013-05-01","http://www.vmware.com/security/advisories/VMSA-2013-0006.html; http://www.vmware.com/security/advisories/VMSA-2013-0006.html","VCDSA23450; VCDSA23410","2"
"899","CVE-2013-3080","VMware vCenter Server Appliance (vCSA) 5.1 before Update 1 allows remote authenticated users to create or overwrite arbitrary files, and consequently execute arbitrary code or cause a denial of service, by leveraging Virtual Appliance Management Interface (VAMI) web-interface access.","9.0","HIGH","2013-05-01","http://www.vmware.com/security/advisories/VMSA-2013-0006.html; http://www.vmware.com/security/advisories/VMSA-2013-0006.html","VCDSA23450; VCDSA23410","2"
"900","CVE-2013-3107","VMware vCenter Server 5.1 before Update 1, when anonymous LDAP binding for Active Directory is enabled, allows remote attackers to bypass authentication by providing a valid username in conjunction with an empty password.","4.3","MEDIUM","2013-05-01","http://www.vmware.com/security/advisories/VMSA-2013-0006.html; http://www.vmware.com/security/advisories/VMSA-2013-0006.html","VCDSA23450; VCDSA23410","2"
"901","CVE-2013-3519","lgtosync.sys in VMware Workstation 9.x before 9.0.3, VMware Player 5.x before 5.0.3, VMware Fusion 5.x before 5.0.4, VMware ESXi 4.0 through 5.1, and VMware ESX 4.0 and 4.1, when a 32-bit Windows guest OS is used, allows guest OS users to gain guest OS privileges via an application that performs a crafted memory allocation.","7.9","HIGH","2013-12-04","http://www.vmware.com/security/advisories/VMSA-2013-0014.html; http://www.vmware.com/security/advisories/VMSA-2013-0014.html","VCDSA23458; VCDSA23457","2"
"902","CVE-2013-3520","VMware vCenter Chargeback Manager (aka CBM) before 2.5.1 does not proper handle uploads, which allows remote attackers to execute arbitrary code via unspecified vectors.","7.5","HIGH","2013-06-17","http://www.vmware.com/security/advisories/VMSA-2013-0008.html; http://www.vmware.com/security/advisories/VMSA-2013-0008.html","VCDSA23452; VCDSA23451","2"
"903","CVE-2013-4238","The ssl.match_hostname function in the SSL module in Python 2.6 through 3.4 does not properly handle a '\0' character in a domain name in the Subject Alternative Name field of an X.509 certificate, which allows man-in-the-middle attackers to spoof arbitrary SSL servers via a crafted certificate issued by a legitimate Certification Authority, a related issue to CVE-2009-2408.","4.3","MEDIUM","2013-08-18","http://bugs.python.org/issue18709; http://lists.opensuse.org/opensuse-security-announce/2020-01/msg00040.html; http://lists.opensuse.org/opensuse-updates/2013-09/msg00026.html","VCDSA23469","1"
"904","CVE-2013-4322","Apache Tomcat before 6.0.39, 7.x before 7.0.50, and 8.x before 8.0.0-RC10 processes chunked transfer coding without properly handling (1) a large total amount of chunked data or (2) whitespace characters in an HTTP header value within a trailer field, which allows remote attackers to cause a denial of service by streaming data.  NOTE: this vulnerability exists because of an incomplete fix for CVE-2012-3544.","4.3","MEDIUM","2014-02-26","http://advisories.mageia.org/MGASA-2014-0148.html; http://marc.info/?l=bugtraq&m=144498216801440&w=2; http://seclists.org/fulldisclosure/2014/Dec/23","VCDSA23465","1"
"905","CVE-2013-4332","Multiple integer overflows in malloc/malloc.c in the GNU C Library (aka glibc or libc6) 2.18 and earlier allow context-dependent attackers to cause a denial of service (heap corruption) via a large value to the (1) pvalloc, (2) valloc, (3) posix_memalign, (4) memalign, or (5) aligned_alloc functions.","4.3","MEDIUM","2013-10-09","http://rhn.redhat.com/errata/RHSA-2013-1411.html; http://rhn.redhat.com/errata/RHSA-2013-1605.html; http://secunia.com/advisories/55113","VCDSA23462","1"
"906","CVE-2013-4590","Apache Tomcat before 6.0.39, 7.x before 7.0.50, and 8.x before 8.0.0-RC10 allows attackers to obtain ""Tomcat internals"" information by leveraging the presence of an untrusted web application with a context.xml, web.xml, *.jspx, *.tagx, or *.tld XML document containing an external entity declaration in conjunction with an entity reference, related to an XML External Entity (XXE) issue.","4.3","MEDIUM","2014-02-26","http://advisories.mageia.org/MGASA-2014-0148.html; http://marc.info/?l=bugtraq&m=144498216801440&w=2; http://secunia.com/advisories/59036","VCDSA23465","1"
"907","CVE-2013-5211","The monlist feature in ntp_request.c in ntpd in NTP before 4.2.7p26 allows remote attackers to cause a denial of service (traffic amplification) via forged (1) REQ_MON_GETLIST or (2) REQ_MON_GETLIST_1 requests, as exploited in the wild in December 2013.","5.0","MEDIUM","2014-01-02","http://aix.software.ibm.com/aix/efixes/security/ntp_advisory.asc; http://bugs.ntp.org/show_bug.cgi?id=1532; http://ics-cert.us-cert.gov/advisories/ICSA-14-051-04","VCDSA23462","1"
"908","CVE-2013-5970","hostd-vmdb in VMware ESXi 4.0 through 5.0 and ESX 4.0 through 4.1 allows remote attackers to cause a denial of service (hostd-vmdb service outage) by modifying management traffic.","7.1","HIGH","2013-10-21","http://osvdb.org/98719; http://www.securityfocus.com/bid/63216; http://www.securitytracker.com/id/1029206","VCDSA23456; VCDSA23455","2"
"909","CVE-2013-5971","Session fixation vulnerability in the vSphere Web Client Server in VMware vCenter Server 5.0 before Update 3 allows remote attackers to hijack web sessions and gain privileges via unspecified vectors.","6.8","MEDIUM","2013-10-21","http://osvdb.org/98718; http://www.securityfocus.com/bid/63218; http://www.vmware.com/security/advisories/VMSA-2013-0012.html","VCDSA23456; VCDSA23455","2"
"910","CVE-2013-5972","VMware Workstation 9.x before 9.0.3 and VMware Player 5.x before 5.0.3 on Linux do not properly handle shared libraries, which allows host OS users to gain host OS privileges via unspecified vectors.","7.2","HIGH","2013-11-18","http://www.vmware.com/security/advisories/VMSA-2013-0013.html; http://www.vmware.com/security/advisories/VMSA-2013-0013.html","VCDSA23457; VCDSA23456","2"
"911","CVE-2013-5973","VMware ESXi 4.0 through 5.5 and ESX 4.0 and 4.1 allow local users to read or modify arbitrary files by leveraging the Virtual Machine Power User or Resource Pool Administrator role for a vCenter Server Add Existing Disk action with a (1) -flat, (2) -rdm, or (3) -rdmp filename.","4.4","MEDIUM","2013-12-23","http://jvn.jp/en/jp/JVN13154935/index.html; http://jvndb.jvn.jp/en/contents/2013/JVNDB-2013-000123.html; http://osvdb.org/101387","VCDSA23460","1"
"912","CVE-2014-0015","cURL and libcurl 7.10.6 through 7.34.0, when more than one authentication method is enabled, re-uses NTLM connections, which might allow context-dependent attackers to authenticate as other users via a request.","4.0","MEDIUM","2014-02-02","http://archives.neohapsis.com/archives/bugtraq/2014-06/0172.html; http://curl.haxx.se/docs/adv_20140129.html; http://kb.juniper.net/InfoCenter/index?page=content&id=JSA10743","VCDSA23469","1"
"913","CVE-2014-0050","MultipartStream.java in Apache Commons FileUpload before 1.3.1, as used in Apache Tomcat, JBoss Web, and other products, allows remote attackers to cause a denial of service (infinite loop and CPU consumption) via a crafted Content-Type header that bypasses a loop's intended exit conditions.","7.5","HIGH","2014-04-01","http://advisories.mageia.org/MGASA-2014-0110.html; http://blog.spiderlabs.com/2014/02/cve-2014-0050-exploit-with-boundaries-loops-without-boundaries.html; http://jvn.jp/en/jp/JVN14876762/index.html","VCDSA23465; VCDSA23464","2"
"914","CVE-2014-0076","The Montgomery ladder implementation in OpenSSL through 1.0.0l does not ensure that certain swap operations have a constant-time behavior, which makes it easier for local users to obtain ECDSA nonces via a FLUSH+RELOAD cache side-channel attack.","1.9","LOW","2014-03-25","http://advisories.mageia.org/MGASA-2014-0165.html; http://eprint.iacr.org/2014/140; http://git.openssl.org/gitweb/?p=openssl.git%3Ba=commit%3Bh=2198be3483259de374f91e57d247d0fc667aef29","VCDSA23445","1"
"915","CVE-2014-0094","The ParametersInterceptor in Apache Struts before 2.3.16.2 allows remote attackers to ""manipulate"" the ClassLoader via the class parameter, which is passed to the getClass method.","5.0","MEDIUM","2014-03-11","http://jvn.jp/en/jp/JVN19294237/index.html; http://jvndb.jvn.jp/jvndb/JVNDB-2014-000045; http://packetstormsecurity.com/files/127215/VMware-Security-Advisory-2014-0007.html","VCDSA23464","1"
"916","CVE-2014-0112","ParametersInterceptor in Apache Struts before 2.3.20 does not properly restrict access to the getClass method, which allows remote attackers to ""manipulate"" the ClassLoader and execute arbitrary code via a crafted request. NOTE: this vulnerability exists because of an incomplete fix for CVE-2014-0094.","7.5","HIGH","2014-04-29","http://jvn.jp/en/jp/JVN19294237/index.html; http://jvndb.jvn.jp/jvndb/JVNDB-2014-000045; http://packetstormsecurity.com/files/127215/VMware-Security-Advisory-2014-0007.html","VCDSA23464","1"
"917","CVE-2014-0114","Apache Commons BeanUtils, as distributed in lib/commons-beanutils-1.8.0.jar in Apache Struts 1.x through 1.3.10 and in other products requiring commons-beanutils through 1.9.2, does not suppress the class property, which allows remote attackers to ""manipulate"" the ClassLoader and execute arbitrary code via the class parameter, as demonstrated by the passing of this parameter to the getClass method of the ActionForm object in Struts 1.","7.5","HIGH","2014-04-30","http://advisories.mageia.org/MGASA-2014-0219.html; http://apache-ignite-developers.2346864.n4.nabble.com/CVE-2014-0114-Apache-Ignite-is-vulnerable-to-existing-CVE-2014-0114-td31205.html; http://commons.apache.org/proper/commons-beanutils/javadocs/v1.9.2/RELEASE-NOTES.txt","VCDSA23465","1"
"918","CVE-2014-0138","The default configuration in cURL and libcurl 7.10.6 before 7.36.0 re-uses (1) SCP, (2) SFTP, (3) POP3, (4) POP3S, (5) IMAP, (6) IMAPS, (7) SMTP, (8) SMTPS, (9) LDAP, and (10) LDAPS connections, which might allow context-dependent attackers to connect as other users via a request, a similar issue to CVE-2014-0015.","6.4","MEDIUM","2014-04-15","http://curl.haxx.se/docs/adv_20140326A.html; http://lists.opensuse.org/opensuse-updates/2014-04/msg00042.html; http://seclists.org/fulldisclosure/2014/Dec/23","VCDSA23469","1"
"919","CVE-2014-0160","The (1) TLS and (2) DTLS implementations in OpenSSL 1.0.1 before 1.0.1g do not properly handle Heartbeat Extension packets, which allows remote attackers to obtain sensitive information from process memory via crafted packets that trigger a buffer over-read, as demonstrated by reading private keys, related to d1_both.c and t1_lib.c, aka the Heartbleed bug.","7.5","HIGH","2014-04-07","http://advisories.mageia.org/MGASA-2014-0165.html; http://blog.fox-it.com/2014/04/08/openssl-heartbleed-bug-live-blog/; http://cogentdatahub.com/ReleaseNotes.html","VCDSA23445","1"
"920","CVE-2014-0191","The xmlParserHandlePEReference function in parser.c in libxml2 before 2.9.2, as used in Web Listener in Oracle HTTP Server in Oracle Fusion Middleware 11.1.1.7.0, 12.1.2.0, and 12.1.3.0 and other products, loads external parameter entities regardless of whether entity substitution or validation is enabled, which allows remote attackers to cause a denial of service (resource consumption) via a crafted XML document.","4.3","MEDIUM","2015-01-21","http://lists.apple.com/archives/security-announce/2015/Aug/msg00001.html; http://lists.apple.com/archives/security-announce/2015/Aug/msg00002.html; http://lists.opensuse.org/opensuse-updates/2015-12/msg00120.html","VCDSA23469","1"
"921","CVE-2014-0195","The dtls1_reassemble_fragment function in d1_both.c in OpenSSL before 0.9.8za, 1.0.0 before 1.0.0m, and 1.0.1 before 1.0.1h does not properly validate fragment lengths in DTLS ClientHello messages, which allows remote attackers to execute arbitrary code or cause a denial of service (buffer overflow and application crash) via a long non-initial fragment.","6.8","MEDIUM","2014-06-05","http://aix.software.ibm.com/aix/efixes/security/openssl_advisory9.asc; http://h30499.www3.hp.com/t5/HP-Security-Research-Blog/Once-Bled-Twice-Shy-OpenSSL-CVE-2014-0195/ba-p/6501048; http://h30499.www3.hp.com/t5/HP-Security-Research-Blog/ZDI-14-173-CVE-2014-0195-OpenSSL-DTLS-Fragment-Out-of-Bounds/ba-p/6501002","VCDSA23447","1"
"922","CVE-2014-0198","The do_ssl3_write function in s3_pkt.c in OpenSSL 1.x through 1.0.1g, when SSL_MODE_RELEASE_BUFFERS is enabled, does not properly manage a buffer pointer during certain recursive calls, which allows remote attackers to cause a denial of service (NULL pointer dereference and application crash) via vectors that trigger an alert condition.","4.3","MEDIUM","2014-05-06","http://advisories.mageia.org/MGASA-2014-0204.html; http://aix.software.ibm.com/aix/efixes/security/openssl_advisory9.asc; http://kb.juniper.net/InfoCenter/index?page=content&id=JSA10629","VCDSA23447","1"
"923","CVE-2014-0221","The dtls1_get_message_fragment function in d1_both.c in OpenSSL before 0.9.8za, 1.0.0 before 1.0.0m, and 1.0.1 before 1.0.1h allows remote attackers to cause a denial of service (recursion and client crash) via a DTLS hello message in an invalid DTLS handshake.","4.3","MEDIUM","2014-06-05","http://aix.software.ibm.com/aix/efixes/security/openssl_advisory9.asc; http://kb.juniper.net/InfoCenter/index?page=content&id=JSA10629; http://linux.oracle.com/errata/ELSA-2014-1053.html","VCDSA23447","1"
"924","CVE-2014-0224","OpenSSL before 0.9.8za, 1.0.0 before 1.0.0m, and 1.0.1 before 1.0.1h does not properly restrict processing of ChangeCipherSpec messages, which allows man-in-the-middle attackers to trigger use of a zero-length master key in certain OpenSSL-to-OpenSSL communications, and consequently hijack sessions or obtain sensitive information, via a crafted TLS handshake, aka the ""CCS Injection"" vulnerability.","7.4","HIGH","2014-06-05","http://aix.software.ibm.com/aix/efixes/security/openssl_advisory9.asc; http://ccsinjection.lepidum.co.jp; http://dev.mysql.com/doc/relnotes/workbench/en/wb-news-6-1-7.html","VCDSA23447","1"
"925","CVE-2014-1207","VMware ESXi 4.0 through 5.1 and ESX 4.0 and 4.1 allow remote attackers to cause a denial of service (NULL pointer dereference) by intercepting and modifying Network File Copy (NFC) traffic.","4.3","MEDIUM","2014-01-17","http://osvdb.org/102196; http://secunia.com/advisories/56499; http://www.securityfocus.com/bid/64995","VCDSA23461","1"
"926","CVE-2014-1208","VMware Workstation 9.x before 9.0.1, VMware Player 5.x before 5.0.1, VMware Fusion 5.x before 5.0.1, VMware ESXi 4.0 through 5.1, and VMware ESX 4.0 and 4.1 allow guest OS users to cause a denial of service (VMX process disruption) by using an invalid port.","3.3","LOW","2014-01-17","http://osvdb.org/102197; http://secunia.com/advisories/56499; http://www.securityfocus.com/bid/64994","VCDSA23461","1"
"927","CVE-2014-1209","VMware vSphere Client 4.0, 4.1, 5.0 before Update 3, and 5.1 before Update 2 does not properly validate updates to Client files, which allows remote attackers to trigger the downloading and execution of an arbitrary program via unspecified vectors.","9.3","HIGH","2014-04-11","http://www.vmware.com/security/advisories/VMSA-2014-0003.html; http://www.vmware.com/security/advisories/VMSA-2014-0003.html","VCDSA23463","1"
"928","CVE-2014-1210","VMware vSphere Client 5.0 before Update 3 and 5.1 before Update 2 does not properly validate X.509 certificates, which allows man-in-the-middle attackers to spoof SSL servers via a crafted certificate.","5.8","MEDIUM","2014-04-11","http://www.vmware.com/security/advisories/VMSA-2014-0003.html; http://www.vmware.com/security/advisories/VMSA-2014-0003.html","VCDSA23463","1"
"929","CVE-2014-1211","Cross-site request forgery (CSRF) vulnerability in VMware vCloud Director 5.1.x before 5.1.3 allows remote attackers to hijack the authentication of arbitrary users for requests that trigger a logout.","6.8","MEDIUM","2014-01-17","http://osvdb.org/102198; http://www.securityfocus.com/bid/64993; http://www.securitytracker.com/id/1029645","VCDSA23461","1"
"930","CVE-2014-3470","The ssl3_send_client_key_exchange function in s3_clnt.c in OpenSSL before 0.9.8za, 1.0.0 before 1.0.0m, and 1.0.1 before 1.0.1h, when an anonymous ECDH cipher suite is used, allows remote attackers to cause a denial of service (NULL pointer dereference and client crash) by triggering a NULL certificate value.","4.3","MEDIUM","2014-06-05","http://aix.software.ibm.com/aix/efixes/security/openssl_advisory9.asc; http://kb.juniper.net/InfoCenter/index?page=content&id=JSA10629; http://kb.juniper.net/InfoCenter/index?page=content&id=KB29195","VCDSA23447","1"
"931","CVE-2014-3513","Memory leak in d1_srtp.c in the DTLS SRTP extension in OpenSSL 1.0.1 before 1.0.1j allows remote attackers to cause a denial of service (memory consumption) via a crafted handshake message.","7.1","HIGH","2014-10-19","ftp://ftp.netbsd.org/pub/NetBSD/security/advisories/NetBSD-SA2014-015.txt.asc; http://advisories.mageia.org/MGASA-2014-0416.html; http://aix.software.ibm.com/aix/efixes/security/openssl_advisory11.asc","VCDSA23471","1"
"932","CVE-2014-3566","The SSL protocol 3.0, as used in OpenSSL through 1.0.1i and other products, uses nondeterministic CBC padding, which makes it easier for man-in-the-middle attackers to obtain cleartext data via a padding-oracle attack, aka the ""POODLE"" issue.","3.4","LOW","2014-10-15","ftp://ftp.netbsd.org/pub/NetBSD/security/advisories/NetBSD-SA2014-015.txt.asc; http://advisories.mageia.org/MGASA-2014-0416.html; http://aix.software.ibm.com/aix/efixes/security/openssl_advisory11.asc","VCDSA23471","1"
"933","CVE-2014-3567","Memory leak in the tls_decrypt_ticket function in t1_lib.c in OpenSSL before 0.9.8zc, 1.0.0 before 1.0.0o, and 1.0.1 before 1.0.1j allows remote attackers to cause a denial of service (memory consumption) via a crafted session ticket that triggers an integrity-check failure.","7.1","HIGH","2014-10-19","ftp://ftp.netbsd.org/pub/NetBSD/security/advisories/NetBSD-SA2014-015.txt.asc; http://advisories.mageia.org/MGASA-2014-0416.html; http://aix.software.ibm.com/aix/efixes/security/openssl_advisory11.asc","VCDSA23471","1"
"934","CVE-2014-3568","OpenSSL before 0.9.8zc, 1.0.0 before 1.0.0o, and 1.0.1 before 1.0.1j does not properly enforce the no-ssl3 build option, which allows remote attackers to bypass intended access restrictions via an SSL 3.0 handshake, related to s23_clnt.c and s23_srvr.c.","4.3","MEDIUM","2014-10-19","ftp://ftp.netbsd.org/pub/NetBSD/security/advisories/NetBSD-SA2014-015.txt.asc; http://lists.apple.com/archives/security-announce/2015/Jan/msg00003.html; http://lists.apple.com/archives/security-announce/2015/Sep/msg00002.html","VCDSA23471","1"
"935","CVE-2014-3660","parser.c in libxml2 before 2.9.2 does not properly prevent entity expansion even when entity substitution has been disabled, which allows context-dependent attackers to cause a denial of service (CPU consumption) via a crafted XML document containing a large number of nested entity references, a variant of the ""billion laughs"" attack.","5.0","MEDIUM","2014-11-04","http://kb.juniper.net/InfoCenter/index?page=content&id=JSA10705; http://lists.apple.com/archives/security-announce/2015/Aug/msg00001.html; http://lists.apple.com/archives/security-announce/2015/Aug/msg00002.html","VCDSA23471","1"
"936","CVE-2014-3793","VMware Tools in VMware Workstation 10.x before 10.0.2, VMware Player 6.x before 6.0.2, VMware Fusion 6.x before 6.0.3, and VMware ESXi 5.0 through 5.5, when a Windows 8.1 guest OS is used, allows guest OS users to gain guest OS privileges or cause a denial of service (kernel NULL pointer dereference and guest OS crash) via unspecified vectors.","5.8","MEDIUM","2014-05-31","http://packetstormsecurity.com/files/126869/VMware-Security-Advisory-2014-0005.html; http://secunia.com/advisories/58894; http://www.securityfocus.com/archive/1/532236/100/0/threaded","VCDSA23446","1"
"937","CVE-2014-3796","VMware NSX 6.0 before 6.0.6, and vCloud Networking and Security (vCNS) 5.1 before 5.1.4.2 and 5.5 before 5.5.3, does not properly validate input, which allows attackers to obtain sensitive information via unspecified vectors.","5.0","MEDIUM","2014-09-15","http://secunia.com/advisories/59938; http://www.securitytracker.com/id/1030835; http://www.vmware.com/security/advisories/VMSA-2014-0009.html","VCDSA23466","1"
"938","CVE-2014-3797","Cross-site scripting (XSS) vulnerability in VMware vCenter Server Appliance (vCSA) 5.1 before Update 3 allows remote attackers to inject arbitrary web script or HTML via unspecified vectors.","4.3","MEDIUM","2014-12-08","http://seclists.org/fulldisclosure/2014/Dec/23; http://www.securityfocus.com/archive/1/534161/100/0/threaded; http://www.vmware.com/security/advisories/VMSA-2014-0012.html","VCDSA23469","1"
"939","CVE-2014-4624","EMC Avamar Data Store (ADS) and Avamar Virtual Edition (AVE) 6.x and 7.0.x through 7.0.2-43 do not require authentication for Java API calls, which allows remote attackers to discover grid MCUser and GSAN passwords via a crafted call.","5.0","MEDIUM","2014-10-25","http://archives.neohapsis.com/archives/bugtraq/2014-10/0147.html; http://packetstormsecurity.com/files/128843/EMC-Avamar-Sensitive-Information-Disclosure.html; http://packetstormsecurity.com/files/128850/VMware-Security-Advisory-2014-0011.html","VCDSA23468","1"
"940","CVE-2014-4632","VMware vSphere Data Protection (VDP) 5.1, 5.5 before 5.5.9, and 5.8 before 5.8.1 and the proxy client in EMC Avamar Data Store (ADS) and Avamar Virtual Edition (AVE) 6.x and 7.0.x do not properly verify X.509 certificates from vCenter Server SSL servers, which allows man-in-the-middle attackers to spoof servers, and bypass intended backup and restore access restrictions, via a crafted certificate.","4.3","MEDIUM","2015-02-01","http://archives.neohapsis.com/archives/bugtraq/2015-01/0154.html; http://www.securitytracker.com/id/1031664; http://www.vmware.com/security/advisories/VMSA-2015-0002.html","VCDSA23448","1"
"941","CVE-2014-6271","GNU Bash through 4.3 processes trailing strings after function definitions in the values of environment variables, which allows remote attackers to execute arbitrary code via a crafted environment, as demonstrated by vectors involving the ForceCommand feature in OpenSSH sshd, the mod_cgi and mod_cgid modules in the Apache HTTP Server, scripts executed by unspecified DHCP clients, and other situations in which setting the environment occurs across a privilege boundary from Bash execution, aka ""ShellShock.""  NOTE: the original fix for this issue was incorrect; CVE-2014-7169 has been assigned to cover the vulnerability that is still present after the incorrect fix.","9.8","CRITICAL","2014-09-24","http://advisories.mageia.org/MGASA-2014-0388.html; http://archives.neohapsis.com/archives/bugtraq/2014-10/0101.html; http://jvn.jp/en/jp/JVN55667175/index.html","VCDSA23467","1"
"942","CVE-2014-6277","GNU Bash through 4.3 bash43-026 does not properly parse function definitions in the values of environment variables, which allows remote attackers to execute arbitrary code or cause a denial of service (uninitialized memory access, and untrusted-pointer read and write operations) via a crafted environment, as demonstrated by vectors involving the ForceCommand feature in OpenSSH sshd, the mod_cgi and mod_cgid modules in the Apache HTTP Server, scripts executed by unspecified DHCP clients, and other situations in which setting the environment occurs across a privilege boundary from Bash execution.  NOTE: this vulnerability exists because of an incomplete fix for CVE-2014-6271 and CVE-2014-7169.","10.0","HIGH","2014-09-27","http://jvn.jp/en/jp/JVN55667175/index.html; http://jvndb.jvn.jp/jvndb/JVNDB-2014-000126; http://lcamtuf.blogspot.com/2014/09/bash-bug-apply-unofficial-patch-now.html","VCDSA23467","1"
"943","CVE-2014-6278","GNU Bash through 4.3 bash43-026 does not properly parse function definitions in the values of environment variables, which allows remote attackers to execute arbitrary commands via a crafted environment, as demonstrated by vectors involving the ForceCommand feature in OpenSSH sshd, the mod_cgi and mod_cgid modules in the Apache HTTP Server, scripts executed by unspecified DHCP clients, and other situations in which setting the environment occurs across a privilege boundary from Bash execution.  NOTE: this vulnerability exists because of an incomplete fix for CVE-2014-6271, CVE-2014-7169, and CVE-2014-6277.","8.8","HIGH","2014-09-30","http://jvn.jp/en/jp/JVN55667175/index.html; http://jvndb.jvn.jp/jvndb/JVNDB-2014-000126; http://lcamtuf.blogspot.com/2014/09/bash-bug-apply-unofficial-patch-now.html","VCDSA23467","1"
"944","CVE-2014-6593","Unspecified vulnerability in Oracle Java SE 5.0u75, 6u85, 7u72, and 8u25; Java SE Embedded 7u71 and 8u6; and JRockit 27.8.4 and 28.3.4 allows remote attackers to affect confidentiality and integrity via vectors related to JSSE.","4.0","MEDIUM","2015-01-21","http://h20564.www2.hp.com/hpsc/doc/public/display?docId=emr_na-c04583581; http://lists.opensuse.org/opensuse-security-announce/2015-02/msg00001.html; http://lists.opensuse.org/opensuse-security-announce/2015-02/msg00024.html","VCDSA23449","1"
"945","CVE-2014-7169","GNU Bash through 4.3 bash43-025 processes trailing strings after certain malformed function definitions in the values of environment variables, which allows remote attackers to write to files or possibly have unknown other impact via a crafted environment, as demonstrated by vectors involving the ForceCommand feature in OpenSSH sshd, the mod_cgi and mod_cgid modules in the Apache HTTP Server, scripts executed by unspecified DHCP clients, and other situations in which setting the environment occurs across a privilege boundary from Bash execution.  NOTE: this vulnerability exists because of an incomplete fix for CVE-2014-6271.","9.8","CRITICAL","2014-09-25","http://advisories.mageia.org/MGASA-2014-0393.html; http://archives.neohapsis.com/archives/bugtraq/2014-10/0101.html; http://jvn.jp/en/jp/JVN55667175/index.html","VCDSA23467","1"
"946","CVE-2014-7186","The redirection implementation in parse.y in GNU Bash through 4.3 bash43-026 allows remote attackers to cause a denial of service (out-of-bounds array access and application crash) or possibly have unspecified other impact via crafted use of here documents, aka the ""redir_stack"" issue.","10.0","HIGH","2014-09-28","http://jvn.jp/en/jp/JVN55667175/index.html; http://jvndb.jvn.jp/jvndb/JVNDB-2014-000126; http://lists.apple.com/archives/security-announce/2015/Jan/msg00003.html","VCDSA23467","1"
"947","CVE-2014-7187","Off-by-one error in the read_token_word function in parse.y in GNU Bash through 4.3 bash43-026 allows remote attackers to cause a denial of service (out-of-bounds array access and application crash) or possibly have unspecified other impact via deeply nested for loops, aka the ""word_lineno"" issue.","10.0","HIGH","2014-09-28","http://jvn.jp/en/jp/JVN55667175/index.html; http://jvndb.jvn.jp/jvndb/JVNDB-2014-000126; http://lists.apple.com/archives/security-announce/2015/Jan/msg00003.html","VCDSA23467","1"
"948","CVE-2014-8370","VMware Workstation 10.x before 10.0.5, VMware Player 6.x before 6.0.5, VMware Fusion 6.x before 6.0.5, and VMware ESXi 5.0 through 5.5 allow host OS users to gain host OS privileges or cause a denial of service (arbitrary write to a file) by modifying a configuration file.","6.4","MEDIUM","2015-01-29","http://jvn.jp/en/jp/JVN88252465/index.html; http://jvndb.jvn.jp/jvndb/JVNDB-2015-000007; http://secunia.com/advisories/62551","VCDSA23471","1"
"949","CVE-2014-8371","VMware vCenter Server Appliance (vCSA) 5.5 before Update 2, 5.1 before Update 3, and 5.0 before Update 3c does not properly validate certificates when connecting to a CIM Server on an ESXi host, which allows man-in-the-middle attackers to spoof CIM servers via a crafted certificate.","4.3","MEDIUM","2014-12-08","http://seclists.org/fulldisclosure/2014/Dec/23; http://www.securityfocus.com/archive/1/534161/100/0/threaded; http://www.vmware.com/security/advisories/VMSA-2014-0012.html","VCDSA23469","1"
"950","CVE-2014-8373","The VMware Remote Console (VMRC) function in VMware vCloud Automation Center (vCAC) 6.0.1 through 6.1.1 allows remote authenticated users to gain privileges via vectors involving the ""Connect (by) Using VMRC"" function.","9.0","HIGH","2014-12-11","http://packetstormsecurity.com/files/129455/VMware-Security-Advisory-2014-0013.html; http://seclists.org/fulldisclosure/2014/Dec/33; http://secunia.com/advisories/61169","VCDSA23470","1"
"951","CVE-2015-1043","The Host Guest File System (HGFS) in VMware Workstation 10.x before 10.0.5, VMware Player 6.x before 6.0.5, and VMware Fusion 6.x before 6.0.5 and 7.x before 7.0.1 allows guest OS users to cause a guest OS denial of service via unspecified vectors.","3.3","LOW","2015-01-29","http://secunia.com/advisories/62551; http://www.securityfocus.com/bid/72337; http://www.securitytracker.com/id/1031644","VCDSA23471","1"
"952","CVE-2015-1044","vmware-authd (aka the Authorization process) in VMware Workstation 10.x before 10.0.5, VMware Player 6.x before 6.0.5, and VMware ESXi 5.0 through 5.5 allows attackers to cause a host OS denial of service via unspecified vectors.","3.3","LOW","2015-01-29","http://secunia.com/advisories/62551; http://secunia.com/advisories/62569; http://secunia.com/advisories/62669","VCDSA23471","1"
"953","CVE-2015-1047","vpxd in VMware vCenter Server 5.0 before u3e, 5.1 before u3, and 5.5 before u2 allows remote attackers to cause a denial of service via a long heartbeat message.","5.0","MEDIUM","2015-10-12","http://www.securityfocus.com/bid/76932; http://www.securitytracker.com/id/1033720; http://www.vmware.com/security/advisories/VMSA-2015-0007.html","VCDSA23482","1"
"954","CVE-2015-2336","TPView.dll in VMware Workstation 10.x before 10.0.6 and 11.x before 11.1.1, VMware Player 6.x before 6.0.6 and 7.x before 7.1.1, and VMware Horizon Client 3.2.x before 3.2.1, 3.3.x, and 5.x local-mode before 5.4.2 on Windows does not properly allocate memory, which allows guest OS users to execute arbitrary code on the host OS via unspecified vectors, a different vulnerability than CVE-2012-0897.","5.8","MEDIUM","2015-06-13","http://www.securityfocus.com/bid/75095; http://www.securitytracker.com/id/1032529; http://www.securitytracker.com/id/1032530","VCDSA23479","1"
"955","CVE-2015-2337","TPInt.dll in VMware Workstation 10.x before 10.0.6 and 11.x before 11.1.1, VMware Player 6.x before 6.0.6 and 7.x before 7.1.1, and VMware Horizon Client 3.2.x before 3.2.1, 3.3.x, and 5.x local-mode before 5.4.2 on Windows does not properly allocate memory, which allows guest OS users to execute arbitrary code on the host OS via unspecified vectors.","5.8","MEDIUM","2015-06-13","http://www.securityfocus.com/bid/75095; http://www.securitytracker.com/id/1032529; http://www.securitytracker.com/id/1032530","VCDSA23479","1"
"956","CVE-2015-2338","TPview.dll in VMware Workstation 10.x before 10.0.6 and 11.x before 11.1.1, VMware Player 6.x before 6.0.6 and 7.x before 7.1.1, and VMware Horizon Client 3.2.x before 3.2.1, 3.3.x, and 5.x local-mode before 5.4.2 on Windows does not properly allocate memory, which allows guest OS users to cause a host OS denial of service via unspecified vectors, a different vulnerability than CVE-2015-2339.","6.1","MEDIUM","2015-06-13","http://www.securityfocus.com/bid/75092; http://www.securitytracker.com/id/1032529; http://www.securitytracker.com/id/1032530","VCDSA23479","1"
"957","CVE-2015-2339","TPview.dll in VMware Workstation 10.x before 10.0.6 and 11.x before 11.1.1, VMware Player 6.x before 6.0.6 and 7.x before 7.1.1, and VMware Horizon Client 3.2.x before 3.2.1, 3.3.x, and 5.x local-mode before 5.4.2 on Windows does not properly allocate memory, which allows guest OS users to cause a host OS denial of service via unspecified vectors, a different vulnerability than CVE-2015-2338.","6.1","MEDIUM","2015-06-13","http://www.securityfocus.com/bid/75092; http://www.securitytracker.com/id/1032529; http://www.securitytracker.com/id/1032530","VCDSA23479","1"
"958","CVE-2015-2340","TPInt.dll in VMware Workstation 10.x before 10.0.6 and 11.x before 11.1.1, VMware Player 6.x before 6.0.6 and 7.x before 7.1.1, and VMware Horizon Client 3.2.x before 3.2.1, 3.3.x, and 5.x local-mode before 5.4.2 on Windows does not properly allocate memory, which allows guest OS users to cause a host OS denial of service via unspecified vectors.","6.1","MEDIUM","2015-06-13","http://www.securityfocus.com/bid/75092; http://www.securitytracker.com/id/1032529; http://www.securitytracker.com/id/1032530","VCDSA23479","1"
"959","CVE-2015-2341","VMware Workstation 10.x before 10.0.5, VMware Player 6.x before 6.0.6, and VMware Fusion 6.x before 6.0.6 and 7.x before 7.0.1 allow attackers to cause a denial of service against a 32-bit guest OS or 64-bit host OS via a crafted RPC command.","7.8","HIGH","2015-06-13","http://www.securityfocus.com/bid/75094; http://www.securitytracker.com/id/1032530; http://www.vmware.com/security/advisories/VMSA-2015-0004.html","VCDSA23479","1"
"960","CVE-2015-2342","The JMX RMI service in VMware vCenter Server 5.0 before u3e, 5.1 before u3b, 5.5 before u3, and 6.0 before u1 does not restrict registration of MBeans, which allows remote attackers to execute arbitrary code via the RMI protocol.","10.0","HIGH","2015-10-12","http://seclists.org/fulldisclosure/2015/Oct/1; http://www.securityfocus.com/bid/76930; http://www.securitytracker.com/id/1033720","VCDSA23482","1"
"961","CVE-2015-2344","Cross-site scripting (XSS) vulnerability in VMware vRealize Automation 6.x before 6.2.4 on Linux allows remote authenticated users to inject arbitrary web script or HTML via unspecified vectors.","5.4","MEDIUM","2016-03-16","http://www.securitytracker.com/id/1035270; http://www.vmware.com/security/advisories/VMSA-2016-0003.html; http://www.securitytracker.com/id/1035270","VCDSA23474","1"
"962","CVE-2015-3269","Apache Flex BlazeDS, as used in flex-messaging-core.jar in Adobe LiveCycle Data Services (LCDS) 3.0.x before 3.0.0.354170, 4.5 before 4.5.1.354169, 4.6.2 before 4.6.2.354169, and 4.7 before 4.7.0.354169 and other products, allows remote attackers to read arbitrary files via an AMF message containing an XML external entity declaration in conjunction with an entity reference, related to an XML External Entity (XXE) issue.","5.0","MEDIUM","2015-08-25","http://marc.info/?l=bugtraq&m=145706712500978&w=2; http://www.securityfocus.com/archive/1/536266/100/0/threaded; http://www.securityfocus.com/bid/76394","VCDSA23483","1"
"963","CVE-2015-3650","vmware-vmx.exe in VMware Workstation 7.x through 10.x before 10.0.7 and 11.x before 11.1.1, VMware Player 5.x and 6.x before 6.0.7 and 7.x before 7.1.1, and VMware Horizon Client 5.x local-mode before 5.4.2 on Windows does not provide a valid DACL pointer during the setup of the vprintproxy.exe process, which allows host OS users to gain host OS privileges by injecting a thread.","7.2","HIGH","2015-07-10","http://www.securitytracker.com/id/1032822; http://www.securitytracker.com/id/1032823; http://www.vmware.com/security/advisories/VMSA-2015-0005.html","VCDSA23480","1"
"964","CVE-2015-5177","Double free vulnerability in the SLPDKnownDAAdd function in slpd/slpd_knownda.c in OpenSLP 1.2.1 allows remote attackers to cause a denial of service (crash) via a crafted package.","7.5","HIGH","2017-10-22","http://sourceforge.net/p/openslp/mercurial/ci/2bc15d0494f886d9c4fe342d23bc160605aea51d/; http://www.securityfocus.com/bid/76635; http://www.securitytracker.com/id/1033719","VCDSA23482","1"
"965","CVE-2015-5191","VMware Tools prior to 10.0.9 contains multiple file system races in libDeployPkg, related to the use of hard-coded paths under /tmp. Successful exploitation of this issue may result in a local privilege escalation. CVSS:3.0/AV:L/AC:H/PR:L/UI:R/S:U/C:H/I:H/A:H","6.7","MEDIUM","2017-07-28","http://www.securityfocus.com/bid/100011; http://www.securitytracker.com/id/1039013; https://www.vmware.com/security/advisories/VMSA-2017-0013.html","VCDSA23509","1"
"966","CVE-2015-5255","Adobe BlazeDS, as used in ColdFusion 10 before Update 18 and 11 before Update 7 and LiveCycle Data Services 3.0.x before 3.0.0.354175, 3.1.x before 3.1.0.354180, 4.5.x before 4.5.1.354177, 4.6.2.x before 4.6.2.354178, and 4.7.x before 4.7.0.354178, allows remote attackers to send HTTP traffic to intranet servers via a crafted XML document, related to a Server-Side Request Forgery (SSRF) issue.","4.3","MEDIUM","2015-11-18","http://marc.info/?l=bugtraq&m=145996963420108&w=2; http://packetstormsecurity.com/files/134506/Apache-Flex-BlazeDS-4.7.1-SSRF.html; http://www.securityfocus.com/archive/1/536958/100/0/threaded","VCDSA23483","1"
"967","CVE-2015-6931","Cross-site scripting (XSS) vulnerability in the vSphere Web Client in VMware vCenter Server 5.0 before U3g, 5.1 before U3d, and 5.5 before U2d allows remote attackers to inject arbitrary web script or HTML via a crafted URL.","6.1","MEDIUM","2016-07-03","http://www.securitytracker.com/id/1036112; http://www.vmware.com/security/advisories/VMSA-2016-0009.html; http://www.securitytracker.com/id/1036112","VCDSA23491","1"
"968","CVE-2015-6932","VMware vCenter Server 5.5 before u3 and 6.0 before u1 does not verify X.509 certificates from TLS LDAP servers, which allows man-in-the-middle attackers to spoof servers and obtain sensitive information via a crafted certificate.","5.8","MEDIUM","2015-09-18","http://www.securitytracker.com/id/1033582; http://www.vmware.com/security/advisories/VMSA-2015-0006.html; http://www.securitytracker.com/id/1033582","VCDSA23481","1"
"969","CVE-2015-6933","The VMware Tools HGFS (aka Shared Folders) implementation in VMware Workstation 11.x before 11.1.2, VMware Player 7.x before 7.1.2, VMware Fusion 7.x before 7.1.2, and VMware ESXi 5.0 through 6.0 allows Windows guest OS users to gain guest OS privileges or cause a denial of service (guest OS kernel memory corruption) via unspecified vectors.","6.3","MEDIUM","2016-01-09","http://www.securitytracker.com/id/1034603; http://www.securitytracker.com/id/1034604; http://www.vmware.com/security/advisories/VMSA-2016-0001.html","VCDSA23472","1"
"970","CVE-2015-6934","Serialized-object interfaces in VMware vRealize Orchestrator 6.x, vCenter Orchestrator 5.x, vRealize Operations 6.x, vCenter Operations 5.x, and vCenter Application Discovery Manager (vADM) 7.x allow remote attackers to execute arbitrary commands via a crafted serialized Java object, related to the Apache Commons Collections library.","7.3","HIGH","2015-12-21","http://www.securityfocus.com/bid/79648; http://www.vmware.com/security/advisories/VMSA-2015-0009.html; http://www.securityfocus.com/bid/79648","VCDSA23484","1"
"971","CVE-2015-7547","Multiple stack-based buffer overflows in the (1) send_dg and (2) send_vc functions in the libresolv library in the GNU C Library (aka glibc or libc6) before 2.23 allow remote attackers to cause a denial of service (crash) or possibly execute arbitrary code via a crafted DNS response that triggers a call to the getaddrinfo function with the AF_UNSPEC or AF_INET6 address family, related to performing ""dual A/AAAA DNS queries"" and the libnss_dns.so.2 NSS module.","8.1","HIGH","2016-02-18","http://fortiguard.com/advisory/glibc-getaddrinfo-stack-overflow; http://lists.fedoraproject.org/pipermail/package-announce/2016-February/177404.html; http://lists.fedoraproject.org/pipermail/package-announce/2016-February/177412.html","VCDSA23473","1"
"972","CVE-2016-2075","Cross-site scripting (XSS) vulnerability in VMware vRealize Business Advanced and Enterprise 8.x before 8.2.5 on Linux allows remote authenticated users to inject arbitrary web script or HTML via unspecified vectors.","5.4","MEDIUM","2016-03-16","http://www.securitytracker.com/id/1035270; http://www.vmware.com/security/advisories/VMSA-2016-0003.html; http://www.securitytracker.com/id/1035270","VCDSA23474","1"
"973","CVE-2016-2076","Client Integration Plugin (CIP) in VMware vCenter Server 5.5 U3a, U3b, and U3c and 6.0 before U2; vCloud Director 5.5.5; and vRealize Automation Identity Appliance 6.2.4 before 6.2.4.1 mishandles session content, which allows remote attackers to hijack sessions via a crafted web site.","7.6","HIGH","2016-04-15","http://www.securitytracker.com/id/1035570; http://www.securitytracker.com/id/1035571; http://www.securitytracker.com/id/1035572","VCDSA23475","1"
"974","CVE-2016-2077","VMware Workstation 11.x before 11.1.3 and VMware Player 7.x before 7.1.3 on Windows incorrectly access an executable file, which allows host OS users to gain host OS privileges via unspecified vectors.","9.8","CRITICAL","2016-05-18","http://www.securitytracker.com/id/1035900; http://www.vmware.com/security/advisories/VMSA-2016-0005.html; http://www.securitytracker.com/id/1035900","VCDSA23476","1"
"975","CVE-2016-2078","Cross-site scripting (XSS) vulnerability in the Web Client in VMware vCenter Server 5.1 before update 3d, 5.5 before update 3d, and 6.0 before update 2 on Windows allows remote attackers to inject arbitrary web script or HTML via the flashvars parameter.","6.1","MEDIUM","2016-06-08","http://hyp3rlinx.altervista.org/advisories/VMWARE-VSPHERE-FLASH-XSS.txt; http://packetstormsecurity.com/files/137189/VMWare-vSphere-Web-Client-6.0-Cross-Site-Scripting.html; http://www.securityfocus.com/archive/1/538484/100/0/threaded","VCDSA23477","1"
"976","CVE-2016-2079","VMware NSX Edge 6.1 before 6.1.7 and 6.2 before 6.2.3 and vCNS Edge 5.5 before 5.5.4.3, when the SSL-VPN feature is configured, allow remote attackers to obtain sensitive information via unspecified vectors.","5.9","MEDIUM","2016-07-03","http://www.securitytracker.com/id/1036077; http://www.vmware.com/security/advisories/VMSA-2016-0007.html; http://www.securitytracker.com/id/1036077","VCDSA23478","1"
"977","CVE-2016-2081","Cross-site scripting (XSS) vulnerability in VMware vRealize Log Insight 2.x and 3.x before 3.3.2 allows remote attackers to inject arbitrary web script or HTML via unspecified vectors.","6.1","MEDIUM","2016-07-03","http://www.securitytracker.com/id/1036078; http://www.vmware.com/security/advisories/VMSA-2016-0008.html; http://www.securitytracker.com/id/1036078","VCDSA23490","1"
"978","CVE-2016-2082","Cross-site request forgery (CSRF) vulnerability in VMware vRealize Log Insight 2.x and 3.x before 3.3.2 allows remote attackers to hijack the authentication of unspecified victims via unknown vectors.","8.8","HIGH","2016-07-03","http://www.securitytracker.com/id/1036078; http://www.vmware.com/security/advisories/VMSA-2016-0008.html; http://www.securitytracker.com/id/1036078","VCDSA23490","1"
"979","CVE-2016-3427","Unspecified vulnerability in Oracle Java SE 6u113, 7u99, and 8u77; Java SE Embedded 8u77; and JRockit R28.3.9 allows remote attackers to affect confidentiality, integrity, and availability via vectors related to JMX.","9.8","CRITICAL","2016-04-21","http://lists.opensuse.org/opensuse-security-announce/2016-05/msg00006.html; http://lists.opensuse.org/opensuse-security-announce/2016-05/msg00009.html; http://lists.opensuse.org/opensuse-security-announce/2016-05/msg00012.html","VCDSA23476","1"
"980","CVE-2016-5195","Race condition in mm/gup.c in the Linux kernel 2.x through 4.x before 4.8.3 allows local users to gain privileges by leveraging incorrect handling of a copy-on-write (COW) feature to write to a read-only memory mapping, as exploited in the wild in October 2016, aka ""Dirty COW.""","7.0","HIGH","2016-11-10","http://fortiguard.com/advisory/FG-IR-16-063; http://git.kernel.org/cgit/linux/kernel/git/torvalds/linux.git/commit/?id=19be0eaffa3ac7d8eb6784ad9bdbc7d67ed8e619; http://kb.juniper.net/InfoCenter/index?page=content&id=JSA10770","VCDSA23495","1"
"981","CVE-2016-5328","VMware Tools 9.x and 10.x before 10.1.0 on OS X, when System Integrity Protection (SIP) is enabled, allows local users to determine kernel memory addresses and bypass the kASLR protection mechanism via unspecified vectors.","5.5","MEDIUM","2016-12-29","http://www.securityfocus.com/bid/93886; http://www.securitytracker.com/id/1037102; http://www.vmware.com/security/advisories/VMSA-2016-0017.html","VCDSA23494","1"
"982","CVE-2016-5329","VMware Fusion 8.x before 8.5 on OS X, when System Integrity Protection (SIP) is enabled, allows local users to determine kernel memory addresses and bypass the kASLR protection mechanism via unspecified vectors.","5.5","MEDIUM","2016-12-29","http://www.securityfocus.com/bid/93888; http://www.securitytracker.com/id/1037103; http://www.vmware.com/security/advisories/VMSA-2016-0017.html","VCDSA23494","1"
"983","CVE-2016-5330","Untrusted search path vulnerability in the HGFS (aka Shared Folders) feature in VMware Tools 10.0.5 in VMware ESXi 5.0 through 6.0, VMware Workstation Pro 12.1.x before 12.1.1, VMware Workstation Player 12.1.x before 12.1.1, and VMware Fusion 8.1.x before 8.1.1 allows local users to gain privileges via a Trojan horse DLL in the current working directory.","7.8","HIGH","2016-08-08","http://www.rapid7.com/db/modules/exploit/windows/misc/vmhgfs_webdav_dll_sideload; http://www.securityfocus.com/archive/1/539131/100/0/threaded; http://www.securityfocus.com/bid/92323","VCDSA23485; VCDSA23492","2"
"984","CVE-2016-5331","CRLF injection vulnerability in VMware vCenter Server 6.0 before U2 and ESXi 6.0 allows remote attackers to inject arbitrary HTTP headers and conduct HTTP response splitting attacks via unspecified vectors.","6.1","MEDIUM","2016-08-08","http://packetstormsecurity.com/files/138211/VMware-vSphere-Hypervisor-ESXi-HTTP-Response-Injection.html; http://seclists.org/fulldisclosure/2016/Aug/38; http://www.securityfocus.com/archive/1/539128/100/0/threaded","VCDSA23492","1"
"985","CVE-2016-5332","Directory traversal vulnerability in VMware vRealize Log Insight 2.x and 3.x before 3.6.0 allows remote attackers to read arbitrary files via unspecified vectors.","5.3","MEDIUM","2016-08-31","http://www.securityfocus.com/bid/92448; http://www.securitytracker.com/id/1036619; http://www.vmware.com/security/advisories/VMSA-2016-0011.html","VCDSA23486; VCDSA23485","2"
"986","CVE-2016-5333","VMware Photos OS OVA 1.0 before 2016-08-14 has a default SSH public key in an authorized_keys file, which allows remote attackers to obtain SSH access by leveraging knowledge of the private key.","9.8","CRITICAL","2016-08-31","http://www.securityfocus.com/bid/92474; http://www.securitytracker.com/id/1036628; http://www.theregister.co.uk/2016/08/16/vmware_shipped_public_key_with_its_photon_osforcontainers/","VCDSA23486","1"
"987","CVE-2016-5334","VMware Identity Manager 2.x before 2.7.1 and vRealize Automation 7.x before 7.2.0 allow remote attackers to read /SAAS/WEB-INF and /SAAS/META-INF files via unspecified vectors.","5.3","MEDIUM","2016-12-29","http://www.securityfocus.com/bid/94482; http://www.securitytracker.com/id/1037326; http://www.vmware.com/security/advisories/VMSA-2016-0021.html","VCDSA23499","1"
"988","CVE-2016-5335","VMware Identity Manager 2.x before 2.7 and vRealize Automation 7.0.x before 7.1 allow local users to obtain root access via unspecified vectors.","7.8","HIGH","2016-08-31","http://www.securityfocus.com/bid/92608; http://www.securitytracker.com/id/1036685; http://www.vmware.com/security/advisories/VMSA-2016-0013.html","VCDSA23487","1"
"989","CVE-2016-5336","VMware vRealize Automation 7.0.x before 7.1 allows remote attackers to execute arbitrary code via unspecified vectors.","9.8","CRITICAL","2016-08-31","http://www.securityfocus.com/bid/92607; http://www.securitytracker.com/id/1036685; http://www.vmware.com/security/advisories/VMSA-2016-0013.html","VCDSA23487","1"
"990","CVE-2016-7079","The graphic acceleration functions in VMware Tools 9.x and 10.x before 10.0.9 on OS X allow local users to gain privileges or cause a denial of service (NULL pointer dereference) via unspecified vectors, a different vulnerability than CVE-2016-7080.","7.8","HIGH","2016-12-29","http://www.securityfocus.com/bid/92938; http://www.securitytracker.com/id/1036804; http://www.vmware.com/security/advisories/VMSA-2016-0014.html","VCDSA23488","1"
"991","CVE-2016-7080","The graphic acceleration functions in VMware Tools 9.x and 10.x before 10.0.9 on OS X allow local users to gain privileges or cause a denial of service (NULL pointer dereference) via unspecified vectors, a different vulnerability than CVE-2016-7079.","7.8","HIGH","2016-12-29","http://www.securityfocus.com/bid/92938; http://www.securitytracker.com/id/1036804; http://www.vmware.com/security/advisories/VMSA-2016-0014.html","VCDSA23488","1"
"992","CVE-2016-7081","Multiple heap-based buffer overflows in VMware Workstation Pro 12.x before 12.5.0 and VMware Workstation Player 12.x before 12.5.0 on Windows, when Cortado ThinPrint virtual printing is enabled, allow guest OS users to execute arbitrary code on the host OS via unspecified vectors.","7.8","HIGH","2016-12-29","http://www.securityfocus.com/bid/92935; http://www.securitytracker.com/id/1036805; http://www.vmware.com/security/advisories/VMSA-2016-0014.html","VCDSA23488","1"
"993","CVE-2016-7082","VMware Workstation Pro 12.x before 12.5.0 and VMware Workstation Player 12.x before 12.5.0 on Windows, when Cortado ThinPrint virtual printing is enabled, allow guest OS users to execute arbitrary code on the host OS or cause a denial of service (host OS memory corruption) via an EMF file.","7.8","HIGH","2016-12-29","http://www.securityfocus.com/bid/92934; http://www.securitytracker.com/id/1036805; http://www.vmware.com/security/advisories/VMSA-2016-0014.html","VCDSA23488","1"
"994","CVE-2016-7083","VMware Workstation Pro 12.x before 12.5.0 and VMware Workstation Player 12.x before 12.5.0 on Windows, when Cortado ThinPrint virtual printing is enabled, allow guest OS users to execute arbitrary code on the host OS or cause a denial of service (host OS memory corruption) via TrueType fonts embedded in EMFSPOOL.","7.8","HIGH","2016-12-29","http://www.securityfocus.com/bid/92934; http://www.securitytracker.com/id/1036805; http://www.vmware.com/security/advisories/VMSA-2016-0014.html","VCDSA23488","1"
"995","CVE-2016-7084","tpview.dll in VMware Workstation Pro 12.x before 12.5.0 and VMware Workstation Player 12.x before 12.5.0 on Windows, when Cortado ThinPrint virtual printing is enabled, allows guest OS users to execute arbitrary code on the host OS or cause a denial of service (host OS memory corruption) via a JPEG 2000 image.","7.8","HIGH","2016-12-29","http://www.securityfocus.com/bid/92934; http://www.securitytracker.com/id/1036805; http://www.vmware.com/security/advisories/VMSA-2016-0014.html","VCDSA23488","1"
"996","CVE-2016-7085","Untrusted search path vulnerability in the installer in VMware Workstation Pro 12.x before 12.5.0 and VMware Workstation Player 12.x before 12.5.0 on Windows allows local users to gain privileges via a Trojan horse DLL in an unspecified directory.","7.8","HIGH","2016-12-29","http://www.securityfocus.com/bid/92940; http://www.securitytracker.com/id/1036805; http://www.vmware.com/security/advisories/VMSA-2016-0014.html","VCDSA23488","1"
"997","CVE-2016-7086","The installer in VMware Workstation Pro 12.x before 12.5.0 and VMware Workstation Player 12.x before 12.5.0 on Windows allows local users to gain privileges via a Trojan horse setup64.exe file in the installation directory.","7.8","HIGH","2016-12-29","http://www.securityfocus.com/bid/92941; http://www.securitytracker.com/id/1036805; http://www.vmware.com/security/advisories/VMSA-2016-0014.html","VCDSA23488","1"
"998","CVE-2016-7087","Directory traversal vulnerability in the Connection Server in VMware Horizon View 5.x before 5.3.7, 6.x before 6.2.3, and 7.x before 7.0.1 allows remote attackers to obtain sensitive information via unspecified vectors.","5.3","MEDIUM","2016-12-29","http://www.securityfocus.com/bid/93455; http://www.securitytracker.com/id/1036972; http://www.vmware.com/security/advisories/VMSA-2016-0015.html","VCDSA23489","1"
"999","CVE-2016-7456","VMware vSphere Data Protection (VDP) 5.5.x though 6.1.x has an SSH private key with a publicly known password, which makes it easier for remote attackers to obtain login access via an SSH session.","9.8","CRITICAL","2016-12-29","http://www.securityfocus.com/bid/94990; http://www.securitytracker.com/id/1037502; http://www.vmware.com/security/advisories/VMSA-2016-0024.html","VCDSA23502","1"
"1000","CVE-2016-7457","VMware vRealize Operations (aka vROps) 6.x before 6.4.0 allows remote authenticated users to gain privileges, or halt and remove virtual machines, via unspecified vectors.","10.0","CRITICAL","2016-12-29","http://www.securityfocus.com/bid/93499; http://www.securitytracker.com/id/1036999; http://www.vmware.com/security/advisories/VMSA-2016-0016.html","VCDSA23493","1"
"1001","CVE-2016-7458","VMware vSphere Client 5.5 before U3e and 6.0 before U2a allows remote vCenter Server and ESXi instances to read arbitrary files via an XML document containing an external entity declaration in conjunction with an entity reference, related to an XML External Entity (XXE) issue.","5.8","MEDIUM","2016-12-29","http://www.securityfocus.com/bid/94483; http://www.securitytracker.com/id/1037328; http://www.vmware.com/security/advisories/VMSA-2016-0022.html","VCDSA23500","1"
"1002","CVE-2016-7459","VMware vCenter Server 5.5 before U3e and 6.0 before U2a allows remote authenticated users to read arbitrary files via a (1) Log Browser, (2) Distributed Switch setup, or (3) Content Library XML document containing an external entity declaration in conjunction with an entity reference, related to an XML External Entity (XXE) issue.","7.7","HIGH","2016-12-29","http://www.securityfocus.com/bid/94486; http://www.securitytracker.com/id/1037329; http://www.vmware.com/security/advisories/VMSA-2016-0022.html","VCDSA23500","1"
"1003","CVE-2016-7460","The Single Sign-On feature in VMware vCenter Server 5.5 before U3e and 6.0 before U2a and vRealize Automation 6.x before 6.2.5 allows remote attackers to read arbitrary files or cause a denial of service via an XML document containing an external entity declaration in conjunction with an entity reference, related to an XML External Entity (XXE) issue.","9.1","CRITICAL","2016-12-29","http://www.securityfocus.com/bid/94485; http://www.securitytracker.com/id/1037327; http://www.securitytracker.com/id/1037329","VCDSA23500","1"
"1004","CVE-2016-7461","The drag-and-drop (aka DnD) function in VMware Workstation Pro 12.x before 12.5.2 and VMware Workstation Player 12.x before 12.5.2 and VMware Fusion and Fusion Pro 8.x before 8.5.2 allows guest OS users to execute arbitrary code on the host OS or cause a denial of service (out-of-bounds memory access on the host OS) via unspecified vectors.","8.8","HIGH","2016-12-29","http://www.securityfocus.com/bid/94280; http://www.securitytracker.com/id/1037282; http://www.vmware.com/security/advisories/VMSA-2016-0019.html","VCDSA23496","1"
"1005","CVE-2016-7462","The Suite REST API in VMware vRealize Operations (aka vROps) 6.x before 6.4.0 allows remote authenticated users to write arbitrary content to files or rename files via a crafted DiskFileItem in a relay-request payload that is mishandled during deserialization.","8.5","HIGH","2016-12-29","http://www.securityfocus.com/bid/94351; http://www.securitytracker.com/id/1037297; http://www.vmware.com/security/advisories/VMSA-2016-0020.html","VCDSA23498","1"
"1006","CVE-2016-7463","Cross-site scripting (XSS) vulnerability in the Host Client in VMware vSphere Hypervisor (aka ESXi) 5.5 and 6.0 allows remote authenticated users to inject arbitrary web script or HTML via a crafted VM.","5.4","MEDIUM","2016-12-29","http://www.securityfocus.com/bid/94998; http://www.securitytracker.com/id/1037501; http://www.vmware.com/security/advisories/VMSA-2016-0023.html","VCDSA23501","1"
"1007","CVE-2017-15548","An issue was discovered in EMC Avamar Server 7.1.x, 7.2.x, 7.3.x, 7.4.x, 7.5.0; EMC NetWorker Virtual Edition (NVE) 9.0.x, 9.1.x, 9.2.x; and EMC Integrated Data Protection Appliance 2.0. A remote unauthenticated malicious user can potentially bypass application authentication and gain unauthorized root access to the affected systems.","9.8","CRITICAL","2018-01-05","http://seclists.org/fulldisclosure/2018/Jan/17; http://www.securityfocus.com/bid/102352; http://www.securitytracker.com/id/1040070","VCDSA23529","1"
"1008","CVE-2017-15549","An issue was discovered in EMC Avamar Server 7.1.x, 7.2.x, 7.3.x, 7.4.x, 7.5.0; EMC NetWorker Virtual Edition (NVE) 9.0.x, 9.1.x, 9.2.x; and EMC Integrated Data Protection Appliance 2.0. A remote authenticated malicious user with low privileges could potentially upload arbitrary maliciously crafted files in any location on the server file system.","8.8","HIGH","2018-01-05","http://seclists.org/fulldisclosure/2018/Jan/17; http://www.securityfocus.com/bid/102363; http://www.securitytracker.com/id/1040070","VCDSA23529","1"
"1009","CVE-2017-15550","An issue was discovered in EMC Avamar Server 7.1.x, 7.2.x, 7.3.x, 7.4.x, 7.5.0; EMC NetWorker Virtual Edition (NVE) 9.0.x, 9.1.x, 9.2.x; and EMC Integrated Data Protection Appliance 2.0. A remote authenticated malicious user with low privileges could access arbitrary files on the server file system in the context of the running vulnerable application via Path traversal.","8.8","HIGH","2018-01-05","http://seclists.org/fulldisclosure/2018/Jan/17; http://www.securityfocus.com/bid/102358; http://www.securitytracker.com/id/1040070","VCDSA23529","1"
"1010","CVE-2017-16544","In the add_match function in libbb/lineedit.c in BusyBox through 1.27.2, the tab autocomplete feature of the shell, used to get a list of filenames in a directory, does not sanitize filenames and results in executing any escape sequence in the terminal. This could potentially result in code execution, arbitrary file writes, or other attacks.","8.8","HIGH","2017-11-20","http://packetstormsecurity.com/files/154361/Cisco-Device-Hardcoded-Credentials-GNU-glibc-BusyBox.html; http://packetstormsecurity.com/files/154536/VMware-Security-Advisory-2019-0013.html; http://packetstormsecurity.com/files/167552/Nexans-FTTO-GigaSwitch-Outdated-Components-Hardcoded-Backdoor.html","VCDSA23558","1"
"1011","CVE-2017-4898","VMware Workstation Pro/Player 12.x before 12.5.3 contains a DLL loading vulnerability that occurs due to the ""vmware-vmx"" process loading DLLs from a path defined in the local environment-variable. Successful exploitation of this issue may allow normal users to escalate privileges to System in the host machine where VMware Workstation is installed.","8.8","HIGH","2017-06-07","http://www.securityfocus.com/bid/96772; http://www.securitytracker.com/id/1037979; http://www.vmware.com/security/advisories/VMSA-2017-0003.html","VCDSA23503","1"
"1012","CVE-2017-4899","VMware Workstation Pro/Player 12.x before 12.5.3 contains a security vulnerability that exists in the SVGA driver. An attacker may exploit this issue to crash the VM or trigger an out-of-bound read. Note: This issue can be triggered only when the host has no graphics card or no graphics drivers are installed.","4.7","MEDIUM","2017-06-07","http://www.securityfocus.com/bid/96771; http://www.securitytracker.com/id/1037979; http://www.vmware.com/security/advisories/VMSA-2017-0003.html","VCDSA23503","1"
"1013","CVE-2017-4900","VMware Workstation Pro/Player 12.x before 12.5.3 contains a NULL pointer dereference vulnerability that exists in the SVGA driver. Successful exploitation of this issue may allow attackers with normal user privileges to crash their VMs.","5.5","MEDIUM","2017-06-07","http://www.securityfocus.com/bid/96770; http://www.securitytracker.com/id/1037979; http://www.vmware.com/security/advisories/VMSA-2017-0003.html","VCDSA23503","1"
"1014","CVE-2017-4901","The drag-and-drop (DnD) function in VMware Workstation 12.x before version 12.5.4 and Fusion 8.x before version 8.5.5 has an out-of-bounds memory access vulnerability. This may allow a guest to execute code on the operating system that runs Workstation or Fusion.","9.9","CRITICAL","2017-06-08","http://www.securityfocus.com/bid/96881; http://www.securitytracker.com/id/1038025; https://www.vmware.com/security/advisories/VMSA-2017-0005.html","VCDSA23516","1"
"1015","CVE-2017-4902","VMware ESXi 6.5 without patch ESXi650-201703410-SG and 5.5 without patch ESXi550-201703401-SG; Workstation Pro / Player 12.x prior to 12.5.5; and Fusion Pro / Fusion 8.x prior to 8.5.6 have a Heap Buffer Overflow in SVGA. This issue may allow a guest to execute code on the host.","8.8","HIGH","2017-06-07","http://www.securityfocus.com/bid/97163; http://www.securitytracker.com/id/1038148; http://www.securitytracker.com/id/1038149","VCDSA23517","1"
"1016","CVE-2017-4903","VMware ESXi 6.5 without patch ESXi650-201703410-SG, 6.0 U3 without patch ESXi600-201703401-SG, 6.0 U2 without patch ESXi600-201703403-SG, 6.0 U1 without patch ESXi600-201703402-SG, and 5.5 without patch ESXi550-201703401-SG; Workstation Pro / Player 12.x prior to 12.5.5; and Fusion Pro / Fusion 8.x prior to 8.5.6 have an uninitialized stack memory usage in SVGA. This issue may allow a guest to execute code on the host.","8.8","HIGH","2017-06-07","http://www.securityfocus.com/bid/97160; http://www.securitytracker.com/id/1038148; http://www.securitytracker.com/id/1038149","VCDSA23517","1"
"1017","CVE-2017-4904","The XHCI controller in VMware ESXi 6.5 without patch ESXi650-201703410-SG, 6.0 U3 without patch ESXi600-201703401-SG, 6.0 U2 without patch ESXi600-201703403-SG, 6.0 U1 without patch ESXi600-201703402-SG, and 5.5 without patch ESXi550-201703401-SG; Workstation Pro / Player 12.x prior to 12.5.5; and Fusion Pro / Fusion 8.x prior to 8.5.6 has uninitialized memory usage. This issue may allow a guest to execute code on the host. The issue is reduced to a Denial of Service of the guest on ESXi 5.5.","8.8","HIGH","2017-06-07","http://www.securityfocus.com/bid/97165; http://www.securitytracker.com/id/1038148; http://www.securitytracker.com/id/1038149","VCDSA23517","1"
"1018","CVE-2017-4905","VMware ESXi 6.5 without patch ESXi650-201703410-SG, 6.0 U3 without patch ESXi600-201703401-SG, 6.0 U2 without patch ESXi600-201703403-SG, 6.0 U1 without patch ESXi600-201703402-SG, 5.5 without patch ESXi550-201703401-SG; Workstation Pro / Player 12.x prior to 12.5.5; and Fusion Pro / Fusion 8.x prior to 8.5.6 have uninitialized memory usage. This issue may lead to an information leak.","5.5","MEDIUM","2017-06-07","http://www.securityfocus.com/bid/97164; http://www.securitytracker.com/id/1038148; http://www.securitytracker.com/id/1038149","VCDSA23517","1"
"1019","CVE-2017-4907","VMware Unified Access Gateway (2.5.x, 2.7.x, 2.8.x prior to 2.8.1) and Horizon View (7.x prior to 7.1.0, 6.x prior to 6.2.4) contain a heap buffer-overflow vulnerability which may allow a remote attacker to execute code on the security gateway.","9.8","CRITICAL","2017-06-08","http://www.securityfocus.com/bid/97914; http://www.securitytracker.com/id/1038281; http://www.vmware.com/security/advisories/VMSA-2017-0008.html","VCDSA23505","1"
"1020","CVE-2017-4908","VMware Workstation (12.x prior to 12.5.3) and Horizon View Client (4.x prior to 4.4.0) contain multiple heap buffer-overflow vulnerabilities in JPEG2000 parser in the TPView.dll. On Workstation, this may allow a guest to execute code or perform a Denial of Service on the Windows OS that runs Workstation. In the case of a Horizon View Client, this may allow a View desktop to execute code or perform a Denial of Service on the Windows OS that runs the Horizon View Client. Exploitation is only possible if virtual printing has been enabled. This feature is not enabled by default on Workstation but it is enabled by default on Horizon View.","7.8","HIGH","2017-06-08","http://www.securityfocus.com/bid/97912; http://www.securitytracker.com/id/1038280; http://www.securitytracker.com/id/1038281","VCDSA23505","1"
"1021","CVE-2017-4909","VMware Workstation (12.x prior to 12.5.3) and Horizon View Client (4.x prior to 4.4.0) contain a heap buffer-overflow vulnerability in TrueType Font (TTF) parser in the TPView.dll. On Workstation, this may allow a guest to execute code or perform a Denial of Service on the Windows OS that runs Workstation. In the case of a Horizon View Client, this may allow a View desktop to execute code or perform a Denial of Service on the Windows OS that runs the Horizon View Client. Exploitation is only possible if virtual printing has been enabled. This feature is not enabled by default on Workstation but it is enabled by default on Horizon View.","7.8","HIGH","2017-06-08","http://www.securityfocus.com/bid/97911; http://www.securitytracker.com/id/1038280; http://www.securitytracker.com/id/1038281","VCDSA23505","1"
"1022","CVE-2017-4910","VMware Workstation (12.x prior to 12.5.3) and Horizon View Client (4.x prior to 4.4.0) contain multiple out-of-bounds read vulnerabilities in JPEG2000 parser in the TPView.dll. On Workstation, this may allow a guest to execute code or perform a Denial of Service on the Windows OS that runs Workstation. In the case of a Horizon View Client, this may allow a View desktop to execute code or perform a Denial of Service on the Windows OS that runs the Horizon View Client. Exploitation is only possible if virtual printing has been enabled. This feature is not enabled by default on Workstation but it is enabled by default on Horizon View.","7.8","HIGH","2017-06-08","http://www.securityfocus.com/bid/97913; http://www.securitytracker.com/id/1038280; http://www.securitytracker.com/id/1038281","VCDSA23505","1"
"1023","CVE-2017-4911","VMware Workstation (12.x prior to 12.5.3) and Horizon View Client (4.x prior to 4.4.0) contain multiple out-of-bounds write vulnerabilities in JPEG2000 parser in the TPView.dll. On Workstation, this may allow a guest to execute code or perform a Denial of Service on the Windows OS that runs Workstation. In the case of a Horizon View Client, this may allow a View desktop to execute code or perform a Denial of Service on the Windows OS that runs the Horizon View Client. Exploitation is only possible if virtual printing has been enabled. This feature is not enabled by default on Workstation but it is enabled by default on Horizon View.","7.8","HIGH","2017-06-08","http://www.securityfocus.com/bid/97916; http://www.securitytracker.com/id/1038280; http://www.securitytracker.com/id/1038281","VCDSA23505","1"
"1024","CVE-2017-4912","VMware Workstation (12.x prior to 12.5.3) and Horizon View Client (4.x prior to 4.4.0) contain multiple out-of-bounds read vulnerabilities in TrueType Font (TTF) parser in the TPView.dll. On Workstation, this may allow a guest to execute code or perform a Denial of Service on the Windows OS that runs Workstation. In the case of a Horizon View Client, this may allow a View desktop to execute code or perform a Denial of Service on the Windows OS that runs the Horizon View Client. Exploitation is only possible if virtual printing has been enabled. This feature is not enabled by default on Workstation but it is enabled by default on Horizon View.","7.8","HIGH","2017-06-08","http://www.securityfocus.com/bid/97921; http://www.securitytracker.com/id/1038280; http://www.securitytracker.com/id/1038281","VCDSA23505","1"
"1025","CVE-2017-4913","VMware Workstation (12.x prior to 12.5.3) and Horizon View Client (4.x prior to 4.4.0) contain an integer-overflow vulnerability in the True Type Font parser in the TPView.dll. On Workstation, this may allow a guest to execute code or perform a Denial of Service on the Windows OS that runs Workstation. In the case of a Horizon View Client, this may allow a View desktop to execute code or perform a Denial of Service on the Windows OS that runs the Horizon View Client. Exploitation is only possible if virtual printing has been enabled. This feature is not enabled by default on Workstation but it is enabled by default on Horizon View.","7.8","HIGH","2017-06-08","http://www.securityfocus.com/bid/97920; http://www.securitytracker.com/id/1038281; http://www.vmware.com/security/advisories/VMSA-2017-0008.html","VCDSA23505","1"
"1026","CVE-2017-4914","VMware vSphere Data Protection (VDP) 6.1.x, 6.0.x, 5.8.x, and 5.5.x contains a deserialization issue. Exploitation of this issue may allow a remote attacker to execute commands on the appliance.","9.8","CRITICAL","2017-06-07","http://www.securityfocus.com/bid/98939; http://www.securitytracker.com/id/1038617; http://www.vmware.com/security/advisories/VMSA-2017-0010.html","VCDSA23507","1"
"1027","CVE-2017-4915","VMware Workstation Pro/Player contains an insecure library loading vulnerability via ALSA sound driver configuration files. Successful exploitation of this issue may allow unprivileged host users to escalate their privileges to root in a Linux host machine.","7.8","HIGH","2017-05-22","http://www.securityfocus.com/bid/98566; http://www.securitytracker.com/id/1038525; https://www.exploit-db.com/exploits/42045/","VCDSA23506","1"
"1028","CVE-2017-4916","VMware Workstation Pro/Player contains a NULL pointer dereference vulnerability that exists in the vstor2 driver. Successful exploitation of this issue may allow host users with normal user privileges to trigger a denial-of-service in a Windows host machine.","6.5","MEDIUM","2017-05-22","http://www.securityfocus.com/bid/98560; http://www.securitytracker.com/id/1038526; https://www.exploit-db.com/exploits/42140/","VCDSA23506","1"
"1029","CVE-2017-4917","VMware vSphere Data Protection (VDP) 6.1.x, 6.0.x, 5.8.x, and 5.5.x locally stores vCenter Server credentials using reversible encryption. This issue may allow plaintext credentials to be obtained.","9.8","CRITICAL","2017-06-07","http://www.securityfocus.com/bid/98936; http://www.securitytracker.com/id/1038617; http://www.vmware.com/security/advisories/VMSA-2017-0010.html","VCDSA23529; VCDSA23507","2"
"1030","CVE-2017-4919","VMware vCenter Server 5.5, 6.0, 6.5 allows vSphere users with certain, limited vSphere privileges to use the VIX API to access Guest Operating Systems without the need to authenticate.","9.0","CRITICAL","2017-07-28","http://www.securityfocus.com/bid/100102; http://www.securitytracker.com/id/1039004; http://www.vmware.com/security/advisories/VMSA-2017-0012.html","VCDSA23508","1"
"1031","CVE-2017-4920","The implementation of the OSPF protocol in VMware NSX-V Edge 6.2.x prior to 6.2.8 and NSX-V Edge 6.3.x prior to 6.3.3 doesn't correctly handle the link-state advertisement (LSA). A rogue LSA may exploit this issue resulting in continuous sending of LSAs between two routers eventually going in loop or loss of connectivity.","5.9","MEDIUM","2017-12-05","http://www.securityfocus.com/bid/100277; https://www.vmware.com/security/advisories/VMSA-2017-0014.html; http://www.securityfocus.com/bid/100277","VCDSA23510","1"
"1032","CVE-2017-4921","VMware vCenter Server (6.5 prior to 6.5 U1) contains an insecure library loading issue that occurs due to the use of LD_LIBRARY_PATH variable in an unsafe manner. Successful exploitation of this issue may allow unprivileged host users to load a shared library that may lead to privilege escalation.","8.8","HIGH","2017-08-01","http://www.securityfocus.com/bid/100006; http://www.securitytracker.com/id/1039013; https://www.vmware.com/security/advisories/VMSA-2017-0013.html","VCDSA23509","1"
"1033","CVE-2017-4922","VMware vCenter Server (6.5 prior to 6.5 U1) contains an information disclosure issue due to the service startup script using world writable directories as temporary storage for critical information. Successful exploitation of this issue may allow unprivileged host users to access certain critical information when the service gets restarted.","6.5","MEDIUM","2017-08-01","http://www.securityfocus.com/bid/100012; http://www.securitytracker.com/id/1039013; https://www.vmware.com/security/advisories/VMSA-2017-0013.html","VCDSA23509","1"
"1034","CVE-2017-4923","VMware vCenter Server (6.5 prior to 6.5 U1) contains an information disclosure vulnerability. This issue may allow plaintext credentials to be obtained when using the vCenter Server Appliance file-based backup feature.","9.8","CRITICAL","2017-08-01","http://www.securityfocus.com/bid/99997; http://www.securitytracker.com/id/1039013; https://www.vmware.com/security/advisories/VMSA-2017-0013.html","VCDSA23509","1"
"1035","CVE-2017-4924","VMware ESXi (ESXi 6.5 without patch ESXi650-201707101-SG), Workstation (12.x before 12.5.7) and Fusion (8.x before 8.5.8) contain an out-of-bounds write vulnerability in SVGA device. This issue may allow a guest to execute code on the host.","8.8","HIGH","2017-09-15","http://www.securityfocus.com/bid/100843; http://www.securitytracker.com/id/1039365; http://www.securitytracker.com/id/1039366","VCDSA23511","1"
"1036","CVE-2017-4925","VMware ESXi 6.5 without patch ESXi650-201707101-SG, ESXi 6.0 without patch ESXi600-201706101-SG, ESXi 5.5 without patch ESXi550-201709101-SG, Workstation (12.x before 12.5.3), Fusion (8.x before 8.5.4) contain a NULL pointer dereference vulnerability. This issue occurs when handling guest RPC requests. Successful exploitation of this issue may allow attackers with normal user privileges to crash their VMs.","5.5","MEDIUM","2017-09-15","http://www.securityfocus.com/bid/100842; http://www.securitytracker.com/id/1039367; http://www.securitytracker.com/id/1039368","VCDSA23511","1"
"1037","CVE-2017-4926","VMware vCenter Server (6.5 prior to 6.5 U1) contains a vulnerability that may allow for stored cross-site scripting (XSS). An attacker with VC user privileges can inject malicious java-scripts which will get executed when other VC users access the page.","5.4","MEDIUM","2017-09-15","http://www.securityfocus.com/bid/100844; http://www.securitytracker.com/id/1039364; https://www.vmware.com/security/advisories/VMSA-2017-0015.html","VCDSA23511","1"
"1038","CVE-2017-4927","VMware vCenter Server (6.5 prior to 6.5 U1 and 6.0 prior to 6.0 U3c) does not correctly handle specially crafted LDAP network packets which may allow for remote denial of service.","7.5","HIGH","2017-11-17","http://www.securityfocus.com/bid/101786; http://www.securitytracker.com/id/1039759; https://www.vmware.com/security/advisories/VMSA-2017-0017.html","VCDSA23512","1"
"1039","CVE-2017-4928","The flash-based vSphere Web Client (6.0 prior to 6.0 U3c and 5.5 prior to 5.5 U3f) i.e. not the new HTML5-based vSphere Client, contains SSRF and CRLF injection issues due to improper neutralization of URLs. An attacker may exploit these issues by sending a POST request with modified headers towards internal services leading to information disclosure.","7.5","HIGH","2017-11-17","http://www.securityfocus.com/bid/101785; http://www.securitytracker.com/id/1039759; https://www.vmware.com/security/advisories/VMSA-2017-0017.html","VCDSA23512","1"
"1040","CVE-2017-4929","VMware NSX Edge (6.2.x before 6.2.9 and 6.3.x before 6.3.5) contains a moderate Cross-Site Scripting (XSS) issue which may lead to information disclosure.","6.1","MEDIUM","2017-11-17","http://www.securityfocus.com/bid/101891; http://www.securitytracker.com/id/1039837; https://www.vmware.com/security/advisories/VMSA-2017-0019.html","VCDSA23514; VCDSA23512","2"
"1041","CVE-2017-4933","VMware ESXi (6.5 before ESXi650-201710401-BG), Workstation (12.x before 12.5.8), and Fusion (8.x before 8.5.9) contain a vulnerability that could allow an authenticated VNC session to cause a heap overflow via a specific set of VNC packets resulting in heap corruption. Successful exploitation of this issue could result in remote code execution in a virtual machine via the authenticated VNC session. Note: In order for exploitation to be possible in ESXi, VNC must be manually enabled in a virtual machine's .vmx configuration file. In addition, ESXi must be configured to allow VNC traffic through the built-in firewall.","8.8","HIGH","2017-12-20","http://www.securitytracker.com/id/1040024; http://www.securitytracker.com/id/1040025; https://www.vmware.com/security/advisories/VMSA-2017-0021.html","VCDSA23515","1"
"1042","CVE-2017-4934","VMware Workstation (12.x before 12.5.8) and Fusion (8.x before 8.5.9) contain a heap buffer-overflow vulnerability in VMNAT device. This issue may allow a guest to execute code on the host.","8.8","HIGH","2017-11-17","http://www.securityfocus.com/bid/101903; http://www.securitytracker.com/id/1039835; https://www.vmware.com/security/advisories/VMSA-2017-0018.html","VCDSA23513","1"
"1043","CVE-2017-4935","VMware Workstation (12.x before 12.5.8) and Horizon View Client for Windows (4.x before 4.6.1) contain an out-of-bounds write vulnerability in JPEG2000 parser in the TPView.dll. On Workstation, this may allow a guest to execute code or perform a Denial of Service on the Windows OS that runs Workstation. In the case of a Horizon View Client, this may allow a View desktop to execute code or perform a Denial of Service on the Windows OS that runs the Horizon View Client. Exploitation is only possible if virtual printing has been enabled. This feature is not enabled by default on Workstation but it is enabled by default on Horizon View Client.","7.8","HIGH","2017-11-17","http://www.securityfocus.com/bid/101902; http://www.securitytracker.com/id/1039835; http://www.securitytracker.com/id/1039836","VCDSA23513","1"
"1044","CVE-2017-4936","VMware Workstation (12.x before 12.5.8) and Horizon View Client for Windows (4.x before 4.6.1) contain an out-of-bounds read vulnerability in JPEG2000 parser in the TPView.dll. On Workstation, this may allow a guest to execute code or perform a Denial of Service on the Windows OS that runs Workstation. In the case of a Horizon View Client, this may allow a View desktop to execute code or perform a Denial of Service on the Windows OS that runs the Horizon View Client.","7.8","HIGH","2017-11-17","http://www.securityfocus.com/bid/101892; http://www.securitytracker.com/id/1039835; http://www.securitytracker.com/id/1039836","VCDSA23513","1"
"1045","CVE-2017-4937","VMware Workstation (12.x before 12.5.8) and Horizon View Client for Windows (4.x before 4.6.1) contain an out-of-bounds read vulnerability in JPEG2000 parser in the TPView.dll. On Workstation, this may allow a guest to execute code or perform a Denial of Service on the Windows OS that runs Workstation. In the case of a Horizon View Client, this may allow a View desktop to execute code or perform a Denial of Service on the Windows OS that runs the Horizon View Client. Exploitation is only possible if virtual printing has been enabled. This feature is not enabled by default on Workstation but it is enabled by default on Horizon View Client.","7.8","HIGH","2017-11-17","http://www.securityfocus.com/bid/101892; http://www.securitytracker.com/id/1039835; http://www.securitytracker.com/id/1039836","VCDSA23513","1"
"1046","CVE-2017-4938","VMware Workstation (12.x before 12.5.8) and Fusion (8.x before 8.5.9) contain a guest RPC NULL pointer dereference vulnerability. Successful exploitation of this issue may allow attackers with normal user privileges to crash their VMs.","6.5","MEDIUM","2017-11-17","http://www.securityfocus.com/bid/101887; http://www.securitytracker.com/id/1039835; https://www.vmware.com/security/advisories/VMSA-2017-0018.html","VCDSA23513","1"
"1047","CVE-2017-4939","VMware Workstation (12.x before 12.5.8) installer contains a DLL hijacking issue that exists due to some DLL files loaded by the application improperly. This issue may allow an attacker to load a DLL file of the attacker's choosing that could execute arbitrary code.","7.8","HIGH","2017-11-17","http://www.securityfocus.com/bid/101890; https://www.vmware.com/security/advisories/VMSA-2017-0018.html; http://www.securityfocus.com/bid/101890","VCDSA23513","1"
"1048","CVE-2017-4940","The ESXi Host Client in VMware ESXi (6.5 before ESXi650-201712103-SG, 5.5 before ESXi600-201711103-SG and 5.5 before ESXi550-201709102-SG) contains a vulnerability that may allow for stored cross-site scripting (XSS). An attacker can exploit this vulnerability by injecting Javascript, which might get executed when other users access the Host Client.","6.1","MEDIUM","2017-12-20","http://www.securitytracker.com/id/1040024; https://www.vmware.com/security/advisories/VMSA-2017-0021.html; http://www.securitytracker.com/id/1040024","VCDSA23515","1"
"1049","CVE-2017-4941","VMware ESXi (6.0 before ESXi600-201711101-SG, 5.5 ESXi550-201709101-SG), Workstation (12.x before 12.5.8), and Fusion (8.x before 8.5.9) contain a vulnerability that could allow an authenticated VNC session to cause a stack overflow via a specific set of VNC packets. Successful exploitation of this issue could result in remote code execution in a virtual machine via the authenticated VNC session. Note: In order for exploitation to be possible in ESXi, VNC must be manually enabled in a virtual machine's .vmx configuration file. In addition, ESXi must be configured to allow VNC traffic through the built-in firewall.","8.8","HIGH","2017-12-20","http://www.securitytracker.com/id/1040024; http://www.securitytracker.com/id/1040025; https://www.vmware.com/security/advisories/VMSA-2017-0021.html","VCDSA23515","1"
"1050","CVE-2017-4943","VMware vCenter Server Appliance (vCSA) (6.5 before 6.5 U1d) contains a local privilege escalation vulnerability via the 'showlog' plugin. Successful exploitation of this issue could result in a low privileged user gaining root level privileges over the appliance base OS.","7.8","HIGH","2017-12-20","http://www.securitytracker.com/id/1040026; https://www.vmware.com/security/advisories/VMSA-2017-0021.html; http://www.securitytracker.com/id/1040026","VCDSA23515","1"
"1051","CVE-2017-4945","VMware Workstation (14.x and 12.x) and Fusion (10.x and 8.x) contain a guest access control vulnerability. This issue may allow program execution via Unity on locked Windows VMs. VMware Tools must be updated to 10.2.0 for each VM to resolve CVE-2017-4945. VMware Tools 10.2.0 is consumed by Workstation 14.1.0 and Fusion 10.1.0 by default.","5.5","MEDIUM","2018-01-05","http://www.securityfocus.com/bid/102441; http://www.securitytracker.com/id/1040109; http://www.securitytracker.com/id/1040136","VCDSA23532","1"
"1052","CVE-2017-4946","The VMware V4H and V4PA desktop agents (6.x before 6.5.1) contain a privilege escalation vulnerability. Successful exploitation of this issue could result in a low privileged windows user escalating their privileges to SYSTEM.","7.8","HIGH","2018-01-05","http://gosecure.net/2018/01/10/vmware-horizon-v4h-v4pa-desktop-agent-privilege-escalation-vulnerability-cve-2017-4946/; http://www.securityfocus.com/bid/102441; http://www.securitytracker.com/id/1040136","VCDSA23532","1"
"1053","CVE-2017-4947","VMware vRealize Automation (7.3 and 7.2) and vSphere Integrated Containers (1.x before 1.3) contain a deserialization vulnerability via Xenon. Successful exploitation of this issue may allow remote attackers to execute arbitrary code on the appliance.","9.8","CRITICAL","2018-01-29","http://www.securityfocus.com/bid/102852; http://www.securitytracker.com/id/1040289; http://www.securitytracker.com/id/1040290","VCDSA23535","1"
"1054","CVE-2017-4948","VMware Workstation (14.x before 14.1.0 and 12.x) and Horizon View Client (4.x before 4.7.0) contain an out-of-bounds read vulnerability in TPView.dll. On Workstation, this issue in conjunction with other bugs may allow a guest to leak information from host or may allow for a Denial of Service on the Windows OS that runs Workstation. In the case of a Horizon View Client, this issue in conjunction with other bugs may allow a View desktop to leak information from host or may allow for a Denial of Service on the Windows OS that runs the Horizon View Client. Exploitation is only possible if virtual printing has been enabled. This feature is not enabled by default on Workstation but it is enabled by default on Horizon View.","7.1","HIGH","2018-01-05","http://www.securityfocus.com/bid/102441; http://www.securitytracker.com/id/1040108; http://www.securitytracker.com/id/1040109","VCDSA23532","1"
"1055","CVE-2017-4949","VMware Workstation and Fusion contain a use-after-free vulnerability in VMware NAT service when IPv6 mode is enabled. This issue may allow a guest to execute code on the host. Note: IPv6 mode for VMNAT is not enabled by default.","7.0","HIGH","2018-01-11","http://www.securityfocus.com/bid/102489; http://www.securitytracker.com/id/1040161; https://www.vmware.com/security/advisories/VMSA-2018-0005.html","VCDSA23534; VCDSA23533; VCDSA23480","3"
"1056","CVE-2017-4950","VMware Workstation and Fusion contain an integer overflow vulnerability in VMware NAT service when IPv6 mode is enabled. This issue may lead to an out-of-bound read which can then be used to execute code on the host in conjunction with other issues. Note: IPv6 mode for VMNAT is not enabled by default.","7.0","HIGH","2018-01-11","http://www.securityfocus.com/bid/102490; http://www.securitytracker.com/id/1040161; https://www.vmware.com/security/advisories/VMSA-2018-0005.html","VCDSA23534; VCDSA23533; VCDSA23480","3"
"1057","CVE-2017-4951","VMware AirWatch Console (9.2.x before 9.2.2 and 9.1.x before 9.1.5) contains a Cross Site Request Forgery vulnerability when accessing the App Catalog. An attacker may exploit this issue by tricking users into installing a malicious application on their devices.","8.8","HIGH","2018-01-29","http://www.securityfocus.com/bid/102849; http://www.securitytracker.com/id/1040288; https://www.vmware.com/security/advisories/VMSA-2018-0006.html","VCDSA23535","1"
"1058","CVE-2017-5638","The Jakarta Multipart parser in Apache Struts 2 2.3.x before 2.3.32 and 2.5.x before 2.5.10.1 has incorrect exception handling and error-message generation during file-upload attempts, which allows remote attackers to execute arbitrary commands via a crafted Content-Type, Content-Disposition, or Content-Length HTTP header, as exploited in the wild in March 2017 with a Content-Type header containing a #cmd= string.","9.8","CRITICAL","2017-03-11","http://blog.talosintelligence.com/2017/03/apache-0-day-exploited.html; http://blog.trendmicro.com/trendlabs-security-intelligence/cve-2017-5638-apache-struts-vulnerability-remote-code-execution/; http://www.arubanetworks.com/assets/alert/ARUBA-PSA-2017-002.txt","VCDSA23504","1"
"1059","CVE-2017-5641","Previous versions of Apache Flex BlazeDS (4.7.2 and earlier) did not restrict which types were allowed for AMF(X) object deserialization by default. During the deserialization process code is executed that for several known types has undesired side-effects. Other, unknown types may also exhibit such behaviors. One vector in the Java standard library exists that allows an attacker to trigger possibly further exploitable Java deserialization of untrusted data. Other known vectors in third party libraries can be used to trigger remote code execution.","9.8","CRITICAL","2017-12-28","http://mail-archives.apache.org/mod_mbox/flex-dev/201703.mbox/%3C6B86C8D0-6E36-48F5-AC81-4AB3978F6746%40c-ware.de%3E; http://www.securityfocus.com/bid/97383; http://www.securitytracker.com/id/1038273","VCDSA23519","1"
"1060","CVE-2017-5715","Systems with microprocessors utilizing speculative execution and indirect branch prediction may allow unauthorized disclosure of information to an attacker with local user access via a side-channel analysis.","5.6","MEDIUM","2018-01-04","http://lists.opensuse.org/opensuse-security-announce/2018-01/msg00002.html; http://lists.opensuse.org/opensuse-security-announce/2018-01/msg00003.html; http://lists.opensuse.org/opensuse-security-announce/2018-01/msg00004.html","VCDSA23536; VCDSA23533; VCDSA23530","3"
"1061","CVE-2017-5753","Systems with microprocessors utilizing speculative execution and branch prediction may allow unauthorized disclosure of information to an attacker with local user access via a side-channel analysis.","5.6","MEDIUM","2018-01-04","http://lists.opensuse.org/opensuse-security-announce/2018-01/msg00006.html; http://lists.opensuse.org/opensuse-security-announce/2018-01/msg00007.html; http://lists.opensuse.org/opensuse-security-announce/2018-01/msg00008.html","VCDSA23536; VCDSA23530","2"
"1062","CVE-2017-5754","Systems with microprocessors utilizing speculative execution and indirect branch prediction may allow unauthorized disclosure of information to an attacker with local user access via a side-channel analysis of the data cache.","5.6","MEDIUM","2018-01-04","http://lists.opensuse.org/opensuse-security-announce/2018-01/msg00006.html; http://lists.opensuse.org/opensuse-security-announce/2018-01/msg00007.html; http://lists.opensuse.org/opensuse-security-announce/2018-01/msg00008.html","VCDSA23536","1"
"1063","CVE-2018-11066","Dell EMC Avamar Client Manager in Dell EMC Avamar Server versions 7.2.0, 7.2.1, 7.3.0, 7.3.1, 7.4.0, 7.4.1, 7.5.0, 7.5.1, 18.1 and Dell EMC Integrated Data Protection Appliance (IDPA) versions 2.0, 2.1 and 2.2 contain a Remote Code Execution vulnerability. A remote unauthenticated attacker could potentially exploit this vulnerability to execute arbitrary commands on the server.","9.8","CRITICAL","2018-11-26","http://www.securityfocus.com/bid/105968; http://www.securitytracker.com/id/1042153; https://seclists.org/fulldisclosure/2018/Nov/49","VCDSA23523","1"
"1064","CVE-2018-11067","Dell EMC Avamar Client Manager in Dell EMC Avamar Server versions 7.2.0, 7.2.1, 7.3.0, 7.3.1, 7.4.0, 7.4.1, 7.5.0, 7.5.1, 18.1 and Dell EMC Integrated Data Protection Appliance (IDPA) versions 2.0, 2.1 and 2.2 contain an open redirection vulnerability. A remote unauthenticated attacker could potentially exploit this vulnerability to redirect application users to arbitrary web URLs by tricking the victim users to click on maliciously crafted links. The vulnerability could be used to conduct phishing attacks that cause users to unknowingly visit malicious sites.","6.1","MEDIUM","2018-11-26","http://www.securityfocus.com/bid/105969; http://www.securitytracker.com/id/1042153; https://seclists.org/fulldisclosure/2018/Nov/49","VCDSA23523","1"
"1065","CVE-2018-11076","Dell EMC Avamar Server versions 7.2.0, 7.2.1, 7.3.0, 7.3.1, 7.4.0 and 7.4.1 and Dell EMC Integrated Data Protection Appliance (IDPA) 2.0 are affected by an information exposure vulnerability. Avamar Java management console's SSL/TLS private key may be leaked in the Avamar Java management client package. The private key could potentially be used by an unauthenticated attacker on the same data-link layer to initiate a MITM attack on management console users.","6.5","MEDIUM","2018-11-26","http://www.securityfocus.com/bid/105972; http://www.securitytracker.com/id/1042153; https://seclists.org/fulldisclosure/2018/Nov/50","VCDSA23523","1"
"1066","CVE-2018-11077","'getlogs' utility in Dell EMC Avamar Server versions 7.2.0, 7.2.1, 7.3.0, 7.3.1, 7.4.0, 7.4.1, 7.5.0, 7.5.1 and 18.1 and Dell EMC Integrated Data Protection Appliance (IDPA) versions 2.0, 2.1 and 2.2 is affected by an OS command injection vulnerability. A malicious Avamar admin user may potentially be able to execute arbitrary commands under root privilege.","6.7","MEDIUM","2018-11-26","http://www.securityfocus.com/bid/105971; http://www.securitytracker.com/id/1042153; https://seclists.org/fulldisclosure/2018/Nov/51","VCDSA23523","1"
"1067","CVE-2018-12126","Microarchitectural Store Buffer Data Sampling (MSBDS): Store buffers on some microprocessors utilizing speculative execution may allow an authenticated user to potentially enable information disclosure via a side channel with local access. A list of impacted products can be found here: https://www.intel.com/content/dam/www/public/us/en/documents/corporate-information/SA00233-microcode-update-guidance_05132019.pdf","5.6","MEDIUM","2019-05-30","http://lists.opensuse.org/opensuse-security-announce/2019-06/msg00014.html; http://lists.opensuse.org/opensuse-security-announce/2019-07/msg00052.html; http://lists.opensuse.org/opensuse-security-announce/2019-07/msg00053.html","VCDSA23553","1"
"1068","CVE-2018-12127","Microarchitectural Load Port Data Sampling (MLPDS): Load ports on some microprocessors utilizing speculative execution may allow an authenticated user to potentially enable information disclosure via a side channel with local access. A list of impacted products can be found here: https://www.intel.com/content/dam/www/public/us/en/documents/corporate-information/SA00233-microcode-update-guidance_05132019.pdf","5.6","MEDIUM","2019-05-30","http://lists.opensuse.org/opensuse-security-announce/2019-06/msg00014.html; http://lists.opensuse.org/opensuse-security-announce/2019-07/msg00052.html; http://lists.opensuse.org/opensuse-security-announce/2019-07/msg00053.html","VCDSA23553","1"
"1069","CVE-2018-12130","Microarchitectural Fill Buffer Data Sampling (MFBDS): Fill buffers on some microprocessors utilizing speculative execution may allow an authenticated user to potentially enable information disclosure via a side channel with local access. A list of impacted products can be found here: https://www.intel.com/content/dam/www/public/us/en/documents/corporate-information/SA00233-microcode-update-guidance_05132019.pdf","5.9","MEDIUM","2019-05-30","http://lists.opensuse.org/opensuse-security-announce/2019-06/msg00014.html; http://lists.opensuse.org/opensuse-security-announce/2019-07/msg00052.html; http://lists.opensuse.org/opensuse-security-announce/2019-07/msg00053.html","VCDSA23553","1"
"1070","CVE-2018-12207","Improper invalidation for page table updates by a virtual guest operating system for multiple Intel(R) Processors may allow an authenticated user to potentially enable denial of service of the host system via local access.","6.5","MEDIUM","2019-11-14","http://lists.opensuse.org/opensuse-security-announce/2019-12/msg00042.html; https://access.redhat.com/errata/RHSA-2019:3916; https://access.redhat.com/errata/RHSA-2019:3936","VCDSA23565","1"
"1071","CVE-2018-3620","Systems with microprocessors utilizing speculative execution and address translations may allow unauthorized disclosure of information residing in the L1 data cache to an attacker with local user access via a terminal page fault and a side-channel analysis.","5.6","MEDIUM","2018-08-14","http://support.lenovo.com/us/en/solutions/LEN-24163; http://www.huawei.com/en/psirt/security-advisories/huawei-sa-20180815-01-cpu-en; http://www.securityfocus.com/bid/105080","VCDSA23546","1"
"1072","CVE-2018-3639","Systems with microprocessors utilizing speculative execution and speculative execution of memory reads before the addresses of all prior memory writes are known may allow unauthorized disclosure of information to an attacker with local user access via a side-channel analysis, aka Speculative Store Bypass (SSB), Variant 4.","5.5","MEDIUM","2018-05-22","http://lists.opensuse.org/opensuse-security-announce/2019-05/msg00058.html; http://lists.opensuse.org/opensuse-security-announce/2019-05/msg00059.html; http://lists.opensuse.org/opensuse-security-announce/2020-09/msg00007.html","VCDSA23540","1"
"1073","CVE-2018-3640","Systems with microprocessors utilizing speculative execution and that perform speculative reads of system registers may allow unauthorized disclosure of system parameters to an attacker with local user access via a side-channel analysis, aka Rogue System Register Read (RSRE), Variant 3a.","5.6","MEDIUM","2018-05-22","http://support.lenovo.com/us/en/solutions/LEN-22133; http://www.fujitsu.com/global/support/products/software/security/products-f/cve-2018-3639e.html; http://www.securityfocus.com/bid/104228","VCDSA23540","1"
"1074","CVE-2018-3646","Systems with microprocessors utilizing speculative execution and address translations may allow unauthorized disclosure of information residing in the L1 data cache to an attacker with local user access with guest OS privilege via a terminal page fault and a side-channel analysis.","5.6","MEDIUM","2018-08-14","http://support.lenovo.com/us/en/solutions/LEN-24163; http://www.huawei.com/en/psirt/security-advisories/huawei-sa-20180815-01-cpu-en; http://www.securityfocus.com/bid/105080","VCDSA23553; VCDSA23545","2"
"1075","CVE-2018-6957","VMware Workstation (14.x before 14.1.1, 12.x) and Fusion (10.x before 10.1.1 and 8.x) contain a denial-of-service vulnerability which can be triggered by opening a large number of VNC sessions. Note: In order for exploitation to be possible on Workstation and Fusion, VNC must be manually enabled.","5.3","MEDIUM","2018-03-15","http://www.securityfocus.com/bid/103431; http://www.securitytracker.com/id/1040539; https://www.vmware.com/security/advisories/VMSA-2018-0008.html","VCDSA23537","1"
"1076","CVE-2018-6958","VMware vRealize Automation (vRA) prior to 7.3.1 contains a vulnerability that may allow for a DOM-based cross-site scripting (XSS) attack. Exploitation of this issue may lead to the compromise of the vRA user's workstation.","6.1","MEDIUM","2018-04-13","http://www.securityfocus.com/bid/103752; http://www.securitytracker.com/id/1040676; http://www.vmware.com/security/advisories/VMSA-2018-0009.html","VCDSA23538","1"
"1077","CVE-2018-6959","VMware vRealize Automation (vRA) prior to 7.4.0 contains a vulnerability in the handling of session IDs. Exploitation of this issue may lead to the hijacking of a valid vRA user's session.","9.8","CRITICAL","2018-04-13","http://www.securityfocus.com/bid/103752; http://www.securitytracker.com/id/1040676; http://www.vmware.com/security/advisories/VMSA-2018-0009.html","VCDSA23538","1"
"1078","CVE-2018-6962","VMware Fusion (10.x before 10.1.2) contains a signature bypass vulnerability which may lead to a local privilege escalation.","7.8","HIGH","2018-05-22","http://www.securityfocus.com/bid/104235; http://www.securitytracker.com/id/1040957; https://www.vmware.com/security/advisories/VMSA-2018-0013.html","VCDSA23541","1"
"1079","CVE-2018-6963","VMware Workstation (14.x before 14.1.2) and Fusion (10.x before 10.1.2) contain multiple denial-of-service vulnerabilities that occur due to NULL pointer dereference issues in the RPC handler. Successful exploitation of these issues may allow an attacker with limited privileges on the guest machine trigger a denial-of-Service of their guest machine.","5.5","MEDIUM","2018-05-22","http://www.securityfocus.com/bid/104237; http://www.securitytracker.com/id/1040957; https://www.vmware.com/security/advisories/VMSA-2018-0013.html","VCDSA23541","1"
"1080","CVE-2018-6965","VMware ESXi (6.7 before ESXi670-201806401-BG), Workstation (14.x before 14.1.2), and Fusion (10.x before 10.1.2) contain an out-of-bounds read vulnerability in the shader translator. Successful exploitation of this issue may lead to information disclosure or may allow attackers with normal user privileges to crash their VMs, a different vulnerability than CVE-2018-6966 and CVE-2018-6967.","8.1","HIGH","2018-07-09","http://www.securityfocus.com/bid/104709; http://www.securitytracker.com/id/1041208; https://www.vmware.com/security/advisories/VMSA-2018-0016.html","VCDSA23542","1"
"1081","CVE-2018-6966","VMware ESXi (6.7 before ESXi670-201806401-BG), Workstation (14.x before 14.1.2), and Fusion (10.x before 10.1.2) contain an out-of-bounds read vulnerability in the shader translator. Successful exploitation of this issue may lead to information disclosure or may allow attackers with normal user privileges to crash their VMs, a different vulnerability than CVE-2018-6965 and CVE-2018-6967.","8.1","HIGH","2018-07-09","http://www.securityfocus.com/bid/104709; http://www.securitytracker.com/id/1041208; https://www.vmware.com/security/advisories/VMSA-2018-0016.html","VCDSA23542","1"
"1082","CVE-2018-6967","VMware ESXi (6.7 before ESXi670-201806401-BG), Workstation (14.x before 14.1.2), and Fusion (10.x before 10.1.2) contain an out-of-bounds read vulnerability in the shader translator. Successful exploitation of this issue may lead to information disclosure or may allow attackers with normal user privileges to crash their VMs, a different vulnerability than CVE-2018-6965 and CVE-2018-6966.","8.1","HIGH","2018-07-09","http://www.securityfocus.com/bid/104709; http://www.securitytracker.com/id/1041208; https://www.vmware.com/security/advisories/VMSA-2018-0016.html","VCDSA23542","1"
"1083","CVE-2018-6969","VMware Tools (10.x and prior before 10.3.0) contains an out-of-bounds read vulnerability in HGFS. Successful exploitation of this issue may lead to information disclosure or may allow attackers to escalate their privileges on the guest VMs. In order to be able to exploit this issue, file sharing must be enabled.","7.0","HIGH","2018-07-13","http://www.securityfocus.com/bid/104737; http://www.securitytracker.com/id/1041291; https://www.vmware.com/security/advisories/VMSA-2018-0017.html","VCDSA23543","1"
"1084","CVE-2018-6971","VMware Horizon View Agents (7.x.x before 7.5.1) contain a local information disclosure vulnerability due to insecure logging of credentials in the vmmsi.log file when an account other than the currently logged on user is specified during installation (including silent installations). Successful exploitation of this issue may allow low privileged users access to the credentials specified during the Horizon View Agent installation.","7.8","HIGH","2018-07-25","http://www.securityfocus.com/bid/104883; http://www.securitytracker.com/id/1041357; http://www.securitytracker.com/id/1041358","VCDSA23544","1"
"1085","CVE-2018-6972","VMware ESXi (6.7 before ESXi670-201806401-BG, 6.5 before ESXi650-201806401-BG, 6.0 before ESXi600-201806401-BG and 5.5 before ESXi550-201806401-BG), Workstation (14.x before 14.1.2), and Fusion (10.x before 10.1.2) contain a denial-of-service vulnerability due to NULL pointer dereference issue in RPC handler. Successful exploitation of this issue may allow attackers with normal user privileges to crash their VMs.","6.5","MEDIUM","2018-07-25","http://www.securityfocus.com/bid/104884; http://www.securitytracker.com/id/1041356; http://www.securitytracker.com/id/1041357","VCDSA23544","1"
"1086","CVE-2018-6974","VMware ESXi (6.7 before ESXi670-201810101-SG, 6.5 before ESXi650-201808401-BG, and 6.0 before ESXi600-201808401-BG), Workstation (14.x before 14.1.3) and Fusion (10.x before 10.1.3) contain an out-of-bounds read vulnerability in SVGA device. This issue may allow a guest to execute code on the host.","8.8","HIGH","2018-10-16","http://www.securityfocus.com/bid/105660; http://www.securitytracker.com/id/1041875; http://www.securitytracker.com/id/1041876","VCDSA23520","1"
"1087","CVE-2018-6977","VMware ESXi (6.7, 6.5, 6.0), Workstation (15.x and 14.x) and Fusion (11.x and 10.x) contain a denial-of-service vulnerability due to an infinite loop in a 3D-rendering shader. Successfully exploiting this issue may allow an attacker with normal user privileges in the guest to make the VM unresponsive, and in some cases, possibly result other VMs on the host or the host itself becoming unresponsive.","6.5","MEDIUM","2018-10-09","http://www.securityfocus.com/bid/105549; http://www.securitytracker.com/id/1041821; http://www.securitytracker.com/id/1041822","VCDSA23548","1"
"1088","CVE-2018-6978","vRealize Operations (7.x before 7.0.0.11287810, 6.7.x before 6.7.0.11286837 and 6.6.x before 6.6.1.11286876) contains a local privilege escalation vulnerability due to improper permissions of support scripts. Admin user of the vROps application with shell access may exploit this issue to elevate the privileges to root on a vROps machine. Note: the admin user (non-sudoer) should not be confused with root of the vROps machine.","6.7","MEDIUM","2018-12-18","http://www.securityfocus.com/bid/106242; https://www.vmware.com/security/advisories/VMSA-2018-0031.html; http://www.securityfocus.com/bid/106242","VCDSA23525","1"
"1089","CVE-2018-6980","VMware vRealize Log Insight (4.7.x before 4.7.1 and 4.6.x before 4.6.2) contains a vulnerability due to improper authorization in the user registration method. Successful exploitation of this issue may allow Admin users with view only permission to perform certain administrative functions which they are not allowed to perform.","7.2","HIGH","2018-11-13","http://www.securityfocus.com/bid/105925; https://www.vmware.com/security/advisories/VMSA-2018-0028.html; http://www.securityfocus.com/bid/105925","VCDSA23522","1"
"1090","CVE-2018-6981","VMware ESXi 6.7 without ESXi670-201811401-BG and VMware ESXi 6.5 without ESXi650-201811301-BG, VMware ESXi 6.0 without ESXi600-201811401-BG, VMware Workstation 15, VMware Workstation 14.1.3 or below, VMware Fusion 11, VMware Fusion 10.1.3 or below contain uninitialized stack memory usage in the vmxnet3 virtual network adapter which may allow a guest to execute code on the host.","8.8","HIGH","2018-12-04","http://www.securityfocus.com/bid/105881; http://www.securitytracker.com/id/1042054; http://www.securitytracker.com/id/1042055","VCDSA23521","1"
"1091","CVE-2018-6982","VMware ESXi 6.7 without ESXi670-201811401-BG and VMware ESXi 6.5 without ESXi650-201811301-BG contain uninitialized stack memory usage in the vmxnet3 virtual network adapter which may lead to an information leak from host to guest.","6.5","MEDIUM","2018-12-04","http://www.securityfocus.com/bid/105882; http://www.securitytracker.com/id/1042055; https://www.vmware.com/security/advisories/VMSA-2018-0027.html","VCDSA23521","1"
"1092","CVE-2018-6983","VMware Workstation (15.x before 15.0.2 and 14.x before 14.1.5) and Fusion (11.x before 11.0.2 and 10.x before 10.1.5) contain an integer overflow vulnerability in the virtual network devices. This issue may allow a guest to execute code on the host.","8.8","HIGH","2018-11-27","http://www.securityfocus.com/bid/105986; https://www.vmware.com/security/advisories/VMSA-2018-0030.html; http://www.securityfocus.com/bid/105986","VCDSA23524","1"
"1093","CVE-2019-11091","Microarchitectural Data Sampling Uncacheable Memory (MDSUM): Uncacheable memory on some microprocessors utilizing speculative execution may allow an authenticated user to potentially enable information disclosure via a side channel with local access. A list of impacted products can be found here: https://www.intel.com/content/dam/www/public/us/en/documents/corporate-information/SA00233-microcode-update-guidance_05132019.pdf","5.6","MEDIUM","2019-05-30","http://lists.opensuse.org/opensuse-security-announce/2019-06/msg00014.html; http://lists.opensuse.org/opensuse-security-announce/2019-07/msg00052.html; http://lists.opensuse.org/opensuse-security-announce/2019-07/msg00053.html","VCDSA23553","1"
"1094","CVE-2019-11135","TSX Asynchronous Abort condition on some CPUs utilizing speculative execution may allow an authenticated user to potentially enable information disclosure via a side channel with local access.","6.5","MEDIUM","2019-11-14","http://lists.opensuse.org/opensuse-security-announce/2019-11/msg00045.html; http://lists.opensuse.org/opensuse-security-announce/2019-11/msg00046.html; http://lists.opensuse.org/opensuse-security-announce/2019-12/msg00042.html","VCDSA23565","1"
"1095","CVE-2019-11477","Jonathan Looney discovered that the TCP_SKB_CB(skb)->tcp_gso_segs value was subject to an integer overflow in the Linux kernel when handling TCP Selective Acknowledgments (SACKs). A remote attacker could use this to cause a denial of service. This has been fixed in stable kernel releases 4.4.182, 4.9.182, 4.14.127, 4.19.52, 5.1.11, and is fixed in commit 3b4929f65b0d8249f19a50245cd88ed1a2f78cff.","7.5","HIGH","2019-06-19","http://packetstormsecurity.com/files/153346/Kernel-Live-Patch-Security-Notice-LSN-0052-1.html; http://packetstormsecurity.com/files/154951/Kernel-Live-Patch-Security-Notice-LSN-0058-1.html; http://www.arubanetworks.com/assets/alert/ARUBA-PSA-2020-010.txt","VCDSA23555","1"
"1096","CVE-2019-11478","Jonathan Looney discovered that the TCP retransmission queue implementation in tcp_fragment in the Linux kernel could be fragmented when handling certain TCP Selective Acknowledgment (SACK) sequences. A remote attacker could use this to cause a denial of service. This has been fixed in stable kernel releases 4.4.182, 4.9.182, 4.14.127, 4.19.52, 5.1.11, and is fixed in commit f070ef2ac66716357066b683fb0baf55f8191a2e.","5.3","MEDIUM","2019-06-19","http://packetstormsecurity.com/files/153346/Kernel-Live-Patch-Security-Notice-LSN-0052-1.html; http://packetstormsecurity.com/files/154408/Kernel-Live-Patch-Security-Notice-LSN-0055-1.html; http://packetstormsecurity.com/files/154951/Kernel-Live-Patch-Security-Notice-LSN-0058-1.html","VCDSA23555","1"
"1097","CVE-2019-16097","core/api/user.go in Harbor 1.7.0 through 1.8.2 allows non-admin users to create admin accounts via the POST /api/users API, when Harbor is setup with DB as authentication backend and allow user to do self-registration. Fixed version: v1.7.6 v1.8.3. v.1.9.0. Workaround without applying the fix: configure Harbor to use non-DB authentication backend such as LDAP.","6.5","MEDIUM","2019-09-08","http://www.vmware.com/security/advisories/VMSA-2019-0015.html; https://github.com/goharbor/harbor/commit/b6db8a8a106259ec9a2c48be8a380cb3b37cf517; https://github.com/goharbor/harbor/compare/v1.8.2...v1.9.0-rc1","VCDSA23560","1"
"1098","CVE-2019-16919","Harbor API has a Broken Access Control vulnerability. The vulnerability allows project administrators to use the Harbor API to create a robot account with unauthorized push and/or pull access permissions to a project they don't have access or control for. The Harbor API did not enforce the proper project permissions and project scope on the API request to create a new robot account.","7.5","HIGH","2019-10-18","http://www.vmware.com/security/advisories/VMSA-2019-0016.html; https://github.com/goharbor/harbor/security/advisories/GHSA-x2r2-w9c7-h624; https://landscape.cncf.io/selected=harbor","VCDSA23561","1"
"1099","CVE-2019-5511","VMware Workstation (15.x before 15.0.3, 14.x before 14.1.6) running on Windows does not handle paths appropriately. Successful exploitation of this issue may allow the path to the VMX executable, on a Windows host, to be hijacked by a non-administrator leading to elevation of privilege.","8.8","HIGH","2019-04-09","https://www.vmware.com/security/advisories/VMSA-2019-0002.html; https://www.vmware.com/security/advisories/VMSA-2019-0002.html","VCDSA23527","1"
"1100","CVE-2019-5512","VMware Workstation (15.x before 15.0.3, 14.x before 14.1.6) running on Windows does not handle COM classes appropriately. Successful exploitation of this issue may allow hijacking of COM classes used by the VMX process, on a Windows host, leading to elevation of privilege.","8.8","HIGH","2019-04-09","https://www.vmware.com/security/advisories/VMSA-2019-0002.html; https://www.vmware.com/security/advisories/VMSA-2019-0002.html","VCDSA23527","1"
"1101","CVE-2019-5513","VMware Horizon Connection Server (7.x before 7.8, 7.5.x before 7.5.2, 6.x before 6.2.8) contains an information disclosure vulnerability. Successful exploitation of this issue may allow disclosure of internal domain names, the Connection Serverâs internal name, or the gatewayâs internal IP address.","5.3","MEDIUM","2019-04-09","https://www.vmware.com/security/advisories/VMSA-2019-0003.html; https://www.vmware.com/security/advisories/VMSA-2019-0003.html","VCDSA23527","1"
"1102","CVE-2019-5514","VMware VMware Fusion (11.x before 11.0.3) contains a security vulnerability due to certain unauthenticated APIs accessible through a web socket. An attacker may exploit this issue by tricking the host user to execute a JavaScript to perform unauthorized functions on the guest machine where VMware Tools is installed. This may further be exploited to execute commands on the guest machines.","8.8","HIGH","2019-04-01","http://packetstormsecurity.com/files/152290/VMware-Security-Advisory-2019-0005.html; http://www.securityfocus.com/bid/107637; https://www.vmware.com/security/advisories/VMSA-2019-0005.html","VCDSA23550","1"
"1103","CVE-2019-5515","VMware Workstation (15.x before 15.0.3, 14.x before 14.1.6) and Fusion (11.x before 11.0.3, 10.x before 10.1.6) updates address an out-of-bounds write vulnerability in the e1000 and e1000e virtual network adapters. Exploitation of this issue may lead to code execution on the host from the guest but it is more likely to result in a denial of service of the guest.","8.8","HIGH","2019-04-02","https://packetstormsecurity.com/files/152290/VMware-Security-Advisory-2019-0005.html; https://www.securityfocus.com/bid/107634; https://www.vmware.com/security/advisories/VMSA-2019-0005.html","VCDSA23550","1"
"1104","CVE-2019-5516","VMware ESXi (6.7 before ESXi670-201904101-SG and 6.5 before ESXi650-201903001), Workstation (15.x before 15.0.3 and 14.x before 14.1.6), Fusion (11.x before 11.0.3 and 10.x before 10.1.6) updates address an out-of-bounds vulnerability with the vertex shader functionality. Exploitation of this issue requires an attacker to have access to a virtual machine with 3D graphics enabled. Successful exploitation of this issue may lead to information disclosure or may allow attackers with normal user privileges to create a denial-of-service condition on their own VM. The workaround for this issue involves disabling the 3D-acceleration feature. This feature is not enabled by default on ESXi and is enabled by default on Workstation and Fusion.","6.8","MEDIUM","2019-04-15","https://www.talosintelligence.com/vulnerability_reports/TALOS-2019-0762; https://www.vmware.com/security/advisories/VMSA-2019-0006.html; https://www.talosintelligence.com/vulnerability_reports/TALOS-2019-0762","VCDSA23551","1"
"1105","CVE-2019-5517","VMware ESXi (6.7 before ESXi670-201904101-SG and 6.5 before ESXi650-201903001), Workstation (15.x before 15.0.3 and 14.x before 14.1.6), Fusion (11.x before 11.0.3 and 10.x before 10.1.6) contain multiple out-of-bounds read vulnerabilities in the shader translator. Exploitation of these issues requires an attacker to have access to a virtual machine with 3D graphics enabled. Successful exploitation of these issues may lead to information disclosure or may allow attackers with normal user privileges to create a denial-of-service condition on their own VM. The workaround for these issues involves disabling the 3D-acceleration feature. This feature is not enabled by default on ESXi and is enabled by default on Workstation and Fusion.","6.8","MEDIUM","2019-04-15","https://www.vmware.com/security/advisories/VMSA-2019-0006.html; https://www.vmware.com/security/advisories/VMSA-2019-0006.html","VCDSA23551","1"
"1106","CVE-2019-5518","VMware ESXi (6.7 before ESXi670-201903001, 6.5 before ESXi650-201903001, 6.0 before ESXi600-201903001), Workstation (15.x before 15.0.4, 14.x before 14.1.7), Fusion (11.x before 11.0.3, 10.x before 10.1.6) contain an out-of-bounds read/write vulnerability in the virtual USB 1.1 UHCI (Universal Host Controller Interface). Exploitation of this issue requires an attacker to have access to a virtual machine with a virtual USB controller present. This issue may allow a guest to execute code on the host.","6.8","MEDIUM","2019-04-01","http://packetstormsecurity.com/files/152290/VMware-Security-Advisory-2019-0005.html; http://www.securityfocus.com/bid/107541; https://www.vmware.com/security/advisories/VMSA-2019-0005.html","VCDSA23550","1"
"1107","CVE-2019-5519","VMware ESXi (6.7 before ESXi670-201903001, 6.5 before ESXi650-201903001, 6.0 before ESXi600-201903001), Workstation (15.x before 15.0.4, 14.x before 14.1.7), Fusion (11.x before 11.0.3, 10.x before 10.1.6) contain a Time-of-check Time-of-use (TOCTOU) vulnerability in the virtual USB 1.1 UHCI (Universal Host Controller Interface). Exploitation of this issue requires an attacker to have access to a virtual machine with a virtual USB controller present. This issue may allow a guest to execute code on the host.","6.8","MEDIUM","2019-04-01","http://packetstormsecurity.com/files/152290/VMware-Security-Advisory-2019-0005.html; http://www.securityfocus.com/bid/107535; http://www.securityfocus.com/bid/108443","VCDSA23550","1"
"1108","CVE-2019-5520","VMware ESXi (6.7 before ESXi670-201904101-SG and 6.5 before ESXi650-201903001), Workstation (15.x before 15.0.3 and 14.x before 14.1.6), Fusion (11.x before 11.0.3 and 10.x before 10.1.6) updates address an out-of-bounds read vulnerability. Exploitation of this issue requires an attacker to have access to a virtual machine with 3D graphics enabled. Successful exploitation of this issue may lead to information disclosure.The workaround for this issue involves disabling the 3D-acceleration feature. This feature is not enabled by default on ESXi and is enabled by default on Workstation and Fusion.","5.9","MEDIUM","2019-04-15","https://www.vmware.com/security/advisories/VMSA-2019-0006.html; https://www.zerodayinitiative.com/advisories/ZDI-19-369/; https://www.vmware.com/security/advisories/VMSA-2019-0006.html","VCDSA23551","1"
"1109","CVE-2019-5521","VMware ESXi (6.7 before ESXi670-201904101-SG and 6.5 before ESXi650-201903001), Workstation (15.x before 15.0.3 and 14.x before 14.1.6) and Fusion (11.x before 11.0.3 and 10.x before 10.1.6) contain an out-of-bounds read vulnerability in the pixel shader functionality. Successful exploitation of this issue may lead to information disclosure or may allow attackers with normal user privileges to create a denial-of-service condition on the host. Exploitation of this issue require an attacker to have access to a virtual machine with 3D graphics enabled. It is not enabled by default on ESXi and is enabled by default on Workstation and Fusion.","9.6","CRITICAL","2019-09-20","https://www.talosintelligence.com/vulnerability_reports/TALOS-2019-0757; https://www.vmware.com/security/advisories/VMSA-2019-0012.html; https://www.talosintelligence.com/vulnerability_reports/TALOS-2019-0757","VCDSA23557","1"
"1110","CVE-2019-5522","VMware Tools for Windows update addresses an out of bounds read vulnerability in vm3dmp driver which is installed with vmtools in Windows guest machines. This issue is present in versions 10.2.x and 10.3.x prior to 10.3.10. A local attacker with non-administrative access to a Windows guest with VMware Tools installed may be able to leak kernel information or create a denial of service attack on the same Windows guest machine.","7.1","HIGH","2019-06-06","http://www.securityfocus.com/bid/108673; https://www.vmware.com/security/advisories/VMSA-2019-0009.html; http://www.securityfocus.com/bid/108673","VCDSA23554","1"
"1111","CVE-2019-5523","VMware vCloud Director for Service Providers 9.5.x prior to 9.5.0.3 update resolves a Remote Session Hijack vulnerability in the Tenant and Provider Portals. Successful exploitation of this issue may allow a malicious actor to access the Tenant or Provider Portals by impersonating a currently logged in session.","9.8","CRITICAL","2019-04-01","http://packetstormsecurity.com/files/152289/VMware-Security-Advisory-2019-0004.html; http://www.securityfocus.com/bid/107638; https://www.vmware.com/security/advisories/VMSA-2019-0004.html","VCDSA23528","1"
"1112","CVE-2019-5524","VMware Workstation (14.x before 14.1.6) and Fusion (10.x before 10.1.6) contain an out-of-bounds write vulnerability in the e1000 virtual network adapter. This issue may allow a guest to execute code on the host.","8.8","HIGH","2019-04-02","http://packetstormsecurity.com/files/152290/VMware-Security-Advisory-2019-0005.html; http://www.securityfocus.com/bid/107635; https://www.vmware.com/security/advisories/VMSA-2019-0005.html","VCDSA23550","1"
"1113","CVE-2019-5525","VMware Workstation (15.x before 15.1.0) contains a use-after-free vulnerability in the Advanced Linux Sound Architecture (ALSA) backend. A malicious user with normal user privileges on the guest machine may exploit this issue in conjunction with other issues to execute code on the Linux host where Workstation is installed.","8.8","HIGH","2019-06-06","http://www.securityfocus.com/bid/108674; https://www.vmware.com/security/advisories/VMSA-2019-0009.html; http://www.securityfocus.com/bid/108674","VCDSA23554","1"
"1114","CVE-2019-5526","VMware Workstation (15.x before 15.1.0) contains a DLL hijacking issue because some DLL files are improperly loaded by the application. Successful exploitation of this issue may allow attackers with normal user privileges to escalate their privileges to administrator on a windows host where Workstation is installed.","7.8","HIGH","2019-05-15","http://packetstormsecurity.com/files/152946/VMware-Workstation-DLL-Hijacking.html; http://www.securityfocus.com/bid/108333; https://www.vmware.com/security/advisories/VMSA-2019-0007.html","VCDSA23552","1"
"1115","CVE-2019-5527","ESXi, Workstation, Fusion, VMRC and Horizon Client contain a use-after-free vulnerability in the virtual sound device. VMware has evaluated the severity of this issue to be in the Important severity range with a maximum CVSSv3 base score of 8.5.","8.8","HIGH","2019-10-10","https://www.vmware.com/security/advisories/VMSA-2019-0014.html; https://www.vmware.com/security/advisories/VMSA-2019-0014.html","VCDSA23559","1"
"1116","CVE-2019-5528","VMware ESXi 6.5 suffers from partial denial of service vulnerability in hostd process. Patch ESXi650-201907201-UG for this issue is available.","5.3","MEDIUM","2019-07-11","http://www.securityfocus.com/bid/109130; https://www.vmware.com/security/advisories/VMSA-2019-0011.html; http://www.securityfocus.com/bid/109130","VCDSA23556","1"
"1117","CVE-2019-5531","VMware vSphere ESXi (6.7 prior to ESXi670-201810101-SG, 6.5 prior to ESXi650-201811102-SG, and 6.0 prior to ESXi600-201807103-SG) and VMware vCenter Server (6.7 prior to 6.7 U1b, 6.5 prior to 6.5 U2b, and 6.0 prior to 6.0 U3j) contain an information disclosure vulnerability in clients arising from insufficient session expiration. An attacker with physical access or an ability to mimic a websocket connection to a userâs browser may be able to obtain control of a VM Console after the user has logged out or their session has timed out.","5.4","MEDIUM","2019-09-18","http://www.vmware.com/security/advisories/VMSA-2019-0013.html; http://www.vmware.com/security/advisories/VMSA-2019-0013.html","VCDSA23558","1"
"1118","CVE-2019-5532","VMware vCenter Server (6.7.x prior to 6.7 U3, 6.5 prior to 6.5 U3 and 6.0 prior to 6.0 U3j) contains an information disclosure vulnerability due to the logging of credentials in plain-text for virtual machines deployed through OVF. A malicious user with access to the log files containing vCenter OVF-properties of a virtual machine deployed from an OVF may be able to view the credentials used to deploy the OVF (typically the root account of the virtual machine).","7.7","HIGH","2019-09-18","http://packetstormsecurity.com/files/154536/VMware-Security-Advisory-2019-0013.html; https://www.vmware.com/security/advisories/VMSA-2019-0013.html; http://packetstormsecurity.com/files/154536/VMware-Security-Advisory-2019-0013.html","VCDSA23558","1"
"1119","CVE-2019-5534","VMware vCenter Server (6.7.x prior to 6.7 U3, 6.5 prior to 6.5 U3 and 6.0 prior to 6.0 U3j) contains an information disclosure vulnerability where Virtual Machines deployed from an OVF could expose login information via the virtual machine's vAppConfig properties. A malicious actor with access to query the vAppConfig properties of a virtual machine deployed from an OVF may be able to view the credentials used to deploy the OVF (typically the root account of the virtual machine).","7.7","HIGH","2019-09-18","http://packetstormsecurity.com/files/154536/VMware-Security-Advisory-2019-0013.html; https://www.vmware.com/security/advisories/VMSA-2019-0013.html; http://packetstormsecurity.com/files/154536/VMware-Security-Advisory-2019-0013.html","VCDSA23558","1"
"1120","CVE-2019-5535","VMware Workstation and Fusion contain a network denial-of-service vulnerability due to improper handling of certain IPv6 packets. VMware has evaluated the severity of this issue to be in the Moderate severity range with a maximum CVSSv3 base score of 4.7.","4.7","MEDIUM","2019-10-10","https://www.vmware.com/security/advisories/VMSA-2019-0014.html; https://www.vmware.com/security/advisories/VMSA-2019-0014.html","VCDSA23559","1"
"1121","CVE-2019-5536","VMware ESXi (6.7 before ESXi670-201908101-SG and 6.5 before ESXi650-201910401-SG), Workstation (15.x before 15.5.0) and Fusion (11.x before 11.5.0) contain a denial-of-service vulnerability in the shader functionality. Successful exploitation of this issue may allow attackers with normal user privileges to create a denial-of-service condition on their own VM. Exploitation of this issue require an attacker to have access to a virtual machine with 3D graphics enabled. It is not enabled by default on ESXi and is enabled by default on Workstation and Fusion.","6.5","MEDIUM","2019-10-28","https://www.vmware.com/security/advisories/VMSA-2019-0019.html; https://www.vmware.com/security/advisories/VMSA-2019-0019.html","VCDSA23564","1"
"1122","CVE-2019-5537","Sensitive information disclosure vulnerability resulting from a lack of certificate validation during the File-Based Backup and Restore operations of VMware vCenter Server Appliance (6.7 before 6.7u3a and 6.5 before 6.5u3d) may allow a malicious actor to intercept sensitive data in transit over FTPS and HTTPS. A malicious actor with man-in-the-middle positioning between vCenter Server Appliance and a backup target may be able to intercept sensitive data in transit during File-Based Backup and Restore operations.","5.9","MEDIUM","2019-10-28","https://www.vmware.com/security/advisories/VMSA-2019-0018.html; https://www.vmware.com/security/advisories/VMSA-2019-0018.html","VCDSA23563","1"
"1123","CVE-2019-5538","Sensitive information disclosure vulnerability resulting from a lack of certificate validation during the File-Based Backup and Restore operations of VMware vCenter Server Appliance (6.7 before 6.7u3a and 6.5 before 6.5u3d) may allow a malicious actor to intercept sensitive data in transit over SCP. A malicious actor with man-in-the-middle positioning between vCenter Server Appliance and a backup target may be able to intercept sensitive data in transit during File-Based Backup and Restore operations.","5.9","MEDIUM","2019-10-28","https://www.vmware.com/security/advisories/VMSA-2019-0018.html; https://www.vmware.com/security/advisories/VMSA-2019-0018.html","VCDSA23563","1"
"1124","CVE-2019-5539","VMware Workstation (15.x prior to 15.5.1) and Horizon View Agent (7.10.x prior to 7.10.1 and 7.5.x prior to 7.5.4) contain a DLL hijacking vulnerability due to insecure loading of a DLL by Cortado Thinprint. Successful exploitation of this issue may allow attackers with normal user privileges to escalate their privileges to administrator on a Windows machine where Workstation or View Agent is installed.","7.8","HIGH","2019-12-23","https://www.vmware.com/security/advisories/VMSA-2019-0023.html; https://www.vmware.com/security/advisories/VMSA-2019-0023.html","VCDSA23568","1"
"1125","CVE-2019-5540","VMware Workstation (15.x before 15.5.1) and Fusion (11.x before 11.5.1) contain an information disclosure vulnerability in vmnetdhcp. Successful exploitation of this issue may allow an attacker on a guest VM to disclose sensitive information by leaking memory from the host process.","7.7","HIGH","2019-11-20","https://www.vmware.com/security/advisories/VMSA-2019-0021.html; https://www.vmware.com/security/advisories/VMSA-2019-0021.html","VCDSA23566","1"
"1126","CVE-2019-5541","VMware Workstation (15.x before 15.5.1) and Fusion (11.x before 11.5.1) contain an out-of-bounds write vulnerability in the e1000e virtual network adapter. Successful exploitation of this issue may lead to code execution on the host from the guest or may allow attackers to create a denial-of-service condition on their own VM.","9.1","CRITICAL","2019-11-20","https://www.vmware.com/security/advisories/VMSA-2019-0021.html; https://www.vmware.com/security/advisories/VMSA-2019-0021.html","VCDSA23566","1"
"1127","CVE-2019-5542","VMware Workstation (15.x before 15.5.1) and Fusion (11.x before 11.5.1) contain a denial-of-service vulnerability in the RPC handler. Successful exploitation of this issue may allow attackers with normal user privileges to create a denial-of-service condition on their own VM.","7.7","HIGH","2019-11-20","https://www.vmware.com/security/advisories/VMSA-2019-0021.html; https://www.vmware.com/security/advisories/VMSA-2019-0021.html","VCDSA23566","1"
"1128","CVE-2019-5543","For VMware Horizon Client for Windows (5.x and prior before 5.3.0), VMware Remote Console for Windows (10.x before 11.0.0), VMware Workstation for Windows (15.x before 15.5.2) the folder containing configuration files for the VMware USB arbitration service was found to be writable by all users. A local user on the system where the software is installed may exploit this issue to run commands as any user.","7.8","HIGH","2020-03-16","https://www.vmware.com/security/advisories/VMSA-2020-0004.html; https://www.vmware.com/security/advisories/VMSA-2020-0004.html","VCDSA23571","1"
"1129","CVE-2019-5544","OpenSLP as used in ESXi and the Horizon DaaS appliances has a heap overwrite issue. VMware has evaluated the severity of this issue to be in the Critical severity range with a maximum CVSSv3 base score of 9.8.","9.8","CRITICAL","2019-12-06","http://www.openwall.com/lists/oss-security/2019/12/10/2; http://www.openwall.com/lists/oss-security/2019/12/11/2; http://www.vmware.com/security/advisories/VMSA-2019-0022.html","VCDSA23567","1"
"1130","CVE-2019-5684","NVIDIA Windows GPU Display Driver (all versions) contains a vulnerability in DirectX drivers, in which a specially crafted shader can cause an out of bounds access of an input texture array, which may lead to denial of service or code execution.","10.0","CRITICAL","2019-08-06","http://www.vmware.com/security/advisories/VMSA-2019-0012.html; https://nvidia.custhelp.com/app/answers/detail/a_id/4841; https://support.lenovo.com/us/en/product_security/LEN-28096","VCDSA23557","1"
"1131","CVE-2019-5736","runc through 1.0-rc6, as used in Docker before 18.09.2 and other products, allows attackers to overwrite the host runc binary (and consequently obtain host root access) by leveraging the ability to execute a command as root within one of these types of containers: (1) a new container with an attacker-controlled image, or (2) an existing container, to which the attacker previously had write access, that can be attached with docker exec. This occurs because of file-descriptor mishandling, related to /proc/self/exe.","8.6","HIGH","2019-02-11","http://lists.opensuse.org/opensuse-security-announce/2019-03/msg00044.html; http://lists.opensuse.org/opensuse-security-announce/2019-04/msg00074.html; http://lists.opensuse.org/opensuse-security-announce/2019-04/msg00091.html","VCDSA23526","1"
"1132","CVE-2020-11651","An issue was discovered in SaltStack Salt before 2019.2.4 and 3000 before 3000.2. The salt-master process ClearFuncs class does not properly validate method calls. This allows a remote user to access some methods without authentication. These methods can be used to retrieve user tokens from the salt master and/or run arbitrary commands on salt minions.","9.8","CRITICAL","2020-04-30","http://lists.opensuse.org/opensuse-security-announce/2020-04/msg00047.html; http://lists.opensuse.org/opensuse-security-announce/2020-07/msg00070.html; http://packetstormsecurity.com/files/157560/Saltstack-3000.1-Remote-Code-Execution.html","VCDSA23576","1"
"1133","CVE-2020-11652","An issue was discovered in SaltStack Salt before 2019.2.4 and 3000 before 3000.2. The salt-master process ClearFuncs class allows access to some methods that improperly sanitize paths. These methods allow arbitrary directory access to authenticated users.","6.5","MEDIUM","2020-04-30","http://lists.opensuse.org/opensuse-security-announce/2020-04/msg00047.html; http://lists.opensuse.org/opensuse-security-announce/2020-07/msg00070.html; http://packetstormsecurity.com/files/157560/Saltstack-3000.1-Remote-Code-Execution.html","VCDSA23576","1"
"1134","CVE-2020-3941","The repair operation of VMware Tools for Windows 10.x.y has a race condition which may allow for privilege escalation in the Virtual Machine where Tools is installed. This vulnerability is not present in VMware Tools 11.x.y since the affected functionality is not present in VMware Tools 11.","7.0","HIGH","2020-01-15","https://www.vmware.com/security/advisories/VMSA-2020-0002.html; https://www.vmware.com/security/advisories/VMSA-2020-0002.html","VCDSA23569","1"
"1135","CVE-2020-3943","vRealize Operations for Horizon Adapter (6.7.x prior to 6.7.1 and 6.6.x prior to 6.6.1) uses a JMX RMI service which is not securely configured. An unauthenticated remote attacker who has network access to vRealize Operations, with the Horizon Adapter running, may be able to execute arbitrary code in vRealize Operations.","9.8","CRITICAL","2020-02-19","https://www.vmware.com/security/advisories/VMSA-2020-0003.html; https://www.vmware.com/security/advisories/VMSA-2020-0003.html","VCDSA23570","1"
"1136","CVE-2020-3944","vRealize Operations for Horizon Adapter (6.7.x prior to 6.7.1 and 6.6.x prior to 6.6.1) has an improper trust store configuration leading to authentication bypass. An unauthenticated remote attacker who has network access to vRealize Operations, with the Horizon Adapter running, may be able to bypass Adapter authentication.","8.6","HIGH","2020-02-19","https://www.vmware.com/security/advisories/VMSA-2020-0003.html; https://www.vmware.com/security/advisories/VMSA-2020-0003.html","VCDSA23570","1"
"1137","CVE-2020-3945","vRealize Operations for Horizon Adapter (6.7.x prior to 6.7.1 and 6.6.x prior to 6.6.1) contains an information disclosure vulnerability due to incorrect pairing implementation between the vRealize Operations for Horizon Adapter and Horizon View. An unauthenticated remote attacker who has network access to vRealize Operations, with the Horizon Adapter running, may obtain sensitive information","7.5","HIGH","2020-02-19","https://www.vmware.com/security/advisories/VMSA-2020-0003.html; https://www.vmware.com/security/advisories/VMSA-2020-0003.html","VCDSA23570","1"
"1138","CVE-2020-3947","VMware Workstation (15.x before 15.5.2) and Fusion (11.x before 11.5.2) contain a use-after vulnerability in vmnetdhcp. Successful exploitation of this issue may lead to code execution on the host from the guest or may allow attackers to create a denial-of-service condition of the vmnetdhcp service running on the host machine.","8.8","HIGH","2020-03-16","https://www.vmware.com/security/advisories/VMSA-2020-0004.html; https://www.vmware.com/security/advisories/VMSA-2020-0004.html","VCDSA23571","1"
"1139","CVE-2020-3948","Linux Guest VMs running on VMware Workstation (15.x before 15.5.2) and Fusion (11.x before 11.5.2) contain a local privilege escalation vulnerability due to improper file permissions in Cortado Thinprint. Local attackers with non-administrative access to a Linux guest VM with virtual printing enabled may exploit this issue to elevate their privileges to root on the same guest VM.","7.8","HIGH","2020-03-16","https://www.vmware.com/security/advisories/VMSA-2020-0004.html; https://www.vmware.com/security/advisories/VMSA-2020-0004.html","VCDSA23571","1"
"1140","CVE-2020-3950","VMware Fusion (11.x before 11.5.2), VMware Remote Console for Mac (11.x and prior before 11.0.1) and Horizon Client for Mac (5.x and prior before 5.4.0) contain a privilege escalation vulnerability due to improper use of setuid binaries. Successful exploitation of this issue may allow attackers with normal user privileges to escalate their privileges to root on the system where Fusion, VMRC or Horizon Client is installed.","7.8","HIGH","2020-03-17","http://packetstormsecurity.com/files/156843/VMware-Fusion-11.5.2-Privilege-Escalation.html; http://packetstormsecurity.com/files/157079/VMware-Fusion-USB-Arbitrator-Setuid-Privilege-Escalation.html; https://www.vmware.com/security/advisories/VMSA-2020-0005.html","VCDSA23572","1"
"1141","CVE-2020-3951","VMware Workstation (15.x before 15.5.2) and Horizon Client for Windows (5.x and prior before 5.4.0) contain a denial-of-service vulnerability due to a heap-overflow issue in Cortado Thinprint. Attackers with non-administrative access to a guest VM with virtual printing enabled may exploit this issue to create a denial-of-service condition of the Thinprint service running on the system where Workstation or Horizon Client is installed.","3.8","LOW","2020-03-17","https://www.vmware.com/security/advisories/VMSA-2020-0005.html; https://www.vmware.com/security/advisories/VMSA-2020-0005.html","VCDSA23572","1"
"1142","CVE-2020-3952","Under certain conditions, vmdir that ships with VMware vCenter Server, as part of an embedded or external Platform Services Controller (PSC), does not correctly implement access controls.","9.8","CRITICAL","2020-04-10","http://packetstormsecurity.com/files/157896/VMware-vCenter-Server-6.7-Authentication-Bypass.html; https://www.vmware.com/security/advisories/VMSA-2020-0006; http://packetstormsecurity.com/files/157896/VMware-vCenter-Server-6.7-Authentication-Bypass.html","VCDSA23573","1"
"1143","CVE-2020-3953","Cross Site Scripting (XSS) vulnerability exists in VMware vRealize Log Insight prior to 8.1.0 due to improper Input validation.","4.8","MEDIUM","2020-04-15","https://www.vmware.com/security/advisories/VMSA-2020-0007.html; https://www.vmware.com/security/advisories/VMSA-2020-0007.html","VCDSA23574","1"
"1144","CVE-2020-3954","Open Redirect vulnerability exists in VMware vRealize Log Insight prior to 8.1.0 due to improper Input validation.","6.1","MEDIUM","2020-04-15","https://www.vmware.com/security/advisories/VMSA-2020-0007.html; https://www.vmware.com/security/advisories/VMSA-2020-0007.html","VCDSA23574","1"
"1145","CVE-2020-3955","ESXi 6.5 without patch ESXi650-201912104-SG and ESXi 6.7 without patch ESXi670-202004103-SG do not properly neutralize script-related HTML when viewing virtual machines attributes. VMware has evaluated the severity of this issue to be in the Important severity range with a maximum CVSSv3 base score of 8.3.","9.3","CRITICAL","2020-04-29","https://www.vmware.com/security/advisories/VMSA-2020-0008.html; https://www.vmware.com/security/advisories/VMSA-2020-0008.html","VCDSA23575","1"
"1146","CVE-2020-3956","VMware Cloud Director 10.0.x before 10.0.0.2, 9.7.0.x before 9.7.0.5, 9.5.0.x before 9.5.0.6, and 9.1.0.x before 9.1.0.4 do not properly handle input leading to a code injection vulnerability. An authenticated actor may be able to send malicious traffic to VMware Cloud Director which may lead to arbitrary remote code execution. This vulnerability can be exploited through the HTML5- and Flex-based UIs, the API Explorer interface and API access.","8.8","HIGH","2020-05-20","http://packetstormsecurity.com/files/157909/vCloud-Director-9.7.0.15498291-Remote-Code-Execution.html; https://citadelo.com/en/blog/full-infrastructure-takeover-of-vmware-cloud-director-CVE-2020-3956/; https://github.com/aaronsvk/CVE-2020-3956","VCDSA23577","1"
"1147","CVE-2020-3957","VMware Fusion (11.x before 11.5.5), VMware Remote Console for Mac (11.x and prior) and VMware Horizon Client for Mac (5.x and prior) contain a local privilege escalation vulnerability due to a Time-of-check Time-of-use (TOCTOU) issue in the service opener. Successful exploitation of this issue may allow attackers with normal user privileges to escalate their privileges to root on the system where Fusion, VMRC and Horizon Client are installed.","7.0","HIGH","2020-05-29","https://www.vmware.com/security/advisories/VMSA-2020-0011.html; https://www.vmware.com/security/advisories/VMSA-2020-0011.html","VCDSA23578","1"
"1148","CVE-2020-3958","VMware ESXi (6.7 before ESXi670-202004101-SG and 6.5 before ESXi650-202005401-SG), VMware Workstation (15.x before 15.5.2) and VMware Fusion (11.x before 11.5.2) contain a denial-of-service vulnerability in the shader functionality. Successful exploitation of this issue may allow attackers with non-administrative access to a virtual machine to crash the virtual machine's vmx process leading to a denial of service condition.","5.5","MEDIUM","2020-05-29","https://www.talosintelligence.com/vulnerability_reports/TALOS-2019-0957; https://www.vmware.com/security/advisories/VMSA-2020-0011.html; https://www.talosintelligence.com/vulnerability_reports/TALOS-2019-0957","VCDSA23578","1"
"1149","CVE-2020-3959","VMware ESXi (6.7 before ESXi670-202004101-SG and 6.5 before ESXi650-202005401-SG), VMware Workstation (15.x before 15.1.0) and VMware Fusion (11.x before 11.1.0) contain a memory leak vulnerability in the VMCI module. A malicious actor with local non-administrative access to a virtual machine may be able to crash the virtual machine's vmx process leading to a partial denial of service.","3.3","LOW","2020-05-29","https://www.vmware.com/security/advisories/VMSA-2020-0011.html; https://www.vmware.com/security/advisories/VMSA-2020-0011.html","VCDSA23578","1"
"1150","CVE-2020-3960","VMware ESXi (6.7 before ESXi670-202006401-SG and 6.5 before ESXi650-202005401-SG), Workstation (15.x before 15.5.5), and Fusion (11.x before 11.5.5) contain an out-of-bounds read vulnerability in NVMe functionality. A malicious actor with local non-administrative access to a virtual machine with a virtual NVMe controller present may be able to read privileged information contained in physical memory.","8.4","HIGH","2021-09-15","https://www.vmware.com/security/advisories/VMSA-2020-0012.html; https://www.vmware.com/security/advisories/VMSA-2020-0012.html","VCDSA23579","1"
"1151","CVE-2020-3962","VMware ESXi (7.0 before ESXi_7.0.0-1.20.16321839, 6.7 before ESXi670-202004101-SG and 6.5 before ESXi650-202005401-SG), Workstation (15.x before 15.5.5), and Fusion (11.x before 11.5.5) contain a use-after-free vulnerability in the SVGA device. A malicious actor with local access to a virtual machine with 3D graphics enabled may be able to exploit this vulnerability to execute code on the hypervisor from a virtual machine.","8.2","HIGH","2020-06-24","https://www.vmware.com/security/advisories/VMSA-2020-0015.html; https://www.zerodayinitiative.com/advisories/ZDI-20-785/; https://www.vmware.com/security/advisories/VMSA-2020-0015.html","VCDSA23581","1"
"1152","CVE-2020-3963","VMware ESXi (7.0 before ESXi_7.0.0-1.20.16321839, 6.7 before ESXi670-202006401-SG and 6.5 before ESXi650-202005401-SG), Workstation (15.x before 15.5.2), and Fusion (11.x before 11.5.2) contain a use-after-free vulnerability in PVNVRAM. A malicious actor with local access to a virtual machine may be able to read privileged information contained in physical memory.","5.5","MEDIUM","2020-06-25","http://packetstormsecurity.com/files/158459/VMware-ESXi-Use-After-Free-Out-Of-Bounds-Access.html; http://seclists.org/fulldisclosure/2020/Jul/22; https://www.vmware.com/security/advisories/VMSA-2020-0015.html","VCDSA23581","1"
"1153","CVE-2020-3964","VMware ESXi (7.0 before ESXi_7.0.0-1.20.16321839, 6.7 before ESXi670-202006401-SG and 6.5 before ESXi650-202005401-SG), Workstation (15.x before 15.5.2), and Fusion (11.x before 11.5.2) contain an information leak in the EHCI USB controller. A malicious actor with local access to a virtual machine may be able to read privileged information contained in the hypervisor's memory. Additional conditions beyond the attacker's control need to be present for exploitation to be possible.","4.7","MEDIUM","2020-06-25","http://packetstormsecurity.com/files/158459/VMware-ESXi-Use-After-Free-Out-Of-Bounds-Access.html; http://seclists.org/fulldisclosure/2020/Jul/22; https://www.vmware.com/security/advisories/VMSA-2020-0015.html","VCDSA23581","1"
"1154","CVE-2020-3965","VMware ESXi (7.0 before ESXi_7.0.0-1.20.16321839, 6.7 before ESXi670-202006401-SG and 6.5 before ESXi650-202005401-SG), Workstation (15.x before 15.5.2), and Fusion (11.x before 11.5.2) contain an information leak in the XHCI USB controller. A malicious actor with local access to a virtual machine may be able to read privileged information contained in hypervisor memory from a virtual machine.","5.5","MEDIUM","2020-06-25","http://packetstormsecurity.com/files/158459/VMware-ESXi-Use-After-Free-Out-Of-Bounds-Access.html; http://seclists.org/fulldisclosure/2020/Jul/22; https://www.vmware.com/security/advisories/VMSA-2020-0015.html","VCDSA23581","1"
"1155","CVE-2020-3966","VMware ESXi (7.0 before ESXi_7.0.0-1.20.16321839, 6.7 before ESXi670-202004101-SG and 6.5 before ESXi650-202005401-SG), Workstation (15.x before 15.5.2), and Fusion (11.x before 11.5.2) contain a heap-overflow due to a race condition issue in the USB 2.0 controller (EHCI). A malicious actor with local access to a virtual machine may be able to exploit this vulnerability to execute code on the hypervisor from a virtual machine. Additional conditions beyond the attacker's control must be present for exploitation to be possible.","7.5","HIGH","2020-06-25","https://www.vmware.com/security/advisories/VMSA-2020-0015.html; https://www.zerodayinitiative.com/advisories/ZDI-20-783/; https://www.vmware.com/security/advisories/VMSA-2020-0015.html","VCDSA23581","1"
"1156","CVE-2020-3967","VMware ESXi (7.0 before ESXi_7.0.0-1.20.16321839, 6.7 before ESXi670-202004101-SG and 6.5 before ESXi650-202005401-SG), Workstation (15.x before 15.5.5), and Fusion (11.x before 11.5.5) contain a heap-overflow vulnerability in the USB 2.0 controller (EHCI). A malicious actor with local access to a virtual machine may be able to exploit this vulnerability to execute code on the hypervisor from a virtual machine. Additional conditions beyond the attacker's control must be present for exploitation to be possible.","7.5","HIGH","2020-06-25","https://www.vmware.com/security/advisories/VMSA-2020-0015.html; https://www.zerodayinitiative.com/advisories/ZDI-20-784/; https://www.vmware.com/security/advisories/VMSA-2020-0015.html","VCDSA23581","1"
"1157","CVE-2020-3968","VMware ESXi (7.0 before ESXi_7.0.0-1.20.16321839, 6.7 before ESXi670-202004101-SG and 6.5 before ESXi650-202005401-SG), Workstation (15.x before 15.5.5), and Fusion (11.x before 11.5.5) contain an out-of-bounds write vulnerability in the USB 3.0 controller (xHCI). A malicious actor with local administrative privileges on a virtual machine may be able to exploit this issue to crash the virtual machine's vmx process leading to a denial of service condition or execute code on the hypervisor from a virtual machine. Additional conditions beyond the attacker's control must be present for exploitation to be possible.","8.2","HIGH","2020-06-25","https://www.vmware.com/security/advisories/VMSA-2020-0015.html; https://www.zerodayinitiative.com/advisories/ZDI-20-781/; https://www.vmware.com/security/advisories/VMSA-2020-0015.html","VCDSA23581","1"
"1158","CVE-2020-3969","VMware ESXi (7.0 before ESXi_7.0.0-1.20.16321839, 6.7 before ESXi670-202004101-SG and 6.5 before ESXi650-202005401-SG), Workstation (15.x before 15.5.5), and Fusion (11.x before 11.5.5) contain an off-by-one heap-overflow vulnerability in the SVGA device. A malicious actor with local access to a virtual machine with 3D graphics enabled may be able to exploit this vulnerability to execute code on the hypervisor from a virtual machine. Additional conditions beyond the attacker's control must be present for exploitation to be possible.","7.8","HIGH","2020-06-24","https://www.vmware.com/security/advisories/VMSA-2020-0015.html; https://www.zerodayinitiative.com/advisories/ZDI-20-786/; https://www.vmware.com/security/advisories/VMSA-2020-0015.html","VCDSA23581","1"
"1159","CVE-2020-3970","VMware ESXi (7.0 before ESXi_7.0.0-1.20.16321839, 6.7 before ESXi670-202004101-SG and 6.5 before ESXi650-202005401-SG), Workstation (15.x before 15.5.5), and Fusion (11.x before 11.5.5) contain an out-of-bounds read vulnerability in the Shader functionality. A malicious actor with non-administrative local access to a virtual machine with 3D graphics enabled may be able to exploit this vulnerability to crash the virtual machine's vmx process leading to a partial denial of service condition.","3.8","LOW","2020-06-25","https://www.vmware.com/security/advisories/VMSA-2020-0015.html; https://www.zerodayinitiative.com/advisories/ZDI-20-782/; https://www.vmware.com/security/advisories/VMSA-2020-0015.html","VCDSA23581","1"
"1160","CVE-2020-3971","VMware ESXi (6.7 before ESXi670-201904101-SG and 6.5 before ESXi650-201907101-SG), Workstation (15.x before 15.0.2), and Fusion (11.x before 11.0.2) contain a heap overflow vulnerability in the vmxnet3 virtual network adapter. A malicious actor with local access to a virtual machine with a vmxnet3 network adapter present may be able to read privileged information contained in physical memory.","5.5","MEDIUM","2020-06-25","https://www.vmware.com/security/advisories/VMSA-2020-0015.html; https://www.vmware.com/security/advisories/VMSA-2020-0015.html","VCDSA23581","1"
"1161","CVE-2020-3972","VMware Tools for macOS (11.x.x and prior before 11.1.1) contains a denial-of-service vulnerability in the Host-Guest File System (HGFS) implementation. Successful exploitation of this issue may allow attackers with non-admin privileges on guest macOS virtual machines to create a denial-of-service condition on their own VMs.","3.3","LOW","2020-06-19","https://www.vmware.com/security/advisories/VMSA-2020-0014.html; https://www.vmware.com/security/advisories/VMSA-2020-0014.html","VCDSA23580","1"
"1162","CVE-2020-3974","VMware Fusion (11.x before 11.5.5), VMware Remote Console for Mac (11.x and prior before 11.2.0 ) and Horizon Client for Mac (5.x and prior before 5.4.3) contain a privilege escalation vulnerability due to improper XPC Client validation. Successful exploitation of this issue may allow attackers with normal user privileges to escalate their privileges to root on the system where Fusion, VMware Remote Console for Mac or Horizon Client for Mac is installed.","7.8","HIGH","2020-07-10","https://www.vmware.com/security/advisories/VMSA-2020-0017.html; https://www.vmware.com/security/advisories/VMSA-2020-0017.html","VCDSA23585","1"
"1163","CVE-2020-3976","VMware ESXi and vCenter Server contain a partial denial of service vulnerability in their respective authentication services. VMware has evaluated the severity of this issue to be in the Moderate severity range with a maximum CVSSv3 base score of 5.3.","5.3","MEDIUM","2020-08-21","https://www.vmware.com/security/advisories/VMSA-2020-0018.html; https://www.vmware.com/security/advisories/VMSA-2020-0018.html","VCDSA23588","1"
"1164","CVE-2020-3980","VMware Fusion (11.x) contains a privilege escalation vulnerability due to the way it allows configuring the system wide path. An attacker with normal user privileges may exploit this issue to trick an admin user into executing malicious code on the system where Fusion is installed.","6.7","MEDIUM","2020-09-16","https://www.vmware.com/security/advisories/VMSA-2020-0020.html; https://www.vmware.com/security/advisories/VMSA-2020-0020.html","VCDSA23589","1"
"1165","CVE-2020-3981","VMware ESXi (7.0 before ESXi_7.0.1-0.0.16850804, 6.7 before ESXi670-202008101-SG, 6.5 before ESXi650-202007101-SG), Workstation (15.x), Fusion (11.x before 11.5.6) contain an out-of-bounds read vulnerability due to a time-of-check time-of-use issue in ACPI device. A malicious actor with administrative access to a virtual machine may be able to exploit this issue to leak memory from the vmx process.","5.8","MEDIUM","2020-10-20","https://www.vmware.com/security/advisories/VMSA-2020-0023.html; https://www.vmware.com/security/advisories/VMSA-2020-0023.html","VCDSA23590","1"
"1166","CVE-2020-3982","VMware ESXi (7.0 before ESXi_7.0.1-0.0.16850804, 6.7 before ESXi670-202008101-SG, 6.5 before ESXi650-202007101-SG), Workstation (15.x), Fusion (11.x before 11.5.6) contain an out-of-bounds write vulnerability due to a time-of-check time-of-use issue in ACPI device. A malicious actor with administrative access to a virtual machine may be able to exploit this vulnerability to crash the virtual machine's vmx process or corrupt hypervisor's memory heap.","7.7","HIGH","2020-10-20","https://www.vmware.com/security/advisories/VMSA-2020-0023.html; https://www.vmware.com/security/advisories/VMSA-2020-0023.html","VCDSA23590","1"
"1167","CVE-2020-3986","VMware Workstation (15.x) and Horizon Client for Windows (5.x before 5.4.4) contain an out-of-bounds read vulnerability in Cortado ThinPrint component (EMF Parser). A malicious actor with normal access to a virtual machine may be able to exploit these issues to create a partial denial-of-service condition or to leak memory from TPView process running on the system where Workstation or Horizon Client for Windows is installed.","6.1","MEDIUM","2020-09-16","https://www.vmware.com/security/advisories/VMSA-2020-0020.html; https://www.vmware.com/security/advisories/VMSA-2020-0020.html","VCDSA23589","1"
"1168","CVE-2020-3987","VMware Workstation (15.x) and Horizon Client for Windows (5.x before 5.4.4) contain an out-of-bounds read vulnerability in Cortado ThinPrint component (EMR STRETCHDIBITS parser). A malicious actor with normal access to a virtual machine may be able to exploit these issues to create a partial denial-of-service condition or to leak memory from TPView process running on the system where Workstation or Horizon Client for Windows is installed.","6.1","MEDIUM","2020-09-16","https://www.vmware.com/security/advisories/VMSA-2020-0020.html; https://www.vmware.com/security/advisories/VMSA-2020-0020.html","VCDSA23589","1"
"1169","CVE-2020-3988","VMware Workstation (15.x) and Horizon Client for Windows (5.x before 5.4.4) contain an out-of-bounds read vulnerability in Cortado ThinPrint component (JPEG2000 parser). A malicious actor with normal access to a virtual machine may be able to exploit these issues to create a partial denial-of-service condition or to leak memory from TPView process running on the system where Workstation or Horizon Client for Windows is installed.","6.1","MEDIUM","2020-09-16","https://www.vmware.com/security/advisories/VMSA-2020-0020.html; https://www.vmware.com/security/advisories/VMSA-2020-0020.html","VCDSA23589","1"
"1170","CVE-2020-3989","VMware Workstation (15.x) and Horizon Client for Windows (5.x before 5.4.4) contain a denial of service vulnerability due to an out-of-bounds write issue in Cortado ThinPrint component. A malicious actor with normal access to a virtual machine may be able to exploit this issue to create a partial denial-of-service condition on the system where Workstation or Horizon Client for Windows is installed. Exploitation is only possible if virtual printing has been enabled. This feature is not enabled by default on Workstation but it is enabled by default on Horizon Client.","3.3","LOW","2020-09-16","https://www.vmware.com/security/advisories/VMSA-2020-0020.html; https://www.vmware.com/security/advisories/VMSA-2020-0020.html","VCDSA23589","1"
"1171","CVE-2020-3990","VMware Workstation (15.x) and Horizon Client for Windows (5.x before 5.4.4) contain an information disclosure vulnerability due to an integer overflow issue in Cortado ThinPrint component. A malicious actor with normal access to a virtual machine may be able to exploit this issue to leak memory from TPView process running on the system where Workstation or Horizon Client for Windows is installed. Exploitation is only possible if virtual printing has been enabled. This feature is not enabled by default on Workstation but it is enabled by default on Horizon Client.","6.5","MEDIUM","2020-09-16","https://www.vmware.com/security/advisories/VMSA-2020-0020.html; https://www.vmware.com/security/advisories/VMSA-2020-0020.html","VCDSA23589","1"
"1172","CVE-2020-3992","OpenSLP as used in VMware ESXi (7.0 before ESXi_7.0.1-0.0.16850804, 6.7 before ESXi670-202010401-SG, 6.5 before ESXi650-202010401-SG) has a use-after-free issue. A malicious actor residing in the management network who has access to port 427 on an ESXi machine may be able to trigger a use-after-free in the OpenSLP service resulting in remote code execution.","9.8","CRITICAL","2020-10-20","https://www.vmware.com/security/advisories/VMSA-2020-0023.html; https://www.zerodayinitiative.com/advisories/ZDI-20-1377/; https://www.zerodayinitiative.com/advisories/ZDI-20-1385/","VCDSA23590","1"
"1173","CVE-2020-3993","VMware NSX-T (3.x before 3.0.2, 2.5.x before 2.5.2.2.0) contains a security vulnerability that exists in the way it allows a KVM host to download and install packages from NSX manager. A malicious actor with MITM positioning may be able to exploit this issue to compromise the transport node.","5.9","MEDIUM","2020-10-20","https://www.vmware.com/security/advisories/VMSA-2020-0023.html; https://www.vmware.com/security/advisories/VMSA-2020-0023.html","VCDSA23590","1"
"1174","CVE-2020-3994","VMware vCenter Server (6.7 before 6.7u3, 6.6 before 6.5u3k) contains a session hijack vulnerability in the vCenter Server Appliance Management Interface update function due to a lack of certificate validation. A malicious actor with network positioning between vCenter Server and an update repository may be able to perform a session hijack when the vCenter Server Appliance Management Interface is used to download vCenter updates.","7.4","HIGH","2020-10-20","https://www.vmware.com/security/advisories/VMSA-2020-0023.html; https://www.vmware.com/security/advisories/VMSA-2020-0023.html","VCDSA23590","1"
"1175","CVE-2020-3995","In VMware ESXi (6.7 before ESXi670-201908101-SG, 6.5 before ESXi650-202007101-SG), Workstation (15.x before 15.1.0), Fusion (11.x before 11.1.0), the VMCI host drivers used by VMware hypervisors contain a memory leak vulnerability. A malicious actor with access to a virtual machine may be able to trigger a memory leak issue resulting in memory resource exhaustion on the hypervisor if the attack is sustained for extended periods of time.","5.3","MEDIUM","2020-10-20","https://www.vmware.com/security/advisories/VMSA-2020-0023.html; https://www.vmware.com/security/advisories/VMSA-2020-0023.html","VCDSA23590","1"
"1176","CVE-2020-3999","VMware ESXi (7.0 prior to ESXi70U1c-17325551), VMware Workstation (16.x prior to 16.0 and 15.x prior to 15.5.7), VMware Fusion (12.x prior to 12.0 and 11.x prior to 11.5.7) and VMware Cloud Foundation contain a denial of service vulnerability due to improper input validation in GuestInfo. A malicious actor with normal user privilege access to a virtual machine can crash the virtual machine's vmx process leading to a denial of service condition.","6.5","MEDIUM","2020-12-21","https://www.vmware.com/security/advisories/VMSA-2020-0029.html; https://www.vmware.com/security/advisories/VMSA-2020-0029.html","VCDSA23597","1"
"1177","CVE-2020-4004","VMware ESXi (7.0 before ESXi70U1b-17168206, 6.7 before ESXi670-202011101-SG, 6.5 before ESXi650-202011301-SG), Workstation (15.x before 15.5.7), Fusion (11.x before 11.5.7) contain a use-after-free vulnerability in the XHCI USB controller. A malicious actor with local administrative privileges on a virtual machine may exploit this issue to execute code as the virtual machine's VMX process running on the host.","8.2","HIGH","2020-11-20","https://www.vmware.com/security/advisories/VMSA-2020-0026.html; https://www.vmware.com/security/advisories/VMSA-2020-0026.html","VCDSA23583","1"
"1178","CVE-2020-4005","VMware ESXi (7.0 before ESXi70U1b-17168206, 6.7 before ESXi670-202011101-SG, 6.5 before ESXi650-202011301-SG) contains a privilege-escalation vulnerability that exists in the way certain system calls are being managed. A malicious actor with privileges within the VMX process only, may escalate their privileges on the affected system. Successful exploitation of this issue is only possible when chained with another vulnerability (e.g. CVE-2020-4004)","7.8","HIGH","2020-11-20","https://www.vmware.com/security/advisories/VMSA-2020-0026.html; https://www.vmware.com/security/advisories/VMSA-2020-0026.html","VCDSA23583","1"
"1179","CVE-2020-4006","VMware Workspace One Access, Access Connector, Identity Manager, and Identity Manager Connector address have a command injection vulnerability.","9.1","CRITICAL","2020-11-23","https://www.vmware.com/security/advisories/VMSA-2020-0027.html; https://www.kb.cert.org/vuls/id/724367; https://www.vmware.com/security/advisories/VMSA-2020-0027.html","VCDSA23594","1"
"1180","CVE-2021-21972","The vSphere Client (HTML5) contains a remote code execution vulnerability in a vCenter Server plugin. A malicious actor with network access to port 443 may exploit this issue to execute commands with unrestricted privileges on the underlying operating system that hosts vCenter Server. This affects VMware vCenter Server (7.x before 7.0 U1c, 6.7 before 6.7 U3l and 6.5 before 6.5 U3n) and VMware Cloud Foundation (4.x before 4.2 and 3.x before 3.10.1.2).","9.8","CRITICAL","2021-02-24","http://packetstormsecurity.com/files/161590/VMware-vCenter-Server-7.0-Arbitrary-File-Upload.html; http://packetstormsecurity.com/files/161695/VMware-vCenter-Server-File-Upload-Remote-Code-Execution.html; http://packetstormsecurity.com/files/163268/VMware-vCenter-6.5-6.7-7.0-Remote-Code-Execution.html","VCDSA23599","1"
"1181","CVE-2021-21973","The vSphere Client (HTML5) contains an SSRF (Server Side Request Forgery) vulnerability due to improper validation of URLs in a vCenter Server plugin. A malicious actor with network access to port 443 may exploit this issue by sending a POST request to vCenter Server plugin leading to information disclosure. This affects: VMware vCenter Server (7.x before 7.0 U1c, 6.7 before 6.7 U3l and 6.5 before 6.5 U3n) and VMware Cloud Foundation (4.x before 4.2 and 3.x before 3.10.1.2).","5.3","MEDIUM","2021-02-24","https://www.vmware.com/security/advisories/VMSA-2021-0002.html; https://www.vmware.com/security/advisories/VMSA-2021-0002.html; https://www.cisa.gov/known-exploited-vulnerabilities-catalog?field_cve=CVE-2021-21973","VCDSA23599","1"
"1182","CVE-2021-21974","OpenSLP as used in ESXi (7.0 before ESXi70U1c-17325551, 6.7 before ESXi670-202102401-SG, 6.5 before ESXi650-202102101-SG) has a heap-overflow vulnerability. A malicious actor residing within the same network segment as ESXi who has access to port 427 may be able to trigger the heap-overflow issue in OpenSLP service resulting in remote code execution.","8.8","HIGH","2021-02-24","http://packetstormsecurity.com/files/162957/VMware-ESXi-OpenSLP-Heap-Overflow.html; https://www.vmware.com/security/advisories/VMSA-2021-0002.html; https://www.zerodayinitiative.com/advisories/ZDI-21-250/","VCDSA23599","1"
"1183","CVE-2021-21975","Server Side Request Forgery in vRealize Operations Manager API (CVE-2021-21975) prior to 8.4 may allow a malicious actor with network access to the vRealize Operations Manager API can perform a Server Side Request Forgery attack to steal administrative credentials.","7.5","HIGH","2021-03-31","http://packetstormsecurity.com/files/162349/VMware-vRealize-Operations-Manager-Server-Side-Request-Forgery-Code-Execution.html; https://www.vmware.com/security/advisories/VMSA-2021-0004.html; http://packetstormsecurity.com/files/162349/VMware-vRealize-Operations-Manager-Server-Side-Request-Forgery-Code-Execution.html","VCDSA23600","1"
"1184","CVE-2021-21976","vSphere Replication 8.3.x prior to 8.3.1.2, 8.2.x prior to 8.2.1.1, 8.1.x prior to 8.1.2.3 and 6.5.x prior to 6.5.1.5 contain a post-authentication command injection vulnerability which may allow an authenticated admin user to perform a remote code execution.","7.2","HIGH","2021-02-11","https://www.vmware.com/security/advisories/VMSA-2021-0001.html; https://www.vmware.com/security/advisories/VMSA-2021-0001.html","VCDSA23598","1"
"1185","CVE-2021-21980","The vSphere Web Client (FLEX/Flash) contains an unauthorized arbitrary file read vulnerability. A malicious actor with network access to port 443 on vCenter Server may exploit this issue to gain access to sensitive information.","7.5","HIGH","2021-11-24","https://www.vmware.com/security/advisories/VMSA-2021-0027.html; https://www.vmware.com/security/advisories/VMSA-2021-0027.html","VCDSA23617","1"
"1186","CVE-2021-21981","VMware NSX-T contains a privilege escalation vulnerability due to an issue with RBAC (Role based access control) role assignment. Successful exploitation of this issue may allow attackers with local guest user account to assign privileges higher than their own permission level.","7.8","HIGH","2021-04-19","https://www.vmware.com/security/advisories/VMSA-2021-0006.html; https://www.vmware.com/security/advisories/VMSA-2021-0006.html","VCDSA23592","1"
"1187","CVE-2021-21983","Arbitrary file write vulnerability in vRealize Operations Manager API (CVE-2021-21983) prior to 8.4 may allow an authenticated malicious actor with network access to the vRealize Operations Manager API can write files to arbitrary locations on the underlying photon operating system.","6.5","MEDIUM","2021-03-31","http://packetstormsecurity.com/files/162349/VMware-vRealize-Operations-Manager-Server-Side-Request-Forgery-Code-Execution.html; https://www.vmware.com/security/advisories/VMSA-2021-0004.html; http://packetstormsecurity.com/files/162349/VMware-vRealize-Operations-Manager-Server-Side-Request-Forgery-Code-Execution.html","VCDSA23600","1"
"1188","CVE-2021-21984","VMware vRealize Business for Cloud 7.x prior to 7.6.0 contains a remote code execution vulnerability due to an unauthorised end point. A malicious actor with network access may exploit this issue causing unauthorised remote code execution on vRealize Business for Cloud Virtual Appliance.","9.8","CRITICAL","2021-05-07","https://www.vmware.com/security/advisories/VMSA-2021-0007.html; https://www.vmware.com/security/advisories/VMSA-2021-0007.html","VCDSA23593","1"
"1189","CVE-2021-21985","The vSphere Client (HTML5) contains a remote code execution vulnerability due to lack of input validation in the Virtual SAN Health Check plug-in which is enabled by default in vCenter Server. A malicious actor with network access to port 443 may exploit this issue to execute commands with unrestricted privileges on the underlying operating system that hosts vCenter Server.","9.8","CRITICAL","2021-05-26","http://packetstormsecurity.com/files/162812/VMware-Security-Advisory-2021-0010.html; http://packetstormsecurity.com/files/163487/VMware-vCenter-Server-Virtual-SAN-Health-Check-Remote-Code-Execution.html; https://www.vmware.com/security/advisories/VMSA-2021-0010.html","VCDSA23602","1"
"1190","CVE-2021-21986","The vSphere Client (HTML5) contains a vulnerability in a vSphere authentication mechanism for the Virtual SAN Health Check, Site Recovery, vSphere Lifecycle Manager, and VMware Cloud Director Availability plug-ins. A malicious actor with network access to port 443 on vCenter Server may perform actions allowed by the impacted plug-ins without authentication.","9.8","CRITICAL","2021-05-26","http://packetstormsecurity.com/files/162812/VMware-Security-Advisory-2021-0010.html; https://www.vmware.com/security/advisories/VMSA-2021-0010.html; http://packetstormsecurity.com/files/162812/VMware-Security-Advisory-2021-0010.html","VCDSA23602","1"
"1191","CVE-2021-21987","VMware Workstation (16.x prior to 16.1.2) and Horizon Client for Windows (5.x prior to 5.5.2) contain out-of-bounds read vulnerability in the Cortado ThinPrint component (TTC Parser). A malicious actor with access to a virtual machine or remote desktop may be able to exploit these issues leading to information disclosure from the TPView process running on the system where Workstation or Horizon Client for Windows is installed.","6.5","MEDIUM","2021-05-24","https://www.vmware.com/security/advisories/VMSA-2021-0009.html; https://www.zerodayinitiative.com/advisories/ZDI-21-608/; https://www.vmware.com/security/advisories/VMSA-2021-0009.html","VCDSA23601","1"
"1192","CVE-2021-21988","VMware Workstation (16.x prior to 16.1.2) and Horizon Client for Windows (5.x prior to 5.5.2) contain out-of-bounds read vulnerability in the Cortado ThinPrint component (JPEG2000 Parser). A malicious actor with access to a virtual machine or remote desktop may be able to exploit these issues leading to information disclosure from the TPView process running on the system where Workstation or Horizon Client for Windows is installed.","6.5","MEDIUM","2021-05-24","https://www.vmware.com/security/advisories/VMSA-2021-0009.html; https://www.zerodayinitiative.com/advisories/ZDI-21-609/; https://www.vmware.com/security/advisories/VMSA-2021-0009.html","VCDSA23601","1"
"1193","CVE-2021-21989","VMware Workstation (16.x prior to 16.1.2) and Horizon Client for Windows (5.x prior to 5.5.2) contain out-of-bounds read vulnerability in the Cortado ThinPrint component (TTC Parser). A malicious actor with access to a virtual machine or remote desktop may be able to exploit these issues leading to information disclosure from the TPView process running on the system where Workstation or Horizon Client for Windows is installed.","6.5","MEDIUM","2021-05-24","https://www.vmware.com/security/advisories/VMSA-2021-0009.html; https://www.zerodayinitiative.com/advisories/ZDI-21-610/; https://www.vmware.com/security/advisories/VMSA-2021-0009.html","VCDSA23601","1"
"1194","CVE-2021-21991","The vCenter Server contains a local privilege escalation vulnerability due to the way it handles session tokens. A malicious actor with non-administrative user access on vCenter Server host may exploit this issue to escalate privileges to Administrator on the vSphere Client (HTML5) or vCenter Server vSphere Web Client (FLEX/Flash).","7.8","HIGH","2021-09-22","https://www.vmware.com/security/advisories/VMSA-2021-0020.html; https://www.vmware.com/security/advisories/VMSA-2021-0020.html","VCDSA23611","1"
"1195","CVE-2021-21992","The vCenter Server contains a denial-of-service vulnerability due to improper XML entity parsing. A malicious actor with non-administrative user access to the vCenter Server vSphere Client (HTML5) or vCenter Server vSphere Web Client (FLEX/Flash) may exploit this issue to create a denial-of-service condition on the vCenter Server host.","6.5","MEDIUM","2021-09-22","https://www.vmware.com/security/advisories/VMSA-2021-0020.html; https://www.vmware.com/security/advisories/VMSA-2021-0020.html","VCDSA23611","1"
"1196","CVE-2021-21993","The vCenter Server contains an SSRF (Server Side Request Forgery) vulnerability due to improper validation of URLs in vCenter Server Content Library. An authorised user with access to content library may exploit this issue by sending a POST request to vCenter Server leading to information disclosure.","6.5","MEDIUM","2021-09-23","https://www.vmware.com/security/advisories/VMSA-2021-0020.html; https://www.vmware.com/security/advisories/VMSA-2021-0020.html","VCDSA23611","1"
"1197","CVE-2021-21994","SFCB (Small Footprint CIM Broker) as used in ESXi has an authentication bypass vulnerability. A malicious actor with network access to port 5989 on ESXi may exploit this issue to bypass SFCB authentication by sending a specially crafted request.","9.8","CRITICAL","2021-07-13","https://www.vmware.com/security/advisories/VMSA-2021-0014.html; https://www.vmware.com/security/advisories/VMSA-2021-0014.html","VCDSA23606","1"
"1198","CVE-2021-21995","OpenSLP as used in ESXi has a denial-of-service vulnerability due a heap out-of-bounds read issue. A malicious actor with network access to port 427 on ESXi may be able to trigger a heap out-of-bounds read in OpenSLP service resulting in a denial-of-service condition.","7.5","HIGH","2021-07-13","https://www.vmware.com/security/advisories/VMSA-2021-0014.html; https://www.vmware.com/security/advisories/VMSA-2021-0014.html","VCDSA23606","1"
"1199","CVE-2021-21997","VMware Tools for Windows (11.x.y prior to 11.3.0) contains a denial-of-service vulnerability in the VM3DMP driver. A malicious actor with local user privileges in the Windows guest operating system, where VMware Tools is installed, can trigger a PANIC in the VM3DMP driver leading to a denial-of-service condition in the Windows guest operating system.","5.5","MEDIUM","2021-06-18","https://www.vmware.com/security/advisories/VMSA-2021-0011.html; https://www.vmware.com/security/advisories/VMSA-2021-0011.html","VCDSA23603","1"
"1200","CVE-2021-21999","VMware Tools for Windows (11.x.y prior to 11.2.6), VMware Remote Console for Windows (12.x prior to 12.0.1) , VMware App Volumes (2.x prior to 2.18.10 and 4 prior to 2103) contain a local privilege escalation vulnerability. An attacker with normal access to a virtual machine may exploit this issue by placing a malicious file renamed as `openssl.cnf' in an unrestricted directory which would allow code to be executed with elevated privileges.","7.8","HIGH","2021-06-23","https://www.vmware.com/security/advisories/VMSA-2021-0013.html; https://www.zerodayinitiative.com/advisories/ZDI-21-754/; https://www.vmware.com/security/advisories/VMSA-2021-0013.html","VCDSA23605","1"
"1201","CVE-2021-22002","VMware Workspace ONE Access and Identity Manager, allow the /cfg web app and diagnostic endpoints, on port 8443, to be accessed via port 443 using a custom host header. A malicious actor with network access to port 443 could tamper with host headers to facilitate access to the /cfg web app, in addition a malicious actor could access /cfg diagnostic endpoints without authentication.","9.8","CRITICAL","2021-08-31","https://www.vmware.com/security/advisories/VMSA-2021-0016.html; https://www.vmware.com/security/advisories/VMSA-2021-0016.html","VCDSA23608","1"
"1202","CVE-2021-22003","VMware Workspace ONE Access and Identity Manager, unintentionally provide a login interface on port 7443. A malicious actor with network access to port 7443 may attempt user enumeration or brute force the login endpoint, which may or may not be practical based on lockout policy configuration and password complexity for the target account.","7.5","HIGH","2021-08-31","https://www.vmware.com/security/advisories/VMSA-2021-0016.html; https://www.vmware.com/security/advisories/VMSA-2021-0016.html","VCDSA23608","1"
"1203","CVE-2021-22005","The vCenter Server contains an arbitrary file upload vulnerability in the Analytics service. A malicious actor with network access to port 443 on vCenter Server may exploit this issue to execute code on vCenter Server by uploading a specially crafted file.","9.8","CRITICAL","2021-09-23","http://packetstormsecurity.com/files/164439/VMware-vCenter-Server-Analytics-CEIP-Service-File-Upload.html; https://www.vmware.com/security/advisories/VMSA-2021-0020.html; http://packetstormsecurity.com/files/164439/VMware-vCenter-Server-Analytics-CEIP-Service-File-Upload.html","VCDSA23611","1"
"1204","CVE-2021-22006","The vCenter Server contains a reverse proxy bypass vulnerability due to the way the endpoints handle the URI. A malicious actor with network access to port 443 on vCenter Server may exploit this issue to access restricted endpoints.","7.5","HIGH","2021-09-23","https://www.vmware.com/security/advisories/VMSA-2021-0020.html; https://www.vmware.com/security/advisories/VMSA-2021-0020.html","VCDSA23611","1"
"1205","CVE-2021-22007","The vCenter Server contains a local information disclosure vulnerability in the Analytics service. An authenticated user with non-administrative privilege may exploit this issue to gain access to sensitive information.","5.5","MEDIUM","2021-09-23","https://www.vmware.com/security/advisories/VMSA-2021-0020.html; https://www.vmware.com/security/advisories/VMSA-2021-0020.html","VCDSA23611","1"
"1206","CVE-2021-22008","The vCenter Server contains an information disclosure vulnerability in VAPI (vCenter API) service. A malicious actor with network access to port 443 on vCenter Server may exploit this issue by sending a specially crafted json-rpc message to gain access to sensitive information.","7.5","HIGH","2021-09-23","https://www.vmware.com/security/advisories/VMSA-2021-0020.html; https://www.vmware.com/security/advisories/VMSA-2021-0020.html","VCDSA23611","1"
"1207","CVE-2021-22009","The vCenter Server contains multiple denial-of-service vulnerabilities in VAPI (vCenter API) service. A malicious actor with network access to port 443 on vCenter Server may exploit these issues to create a denial of service condition due to excessive memory consumption by VAPI service.","7.5","HIGH","2021-09-23","https://www.vmware.com/security/advisories/VMSA-2021-0020.html; https://www.vmware.com/security/advisories/VMSA-2021-0020.html","VCDSA23611","1"
"1208","CVE-2021-22010","The vCenter Server contains a denial-of-service vulnerability in VPXD service. A malicious actor with network access to port 443 on vCenter Server may exploit this issue to create a denial of service condition due to excessive memory consumption by VPXD service.","7.5","HIGH","2021-09-23","https://www.vmware.com/security/advisories/VMSA-2021-0020.html; https://www.vmware.com/security/advisories/VMSA-2021-0020.html","VCDSA23611","1"
"1209","CVE-2021-22011","vCenter Server contains an unauthenticated API endpoint vulnerability in vCenter Server Content Library. A malicious actor with network access to port 443 on vCenter Server may exploit this issue to perform unauthenticated VM network setting manipulation.","5.3","MEDIUM","2021-09-23","https://www.vmware.com/security/advisories/VMSA-2021-0020.html; https://www.vmware.com/security/advisories/VMSA-2021-0020.html","VCDSA23611","1"
"1210","CVE-2021-22012","The vCenter Server contains an information disclosure vulnerability due to an unauthenticated appliance management API. A malicious actor with network access to port 443 on vCenter Server may exploit this issue to gain access to sensitive information.","7.5","HIGH","2021-09-23","https://www.vmware.com/security/advisories/VMSA-2021-0020.html; https://www.vmware.com/security/advisories/VMSA-2021-0020.html","VCDSA23611","1"
"1211","CVE-2021-22013","The vCenter Server contains a file path traversal vulnerability leading to information disclosure in the appliance management API. A malicious actor with network access to port 443 on vCenter Server may exploit this issue to gain access to sensitive information.","7.5","HIGH","2021-09-23","https://www.vmware.com/security/advisories/VMSA-2021-0020.html; https://www.vmware.com/security/advisories/VMSA-2021-0020.html","VCDSA23611","1"
"1212","CVE-2021-22014","The vCenter Server contains an authenticated code execution vulnerability in VAMI (Virtual Appliance Management Infrastructure). An authenticated VAMI user with network access to port 5480 on vCenter Server may exploit this issue to execute code on the underlying operating system that hosts vCenter Server.","7.2","HIGH","2021-09-23","https://www.vmware.com/security/advisories/VMSA-2021-0020.html; https://www.vmware.com/security/advisories/VMSA-2021-0020.html","VCDSA23611","1"
"1213","CVE-2021-22015","The vCenter Server contains multiple local privilege escalation vulnerabilities due to improper permissions of files and directories. An authenticated local user with non-administrative privilege may exploit these issues to elevate their privileges to root on vCenter Server Appliance.","7.8","HIGH","2021-09-23","http://packetstormsecurity.com/files/170116/VMware-vCenter-vScalation-Privilege-Escalation.html; https://www.vmware.com/security/advisories/VMSA-2021-0020.html; http://packetstormsecurity.com/files/170116/VMware-vCenter-vScalation-Privilege-Escalation.html","VCDSA23611","1"
"1214","CVE-2021-22016","The vCenter Server contains a reflected cross-site scripting vulnerability due to a lack of input sanitization. An attacker may exploit this issue to execute malicious scripts by tricking a victim into clicking a malicious link.","6.1","MEDIUM","2021-09-23","https://www.vmware.com/security/advisories/VMSA-2021-0020.html; https://www.vmware.com/security/advisories/VMSA-2021-0020.html","VCDSA23611","1"
"1215","CVE-2021-22017","Rhttproxy as used in vCenter Server contains a vulnerability due to improper implementation of URI normalization. A malicious actor with network access to port 443 on vCenter Server may exploit this issue to bypass proxy leading to internal endpoints being accessed.","5.3","MEDIUM","2021-09-23","https://www.vmware.com/security/advisories/VMSA-2021-0020.html; https://www.vmware.com/security/advisories/VMSA-2021-0020.html; https://www.cisa.gov/known-exploited-vulnerabilities-catalog?field_cve=CVE-2021-22017","VCDSA23611","1"
"1216","CVE-2021-22018","The vCenter Server contains an arbitrary file deletion vulnerability in a VMware vSphere Life-cycle Manager plug-in. A malicious actor with network access to port 9087 on vCenter Server may exploit this issue to delete non critical files.","6.5","MEDIUM","2021-09-23","https://www.vmware.com/security/advisories/VMSA-2021-0020.html; https://www.vmware.com/security/advisories/VMSA-2021-0020.html","VCDSA23611","1"
"1217","CVE-2021-22019","The vCenter Server contains a denial-of-service vulnerability in VAPI (vCenter API) service. A malicious actor with network access to port 5480 on vCenter Server may exploit this issue by sending a specially crafted jsonrpc message to create a denial of service condition.","7.5","HIGH","2021-09-23","https://www.vmware.com/security/advisories/VMSA-2021-0020.html; https://www.vmware.com/security/advisories/VMSA-2021-0020.html","VCDSA23611","1"
"1218","CVE-2021-22020","The vCenter Server contains a denial-of-service vulnerability in the Analytics service. Successful exploitation of this issue may allow an attacker to create a denial-of-service condition on vCenter Server.","5.5","MEDIUM","2021-09-23","https://www.vmware.com/security/advisories/VMSA-2021-0020.html; https://www.vmware.com/security/advisories/VMSA-2021-0020.html","VCDSA23611","1"
"1219","CVE-2021-22021","VMware vRealize Log Insight (8.x prior to 8.4) contains a Cross Site Scripting (XSS) vulnerability due to improper user input validation. An attacker with user privileges may be able to inject a malicious payload via the Log Insight UI which would be executed when the victim accesses the shared dashboard link.","5.4","MEDIUM","2021-08-30","https://www.vmware.com/security/advisories/VMSA-2021-0019.html; https://www.vmware.com/security/advisories/VMSA-2021-0019.html","VCDSA23610","1"
"1220","CVE-2021-22022","The vRealize Operations Manager API (8.x prior to 8.5) contains an arbitrary file read vulnerability. A malicious actor with administrative access to vRealize Operations Manager API can read any arbitrary file on server leading to information disclosure.","4.9","MEDIUM","2021-08-30","https://www.vmware.com/security/advisories/VMSA-2021-0018.html; https://www.vmware.com/security/advisories/VMSA-2021-0018.html","VCDSA23609","1"
"1221","CVE-2021-22023","The vRealize Operations Manager API (8.x prior to 8.5) has insecure object reference vulnerability. A malicious actor with administrative access to vRealize Operations Manager API may be able to modify other users information leading to an account takeover.","7.2","HIGH","2021-08-30","https://www.vmware.com/security/advisories/VMSA-2021-0018.html; https://www.vmware.com/security/advisories/VMSA-2021-0018.html","VCDSA23609","1"
"1222","CVE-2021-22024","The vRealize Operations Manager API (8.x prior to 8.5) contains an arbitrary log-file read vulnerability. An unauthenticated malicious actor with network access to the vRealize Operations Manager API can read any log file resulting in sensitive information disclosure.","7.5","HIGH","2021-08-30","https://www.vmware.com/security/advisories/VMSA-2021-0018.html; https://www.vmware.com/security/advisories/VMSA-2021-0018.html","VCDSA23609","1"
"1223","CVE-2021-22025","The vRealize Operations Manager API (8.x prior to 8.5) contains a broken access control vulnerability leading to unauthenticated API access. An unauthenticated malicious actor with network access to the vRealize Operations Manager API can add new nodes to existing vROps cluster.","7.5","HIGH","2021-08-30","https://www.vmware.com/security/advisories/VMSA-2021-0018.html; https://www.vmware.com/security/advisories/VMSA-2021-0018.html","VCDSA23609","1"
"1224","CVE-2021-22026","The vRealize Operations Manager API (8.x prior to 8.5) contains a Server Side Request Forgery in an end point. An unauthenticated malicious actor with network access to the vRealize Operations Manager API can perform a Server Side Request Forgery attack leading to information disclosure.","7.5","HIGH","2021-08-30","https://www.vmware.com/security/advisories/VMSA-2021-0018.html; https://www.vmware.com/security/advisories/VMSA-2021-0018.html","VCDSA23609","1"
"1225","CVE-2021-22027","The vRealize Operations Manager API (8.x prior to 8.5) contains a Server Side Request Forgery in an end point. An unauthenticated malicious actor with network access to the vRealize Operations Manager API can perform a Server Side Request Forgery attack leading to information disclosure.","7.5","HIGH","2021-08-30","https://www.vmware.com/security/advisories/VMSA-2021-0018.html; https://www.vmware.com/security/advisories/VMSA-2021-0018.html","VCDSA23609","1"
"1226","CVE-2021-22033","Releases prior to VMware vRealize Operations 8.6 contain a Server Side Request Forgery (SSRF) vulnerability.","2.7","LOW","2021-10-13","https://www.vmware.com/security/advisories/VMSA-2021-0021.html; https://www.vmware.com/security/advisories/VMSA-2021-0021.html","VCDSA23613","1"
"1227","CVE-2021-22034","Releases prior to VMware vRealize Operations Tenant App 8.6 contain an Information Disclosure Vulnerability.","7.5","HIGH","2021-10-21","https://www.vmware.com/security/advisories/VMSA-2021-0024.html; https://www.vmware.com/security/advisories/VMSA-2021-0024.html","VCDSA23624","1"
"1228","CVE-2021-22035","VMware vRealize Log Insight (8.x prior to 8.6) contains a CSV(Comma Separated Value) injection vulnerability in interactive analytics export function. An authenticated malicious actor with non-administrative privileges may be able to embed untrusted data prior to exporting a CSV sheet through Log Insight which could be executed in user's environment.","4.3","MEDIUM","2021-10-13","https://www.vmware.com/security/advisories/VMSA-2021-0022.html; https://www.vmware.com/security/advisories/VMSA-2021-0022.html","VCDSA23614","1"
"1229","CVE-2021-22036","VMware vRealize Orchestrator ((8.x prior to 8.6) contains an open redirect vulnerability due to improper path handling. A malicious actor may be able to redirect victim to an attacker controlled domain due to improper path handling in vRealize Orchestrator leading to sensitive information disclosure.","6.5","MEDIUM","2021-10-13","https://www.vmware.com/security/advisories/VMSA-2021-0023.html; https://www.vmware.com/security/advisories/VMSA-2021-0023.html","VCDSA23615","1"
"1230","CVE-2021-22040","VMware ESXi, Workstation, and Fusion contain a use-after-free vulnerability in the XHCI USB controller. A malicious actor with local administrative privileges on a virtual machine may exploit this issue to execute code as the virtual machine's VMX process running on the host.","6.7","MEDIUM","2022-02-16","https://www.vmware.com/security/advisories/VMSA-2022-0004.html; https://www.vmware.com/security/advisories/VMSA-2022-0004.html","VCDSA23619","1"
"1231","CVE-2021-22041","VMware ESXi, Workstation, and Fusion contain a double-fetch vulnerability in the UHCI USB controller. A malicious actor with local administrative privileges on a virtual machine may exploit this issue to execute code as the virtual machine's VMX process running on the host.","6.7","MEDIUM","2022-02-16","https://www.vmware.com/security/advisories/VMSA-2022-0004.html; https://www.vmware.com/security/advisories/VMSA-2022-0004.html","VCDSA23619","1"
"1232","CVE-2021-22042","VMware ESXi contains an unauthorized access vulnerability due to VMX having access to settingsd authorization tickets. A malicious actor with privileges within the VMX process only, may be able to access settingsd service running as a high privileged user.","7.8","HIGH","2022-02-16","https://www.vmware.com/security/advisories/VMSA-2022-0004.html; https://www.vmware.com/security/advisories/VMSA-2022-0004.html","VCDSA23619","1"
"1233","CVE-2021-22043","VMware ESXi contains a TOCTOU (Time-of-check Time-of-use) vulnerability that exists in the way temporary files are handled. A malicious actor with access to settingsd, may exploit this issue to escalate their privileges by writing arbitrary files.","7.5","HIGH","2022-02-16","https://www.vmware.com/security/advisories/VMSA-2022-0004.html; https://www.vmware.com/security/advisories/VMSA-2022-0004.html","VCDSA23619","1"
"1234","CVE-2021-22045","VMware ESXi (7.0, 6.7 before ESXi670-202111101-SG and 6.5 before ESXi650-202110101-SG), VMware Workstation (16.2.0) and VMware Fusion (12.2.0) contains a heap-overflow vulnerability in CD-ROM device emulation. A malicious actor with access to a virtual machine with CD-ROM device emulation may be able to exploit this vulnerability in conjunction with other issues to execute code on the hypervisor from a virtual machine.","7.8","HIGH","2022-01-04","http://packetstormsecurity.com/files/165440/VMware-Security-Advisory-2022-0001.html; https://www.vmware.com/security/advisories/VMSA-2022-0001.html; https://www.zerodayinitiative.com/advisories/ZDI-22-003/","VCDSA23627","1"
"1235","CVE-2021-22048","The vCenter Server contains a privilege escalation vulnerability in the IWA (Integrated Windows Authentication) authentication mechanism. A malicious actor with non-administrative access to vCenter Server may exploit this issue to elevate privileges to a higher privileged group.","8.8","HIGH","2021-11-10","http://packetstormsecurity.com/files/167733/VMware-Security-Advisory-2022-0025.2.html; http://packetstormsecurity.com/files/167795/VMware-Security-Advisory-2021-0025.3.html; https://www.vmware.com/security/advisories/VMSA-2021-0025.html","VCDSA23625","1"
"1236","CVE-2021-22049","The vSphere Web Client (FLEX/Flash) contains an SSRF (Server Side Request Forgery) vulnerability in the vSAN Web Client (vSAN UI) plug-in. A malicious actor with network access to port 443 on vCenter Server may exploit this issue by accessing a URL request outside of vCenter Server or accessing an internal service.","9.8","CRITICAL","2021-11-24","https://www.vmware.com/security/advisories/VMSA-2021-0027.html; https://www.vmware.com/security/advisories/VMSA-2021-0027.html","VCDSA23617","1"
"1237","CVE-2021-22050","ESXi contains a slow HTTP POST denial-of-service vulnerability in rhttpproxy. A malicious actor with network access to ESXi may exploit this issue to create a denial-of-service condition by overwhelming rhttpproxy service with multiple requests.","7.5","HIGH","2022-02-16","https://www.vmware.com/security/advisories/VMSA-2022-0004.html; https://www.vmware.com/security/advisories/VMSA-2022-0004.html","VCDSA23619","1"
"1238","CVE-2021-22056","VMware Workspace ONE Access 21.08, 20.10.0.1, and 20.10 and Identity Manager 3.3.5, 3.3.4, and 3.3.3 contain an SSRF vulnerability. A malicious actor with network access may be able to make HTTP requests to arbitrary origins and read the full response.","7.5","HIGH","2021-12-20","https://www.vmware.com/security/advisories/VMSA-2021-0030.html; https://www.vmware.com/security/advisories/VMSA-2021-0030.html","VCDSA23626","1"
"1239","CVE-2021-22057","VMware Workspace ONE Access 21.08, 20.10.0.1, and 20.10 contain an authentication bypass vulnerability. A malicious actor, who has successfully provided first-factor authentication, may be able to obtain second-factor authentication provided by VMware Verify.","8.8","HIGH","2021-12-20","https://www.vmware.com/security/advisories/VMSA-2021-0030.html; https://www.vmware.com/security/advisories/VMSA-2021-0030.html","VCDSA23626","1"
"1240","CVE-2021-39144","XStream is a simple library to serialize objects to XML and back again. In affected versions this vulnerability may allow a remote attacker has sufficient rights to execute commands of the host only by manipulating the processed input stream. No user is affected, who followed the recommendation to setup XStream's security framework with a whitelist limited to the minimal required types. XStream 1.4.18 uses no longer a blacklist by default, since it cannot be secured for general purpose.","8.5","HIGH","2021-08-23","http://packetstormsecurity.com/files/169859/VMware-NSX-Manager-XStream-Unauthenticated-Remote-Code-Execution.html; https://github.com/x-stream/xstream/security/advisories/GHSA-j9h8-phrw-h4fh; https://lists.debian.org/debian-lts-announce/2021/09/msg00017.html","VCDSA23646","1"
"1241","CVE-2021-44228","Apache Log4j2 2.0-beta9 through 2.15.0 (excluding security releases 2.12.2, 2.12.3, and 2.3.1) JNDI features used in configuration, log messages, and parameters do not protect against attacker controlled LDAP and other JNDI related endpoints. An attacker who can control log messages or log message parameters can execute arbitrary code loaded from LDAP servers when message lookup substitution is enabled. From log4j 2.15.0, this behavior has been disabled by default. From version 2.16.0 (along with 2.12.2, 2.12.3, and 2.3.1), this functionality has been completely removed. Note that this vulnerability is specific to log4j-core and does not affect log4net, log4cxx, or other Apache Logging Services projects.","10.0","CRITICAL","2021-12-10","http://packetstormsecurity.com/files/165225/Apache-Log4j2-2.14.1-Remote-Code-Execution.html; http://packetstormsecurity.com/files/165260/VMware-Security-Advisory-2021-0028.html; http://packetstormsecurity.com/files/165261/Apache-Log4j2-2.14.1-Information-Disclosure.html","VCDSA23626; VCDSA23618","2"
"1242","CVE-2021-44832","Apache Log4j2 versions 2.0-beta7 through 2.17.0 (excluding security fix releases 2.3.2 and 2.12.4) are vulnerable to a remote code execution (RCE) attack when a configuration uses a JDBC Appender with a JNDI LDAP data source URI when an attacker has control of the target LDAP server. This issue is fixed by limiting JNDI data source names to the java protocol in Log4j2 versions 2.17.1, 2.12.4, and 2.3.2.","6.6","MEDIUM","2021-12-28","http://www.openwall.com/lists/oss-security/2021/12/28/1; https://cert-portal.siemens.com/productcert/pdf/ssa-784507.pdf; https://issues.apache.org/jira/browse/LOG4J2-3293","VCDSA23618","1"
"1243","CVE-2021-45046","It was found that the fix to address CVE-2021-44228 in Apache Log4j 2.15.0 was incomplete in certain non-default configurations. This could allows attackers with control over Thread Context Map (MDC) input data when the logging configuration uses a non-default Pattern Layout with either a Context Lookup (for example, $${ctx:loginId}) or a Thread Context Map pattern (%X, %mdc, or %MDC) to craft malicious input data using a JNDI Lookup pattern resulting in an information leak and remote code execution in some environments and local code execution in all environments. Log4j 2.16.0 (Java 8) and 2.12.2 (Java 7) fix this issue by removing support for message lookup patterns and disabling JNDI functionality by default.","9.0","CRITICAL","2021-12-14","http://www.openwall.com/lists/oss-security/2021/12/14/4; http://www.openwall.com/lists/oss-security/2021/12/15/3; http://www.openwall.com/lists/oss-security/2021/12/18/1","VCDSA23618","1"
"1244","CVE-2021-45105","Apache Log4j2 versions 2.0-alpha1 through 2.16.0 (excluding 2.12.3 and 2.3.1) did not protect from uncontrolled recursion from self-referential lookups. This allows an attacker with control over Thread Context Map data to cause a denial of service when a crafted string is interpreted. This issue was fixed in Log4j 2.17.0, 2.12.3, and 2.3.1.","5.9","MEDIUM","2021-12-18","http://www.openwall.com/lists/oss-security/2021/12/19/1; https://cert-portal.siemens.com/productcert/pdf/ssa-479842.pdf; https://cert-portal.siemens.com/productcert/pdf/ssa-501673.pdf","VCDSA23618","1"
"1245","CVE-2022-21123","Incomplete cleanup of multi-core shared buffers for some Intel(R) Processors may allow an authenticated user to potentially enable information disclosure via local access.","5.5","MEDIUM","2022-06-15","http://www.openwall.com/lists/oss-security/2022/06/16/1; https://lists.debian.org/debian-lts-announce/2022/07/msg00000.html; https://lists.fedoraproject.org/archives/list/package-announce%40lists.fedoraproject.org/message/FHTEW3RXU2GW6S3RCPQG4VNCZGI3TOSV/","VCDSA23632","1"
"1246","CVE-2022-21125","Incomplete cleanup of microarchitectural fill buffers on some Intel(R) Processors may allow an authenticated user to potentially enable information disclosure via local access.","5.5","MEDIUM","2022-06-15","http://www.openwall.com/lists/oss-security/2022/06/16/1; http://xenbits.xen.org/xsa/advisory-404.html; https://lists.debian.org/debian-lts-announce/2022/07/msg00000.html","VCDSA23632","1"
"1247","CVE-2022-21166","Incomplete cleanup in specific special register write operations for some Intel(R) Processors may allow an authenticated user to potentially enable information disclosure via local access.","5.5","MEDIUM","2022-06-15","http://www.openwall.com/lists/oss-security/2022/06/16/1; https://lists.debian.org/debian-lts-announce/2022/07/msg00000.html; https://lists.fedoraproject.org/archives/list/package-announce%40lists.fedoraproject.org/message/FHTEW3RXU2GW6S3RCPQG4VNCZGI3TOSV/","VCDSA23632","1"
"1248","CVE-2022-22938","VMware Workstation (16.x prior to 16.2.2) and Horizon Client for Windows (5.x prior to 5.5.3) contains a denial-of-service vulnerability in the Cortado ThinPrint component. The issue exists in TrueType font parser. A malicious actor with access to a virtual machine or remote desktop may exploit this issue to trigger a denial-of-service condition in the Thinprint service running on the host machine where VMware Workstation or Horizon Client for Windows is installed.","6.5","MEDIUM","2022-01-28","https://www.vmware.com/security/advisories/VMSA-2022-0002.html; https://www.vmware.com/security/advisories/VMSA-2022-0002.html","VCDSA23628","1"
"1249","CVE-2022-22939","VMware Cloud Foundation contains an information disclosure vulnerability due to logging of credentials in plain-text within multiple log files on the SDDC Manager. A malicious actor with root access on VMware Cloud Foundation SDDC Manager may be able to view credentials in plaintext within one or more log files.","4.9","MEDIUM","2022-02-04","https://www.vmware.com/security/advisories/VMSA-2022-0003.html; https://www.vmware.com/security/advisories/VMSA-2022-0003.html","VCDSA23629","1"
"1250","CVE-2022-22943","VMware Tools for Windows (11.x.y and 10.x.y prior to 12.0.0) contains an uncontrolled search path vulnerability. A malicious actor with local administrative privileges in the Windows guest OS, where VMware Tools is installed, may be able to execute code with system privileges in the Windows guest OS due to an uncontrolled search path element.","6.7","MEDIUM","2022-03-03","https://www.vmware.com/security/advisories/VMSA-2022-0007.html; https://www.vmware.com/security/advisories/VMSA-2022-0007.html","VCDSA23621","1"
"1251","CVE-2022-22945","VMware NSX Edge contains a CLI shell injection vulnerability. A malicious actor with SSH access to an NSX-Edge appliance can execute arbitrary commands on the operating system as root.","7.8","HIGH","2022-02-16","https://www.vmware.com/security/advisories/VMSA-2022-0005.html; https://www.vmware.com/security/advisories/VMSA-2022-0005.html","VCDSA23620","1"
"1252","CVE-2022-22948","The vCenter Server contains an information disclosure vulnerability due to improper permission of files. A malicious actor with non-administrative access to the vCenter Server may exploit this issue to gain access to sensitive information.","6.5","MEDIUM","2022-03-29","https://www.vmware.com/security/advisories/VMSA-2022-0009.html; https://www.vmware.com/security/advisories/VMSA-2022-0009.html; https://www.cisa.gov/known-exploited-vulnerabilities-catalog?field_cve=CVE-2022-22948","VCDSA23623","1"
"1253","CVE-2022-22953","VMware HCX update addresses an information disclosure vulnerability. A malicious actor with network user access to the VMware HCX appliance may be able to gain access to sensitive information.","6.5","MEDIUM","2022-06-16","https://www.vmware.com/security/advisories/VMSA-2022-0017.html; https://www.vmware.com/security/advisories/VMSA-2022-0017.html","VCDSA23633","1"
"1254","CVE-2022-22954","VMware Workspace ONE Access and Identity Manager contain a remote code execution vulnerability due to server-side template injection. A malicious actor with network access can trigger a server-side template injection that may result in remote code execution.","9.8","CRITICAL","2022-04-11","http://packetstormsecurity.com/files/166935/VMware-Workspace-ONE-Access-Template-Injection-Command-Execution.html; https://www.vmware.com/security/advisories/VMSA-2022-0011.html; http://packetstormsecurity.com/files/166935/VMware-Workspace-ONE-Access-Template-Injection-Command-Execution.html","VCDSA23639","1"
"1255","CVE-2022-22955","VMware Workspace ONE Access has two authentication bypass vulnerabilities (CVE-2022-22955 & CVE-2022-22956) in the OAuth2 ACS framework. A malicious actor may bypass the authentication mechanism and execute any operation due to exposed endpoints in the authentication framework.","9.8","CRITICAL","2022-04-13","https://www.vmware.com/security/advisories/VMSA-2022-0011.html; https://www.vmware.com/security/advisories/VMSA-2022-0011.html","VCDSA23639","1"
"1256","CVE-2022-22956","VMware Workspace ONE Access has two authentication bypass vulnerabilities (CVE-2022-22955 & CVE-2022-22956) in the OAuth2 ACS framework. A malicious actor may bypass the authentication mechanism and execute any operation due to exposed endpoints in the authentication framework.","9.8","CRITICAL","2022-04-13","http://packetstormsecurity.com/files/171918/Mware-Workspace-ONE-Remote-Code-Execution.html; http://packetstormsecurity.com/files/171918/VMware-Workspace-ONE-Remote-Code-Execution.html; https://www.vmware.com/security/advisories/VMSA-2022-0011.html","VCDSA23639","1"
"1257","CVE-2022-22957","VMware Workspace ONE Access, Identity Manager and vRealize Automation contain two remote code execution vulnerabilities (CVE-2022-22957 & CVE-2022-22958). A malicious actor with administrative access can trigger deserialization of untrusted data through malicious JDBC URI which may result in remote code execution.","7.2","HIGH","2022-04-13","http://packetstormsecurity.com/files/171918/Mware-Workspace-ONE-Remote-Code-Execution.html; http://packetstormsecurity.com/files/171918/VMware-Workspace-ONE-Remote-Code-Execution.html; https://www.vmware.com/security/advisories/VMSA-2022-0011.html","VCDSA23639","1"
"1258","CVE-2022-22958","VMware Workspace ONE Access, Identity Manager and vRealize Automation contain two remote code execution vulnerabilities (CVE-2022-22957 & CVE-2022-22958). A malicious actor with administrative access can trigger deserialization of untrusted data through malicious JDBC URI which may result in remote code execution.","7.2","HIGH","2022-04-13","https://www.vmware.com/security/advisories/VMSA-2022-0011.html; https://www.vmware.com/security/advisories/VMSA-2022-0011.html","VCDSA23639","1"
"1259","CVE-2022-22959","VMware Workspace ONE Access, Identity Manager and vRealize Automation contain a cross site request forgery vulnerability. A malicious actor can trick a user through a cross site request forgery to unintentionally validate a malicious JDBC URI.","4.3","MEDIUM","2022-04-13","https://www.vmware.com/security/advisories/VMSA-2022-0011.html; https://www.vmware.com/security/advisories/VMSA-2022-0011.html","VCDSA23639","1"
"1260","CVE-2022-22960","VMware Workspace ONE Access, Identity Manager and vRealize Automation contain a privilege escalation vulnerability due to improper permissions in support scripts. A malicious actor with local access can escalate privileges to 'root'.","7.8","HIGH","2022-04-13","http://packetstormsecurity.com/files/171918/Mware-Workspace-ONE-Remote-Code-Execution.html; http://packetstormsecurity.com/files/171918/VMware-Workspace-ONE-Remote-Code-Execution.html; http://packetstormsecurity.com/files/171935/VMware-Workspace-ONE-Access-Privilege-Escalation.html","VCDSA23639","1"
"1261","CVE-2022-22961","VMware Workspace ONE Access, Identity Manager and vRealize Automation contain an information disclosure vulnerability due to returning excess information. A malicious actor with remote access may leak the hostname of the target system. Successful exploitation of this issue can lead to targeting victims.","5.3","MEDIUM","2022-04-13","https://www.vmware.com/security/advisories/VMSA-2022-0011.html; https://www.vmware.com/security/advisories/VMSA-2022-0011.html","VCDSA23639","1"
"1262","CVE-2022-22966","An authenticated, high privileged malicious actor with network access to the VMware Cloud Director tenant or provider may be able to exploit a remote code execution vulnerability to gain access to the server.","7.2","HIGH","2022-04-14","https://www.vmware.com/security/advisories/VMSA-2022-0013.html; https://www.vmware.com/security/advisories/VMSA-2022-0013.html","VCDSA23641","1"
"1263","CVE-2022-22972","VMware Workspace ONE Access, Identity Manager and vRealize Automation contain an authentication bypass vulnerability affecting local domain users. A malicious actor with network access to the UI may be able to obtain administrative access without the need to authenticate.","9.8","CRITICAL","2022-05-20","https://www.vmware.com/security/advisories/VMSA-2022-0014.html; https://www.vmware.com/security/advisories/VMSA-2022-0014.html","VCDSA23630","1"
"1264","CVE-2022-22973","VMware Workspace ONE Access and Identity Manager contain a privilege escalation vulnerability. A malicious actor with local access can escalate privileges to 'root'.","7.8","HIGH","2022-05-20","https://www.vmware.com/security/advisories/VMSA-2022-0014.html; https://www.vmware.com/security/advisories/VMSA-2022-0014.html","VCDSA23630","1"
"1265","CVE-2022-22977","VMware Tools for Windows(12.0.0, 11.x.y and 10.x.y) contains an XML External Entity (XXE) vulnerability. A malicious actor with non-administrative local user privileges in the Windows guest OS, where VMware Tools is installed, may exploit this issue leading to a denial-of-service condition or unintended information disclosure.","7.1","HIGH","2022-05-24","https://www.vmware.com/security/advisories/VMSA-2022-0015.html; https://www.vmware.com/security/advisories/VMSA-2022-0015.html","VCDSA23631","1"
"1266","CVE-2022-22982","The vCenter Server contains a server-side request forgery (SSRF) vulnerability. A malicious actor with network access to 443 on the vCenter Server may exploit this issue by accessing a URL request outside of vCenter Server or accessing an internal service.","7.5","HIGH","2022-07-13","https://www.vmware.com/security/advisories/VMSA-2022-0018.html; https://www.vmware.com/security/advisories/VMSA-2022-0018.html","VCDSA23634","1"
"1267","CVE-2022-22983","VMware Workstation (16.x prior to 16.2.4) contains an unprotected storage of credentials vulnerability. A malicious actor with local user privileges to the victim machine may exploit this vulnerability leading to the disclosure of user passwords of the remote server connected through VMware Workstation.","5.9","MEDIUM","2022-08-10","https://www.vmware.com/security/advisories/VMSA-2022-0023.html; https://www.vmware.com/security/advisories/VMSA-2022-0023.html","VCDSA23651","1"
"1268","CVE-2022-23816","Rejected reason: DO NOT USE THIS CANDIDATE NUMBER. ConsultIDs: none. Reason: This candidate is unused by its CNA. Notes: none.","N/A","N/A","2023-01-17","","VCDSA23636","1"
"1269","CVE-2022-23825","Aliases in the branch predictor may cause some AMD processors to predict the wrong branch type potentially leading to information disclosure.","6.5","MEDIUM","2022-07-14","http://www.openwall.com/lists/oss-security/2022/11/08/1; http://www.openwall.com/lists/oss-security/2022/11/10/2; https://lists.fedoraproject.org/archives/list/package-announce%40lists.fedoraproject.org/message/D4RW5FCIYFNCQOEFJEUIRW3DGYW7CWBG/","VCDSA23636","1"
"1270","CVE-2022-26373","Non-transparent sharing of return predictor targets between contexts in some Intel(R) Processors may allow an authorized user to potentially enable information disclosure via local access.","5.5","MEDIUM","2022-08-18","https://lists.debian.org/debian-lts-announce/2022/09/msg00011.html; https://lists.debian.org/debian-lts-announce/2022/10/msg00000.html; https://security.netapp.com/advisory/ntap-20221007-0005/","VCDSA23636","1"
"1271","CVE-2022-28693","Unprotected alternative channel of return branch target prediction in some Intel(R) Processors may allow an authorized user to potentially enable information disclosure via local access.","4.7","MEDIUM","2025-02-14","https://intel.com/content/www/us/en/security-center/advisory/intel-sa-00707.html","VCDSA23636","1"
"1272","CVE-2022-29901","Intel microprocessor generations 6 to 8 are affected by a new Spectre variant that is able to bypass their retpoline mitigation in the kernel to leak arbitrary data. An attacker with unprivileged user access can hijack return instructions to achieve arbitrary speculative code execution under certain microarchitecture-dependent conditions.","5.6","MEDIUM","2022-07-12","http://www.openwall.com/lists/oss-security/2022/07/12/2; http://www.openwall.com/lists/oss-security/2022/07/12/4; http://www.openwall.com/lists/oss-security/2022/07/12/5","VCDSA23636","1"
"1273","CVE-2022-31654","VMware vRealize Log Insight in versions prior to 8.8.2 contain a stored cross-site scripting vulnerability due to improper input sanitization in configurations.","5.4","MEDIUM","2022-07-12","https://www.vmware.com/security/advisories/VMSA-2022-0019.html; https://www.vmware.com/security/advisories/VMSA-2022-0019.html","VCDSA23635","1"
"1274","CVE-2022-31655","VMware vRealize Log Insight in versions prior to 8.8.2 contain a stored cross-site scripting vulnerability due to improper input sanitization in alerts.","5.4","MEDIUM","2022-07-12","https://www.vmware.com/security/advisories/VMSA-2022-0019.html; https://www.vmware.com/security/advisories/VMSA-2022-0019.html","VCDSA23635","1"
"1275","CVE-2022-31656","VMware Workspace ONE Access, Identity Manager and vRealize Automation contain an authentication bypass vulnerability affecting local domain users. A malicious actor with network access to the UI may be able to obtain administrative access without the need to authenticate.","9.8","CRITICAL","2022-08-05","https://www.vmware.com/security/advisories/VMSA-2022-0021.html; https://www.vmware.com/security/advisories/VMSA-2022-0021.html","VCDSA23637","1"
"1276","CVE-2022-31657","VMware Workspace ONE Access and Identity Manager contain a URL injection vulnerability. A malicious actor with network access may be able to redirect an authenticated user to an arbitrary domain.","9.8","CRITICAL","2022-08-05","https://www.vmware.com/security/advisories/VMSA-2022-0021.html; https://www.vmware.com/security/advisories/VMSA-2022-0021.html","VCDSA23637","1"
"1277","CVE-2022-31658","VMware Workspace ONE Access, Identity Manager and vRealize Automation contain a remote code execution vulnerability. A malicious actor with administrator and network access can trigger a remote code execution.","7.2","HIGH","2022-08-05","https://www.vmware.com/security/advisories/VMSA-2022-0021.html; https://www.vmware.com/security/advisories/VMSA-2022-0021.html","VCDSA23637","1"
"1278","CVE-2022-31659","VMware Workspace ONE Access and Identity Manager contain a remote code execution vulnerability. A malicious actor with administrator and network access can trigger a remote code execution.","7.2","HIGH","2022-08-05","https://www.vmware.com/security/advisories/VMSA-2022-0021.html; https://www.vmware.com/security/advisories/VMSA-2022-0021.html","VCDSA23637","1"
"1279","CVE-2022-31660","VMware Workspace ONE Access, Identity Manager and vRealize Automation contains a privilege escalation vulnerability. A malicious actor with local access can escalate privileges to 'root'.","7.8","HIGH","2022-08-05","https://www.vmware.com/security/advisories/VMSA-2022-0021.html; https://www.vmware.com/security/advisories/VMSA-2022-0021.html","VCDSA23637","1"
"1280","CVE-2022-31661","VMware Workspace ONE Access, Identity Manager and vRealize Automation contain two privilege escalation vulnerabilities. A malicious actor with local access can escalate privileges to 'root'.","7.8","HIGH","2022-08-05","https://www.vmware.com/security/advisories/VMSA-2022-0021.html; https://www.vmware.com/security/advisories/VMSA-2022-0021.html","VCDSA23637","1"
"1281","CVE-2022-31662","VMware Workspace ONE Access, Identity Manager, Connectors and vRealize Automation contain a path traversal vulnerability. A malicious actor with network access may be able to access arbitrary files.","7.5","HIGH","2022-08-05","https://www.vmware.com/security/advisories/VMSA-2022-0021.html; https://www.vmware.com/security/advisories/VMSA-2022-0021.html","VCDSA23637","1"
"1282","CVE-2022-31663","VMware Workspace ONE Access, Identity Manager and vRealize Automation contain a reflected cross-site scripting (XSS) vulnerability. Due to improper user input sanitization, a malicious actor with some user interaction may be able to inject javascript code in the target user's window.","6.1","MEDIUM","2022-08-05","https://www.vmware.com/security/advisories/VMSA-2022-0021.html; https://www.vmware.com/security/advisories/VMSA-2022-0021.html","VCDSA23637","1"
"1283","CVE-2022-31664","VMware Workspace ONE Access, Identity Manager and vRealize Automation contain a privilege escalation vulnerability. A malicious actor with local access can escalate privileges to 'root'.","7.8","HIGH","2022-08-05","https://www.vmware.com/security/advisories/VMSA-2022-0021.html; https://www.vmware.com/security/advisories/VMSA-2022-0021.html","VCDSA23637","1"
"1284","CVE-2022-31665","VMware Workspace ONE Access, Identity Manager and vRealize Automation contain a remote code execution vulnerability. A malicious actor with administrator and network access can trigger a remote code execution.","7.2","HIGH","2022-08-05","https://www.vmware.com/security/advisories/VMSA-2022-0021.html; https://www.vmware.com/security/advisories/VMSA-2022-0021.html","VCDSA23637","1"
"1285","CVE-2022-31672","VMware vRealize Operations contains a privilege escalation vulnerability. A malicious actor with administrative network access can escalate privileges to root.","7.2","HIGH","2022-08-10","https://www.vmware.com/security/advisories/VMSA-2022-0022.html; https://www.vmware.com/security/advisories/VMSA-2022-0022.html","VCDSA23650","1"
"1286","CVE-2022-31673","VMware vRealize Operations contains an information disclosure vulnerability. A low-privileged malicious actor with network access can create and leak hex dumps, leading to information disclosure. Successful exploitation can lead to a remote code execution.","8.8","HIGH","2022-08-10","https://www.vmware.com/security/advisories/VMSA-2022-0022.html; https://www.vmware.com/security/advisories/VMSA-2022-0022.html","VCDSA23650","1"
"1287","CVE-2022-31674","VMware vRealize Operations contains an information disclosure vulnerability. A low-privileged malicious actor with network access can access log files that lead to information disclosure.","4.3","MEDIUM","2022-08-10","https://www.vmware.com/security/advisories/VMSA-2022-0022.html; https://www.vmware.com/security/advisories/VMSA-2022-0022.html","VCDSA23650","1"
"1288","CVE-2022-31675","VMware vRealize Operations contains an authentication bypass vulnerability. An unauthenticated malicious actor with network access may be able to create a user with administrative privileges.","7.5","HIGH","2022-08-10","https://www.vmware.com/security/advisories/VMSA-2022-0022.html; https://www.vmware.com/security/advisories/VMSA-2022-0022.html","VCDSA23650","1"
"1289","CVE-2022-31676","VMware Tools (12.0.0, 11.x.y and 10.x.y) contains a local privilege escalation vulnerability. A malicious actor with local non-administrative access to the Guest OS can escalate privileges as a root user in the virtual machine.","7.8","HIGH","2022-08-23","http://www.openwall.com/lists/oss-security/2022/08/23/3; https://lists.debian.org/debian-lts-announce/2022/08/msg00013.html; https://lists.fedoraproject.org/archives/list/package-announce%40lists.fedoraproject.org/message/C5VV2R4LV4T3SNQJYRLFD4C75HBDVV76/","VCDSA23642","1"
"1290","CVE-2022-31678","VMware Cloud Foundation (NSX-V) contains an XML External Entity (XXE) vulnerability. On VCF 3.x instances with NSX-V deployed, this may allow a user to exploit this issue leading to a denial-of-service condition or unintended information disclosure.","9.1","CRITICAL","2022-10-28","https://www.vmware.com/security/advisories/VMSA-2022-0027.html; https://www.vmware.com/security/advisories/VMSA-2022-0027.html","VCDSA23646","1"
"1291","CVE-2022-31680","The vCenter Server contains an unsafe deserialisation vulnerability in the PSC (Platform services controller). A malicious actor with admin access on vCenter server may exploit this issue to execute arbitrary code on the underlying operating system that hosts the vCenter Server.","9.1","CRITICAL","2022-10-07","https://www.talosintelligence.com/vulnerability_reports/TALOS-2022-1587; https://www.vmware.com/security/advisories/VMSA-2022-0025.html; https://www.talosintelligence.com/vulnerability_reports/TALOS-2022-1587","VCDSA23644","1"
"1292","CVE-2022-31681","VMware ESXi contains a null-pointer deference vulnerability. A malicious actor with privileges within the VMX process only, may create a denial of service condition on the host.","6.5","MEDIUM","2022-10-07","https://www.vmware.com/security/advisories/VMSA-2022-0025.html; https://www.vmware.com/security/advisories/VMSA-2022-0025.html","VCDSA23644","1"
"1293","CVE-2022-31682","VMware Aria Operations contains an arbitrary file read vulnerability. A malicious actor with administrative privileges may be able to read arbitrary files containing sensitive data.","4.9","MEDIUM","2022-10-11","https://www.vmware.com/security/advisories/VMSA-2022-0026.html; https://www.vmware.com/security/advisories/VMSA-2022-0026.html","VCDSA23645","1"
"1294","CVE-2022-31693","VMware Tools for Windows (12.x.y prior to 12.1.5, 11.x.y and 10.x.y) contains a denial-of-service vulnerability in the VM3DMP driver. A malicious actor with local user privileges in the Windows guest OS, where VMware Tools is installed, can trigger a PANIC in the VM3DMP driver leading to a denial-of-service condition in the Windows guest OS.","5.5","MEDIUM","2023-06-07","https://security.netapp.com/advisory/ntap-20221223-0009/; https://security.netapp.com/advisory/ntap-20230824-0009/; https://www.vmware.com/security/advisories/VMSA-2022-0029.html","VCDSA23647","1"
"1295","CVE-2022-31696","VMware ESXi contains a memory corruption vulnerability that exists in the way it handles a network socket. A malicious actor with local access to ESXi may exploit this issue to corrupt memory leading to an escape of the ESXi sandbox.","8.8","HIGH","2022-12-13","https://www.vmware.com/security/advisories/VMSA-2022-0030.html; https://www.vmware.com/security/advisories/VMSA-2022-0030.html","VCDSA23648","1"
"1296","CVE-2022-31697","The vCenter Server contains an information disclosure vulnerability due to the logging of credentials in plaintext. A malicious actor with access to a workstation that invoked a vCenter Server Appliance ISO operation (Install/Upgrade/Migrate/Restore) can access plaintext passwords used during that operation.","5.5","MEDIUM","2022-12-13","https://www.vmware.com/security/advisories/VMSA-2022-0030.html; https://www.vmware.com/security/advisories/VMSA-2022-0030.html","VCDSA23648","1"
"1297","CVE-2022-31698","The vCenter Server contains a denial-of-service vulnerability in the content library service. A malicious actor with network access to port 443 on vCenter Server may exploit this issue to trigger a denial-of-service condition by sending a specially crafted header.","5.3","MEDIUM","2022-12-13","https://www.talosintelligence.com/vulnerability_reports/TALOS-2022-1588; https://www.vmware.com/security/advisories/VMSA-2022-0030.html; https://www.talosintelligence.com/vulnerability_reports/TALOS-2022-1588","VCDSA23648","1"
"1298","CVE-2022-31699","VMware ESXi contains a heap-overflow vulnerability. A malicious local actor with restricted privileges within a sandbox process may exploit this issue to achieve a partial information disclosure.","3.3","LOW","2022-12-13","https://www.vmware.com/security/advisories/VMSA-2022-0030.html; https://www.vmware.com/security/advisories/VMSA-2022-0030.html","VCDSA23648","1"
"1299","CVE-2022-31700","VMware Workspace ONE Access and Identity Manager contain an authenticated remote code execution vulnerability. VMware has evaluated the severity of this issue to be in the Important severity range with a maximum CVSSv3 base score of 7.2.","7.2","HIGH","2022-12-14","https://www.vmware.com/security/advisories/VMSA-2022-0032.html; https://www.vmware.com/security/advisories/VMSA-2022-0032.html","VCDSA23652","1"
"1300","CVE-2022-31701","VMware Workspace ONE Access and Identity Manager contain a broken authentication vulnerability. VMware has evaluated the severity of this issue to be in the Moderate severity range with a maximum CVSSv3 base score of 5.3.","5.3","MEDIUM","2022-12-14","https://www.vmware.com/security/advisories/VMSA-2022-0032.html; https://www.vmware.com/security/advisories/VMSA-2022-0032.html","VCDSA23652","1"
"1301","CVE-2022-31702","vRealize Network Insight (vRNI) contains a command injection vulnerability present in the vRNI REST API. A malicious actor with network access to the vRNI REST API can execute commands without authentication.","9.8","CRITICAL","2022-12-14","https://www.vmware.com/security/advisories/VMSA-2022-0031.html; https://www.vmware.com/security/advisories/VMSA-2022-0031.html","VCDSA23649","1"
"1302","CVE-2022-31703","The vRealize Log Insight contains a Directory Traversal Vulnerability. An unauthenticated, malicious actor can inject files into the operating system of an impacted appliance which can result in remote code execution.","7.5","HIGH","2022-12-14","https://www.vmware.com/security/advisories/VMSA-2023-0001.html; https://www.vmware.com/security/advisories/VMSA-2023-0001.html","VCDSA23649","1"
"1303","CVE-2022-31704","The vRealize Log Insight contains a broken access control vulnerability. An unauthenticated malicious actor can remotely inject code into sensitive files of an impacted appliance which can result in remote code execution.","9.8","CRITICAL","2023-01-26","http://packetstormsecurity.com/files/174606/VMware-vRealize-Log-Insight-Unauthenticated-Remote-Code-Execution.html; https://www.vmware.com/security/advisories/VMSA-2023-0001.html; http://packetstormsecurity.com/files/174606/VMware-vRealize-Log-Insight-Unauthenticated-Remote-Code-Execution.html","VCDSA23657","1"
"1304","CVE-2022-31705","VMware ESXi, Workstation, and Fusion contain a heap out-of-bounds write vulnerability in the USB 2.0 controller (EHCI). A malicious actor with local administrative privileges on a virtual machine may exploit this issue to execute code as the virtual machine's VMX process running on the host. On ESXi, the exploitation is contained within the VMX sandbox whereas, on Workstation and Fusion, this may lead to code execution on the machine where Workstation or Fusion is installed.","8.2","HIGH","2022-12-14","https://www.vmware.com/security/advisories/VMSA-2022-0033.html; https://www.vmware.com/security/advisories/VMSA-2022-0033.html","VCDSA23653","1"
"1305","CVE-2022-31706","The vRealize Log Insight contains a Directory Traversal Vulnerability. An unauthenticated, malicious actor can inject files into the operating system of an impacted appliance which can result in remote code execution.","9.8","CRITICAL","2023-01-26","http://packetstormsecurity.com/files/174606/VMware-vRealize-Log-Insight-Unauthenticated-Remote-Code-Execution.html; https://www.vmware.com/security/advisories/VMSA-2023-0001.html; http://packetstormsecurity.com/files/174606/VMware-vRealize-Log-Insight-Unauthenticated-Remote-Code-Execution.html","VCDSA23657","1"
"1306","CVE-2022-31707","vRealize Operations (vROps) contains a privilege escalation vulnerability. VMware has evaluated the severity of this issue to be in the Important severity range with a maximum CVSSv3 base score of 7.2.","7.2","HIGH","2022-12-16","https://www.vmware.com/security/advisories/VMSA-2022-0034.html; https://www.vmware.com/security/advisories/VMSA-2022-0034.html","VCDSA23656","1"
"1307","CVE-2022-31708","vRealize Operations (vROps) contains a broken access control vulnerability. VMware has evaluated the severity of this issue to be in the Moderate severity range with a maximum CVSSv3 base score of 4.4.","4.9","MEDIUM","2022-12-16","https://www.vmware.com/security/advisories/VMSA-2022-0034.html; https://www.vmware.com/security/advisories/VMSA-2022-0034.html","VCDSA23656","1"
"1308","CVE-2022-31710","vRealize Log Insight contains a deserialization vulnerability. An unauthenticated malicious actor can remotely trigger the deserialization of untrusted data which could result in a denial of service.","7.5","HIGH","2023-01-26","https://www.vmware.com/security/advisories/VMSA-2023-0001.html; https://www.vmware.com/security/advisories/VMSA-2023-0001.html","VCDSA23657","1"
"1309","CVE-2022-31711","VMware vRealize Log Insight contains an Information Disclosure Vulnerability. A malicious actor can remotely collect sensitive session and application information without authentication.","5.3","MEDIUM","2023-01-26","http://packetstormsecurity.com/files/174606/VMware-vRealize-Log-Insight-Unauthenticated-Remote-Code-Execution.html; https://www.vmware.com/security/advisories/VMSA-2023-0001.html; http://packetstormsecurity.com/files/174606/VMware-vRealize-Log-Insight-Unauthenticated-Remote-Code-Execution.html","VCDSA23657","1"
"1310","CVE-2023-20854","VMware Workstation contains an arbitrary file deletion vulnerability. A malicious actor with local user privileges on the victim's machine may exploit this vulnerability to delete arbitrary files from the file system of the machine on which Workstation is installed.","8.4","HIGH","2023-02-03","https://www.vmware.com/security/advisories/VMSA-2023-0003.html; https://www.vmware.com/security/advisories/VMSA-2023-0003.html","VCDSA23659","1"
"1311","CVE-2023-20855","VMware vRealize Orchestrator contains an XML External Entity (XXE) vulnerability. A malicious actor, with non-administrative access to vRealize Orchestrator, may be able to use specially crafted input to bypass XML parsing restrictions leading to access to sensitive information or possible escalation of privileges.","8.8","HIGH","2023-02-22","https://www.vmware.com/security/advisories/VMSA-2023-0005.html; https://www.vmware.com/security/advisories/VMSA-2023-0005.html","VCDSA23668","1"
"1312","CVE-2023-20856","VMware vRealize Operations (vROps) contains a CSRF bypass vulnerability. A malicious user could execute actions on the vROps platform on behalf of the authenticated victim user.","8.8","HIGH","2023-02-01","https://www.vmware.com/security/advisories/VMSA-2023-0002.html; https://www.vmware.com/security/advisories/VMSA-2023-0002.html","VCDSA23658","1"
"1313","CVE-2023-20864","VMware Aria Operations for Logs contains a deserialization vulnerability. An unauthenticated, malicious actor with network access to VMware Aria Operations for Logs may be able to execute arbitrary code as root.","9.8","CRITICAL","2023-04-20","https://www.vmware.com/security/advisories/VMSA-2023-0007.html; https://www.vmware.com/security/advisories/VMSA-2023-0007.html","VCDSA23669","1"
"1314","CVE-2023-20865","VMware Aria Operations for Logs contains a command injection vulnerability. A malicious actor with administrative privileges in VMware Aria Operations for Logs can execute arbitrary commands as root.","7.2","HIGH","2023-04-20","https://www.vmware.com/security/advisories/VMSA-2023-0007.html; https://www.vmware.com/security/advisories/VMSA-2023-0007.html","VCDSA23669","1"
"1315","CVE-2023-20867","A fully compromised ESXi host can force VMware Tools to fail to authenticate host-to-guest operations, impacting the confidentiality and integrity of the guest virtual machine.","3.9","LOW","2023-06-13","http://www.openwall.com/lists/oss-security/2023/10/16/11; http://www.openwall.com/lists/oss-security/2023/10/16/2; https://lists.debian.org/debian-lts-announce/2023/08/msg00020.html","VCDSA23675","1"
"1316","CVE-2023-20868","NSX-T contains a reflected cross-site scripting vulnerability due to a lack of input validation. A remote attacker can inject HTML or JavaScript to redirect to malicious pages.","6.1","MEDIUM","2023-05-26","https://www.vmware.com/security/advisories/VMSA-2023-0010.html; https://www.vmware.com/security/advisories/VMSA-2023-0010.html","VCDSA23672","1"
"1317","CVE-2023-20869","VMware Workstation (17.x) and VMware Fusion (13.x) contain a stack-based buffer-overflow vulnerability that exists in the functionality for sharing host Bluetooth devices with the virtual machine.","8.2","HIGH","2023-04-25","https://www.vmware.com/security/advisories/VMSA-2023-0008.html; https://www.vmware.com/security/advisories/VMSA-2023-0008.html","VCDSA23670","1"
"1318","CVE-2023-20870","VMware Workstation and Fusion contain an out-of-bounds read vulnerability that exists in the functionality for sharing host Bluetooth devices with the virtual machine.","6.0","MEDIUM","2023-04-25","https://www.vmware.com/security/advisories/VMSA-2023-0008.html; https://www.vmware.com/security/advisories/VMSA-2023-0008.html","VCDSA23676; VCDSA23670","2"
"1319","CVE-2023-20871","VMware Fusion contains a local privilege escalation vulnerability. A malicious actor with read/write access to the host operating system can elevate privileges to gain root access to the host operating system.","7.8","HIGH","2023-04-25","https://www.vmware.com/security/advisories/VMSA-2023-0008.html; https://www.vmware.com/security/advisories/VMSA-2023-0008.html","VCDSA23670","1"
"1320","CVE-2023-20872","VMware Workstation and Fusion contain an out-of-bounds read/write vulnerability in SCSI CD/DVD device emulation.","8.8","HIGH","2023-04-25","https://www.vmware.com/security/advisories/VMSA-2023-0008.html; https://www.vmware.com/security/advisories/VMSA-2023-0008.html","VCDSA23670","1"
"1321","CVE-2023-20877","VMware Aria Operations contains a privilege escalation vulnerability. An authenticated malicious user with ReadOnly privileges can perform code execution leading to privilege escalation.","8.8","HIGH","2023-05-12","https://www.vmware.com/security/advisories/VMSA-2023-0009.html; https://www.vmware.com/security/advisories/VMSA-2023-0009.html","VCDSA23671","1"
"1322","CVE-2023-20878","VMware Aria Operations contains a deserialization vulnerability. A malicious actor with administrative privileges can execute arbitrary commands and disrupt the system.","7.2","HIGH","2023-05-12","https://www.vmware.com/security/advisories/VMSA-2023-0009.html; https://www.vmware.com/security/advisories/VMSA-2023-0009.html","VCDSA23671","1"
"1323","CVE-2023-20879","VMware Aria Operations contains a Local privilege escalation vulnerability. A malicious actor with administrative privileges in the Aria Operations application can gain root access to the underlying operating system.","6.7","MEDIUM","2023-05-12","https://www.vmware.com/security/advisories/VMSA-2023-0009.html; https://www.vmware.com/security/advisories/VMSA-2023-0009.html","VCDSA23671","1"
"1324","CVE-2023-20880","VMware Aria Operations contains a privilege escalation vulnerability. A malicious actor with administrative access to the local system can escalate privileges to 'root'.","6.7","MEDIUM","2023-05-12","https://www.vmware.com/security/advisories/VMSA-2023-0009.html; https://www.vmware.com/security/advisories/VMSA-2023-0009.html","VCDSA23671","1"
"1325","CVE-2023-20884","VMware Workspace ONE Access and VMware Identity Manager contain an insecure redirect vulnerability.Â An unauthenticated malicious actor may be able to redirect a victim to an attacker controlled domain due to improper path handling leading to sensitive information disclosure.","6.1","MEDIUM","2023-05-30","https://www.vmware.com/security/advisories/VMSA-2023-0011.html; https://www.vmware.com/security/advisories/VMSA-2023-0011.html","VCDSA23673","1"
"1326","CVE-2023-20887","Aria Operations for Networks contains a command injection vulnerability. A malicious actor with network access to VMware Aria Operations for Networks may be able to perform a command injection attack resulting in remote code execution.","9.8","CRITICAL","2023-06-07","http://packetstormsecurity.com/files/173761/VMWare-Aria-Operations-For-Networks-Remote-Command-Execution.html; https://www.vmware.com/security/advisories/VMSA-2023-0012.html; http://packetstormsecurity.com/files/173761/VMWare-Aria-Operations-For-Networks-Remote-Command-Execution.html","VCDSA23674","1"
"1327","CVE-2023-20888","Aria Operations for Networks contains an authenticated deserialization vulnerability.Â A malicious actor with network access to VMware Aria Operations for Networks and valid 'member' role credentials may be able to perform a deserialization attack resulting in remote code execution.","8.8","HIGH","2023-06-07","https://www.vmware.com/security/advisories/VMSA-2023-0012.html; https://www.vmware.com/security/advisories/VMSA-2023-0012.html","VCDSA23674","1"
"1328","CVE-2023-20889","Aria Operations for Networks contains an information disclosure vulnerability.Â A malicious actor with network access to VMware Aria Operations for Networks may be able to perform a command injection attack resulting in information disclosure.","7.5","HIGH","2023-06-07","https://www.vmware.com/security/advisories/VMSA-2023-0012.html; https://www.vmware.com/security/advisories/VMSA-2023-0012.html","VCDSA23674","1"
"1329","CVE-2023-20890","Aria Operations for Networks contains an arbitrary file write vulnerability.Â An authenticated malicious actor with administrative access to VMware Aria Operations for Networks can write files to arbitrary locations resulting in remote code execution.","7.2","HIGH","2023-08-29","https://www.vmware.com/security/advisories/VMSA-2023-0018.html; https://www.vmware.com/security/advisories/VMSA-2023-0018.html","VCDSA23663","1"
"1330","CVE-2023-20892","The vCenter Server contains a heap overflow vulnerability due to the usage of uninitialized memory in the implementation of the DCERPC protocol.Â A malicious actor with network access to vCenter Server may exploitÂ heap-overflow vulnerabilityÂ to execute arbitrary code on the underlying operating system that hosts vCenter Server.","8.1","HIGH","2023-06-22","https://www.talosintelligence.com/vulnerability_reports/TALOS-2023-1801; https://www.vmware.com/security/advisories/VMSA-2023-0014.html; https://www.talosintelligence.com/vulnerability_reports/TALOS-2023-1801","VCDSA23660","1"
"1331","CVE-2023-20893","The VMware vCenter Server contains a use-after-free vulnerability in the implementation of the DCERPC protocol.Â A malicious actor with network access to vCenter Server may exploit this issue to execute arbitrary code on the underlying operating system that hosts vCenter Server.","8.1","HIGH","2023-06-22","https://www.talosintelligence.com/vulnerability_reports/TALOS-2023-1799; https://www.vmware.com/security/advisories/VMSA-2023-0014.html; https://www.talosintelligence.com/vulnerability_reports/TALOS-2023-1799","VCDSA23660","1"
"1332","CVE-2023-20894","The VMware vCenter Server contains an out-of-bounds write vulnerability in the implementation of the DCERPC protocol.Â A malicious actor with network access to vCenter Server may trigger an out-of-bound write by sending a specially crafted packet leading to memory corruption.","8.1","HIGH","2023-06-22","https://www.talosintelligence.com/vulnerability_reports/TALOS-2022-1658; https://www.vmware.com/security/advisories/VMSA-2023-0014.html; https://www.talosintelligence.com/vulnerability_reports/TALOS-2022-1658","VCDSA23660","1"
"1333","CVE-2023-20895","The VMware vCenter Server contains a memory corruption vulnerability in the implementation of the DCERPC protocol.Â A malicious actor with network access to vCenter Server may trigger a memory corruption vulnerability which may bypass authentication.","8.1","HIGH","2023-06-22","https://www.talosintelligence.com/vulnerability_reports/TALOS-2023-1740; https://www.vmware.com/security/advisories/VMSA-2023-0014.html; https://www.talosintelligence.com/vulnerability_reports/TALOS-2023-1740","VCDSA23660","1"
"1334","CVE-2023-20896","The VMware vCenter Server contains an out-of-bounds read vulnerability in the implementation of the DCERPC protocol.Â A malicious actor with network access to vCenter Server may trigger an out-of-bounds read by sending a specially crafted packet leading to denial-of-service of certain services (vmcad, vmdird, and vmafdd).","5.9","MEDIUM","2023-06-22","https://www.talosintelligence.com/vulnerability_reports/TALOS-2023-1800; https://www.vmware.com/security/advisories/VMSA-2023-0014.html; https://www.talosintelligence.com/vulnerability_reports/TALOS-2023-1800","VCDSA23660","1"
"1335","CVE-2023-20900","A malicious actor that has been granted  Guest Operation Privileges https://docs.vmware.com/en/VMware-vSphere/8.0/vsphere-security/GUID-6A952214-0E5E-4CCF-9D2A-90948FF643EC.html Â in a target virtual machine may be able to elevate their privileges if that target virtual machine has been assigned a more privileged  Guest Alias https://vdc-download.vmware.com/vmwb-repository/dcr-public/d1902b0e-d479-46bf-8ac9-cee0e31e8ec0/07ce8dbd-db48-4261-9b8f-c6d3ad8ba472/vim.vm.guest.AliasManager.html .","7.1","HIGH","2023-08-31","http://www.openwall.com/lists/oss-security/2023/08/31/1; http://www.openwall.com/lists/oss-security/2023/10/27/1; https://lists.debian.org/debian-lts-announce/2023/10/msg00000.html","VCDSA23678; VCDSA23664","2"
"1336","CVE-2023-34039","Aria Operations for Networks contains an Authentication Bypass vulnerability due to a lack of unique cryptographic key generation.Â A malicious actor with network access to Aria Operations for Networks could bypass SSH authentication to gain access to the Aria Operations for Networks CLI.","9.8","CRITICAL","2023-08-29","http://packetstormsecurity.com/files/174452/VMWare-Aria-Operations-For-Networks-Remote-Code-Execution.html; http://packetstormsecurity.com/files/175320/VMWare-Aria-Operations-For-Networks-SSH-Private-Key-Exposure.html; https://www.vmware.com/security/advisories/VMSA-2023-0018.html","VCDSA23663","1"
"1337","CVE-2023-34043","VMware Aria Operations contains a local privilege escalation vulnerability.Â A malicious actor with administrative access to the local system can escalate privileges to 'root'.","6.7","MEDIUM","2023-09-27","https://www.vmware.com/security/advisories/VMSA-2023-0020.html; https://www.vmware.com/security/advisories/VMSA-2023-0020.html","VCDSA23665","1"
"1338","CVE-2023-34044","VMware Workstation( 17.x prior to 17.5) and Fusion(13.x prior to 13.5) contain an out-of-bounds 
read vulnerability that exists in the functionality for sharing host 
Bluetooth devices with the virtual machine.Â A malicious actor with local administrative privileges on a virtual 
machine may be able to read privileged information contained in 
hypervisor memory from a virtual machine.","7.1","HIGH","2023-10-20","https://www.vmware.com/security/advisories/VMSA-2023-0022.html; https://www.vmware.com/security/advisories/VMSA-2023-0022.html","VCDSA23676","1"
"1339","CVE-2023-34045","VMware Fusion(13.x prior to 13.5)Â contains a local privilege escalation vulnerability that occurs during 
installation for the first time (the user needs to drag or copy the 
application to a folder from the '.dmg' volume) or when installing an 
upgrade.Â A malicious actor with local non-administrative user privileges may 
exploit this vulnerability to escalate privileges to root on the system 
where Fusion is installed or being installed for the first time.","6.6","MEDIUM","2023-10-20","https://www.vmware.com/security/advisories/VMSA-2023-0022.html; https://www.vmware.com/security/advisories/VMSA-2023-0022.html","VCDSA23676","1"
"1340","CVE-2023-34046","VMware Fusion(13.x prior to 13.5) contains a TOCTOU (Time-of-check Time-of-use) 
vulnerability that occurs during installation for the first time (the 
user needs to drag or copy the application to a folder from the '.dmg' 
volume) or when installing an upgrade.Â A malicious actor with local non-administrative user privileges may 
exploit this vulnerability to escalate privileges to root on the system 
where Fusion is installed or being installed for the first time.","6.7","MEDIUM","2023-10-20","https://www.vmware.com/security/advisories/VMSA-2023-0022.html; https://www.vmware.com/security/advisories/VMSA-2023-0022.html","VCDSA23676","1"
"1341","CVE-2023-34048","vCenter Server contains an out-of-bounds write vulnerability in the implementation of the DCERPC protocol.Â A malicious actor with network access to vCenter Server may trigger an out-of-bounds write potentially leading to remote code execution.","9.8","CRITICAL","2023-10-25","https://www.vmware.com/security/advisories/VMSA-2023-0023.html; https://www.vicarius.io/vsociety/posts/understanding-cve-2023-34048-a-zero-day-out-of-bound-write-in-vcenter-server; https://www.vmware.com/security/advisories/VMSA-2023-0023.html","VCDSA23677","1"
"1342","CVE-2023-34051","VMware Aria Operations for Logs contains an authentication bypass vulnerability.Â An unauthenticated, malicious actor can inject files into the operating system of an impacted appliance which can result in remote code execution.
","9.8","CRITICAL","2023-10-20","https://www.vmware.com/security/advisories/VMSA-2023-0021.html; https://www.vmware.com/security/advisories/VMSA-2023-0021.html","VCDSA23666","1"
"1343","CVE-2023-34052","VMware Aria Operations for Logs contains a deserialization vulnerability.Â A malicious actor with non-administrative access to the local system can trigger the deserialization of data which could result in authentication bypass.
","7.8","HIGH","2023-10-20","https://www.vmware.com/security/advisories/VMSA-2023-0021.html; https://www.vmware.com/security/advisories/VMSA-2023-0021.html","VCDSA23666","1"
"1344","CVE-2023-34056","vCenter Server contains a partial information disclosure vulnerability.Â A malicious actor with non-administrative privileges to vCenter Server may leverage this issue to access unauthorized data.","4.3","MEDIUM","2023-10-25","https://www.vmware.com/security/advisories/VMSA-2023-0023.html; https://www.vmware.com/security/advisories/VMSA-2023-0023.html","VCDSA23677","1"
"1345","CVE-2023-34057","VMware Tools contains a local privilege escalation vulnerability.Â A malicious actor with local user access to a guest virtual machine may elevate privileges within the virtual machine.











","7.8","HIGH","2023-10-27","https://www.vmware.com/security/advisories/VMSA-2023-0024.html; https://www.vmware.com/security/advisories/VMSA-2023-0024.html","VCDSA23678","1"
"1346","CVE-2023-34058","VMware Tools contains a SAML token signature bypass vulnerability.Â A malicious actor that has been granted  Guest Operation Privileges https://docs.vmware.com/en/VMware-vSphere/8.0/vsphere-security/GUID-6A952214-0E5E-4CCF-9D2A-90948FF643EC.html Â in a target virtual machine may be able to elevate their privileges if that target virtual machine has been assigned a more privileged  Guest Alias https://vdc-download.vmware.com/vmwb-repository/dcr-public/d1902b0e-d479-46bf-8ac9-cee0e31e8ec0/07ce8dbd-db48-4261-9b8f-c6d3ad8ba472/vim.vm.guest.AliasManager.html .","7.1","HIGH","2023-10-27","http://www.openwall.com/lists/oss-security/2023/10/27/1; https://lists.debian.org/debian-lts-announce/2023/11/msg00002.html; https://lists.fedoraproject.org/archives/list/package-announce@lists.fedoraproject.org/message/G7G77Z76CQPGUF7VHRA6O3UFCMPPR4O2/","VCDSA23678","1"
"1347","CVE-2023-34060","VMware Cloud Director Appliance contains an authentication bypass vulnerability in case VMware Cloud Director Appliance was upgraded to 10.5 from
an older version.Â On an upgraded version of VMware Cloud Director Appliance 10.5, a malicious actor with network access to the appliance can bypass login
restrictions when authenticating on port 22 (ssh) or port 5480 (appliance management console) . This bypass is not present on port 443 (VCD provider
and tenant login). On a new installation of VMware Cloud Director Appliance 10.5, the bypass is not present.Â VMware Cloud Director Appliance is impacted since it uses an affected version of sssd from the underlying Photon OS. The sssd issue is no longer present in versions of Photon OS that ship with sssd-2.8.1-11 or higher (Photon OS 3) or sssd-2.8.2-9 or higher (Photon OS 4 and 5).","9.8","CRITICAL","2023-11-14","https://github.com/vmware/photon/wiki/Security-Update-3.0-687; https://github.com/vmware/photon/wiki/Security-Update-4.0-512; https://github.com/vmware/photon/wiki/Security-Update-5.0-143","VCDSA23679","1"
"1348","CVE-2023-34063","Aria Automation contains a Missing Access Control vulnerability.


An authenticated malicious actor may 
exploit this vulnerability leading to unauthorized access to remote 
organizations and workflows.

","9.9","CRITICAL","2024-01-16","https://www.vmware.com/security/advisories/VMSA-2024-0001.html; https://www.vmware.com/security/advisories/VMSA-2024-0001.html","VCDSA23680","1"
"1349","CVE-2024-22235CVE-2024-22235 CVE-2024-22235 CVE-2024-22235 CVE-2024-22235 CVE-2024-22235 CVE-2024-22235 CVE-2024-22235 CVE-2024-22235 CVE-2024-22235 CVE-2024-22235 CVE-2024-22235 CVE-2024-22235 CVE-2024-22235","CVE not found in NVD.","N/A","N/A","N/A","","VCDSA24264","1"
"1350","CVE-2024-22237","Aria Operations for Networks contains a local privilege escalation vulnerability.Â A console user with access to Aria Operations for Networks may exploit this vulnerability to escalate privileges to gain root access to the system. ","7.8","HIGH","2024-02-06","https://www.vmware.com/security/advisories/VMSA-2024-0002.html; https://www.vmware.com/security/advisories/VMSA-2024-0002.html","VCDSA23681","1"
"1351","CVE-2024-22238","Aria Operations for Networks contains a cross site scripting vulnerability.Â A malicious actor with admin privileges may be able to inject malicious code into user profile configurations due to improper input sanitization.  ","6.4","MEDIUM","2024-02-06","https://www.vmware.com/security/advisories/VMSA-2024-0002.html; https://www.vmware.com/security/advisories/VMSA-2024-0002.html","VCDSA23681","1"
"1352","CVE-2024-22239","Aria Operations for Networks contains a local privilege escalation vulnerability.Â A console user with access to Aria Operations for Networks may exploit this vulnerability to escalate privileges to gain regular shell access.   ","5.3","MEDIUM","2024-02-06","https://www.vmware.com/security/advisories/VMSA-2024-0002.html; https://www.vmware.com/security/advisories/VMSA-2024-0002.html","VCDSA23681","1"
"1353","CVE-2024-22240","Aria Operations for Networks contains a local file read vulnerability.Â A malicious actor with admin privileges may exploit this vulnerability leading to unauthorized access to sensitive information.    ","4.9","MEDIUM","2024-02-06","https://www.vmware.com/security/advisories/VMSA-2024-0002.html; https://www.vmware.com/security/advisories/VMSA-2024-0002.html","VCDSA23681","1"
"1354","CVE-2024-22241","Aria Operations for Networks contains a cross site scripting vulnerability.Â A malicious actor with admin privileges can inject a malicious payload into the login banner and takeover the user account. Â     ","4.3","MEDIUM","2024-02-06","https://www.vmware.com/security/advisories/VMSA-2024-0002.html; https://www.vmware.com/security/advisories/VMSA-2024-0002.html","VCDSA23681","1"
"1355","CVE-2024-22245","Arbitrary Authentication Relay and Session Hijack vulnerabilities in the deprecated VMware Enhanced Authentication Plug-in (EAP) could allowÂ aÂ malicious actor that could trick a target domain user with EAP installed in their web browser into requesting and relaying service tickets for arbitrary Active Directory Service Principal Names (SPNs).","9.6","CRITICAL","2024-02-20","https://www.vmware.com/security/advisories/VMSA-2024-0003.html; https://www.vmware.com/security/advisories/VMSA-2024-0003.html","VCDSA24257","1"
"1356","CVE-2024-22250","Session Hijack vulnerability in Deprecated VMware Enhanced Authentication Plug-in could allow aÂ malicious actor with unprivileged local access to a windows operating system can hijack a privileged EAP session when initiated by a privileged domain user on the same system.","7.8","HIGH","2024-02-20","https://www.vmware.com/security/advisories/VMSA-2024-0003.html; https://www.vmware.com/security/advisories/VMSA-2024-0003.html","VCDSA24257","1"
"1357","CVE-2024-22251CVE-2024-22251 CVE-2024-22251 CVE-2024-22251 CVE-2024-22251 CVE-2024-22251 CVE-2024-22251 CVE-2024-22251 CVE-2024-22251 CVE-2024-22251 CVE-2024-22251 CVE-2024-22251 CVE-2024-22251","CVE not found in NVD.","N/A","N/A","N/A","","VCDSA24265","1"
"1358","CVE-2024-22252","VMware ESXi, Workstation, and Fusion contain a use-after-free vulnerability in the XHCI USB controller.Â A malicious actor with local administrative privileges on a virtual machine may exploit this issue to execute code as the virtual machine's VMX process running on the host. On ESXi, the exploitation is contained within the VMX sandbox whereas, on Workstation and Fusion, this may lead to code execution on the machine where Workstation or Fusion is installed.","9.3","CRITICAL","2024-03-05","https://www.vmware.com/security/advisories/VMSA-2024-0006.html; https://www.vmware.com/security/advisories/VMSA-2024-0006.html","VCDSA24266","1"
"1359","CVE-2024-22253","VMware ESXi, Workstation, and Fusion contain a use-after-free vulnerability in the UHCI USB controller.Â A malicious actor with local administrative privileges on a virtual machine may exploit this issue to execute code as the virtual machine's VMX process running on the host. On ESXi, the exploitation is contained within the VMX sandbox whereas, on Workstation and Fusion, this may lead to code execution on the machine where Workstation or Fusion is installed.","9.3","CRITICAL","2024-03-05","https://www.vmware.com/security/advisories/VMSA-2024-0006.html; https://www.vmware.com/security/advisories/VMSA-2024-0006.html","VCDSA24266","1"
"1360","CVE-2024-22254","VMware ESXi contains an out-of-bounds write vulnerability.Â A malicious actor with privileges within the VMX process may trigger an out-of-bounds write leading to an escape of the sandbox.











","7.9","HIGH","2024-03-05","https://www.vmware.com/security/advisories/VMSA-2024-0006.html; https://www.vmware.com/security/advisories/VMSA-2024-0006.html","VCDSA24266","1"
"1361","CVE-2024-22255","VMware ESXi, Workstation, and Fusion contain an information disclosure vulnerability in the UHCI USB controller.Â A malicious actor with administrative access to a virtual machine may be able to exploit this issue to leak memory from the vmx process.Â Â 











","7.1","HIGH","2024-03-05","https://www.vmware.com/security/advisories/VMSA-2024-0006.html; https://www.vmware.com/security/advisories/VMSA-2024-0006.html","VCDSA24266","1"
"1362","CVE-2024-22256CVE-2024-22256 CVE-2024-22256 CVE-2024-22256 CVE-2024-22256 CVE-2024-22256 CVE-2024-22256 CVE-2024-22256 CVE-2024-22256 CVE-2024-22256 CVE-2024-22256 CVE-2024-22256 CVE-2024-22256","CVE not found in NVD.","N/A","N/A","N/A","","VCDSA24267","1"
"1363","CVE-2024-22267","VMware Workstation and Fusion contain a use-after-free vulnerability in the vbluetooth device.Â A malicious actor with local administrative privileges on a virtual machine may exploit this issue to execute code as the virtual machine's VMX process running on the host.

","9.3","CRITICAL","2024-05-14","https://support.broadcom.com/web/ecx/support-content-notification/-/external/content/SecurityAdvisories/0/24280; https://support.broadcom.com/web/ecx/support-content-notification/-/external/content/SecurityAdvisories/0/24280","VCDSA24280","1"
"1364","CVE-2024-22268","VMware Workstation and Fusion contain a heap buffer-overflow vulnerability in the Shader functionality.Â A malicious actor with non-administrative access to a virtual machine with 3D graphics enabled may be able to exploit this vulnerability to create a denial of service condition.

","7.1","HIGH","2024-05-14","https://support.broadcom.com/web/ecx/support-content-notification/-/external/content/SecurityAdvisories/0/24280; https://support.broadcom.com/web/ecx/support-content-notification/-/external/content/SecurityAdvisories/0/24280","VCDSA24280","1"
"1365","CVE-2024-22269","VMware Workstation and Fusion contain an information disclosure vulnerability in the vbluetooth device.Â A malicious actor with local administrative privileges on a virtual machine may be able to read privileged information contained in hypervisor memory from a virtual machine.

","7.1","HIGH","2024-05-14","https://support.broadcom.com/web/ecx/support-content-notification/-/external/content/SecurityAdvisories/0/24280; https://support.broadcom.com/web/ecx/support-content-notification/-/external/content/SecurityAdvisories/0/24280","VCDSA24280","1"
"1366","CVE-2024-22270","VMware Workstation and Fusion contain an information disclosure vulnerability in the Host Guest File Sharing (HGFS) functionality.Â A malicious actor with local administrative privileges on a virtual machine may be able to read privileged information contained in hypervisor memory from a virtual machine.

","7.1","HIGH","2024-05-14","https://support.broadcom.com/web/ecx/support-content-notification/-/external/content/SecurityAdvisories/0/24280; https://support.broadcom.com/web/ecx/support-content-notification/-/external/content/SecurityAdvisories/0/24280","VCDSA24280","1"
"1367","CVE-2024-22272CVE-2024-22272 CVE-2024-22272 CVE-2024-22272 CVE-2024-22272 CVE-2024-22272 CVE-2024-22272 CVE-2024-22272 CVE-2024-22272 CVE-2024-22272 CVE-2024-22272 CVE-2024-22272 CVE-2024-22272 CVE-2024-22272 CVE-2024-22272","CVE not found in NVD.","N/A","N/A","N/A","","VCDSA24371","1"
"1368","CVE-2024-22273","The storage controllers on VMware ESXi, Workstation, and Fusion have out-of-bounds read/write vulnerability.Â A malicious actor with access to a virtual machine with storage controllers enabled may exploit this issue to create a denial of service condition or execute code on the hypervisor from a virtual machine in conjunction with other issues.","8.1","HIGH","2024-05-21","https://support.broadcom.com/web/ecx/support-content-notification/-/external/content/SecurityAdvisories/0/24308; https://support.broadcom.com/web/ecx/support-content-notification/-/external/content/SecurityAdvisories/0/24308","VCDSA24308","1"
"1369","CVE-2024-22274","The vCenter Server contains an authenticated remote code execution vulnerability.Â A malicious actor with administrative privileges on the vCenter appliance shell may exploit this issue to run arbitrary commands on the underlying operating system.","7.2","HIGH","2024-05-21","https://support.broadcom.com/web/ecx/support-content-notification/-/external/content/SecurityAdvisories/0/24308; https://support.broadcom.com/web/ecx/support-content-notification/-/external/content/SecurityAdvisories/0/24308","VCDSA24308","1"
"1370","CVE-2024-22275","The vCenter Server contains a partial file read vulnerability.Â A malicious actor with administrative privileges on the vCenter appliance shell may exploit this issue to partially read arbitrary files containing sensitive data.","4.9","MEDIUM","2024-05-21","https://support.broadcom.com/web/ecx/support-content-notification/-/external/content/SecurityAdvisories/0/24308; https://support.broadcom.com/web/ecx/support-content-notification/-/external/content/SecurityAdvisories/0/24308","VCDSA24308","1"
"1371","CVE-2024-22276CVE-2024-22276 CVE-2024-22276 CVE-2024-22276 CVE-2024-22276 CVE-2024-22276 CVE-2024-22276 CVE-2024-22276 CVE-2024-22276 CVE-2024-22276 CVE-2024-22276 CVE-2024-22272 CVE-2024-22276 CVE-2024-22276 CVE-2024-22276 CVE-2024-22276","CVE not found in NVD.","N/A","N/A","N/A","","VCDSA24372","1"
"1372","CVE-2024-22277CVE-2024-22277 CVE-2024-22277 CVE-2024-22277 CVE-2024-22277 CVE-2024-22277 CVE-2024-22277 CVE-2024-22277 CVE-2024-22277 CVE-2024-22277 CVE-2024-22272 CVE-2024-22277 CVE-2024-22277 CVE-2024-22277 CVE-2024-22277","CVE not found in NVD.","N/A","N/A","N/A","","VCDSA24557","1"
"1373","CVE-2024-22280CVE-2024-22280 CVE-2024-22280 CVE-2024-22280 CVE-2024-22280 CVE-2024-22280 CVE-2024-22280 CVE-2024-22280 CVE-2024-22280 CVE-2024-22280 CVE-2024-22280 CVE-2024-22280","CVE not found in NVD.","N/A","N/A","N/A","","VCDSA24598","1"
"1374","CVE-2024-37079","vCenter Server contains a heap-overflow vulnerability in the implementation of the DCERPC protocol. A malicious actor with network access to vCenter Server may trigger this vulnerability by sending a specially crafted network packet potentially leading to remote code execution.","9.8","CRITICAL","2024-06-18","https://support.broadcom.com/web/ecx/support-content-notification/-/external/content/SecurityAdvisories/0/24453; https://support.broadcom.com/web/ecx/support-content-notification/-/external/content/SecurityAdvisories/0/24453; https://www.cisa.gov/known-exploited-vulnerabilities-catalog?field_cve=CVE-2024-37079","VCDSA24453","1"
"1375","CVE-2024-37080","vCenter Server contains a heap-overflow vulnerability in the implementation of the DCERPC protocol. A malicious actor with network access to vCenter Server may trigger this vulnerability by sending a specially crafted network packet potentially leading to remote code execution.","9.8","CRITICAL","2024-06-18","https://support.broadcom.com/web/ecx/support-content-notification/-/external/content/SecurityAdvisories/0/24453; https://support.broadcom.com/web/ecx/support-content-notification/-/external/content/SecurityAdvisories/0/24453","VCDSA24453","1"
"1376","CVE-2024-37081","The vCenter Server contains multiple local privilege escalation vulnerabilities due to misconfiguration of sudo.Â An authenticated local user with non-administrative privileges may exploit these issues to elevate privileges to root on vCenter Server Appliance.","7.8","HIGH","2024-06-18","https://support.broadcom.com/web/ecx/support-content-notification/-/external/content/SecurityAdvisories/0/24453; https://support.broadcom.com/web/ecx/support-content-notification/-/external/content/SecurityAdvisories/0/24453","VCDSA24453","1"
"1377","CVE-2024-37085","VMware ESXi contains an authentication bypass vulnerability.Â A malicious actor with sufficient Active Directory (AD) permissions can gain full access to an ESXi host that was previously  configured to use AD for user management https://blogs.vmware.com/vsphere/2012/09/joining-vsphere-hosts-to-active-directory.html  by re-creating the configured AD group ('ESXi Admins' by default) after it was deleted from AD.","6.8","MEDIUM","2024-06-25","https://support.broadcom.com/web/ecx/support-content-notification/-/external/content/SecurityAdvisories/0/24505; https://support.broadcom.com/web/ecx/support-content-notification/-/external/content/SecurityAdvisories/0/24505; https://www.cisa.gov/known-exploited-vulnerabilities-catalog?field_cve=CVE-2024-37085","VCDSA24505","1"
"1378","CVE-2024-37086","VMware ESXi contains an out-of-bounds read vulnerability.Â A
 malicious actor with local administrative privileges on a virtual 
machine with an existing snapshot may trigger an out-of-bounds read 
leading to a denial-of-service condition of the host.","6.8","MEDIUM","2024-06-25","https://support.broadcom.com/web/ecx/support-content-notification/-/external/content/SecurityAdvisories/0/24505; https://support.broadcom.com/web/ecx/support-content-notification/-/external/content/SecurityAdvisories/0/24505","VCDSA24505","1"
"1379","CVE-2024-37087","The vCenter Server contains a denial-of-service vulnerability.Â A malicious actor with network access to vCenter Server may create a denial-of-service condition.","5.3","MEDIUM","2024-06-25","https://support.broadcom.com/web/ecx/support-content-notification/-/external/content/SecurityAdvisories/0/24505; https://support.broadcom.com/web/ecx/support-content-notification/-/external/content/SecurityAdvisories/0/24505","VCDSA24505","1"
"1380","CVE-2024-38811CVE-2024-38811 CVE-2024-38811 CVE-2024-38811 CVE-2024-38811 CVE-2024-38811 CVE-2024-38811 CVE-2024-38811 CVE-2024-38811 CVE-2024-38811 CVE-2024-38811 CVE-2024-38811","CVE not found in NVD.","N/A","N/A","N/A","","VCDSA24939","1"
"1381","CVE-2024-38812","TheÂ vCenter Server contains a heap-overflow vulnerability in the implementation of the DCERPC protocol.Â A malicious actor with network access to vCenter Server may trigger this vulnerability by sending a specially crafted network packet potentially leading to remote code execution.","9.8","CRITICAL","2024-09-17","https://support.broadcom.com/web/ecx/support-content-notification/-/external/content/SecurityAdvisories/0/24968; https://www.cisa.gov/known-exploited-vulnerabilities-catalog?field_cve=CVE-2024-38812","VCDSA24968","1"
"1382","CVE-2024-38813","The vCenter Server contains a privilege escalation vulnerability.Â A malicious actor with network access to vCenter Server may trigger this vulnerability to escalate privileges to root by sending a specially crafted network packet.","7.5","HIGH","2024-09-17","https://support.broadcom.com/web/ecx/support-content-notification/-/external/content/SecurityAdvisories/0/24968; https://www.cisa.gov/known-exploited-vulnerabilities-catalog?field_cve=CVE-2024-38813","VCDSA24968","1"
"1383","CVE-2024-38814","An authenticated SQL injection vulnerability in VMware HCX was privately reported to VMware. A
 malicious authenticated user with non-administrator privileges may be 
able to enter specially crafted SQL queries and perform unauthorized 
remote code execution on the HCX manager.Â 
Updates are available to remediate this vulnerability in affected VMware products.","8.8","HIGH","2024-10-16","https://support.broadcom.com/web/ecx/support-content-notification/-/external/content/SecurityAdvisories/0/25019","VCDSA25390","1"
"1384","CVE-2024-38814CVE-2024-38814 CVE-2024-38814 CVE-2024-38814 CVE-2024-38814 CVE-2024-38814 CVE-2024-38814 CVE-2024-38814 CVE-2024-38814 CVE-2024-38814 CVE-2024-38814 CVE-2024-38814 CVE-2024-38814 CVE-2024-38814 CVE-2024-38814","CVE not found in NVD.","N/A","N/A","N/A","","VCDSA25019","1"
"1385","CVE-2024-38815","VMware NSX contains a content spoofing vulnerability.Â 

An unauthenticated malicious actor may be able to craft a URL and redirect a victim to an attacker controlled domain leading to sensitive information disclosure.","4.3","MEDIUM","2024-10-09","https://support.broadcom.com/web/ecx/support-content-notification/-/external/content/SecurityAdvisories/0/25047","VCDSA25047","1"
"1386","CVE-2024-38817","VMware NSX contains a command injection vulnerability.Â 

A malicious actor with access to the NSX Edge CLI terminal may be able to craft malicious payloads to execute arbitrary commands on the operating system as root.","6.7","MEDIUM","2024-10-09","https://support.broadcom.com/web/ecx/support-content-notification/-/external/content/SecurityAdvisories/0/25047","VCDSA25047","1"
"1387","CVE-2024-38818","VMware NSX contains a local privilege escalation vulnerability.Â 

An authenticated malicious actor may exploit this vulnerability to obtain permissions from a separate group role than previously assigned.","6.7","MEDIUM","2024-10-09","https://support.broadcom.com/web/ecx/support-content-notification/-/external/content/SecurityAdvisories/0/25047","VCDSA25047","1"
"1388","CVE-2024-38830","VMware Aria Operations contains a local privilege escalation vulnerability.Â A malicious actor with local administrative privileges may trigger this vulnerability to escalate privileges to root user on the appliance running VMware Aria Operations.","7.8","HIGH","2024-11-26","https://support.broadcom.com/web/ecx/support-content-notification/-/external/content/SecurityAdvisories/0/25199","VCDSA25199","1"
"1389","CVE-2024-38831","VMware Aria Operations contains a local privilege escalation vulnerability.Â Â A malicious actor with local administrative privileges can insert malicious commands into the properties file to escalate privileges to Â a root user on the appliance running VMware Aria Operations.","7.8","HIGH","2024-11-26","https://support.broadcom.com/web/ecx/support-content-notification/-/external/content/SecurityAdvisories/0/25199","VCDSA25199","1"
"1390","CVE-2024-38832","VMware Aria Operations contains a stored cross-site scripting vulnerability.Â A malicious actor with editing access to views may be able to inject malicious script leading to stored cross-site scripting in the product VMware Aria Operations.","7.1","HIGH","2024-11-26","https://support.broadcom.com/web/ecx/support-content-notification/-/external/content/SecurityAdvisories/0/25199","VCDSA25199","1"
"1391","CVE-2024-38833","VMware Aria Operations contains a stored cross-site scripting vulnerability.Â A malicious actor with editing access to email templates might inject malicious script leading to stored cross-site scripting in the product VMware Aria Operations.","6.8","MEDIUM","2024-11-26","https://support.broadcom.com/web/ecx/support-content-notification/-/external/content/SecurityAdvisories/0/25199","VCDSA25199","1"
"1392","CVE-2024-38834","VMware Aria Operations contains a stored cross-site scripting vulnerability.Â A malicious actor with editing access to cloud provider might be able to inject malicious script leading to stored cross-site scripting in the product VMware Aria Operations.","6.5","MEDIUM","2024-11-26","https://support.broadcom.com/web/ecx/support-content-notification/-/external/content/SecurityAdvisories/0/25199","VCDSA25199","1"
"1393","CVE-2025-22215CVE-2025-22215 CVE-2025-22215 CVE-2025-22215 CVE-2025-22215 CVE-2025-22215 CVE-2025-22215 CVE-2025-22215 CVE-2025-22215 CVE-2025-22215 CVE-2025-22215 CVE-2025-22215","CVE not found in NVD.","N/A","N/A","N/A","","VCDSA25312","1"
"1394","CVE-2025-22218","VMware Aria Operations for Logs contains an information disclosure vulnerability.Â A malicious actor with View Only Admin permissions may be able to read the credentialsÂ of a VMware product integrated with VMware Aria Operations for Logs","8.5","HIGH","2025-01-30","https://support.broadcom.com/web/ecx/support-content-notification/-/external/content/SecurityAdvisories/0/25329","VCDSA25329","1"
"1395","CVE-2025-22219","VMware Aria Operations for Logs contains a stored cross-site scripting vulnerability.Â A malicious actor with non-administrative privileges may be able to inject a malicious script that  (can perform stored cross-site scripting) may lead to arbitrary operations as adminÂ user.","6.8","MEDIUM","2025-01-30","https://support.broadcom.com/web/ecx/support-content-notification/-/external/content/SecurityAdvisories/0/25329","VCDSA25329","1"
"1396","CVE-2025-22220","VMware Aria Operations for Logs contains a privilege escalationÂ vulnerability.Â A malicious actor with non-administrative privileges and network access to Aria Operations for Logs API may be able to perform certain operations in the context of an admin user.","4.3","MEDIUM","2025-01-30","https://support.broadcom.com/web/ecx/support-content-notification/-/external/content/SecurityAdvisories/0/25329","VCDSA25329","1"
"1397","CVE-2025-22221","VMware Aria Operation for Logs contains a stored cross-site scripting vulnerability.Â A malicious actor with admin privileges to VMware Aria Operations for Logs may be able to inject a malicious script that could be executed in a victim's browser when performing a delete action in the Agent Configuration.","5.2","MEDIUM","2025-01-30","https://support.broadcom.com/web/ecx/support-content-notification/-/external/content/SecurityAdvisories/0/25329","VCDSA25329","1"
"1398","CVE-2025-22222","VMware Aria Operations contains an information disclosure vulnerability.Â A malicious user with non-administrative privilegesÂ may exploit this vulnerability to retrieve credentials for an outbound plugin if a valid service credential ID is known.","7.7","HIGH","2025-01-30","https://support.broadcom.com/web/ecx/support-content-notification/-/external/content/SecurityAdvisories/0/25329","VCDSA25329","1"
"1399","CVE-2025-22224","VMware ESXi, and WorkstationÂ contain a TOCTOU (Time-of-Check Time-of-Use) vulnerability that leads to an out-of-bounds write.Â A malicious actor with local administrative privileges on a virtual machine may exploit this issue to execute code as the virtual machine's VMX process running on the host.","9.3","CRITICAL","2025-03-04","https://support.broadcom.com/web/ecx/support-content-notification/-/external/content/SecurityAdvisories/0/25390; https://www.cisa.gov/known-exploited-vulnerabilities-catalog?field_cve=CVE-2025-22224","VCDSA25390","1"
"1400","CVE-2025-22225","VMware ESXi contains an arbitrary writeÂ vulnerability.Â A malicious actor with privileges within the VMX process may trigger an arbitrary kernel write leading to an escape of the sandbox.","8.2","HIGH","2025-03-04","https://support.broadcom.com/web/ecx/support-content-notification/-/external/content/SecurityAdvisories/0/25390; https://www.cisa.gov/known-exploited-vulnerabilities-catalog?field_cve=CVE-2025-22225","VCDSA25390","1"
"1401","CVE-2025-22226","VMware ESXi, Workstation, and Fusion containÂ an information disclosure vulnerability due to an out-of-bounds read in HGFS.Â A malicious actor with administrative privileges to a virtual machine may be able to exploit this issue to leak memory from the vmx process.","7.1","HIGH","2025-03-04","https://support.broadcom.com/web/ecx/support-content-notification/-/external/content/SecurityAdvisories/0/25390; https://www.cisa.gov/known-exploited-vulnerabilities-catalog?field_cve=CVE-2025-22226","VCDSA25390","1"
"1402","CVE-2025-22230CVE-2025-22230 CVE-2025-22230 CVE-2025-22230 CVE-2025-22230 CVE-2025-22230 CVE-2025-22230 CVE-2025-22230 CVE-2025-22230 CVE-2025-22230 CVE-2025-22230 CVE-2025-22230 CVE-2025-22230 CVE-2025-22230","CVE not found in NVD.","N/A","N/A","N/A","","VCDSA25518","1"
"1403","CVE-2025-22231CVE-2025-22231 CVE-2025-22231 CVE-2025-22231 CVE-2025-22231 CVE-2025-22231 CVE-2025-22231 CVE-2025-22231 CVE-2025-22231 CVE-2025-22231 CVE-2025-22231 CVE-2025-22231 CVE-2025-22231 CVE-2025-22231","CVE not found in NVD.","N/A","N/A","N/A","","VCDSA25541","1"
"1404","CVE-2025-22243","VMware NSX Manager UI is vulnerable to a stored Cross-Site Scripting (XSS) attack due to improper input validation.","7.5","HIGH","2025-06-04","https://support.broadcom.com/web/ecx/support-content-notification/-/external/content/SecurityAdvisories/0/25738","VCDSA25738","1"
"1405","CVE-2025-22244","VMware NSX contains a stored Cross-Site Scripting (XSS) vulnerability in the gateway firewall due to improper input validation.","6.9","MEDIUM","2025-06-04","https://support.broadcom.com/web/ecx/support-content-notification/-/external/content/SecurityAdvisories/0/25738","VCDSA25738","1"
"1406","CVE-2025-22245","VMware NSX contains a stored Cross-Site Scripting (XSS) vulnerability in the router port due to improper input validation.","5.9","MEDIUM","2025-06-04","https://support.broadcom.com/web/ecx/support-content-notification/-/external/content/SecurityAdvisories/0/25738","VCDSA25738","1"
"1407","CVE-2025-22247CVE-2025-22247 CVE-2025-22247 CVE-2025-22247 CVE-2025-22247 CVE-2025-22247 CVE-2025-22247 CVE-2025-22247 CVE-2025-22247 CVE-2025-22247 CVE-2025-22247 CVE-2025-22247 CVE-2025-22247 CVE-2025-22247 CVE-2025-22247","CVE not found in NVD.","N/A","N/A","N/A","","VCDSA25683","1"
"1408","CVE-2025-22249CVE-2025-22249 CVE-2025-22249 CVE-2025-22249 CVE-2025-22249 CVE-2025-22249 CVE-2025-22249 CVE-2025-22249 CVE-2025-22249 CVE-2025-22249 CVE-2025-22249 CVE-2025-22249 CVE-2025-22249","CVE not found in NVD.","N/A","N/A","N/A","","VCDSA25711","1"
"1409","CVE-2025-41225","The vCenter Server contains an authenticated command-execution vulnerability.Â A malicious actor with privileges to create or modify alarms and run script action may exploit this issue to run arbitrary commands on the vCenter Server.","8.8","HIGH","2025-05-20","https://support.broadcom.com/web/ecx/support-content-notification/-/external/content/SecurityAdvisories/0/25717","VCDSA25717","1"
"1410","CVE-2025-41226","VMwareÂ ESXi contains a denial-of-service vulnerability that occurs when performing a guest operation.Â A malicious actor with guest operation privileges on a VM, who is already authenticated through vCenter Server or ESXi may trigger this issue to create a denial-of-service condition of guest VMs with VMware Tools running and guest operations enabled.","6.8","MEDIUM","2025-05-20","https://support.broadcom.com/web/ecx/support-content-notification/-/external/content/SecurityAdvisories/0/25717","VCDSA25717","1"
"1411","CVE-2025-41227","VMware ESXi,Â Workstation, and Fusion contain a denial-of-service vulnerability due to certain guest options.Â A malicious actor with non-administrative privileges within a guest operating system may be able to exploit this issue by exhausting memory of the host process leading to a denial-of-service condition.","5.5","MEDIUM","2025-05-20","https://support.broadcom.com/web/ecx/support-content-notification/-/external/content/SecurityAdvisories/0/25717","VCDSA25717","1"
"1412","CVE-2025-41228","VMware ESXi and vCenter Server contain a reflected cross-site scripting vulnerability due to improper input validation.Â A malicious actor with network access to the login page of certain ESXi host or vCenter Server URL paths may exploit this issue to steal cookies or redirect to malicious websites.","4.3","MEDIUM","2025-05-20","https://support.broadcom.com/web/ecx/support-content-notification/-/external/content/SecurityAdvisories/0/25717","VCDSA25717","1"
"1413","CVE-2025-41229","VMware Cloud FoundationÂ contains a directory traversal vulnerability.Â A malicious actor with network access to port 443 on VMware Cloud Foundation may exploit this issue to access certain internal services.","8.2","HIGH","2025-05-20","https://support.broadcom.com/web/ecx/support-content-notification/-/external/content/SecurityAdvisories/0/25733","VCDSA25733","1"
"1414","CVE-2025-41230","VMware Cloud FoundationÂ contains an information disclosure vulnerability.Â A malicious actor with network access to port 443 on VMware Cloud Foundation may exploit this issue to gain access to sensitive information.","7.5","HIGH","2025-05-20","https://support.broadcom.com/web/ecx/support-content-notification/-/external/content/SecurityAdvisories/0/25733","VCDSA25733","1"
"1415","CVE-2025-41231","VMware Cloud FoundationÂ contains a missing authorisation vulnerability.Â A malicious actor with access to VMware Cloud Foundation appliance may be able to perform certain unauthorised actions and access limited sensitive information.","7.3","HIGH","2025-05-20","https://support.broadcom.com/web/ecx/support-content-notification/-/external/content/SecurityAdvisories/0/25733","VCDSA25733","1"
"1416","CVE-2025-41236","VMware ESXi, Workstation, and Fusion contain an integer-overflow vulnerability in the VMXNET3 virtual network adapter.Â A malicious actor with local administrative privileges on a virtual machine with VMXNET3 virtual network adapter may exploit this issue to execute code on the host. Non VMXNET3 virtual adapters are not affected by this issue.","9.3","CRITICAL","2025-07-15","https://support.broadcom.com/web/ecx/support-content-notification/-/external/content/SecurityAdvisories/0/35877","VCDSA35877","1"
"1417","CVE-2025-41237","VMware ESXi,Â Workstation, and FusionÂ contain an integer-underflow in VMCI (Virtual Machine Communication Interface) that leads to an out-of-bounds write.Â A malicious actor with local administrative privileges on a virtual machine may exploit this issue to execute code as the virtual machine's VMX process running on the host. On ESXi, the exploitation is contained within the VMX sandbox whereas, on Workstation and Fusion, this may lead to code execution on the machine where Workstation or Fusion is installed.","9.3","CRITICAL","2025-07-15","https://support.broadcom.com/web/ecx/support-content-notification/-/external/content/SecurityAdvisories/0/35877","VCDSA35877","1"
"1418","CVE-2025-41238","VMware ESXi, Workstation, and Fusion contain a heap-overflow vulnerability in the PVSCSI (Paravirtualized SCSI) controller that leads to an out of-bounds write.Â A malicious actor with local administrative privileges on a virtual machine may exploit this issue to execute code as the virtual machine's VMX process running on the host. On ESXi, the exploitation is contained within the VMX sandbox and exploitable only with configurations that are unsupported. On Workstation and Fusion, this may lead to code execution on the machine where Workstation or Fusion is installed.","9.3","CRITICAL","2025-07-15","https://support.broadcom.com/web/ecx/support-content-notification/-/external/content/SecurityAdvisories/0/35877","VCDSA35877","1"
"1419","CVE-2025-41239","VMware ESXi, Workstation, Fusion, and VMware Tools contains an information disclosure vulnerability due to the usage of an uninitialised memory in vSockets.Â A malicious actor with local administrative privileges on a virtual machine may be able to exploit this issue to leak memory from processes communicating with vSockets.","7.1","HIGH","2025-07-15","https://support.broadcom.com/web/ecx/support-content-notification/-/external/content/SecurityAdvisories/0/35877","VCDSA35877","1"
"1420","CVE-2025-41241CVE-2025-41241 CVE-2025-41241 CVE-2025-41241 CVE-2025-41241 CVE-2025-41241 CVE-2025-41241 CVE-2025-41241 CVE-2025-41241 CVE-2025-41241 CVE-2025-41241 CVE-2025-41241 CVE-2025-41241 CVE-2025-41241 CVE-2025-41241 CVE-2025-41241 CVE-2025-41241 CVE-2025-41241","CVE not found in NVD.","N/A","N/A","N/A","","VCDSA35964","1"
"1421","CVE-2025-41244","VMware Aria Operations and VMware Tools contain a local privilege escalation vulnerability.Â A malicious local actor with non-administrative privileges having access to a VM with VMware ToolsÂ installed and managed by Aria Operations with SDMP enabled may exploit this vulnerability to escalate privileges to root on the same VM.","7.8","HIGH","2025-09-29","http://support.broadcom.com/group/ecx/support-content-view/-/support-content/Security%20Advisories/VMSA-2025-0015--VMware-Aria-Operations-and-VMware-Tools-updates-address-multiple-vulnerabilities--CVE-2025-41244-CVE-2025-41245--CVE-2025-41246-/36149; http://www.openwall.com/lists/oss-security/2025/09/29/10; https://lists.debian.org/debian-lts-announce/2025/10/msg00000.html","VCDSA36149","1"
"1422","CVE-2025-41245","VMware Aria Operations contains an information disclosure vulnerability.Â A malicious actor with non-administrative privileges in Aria Operations may exploit this vulnerability to disclose credentials of other users of Aria Operations.","4.9","MEDIUM","2025-09-29","http://support.broadcom.com/group/ecx/support-content-view/-/support-content/Security%20Advisories/VMSA-2025-0015--VMware-Aria-Operations-and-VMware-Tools-updates-address-multiple-vulnerabilities--CVE-2025-41244-CVE-2025-41245--CVE-2025-41246-/36149","VCDSA36149","1"
"1423","CVE-2025-41246","VMware Tools for Windows contains an improper authorisationÂ vulnerability due to the way it handles user access controls.Â A malicious actor with non-administrative privileges on a guest VM, who is already authenticated through vCenter or ESX may exploit this issue to access other guest VMs. Successful exploitation requires knowledge of credentials of the targeted VMs and vCenter or ESX.","7.6","HIGH","2025-09-29","https://support.broadcom.com/web/ecx/support-content-notification/-/external/content/SecurityAdvisories/0/36149","VCDSA36149","1"
"1424","CVE-2025-41250","VMware vCenter contains an SMTP header injection vulnerability.Â A malicious actor with non-administrative privileges on vCenter who has permission to create scheduled tasks may be able to manipulate the notification emails sent for scheduled tasks.","8.5","HIGH","2025-09-29","https://support.broadcom.com/web/ecx/support-content-notification/-/external/content/SecurityAdvisories/0/36150","VCDSA36150","1"
"1425","CVE-2025-41251","VMware NSX contains a weak password recovery mechanism vulnerability. An unauthenticated malicious actor may exploit this to enumerate valid usernames, potentially enabling brute-force attacks.

Impact:Â Username enumeration â credential brute force risk.
Attack Vector:Â Remote, unauthenticated.
Severity:Â Important.
CVSSv3:Â 8.1 (High).

Acknowledgments:Â Reported by the National Security Agency.

Affected Products:VMware NSX 9.x.x.x, 4.2.x, 4.1.x, 4.0.x

NSX-T 3.x
VMware Cloud Foundation (with NSX) 5.x, 4.5.x

Fixed Versions: NSX 9.0.1.0;  4.2.2.2/4.2.3.1 http://4.2.2.2/4.2.3.1 ; 4.1.2.7; NSX-T 3.2.4.3; CCF async patch (KB88287).
Workarounds: None.","8.1","HIGH","2025-09-29","https://support.broadcom.com/web/ecx/support-content-notification/-/external/content/SecurityAdvisories/0/36150","VCDSA36150","1"
"1426","CVE-2025-41252","Description: VMware NSX contains a username enumeration vulnerability. An unauthenticated malicious actor may exploit this to enumerate valid usernames, potentially leading to unauthorized access attempts.


Impact: Username enumeration â facilitates unauthorized access.


Attack Vector: Remote, unauthenticated.


Severity: Important.


CVSSv3: 7.5 (High).


Acknowledgments: Reported by the National Security Agency.


Affected Products:



  *  VMware NSX 9.x.x.x, 4.2.x, 4.1.x, 4.0.x

  *  NSX-T 3.x

  *  VMware Cloud Foundation (with NSX) 5.x, 4.5.x












Fixed Versions:Â 



  *  NSX 9.0.1.0;  4.2.2.2/4.2.3.1 http://4.2.2.2/4.2.3.1 ; 4.1.2.7; NSX-T 3.2.4.3; CCF async patch (KB88287).






Workarounds: None.","7.5","HIGH","2025-09-29","https://https://support.broadcom.com/web/ecx/support-content-notification/-/external/content/SecurityAdvisories/0/36150","VCDSA36150","1"
"1427","CVE-2026-22715","VMWare Workstation and Fusion contain a logic flaw in the management of network packets.Â 

Known attack vectors: A malicious actor with administrative privileges on a Guest VM may be able to interrupt or intercept network connections of other Guest VM's.Â 

Resolution: To remediate CVE-2026-22715 please upgrade to VMware Workstation or Fusion Version 25H2U1","5.9","MEDIUM","2026-02-26","https://support.broadcom.com/web/ecx/support-content-notification/-/external/content/SecurityAdvisories/0/36986","VCDSA36986","1"
"1428","CVE-2026-22716","Out-of-bound write vulnerability in VMware Workstation 25H1 and below on any platform allows an actor with non-administrative privileges on a guest VM to terminate certainÂ Workstation processes.","5.0","MEDIUM","2026-02-27","https://support.broadcom.com/web/ecx/support-content-notification/-/external/content/SecurityAdvisories/0/36986","VCDSA36986","1"
"1429","CVE-2026-22717","Out-of-bound read vulnerability in VMware Workstation 25H1 and below on any platform allows an actor with non-administrative privileges on a guest VM to obtain limited information disclosure from the machine where VMware Workstation is installed.","2.7","LOW","2026-02-27","https://support.broadcom.com/web/ecx/support-content-notification/-/external/content/SecurityAdvisories/0/36986","VCDSA36986","1"
"1430","CVE-2026-22719","VMware Aria Operations contains a command injection vulnerability. A malicious unauthenticated actor may exploit this issue to execute arbitrary commands which may lead to remote code execution in VMware Aria Operations while support-assisted product migration is in progress.Â 

To remediate CVE-2026-22719, apply the patches listed in the 'Fixed Version' column of the ' Response Matrix https://support.broadcom.com/web/ecx/support-content-notification/-/external/content/SecurityAdvisories/0/36947 ' in VMSA-2026-0001Â 

Workarounds for CVE-2026-22719 are documented in the 'Workarounds' column of the ' Response Matrix https://support.broadcom.com/web/ecx/support-content-notification/-/external/content/SecurityAdvisories/0/36947 ' in VMSA-2026-0001","8.1","HIGH","2026-02-25","https://knowledge.broadcom.com/external/article/430349; https://support.broadcom.com/web/ecx/support-content-notification/-/external/content/SecurityAdvisories/0/36947; https://techdocs.broadcom.com/us/en/vmware-cis/aria/aria-operations/8-18/vmware-aria-operations-8186-release-notes.html","VCDSA36947","1"
"1431","CVE-2026-22720","VMware Aria Operations contains a stored cross-site scripting vulnerability. A malicious actor with privileges to create custom benchmarks may be able to inject script to perform administrative actions in VMware Aria Operations.Â 

To remediate CVE-2026-22720, apply the patches listed in the 'Fixed Version' column of the 'Response Matrix' ofÂ  VMSA-2026-0001 https://support.broadcom.com/web/ecx/support-content-notification/-/external/content/SecurityAdvisories/0/36947https:// .","8.0","HIGH","2026-02-25","https://support.broadcom.com/web/ecx/support-content-notification/-/external/content/SecurityAdvisories/0/36947; https://techdocs.broadcom.com/us/en/vmware-cis/aria/aria-operations/8-18/vmware-aria-operations-8186-release-notes.html","VCDSA36947","1"
"1432","CVE-2026-22721","VMware Aria Operations contains a privilege escalation vulnerability. A malicious actor with privileges in vCenter to access Aria Operations may leverage this vulnerability to obtain administrative access in VMware Aria Operations. To remediate CVE-2026-22721, apply the patches listed in the 'Fixed Version' column of the 'Response Matrix' found inÂ  VMSA-2026-0001 https://support.broadcom.com/web/ecx/support-content-notification/-/external/content/SecurityAdvisories/0/36947 .","6.2","MEDIUM","2026-02-25","https://support.broadcom.com/web/ecx/support-content-notification/-/external/content/SecurityAdvisories/0/36947; https://techdocs.broadcom.com/us/en/vmware-cis/aria/aria-operations/8-18/vmware-aria-operations-8186-release-notes.html","VCDSA36947","1"
"1433","CVE-2026-22722","A malicious actor with authenticated user privileges on a Windows based Workstation host may be able to cause a null pointer dereference error. To Remediate CVE-2026-22722, apply the patches listed in the ""Fixed version"" column of the 'Response Matrix'","6.1","MEDIUM","2026-02-26","https://support.broadcom.com/web/ecx/support-content-notification/-/external/content/SecurityAdvisories/0/36986","VCDSA36986","1"
"1434","CVE-2026-41702CVE-2026-41702 CVE-2026-41702 CVE-2026-41702 CVE-2026-41702 CVE-2026-41702 CVE-2026-41702 CVE-2026-41702 CVE-2026-41702 CVE-2026-41702 CVE-2026-41702 CVE-2026-41702","CVE not found in NVD.","N/A","N/A","N/A","","VCDSA37454","1"
"1435","CVE-2026-41703","VMware ESX,Â Workstation, and FusionÂ contain an out-of-bounds read vulnerability. A malicious actor withÂ VM deployment privileges could trigger an out-of-bounds read, potentially leading to information disclosure or more likely a Denial-of-Service (DoS) condition of the host process.Â On Workstation and Fusion, the impact of this vulnerability is restricted to information disclosure.","7.6","HIGH","2026-07-30","https://support.broadcom.com/web/ecx/support-content-notification/-/external/content/SecurityAdvisories/0/38017","VCDSA38017","1"
"1436","CVE-2026-41709","VMware ESX contains an insufficient logging vulnerability.Â A malicious administrator could exploit this issue to perform certain operations without them being logged.","2.7","LOW","2026-07-30","https://support.broadcom.com/web/ecx/support-content-notification/-/external/content/SecurityAdvisories/0/38017","VCDSA38017","1"
"1437","CVE-2026-41722","VMware Cloud Foundation Operations contains multiple stored cross-site scripting vulnerabilities.A malicious actor with privileges to create policies, views or text-widgets may be able to inject scripts to perform administrative actions in VMware Cloud Foundation Operations.","8.0","HIGH","2026-06-08","https://support.broadcom.com/web/ecx/support-content-notification/-/external/content/SecurityAdvisories/0/37513","VCDSA37513","1"
"1438","CVE-2026-41723","VMware Cloud Foundation Operations contains multiple stored cross-site scripting vulnerabilities.A malicious actor with privileges to create policies, views or text-widgets may be able to inject scripts to perform administrative actions in VMware Cloud Foundation Operations.","8.0","HIGH","2026-06-08","https://support.broadcom.com/web/ecx/support-content-notification/-/external/content/SecurityAdvisories/0/37513","VCDSA37513","1"
"1439","CVE-2026-41724","VMware Cloud Foundation Operations contains multiple stored cross-site scripting vulnerabilities.A malicious actor with privileges to create policies, views or text-widgets may be able to inject scripts to perform administrative actions in VMware Cloud Foundation Operations.","8.0","HIGH","2026-06-08","https://support.broadcom.com/web/ecx/support-content-notification/-/external/content/SecurityAdvisories/0/37513","VCDSA37513","1"
"1440","CVE-2026-47876","VMware ESX contains an out-of-bounds write vulnerability in the VMXNET3 virtual network adapter.Â A malicious actor with local administrative privileges on a virtual machine with VMXNET3 virtual network adapter may exploit this issue to execute code on the host. Non VMXNET3 virtual adapters are not affected by this issue.","9.3","CRITICAL","2026-07-30","https://support.broadcom.com/web/ecx/support-content-notification/-/external/content/SecurityAdvisories/0/38017","VCDSA38017","1"
"1441","CVE-2026-59309","VMware vCenter contains an authentication bypass vulnerability in the VMware Directory Service.Â A malicious actor with network access to vCenterÂ may exploit this issue to bypass authentication and gain unauthorized access to the system.","9.8","CRITICAL","2026-07-30","https://support.broadcom.com/web/ecx/support-content-notification/-/external/content/SecurityAdvisories/0/38017","VCDSA38017","1"
"1442","CVE-2026-59310","VMware vCenter contains a directory traversal vulnerability in the Syslog server.Â A malicious actor with network access to vCenterÂ may exploit this issue to execute arbitrary code.","9.8","CRITICAL","2026-07-30","https://support.broadcom.com/web/ecx/support-content-notification/-/external/content/SecurityAdvisories/0/38017; https://medium.com/@quirso_de/active-exploitation-of-cve-2026-59310-361-victim-ips-across-47-countries-9783187cc6ff; https://medium.com/@quirso_de/global-exploitation-of-cve-2026-59310-by-suspected-chinese-nexus-apt-related-cve-2026-59309-443a79e1466d","VCDSA38017","1"
"1443","CVE-2105-2342","CVE not found in NVD.","N/A","N/A","N/A","","VCDSA23482","1"
