"Type","Object","Status","Message","SCG ID","Priority","SCG Title","Baseline","DISA STIG","PCI DSS 4.0","Remediation"
"vCenter","epavcsa.epa.com","INFO","VMware vCenter Security Settings Audit Utility 8.0.3",,,,,,,
"vCenter","epavcsa.epa.com","INFO","Audit of epavcsa.epa.com started at 2026-09-07 09:02:55 from HCSVDI-28 by broadcom",,,,,,,
"vCenter","epavcsa.epa.com","INFO","EULA accepted.",,,,,,,
"vCenter","epavcsa.epa.com","INFO","Safety checks skipped.",,,,,,,
"vCenter","epavcsa.epa.com","PASS","VirtualCenter.VimPasswordExpirationInDays configured correctly (30)","vcenter-8.vpxuser-rotation","P2","The vCenter Server must configure the vpxuser password to be rotated on an appropriate interval.","30","VCSA-80-000275","N/A","Get-AdvancedSetting -Entity $VC -Name VirtualCenter.VimPasswordExpirationInDays | Set-AdvancedSetting -Value 30"
"vCenter","epavcsa.epa.com","PASS","vpxd.event.syslog.enabled configured correctly (True)","vcenter-8.events-remote-logging","P2","Enable remote logging of vCenter Server events.","true","VCSA-80-000280","10.2.1
10.3.3","Get-AdvancedSetting -Entity $VC -Name vpxd.event.syslog.enabled | Set-AdvancedSetting -Value true"
"vCenter","epavcsa.epa.com","PASS","config.log.level configured correctly (info)","vcenter-8.logs-level-global","P2","The vCenter Server must produce audit records containing information to establish what type of events occurred.","info","VCSA-80-000034","10.2.1
10.3.3","Get-AdvancedSetting -Entity $VC -Name config.log.level | Set-AdvancedSetting -Value info"
"vCenter","epavcsa.epa.com","FAIL","etc.issue contains the default message ( VMware vCenter Server 8.0.3.00900  Type: vCenter Server with an embedded Platform Services Controller  )",,,,,,,
"vCenter","epavcsa.epa.com","FAIL","SSO AutoUnlockIntervalSec not configured correctly ()","vcenter-8.administration-sso-lockout-policy-unlock-time","P0","The vCenter Server must unlock accounts after a specified timeout period.","0","VCSA-80-000266","8.3.4","Get-SsoLockoutPolicy | Set-SsoLockoutPolicy -AutoUnlockIntervalSec 0"
"vCenter","epavcsa.epa.com","PASS","SSO MaxFailedAttempts configured correctly ()","vcenter-8.administration-sso-lockout-policy-max-attempts","P2","The vCenter Server must lock an account after a specified number of failed login attempts.","5","VCSA-80-000023","8.3.4","Get-SsoLockoutPolicy | Set-SsoLockoutPolicy -MaxFailedAttempts 5"
"vCenter","epavcsa.epa.com","FAIL","SSO FailedAttemptIntervalSec not configured correctly ()","vcenter-8.administration-sso-lockout-policy-max-attempts","P2","The vCenter Server must lock an account after a specified number of failed login attempts.","5","VCSA-80-000023","8.3.4","Get-SsoLockoutPolicy | Set-SsoLockoutPolicy -MaxFailedAttempts 5"
"vCenter","epavcsa.epa.com","PASS","SSO MaxIdenticalAdjacentCharacters configured correctly (3)","vcenter-8.administration-sso-password-policy","P1","The vCenter Server must enforce password complexity.","Maximum Length: 64
Minimum Length: 15
At least 1 special 
At least 2 alphabetic
At least 1 uppercase
At least 1 lowercase
At least 1 numeric
3 identical adjacent","VCSA-80-000069
VCSA-80-000071
VCSA-80-000072
VCSA-80-000073
VCSA-80-000074","8.3.1
8.3.6","Get-SsoPasswordPolicy | Set-SsoPasswordPolicy -MinLength 15 -MaxLength 64 -MinNumericCount 1 -MinSpecialCharCount 1 -MinAlphabeticCount 2 -MinUppercaseCount 1 -MinLowercaseCount 1 -MaxIdenticalAdjacentCharacters 3"
"vCenter","epavcsa.epa.com","PASS","SSO MinUppercaseCount configured correctly (1)","vcenter-8.administration-sso-password-policy","P1","The vCenter Server must enforce password complexity.","Maximum Length: 64
Minimum Length: 15
At least 1 special 
At least 2 alphabetic
At least 1 uppercase
At least 1 lowercase
At least 1 numeric
3 identical adjacent","VCSA-80-000069
VCSA-80-000071
VCSA-80-000072
VCSA-80-000073
VCSA-80-000074","8.3.1
8.3.6","Get-SsoPasswordPolicy | Set-SsoPasswordPolicy -MinLength 15 -MaxLength 64 -MinNumericCount 1 -MinSpecialCharCount 1 -MinAlphabeticCount 2 -MinUppercaseCount 1 -MinLowercaseCount 1 -MaxIdenticalAdjacentCharacters 3"
"vCenter","epavcsa.epa.com","PASS","SSO MinSpecialCharCount configured correctly (1)","vcenter-8.administration-sso-password-policy","P1","The vCenter Server must enforce password complexity.","Maximum Length: 64
Minimum Length: 15
At least 1 special 
At least 2 alphabetic
At least 1 uppercase
At least 1 lowercase
At least 1 numeric
3 identical adjacent","VCSA-80-000069
VCSA-80-000071
VCSA-80-000072
VCSA-80-000073
VCSA-80-000074","8.3.1
8.3.6","Get-SsoPasswordPolicy | Set-SsoPasswordPolicy -MinLength 15 -MaxLength 64 -MinNumericCount 1 -MinSpecialCharCount 1 -MinAlphabeticCount 2 -MinUppercaseCount 1 -MinLowercaseCount 1 -MaxIdenticalAdjacentCharacters 3"
"vCenter","epavcsa.epa.com","PASS","SSO ProhibitedPreviousPasswordsCount configured correctly (5)","vcenter-8.administration-sso-password-reuse","P2","Configure the password history setting to restrict the reuse of passwords on the vCenter Server.","5","VCSA-80-000070","8.3.7","Get-SsoPasswordPolicy | Set-SsoPasswordPolicy -ProhibitedPreviousPasswordsCount 5"
"vCenter","epavcsa.epa.com","FAIL","SSO MaxLength not configured correctly (20)","vcenter-8.administration-sso-password-policy","P1","The vCenter Server must enforce password complexity.","Maximum Length: 64
Minimum Length: 15
At least 1 special 
At least 2 alphabetic
At least 1 uppercase
At least 1 lowercase
At least 1 numeric
3 identical adjacent","VCSA-80-000069
VCSA-80-000071
VCSA-80-000072
VCSA-80-000073
VCSA-80-000074","8.3.1
8.3.6","Get-SsoPasswordPolicy | Set-SsoPasswordPolicy -MinLength 15 -MaxLength 64 -MinNumericCount 1 -MinSpecialCharCount 1 -MinAlphabeticCount 2 -MinUppercaseCount 1 -MinLowercaseCount 1 -MaxIdenticalAdjacentCharacters 3"
"vCenter","epavcsa.epa.com","PASS","SSO MinAlphabeticCount configured correctly (2)","vcenter-8.administration-sso-password-policy","P1","The vCenter Server must enforce password complexity.","Maximum Length: 64
Minimum Length: 15
At least 1 special 
At least 2 alphabetic
At least 1 uppercase
At least 1 lowercase
At least 1 numeric
3 identical adjacent","VCSA-80-000069
VCSA-80-000071
VCSA-80-000072
VCSA-80-000073
VCSA-80-000074","8.3.1
8.3.6","Get-SsoPasswordPolicy | Set-SsoPasswordPolicy -MinLength 15 -MaxLength 64 -MinNumericCount 1 -MinSpecialCharCount 1 -MinAlphabeticCount 2 -MinUppercaseCount 1 -MinLowercaseCount 1 -MaxIdenticalAdjacentCharacters 3"
"vCenter","epavcsa.epa.com","PASS","SSO MinLowercaseCount configured correctly (1)","vcenter-8.administration-sso-password-policy","P1","The vCenter Server must enforce password complexity.","Maximum Length: 64
Minimum Length: 15
At least 1 special 
At least 2 alphabetic
At least 1 uppercase
At least 1 lowercase
At least 1 numeric
3 identical adjacent","VCSA-80-000069
VCSA-80-000071
VCSA-80-000072
VCSA-80-000073
VCSA-80-000074","8.3.1
8.3.6","Get-SsoPasswordPolicy | Set-SsoPasswordPolicy -MinLength 15 -MaxLength 64 -MinNumericCount 1 -MinSpecialCharCount 1 -MinAlphabeticCount 2 -MinUppercaseCount 1 -MinLowercaseCount 1 -MaxIdenticalAdjacentCharacters 3"
"vCenter","epavcsa.epa.com","FAIL","SSO PasswordLifetimeDays not configured correctly (0)","vcenter-8.administration-sso-password-lifetime","P1","The vCenter Server must be configured with an appropriate maximum password age.","9999","VCSA-80-000079","8.3.9","Get-SsoPasswordPolicy | Set-SsoPasswordPolicy -PasswordLifetimeDays 9999"
"vCenter","epavcsa.epa.com","FAIL","SSO MinLength not configured correctly (8)","vcenter-8.administration-sso-password-policy","P1","The vCenter Server must enforce password complexity.","Maximum Length: 64
Minimum Length: 15
At least 1 special 
At least 2 alphabetic
At least 1 uppercase
At least 1 lowercase
At least 1 numeric
3 identical adjacent","VCSA-80-000069
VCSA-80-000071
VCSA-80-000072
VCSA-80-000073
VCSA-80-000074","8.3.1
8.3.6","Get-SsoPasswordPolicy | Set-SsoPasswordPolicy -MinLength 15 -MaxLength 64 -MinNumericCount 1 -MinSpecialCharCount 1 -MinAlphabeticCount 2 -MinUppercaseCount 1 -MinLowercaseCount 1 -MaxIdenticalAdjacentCharacters 3"
"vCenter","epavcsa.epa.com","PASS","SSO MinNumericCount configured correctly (1)","vcenter-8.administration-sso-password-policy","P1","The vCenter Server must enforce password complexity.","Maximum Length: 64
Minimum Length: 15
At least 1 special 
At least 2 alphabetic
At least 1 uppercase
At least 1 lowercase
At least 1 numeric
3 identical adjacent","VCSA-80-000069
VCSA-80-000071
VCSA-80-000072
VCSA-80-000073
VCSA-80-000074","8.3.1
8.3.6","Get-SsoPasswordPolicy | Set-SsoPasswordPolicy -MinLength 15 -MaxLength 64 -MinNumericCount 1 -MinSpecialCharCount 1 -MinAlphabeticCount 2 -MinUppercaseCount 1 -MinLowercaseCount 1 -MaxIdenticalAdjacentCharacters 3"
"vCenter","epavcsa.epa.com","PASS","Distributed switch 'epa-service' is not configured to allow promiscuous mode (False)","vcenter-8.network-reject-promiscuous-mode-dvportgroup","P2 Upon Feature Enablement","All distributed switches and their port groups must be configured to reject guest promiscuous mode requests.","Reject","VCSA-80-000270","1.4.5","Get-VDSwitch -Name $VDS | Get-VDSecurityPolicy | Set-VDSecurityPolicy -AllowPromiscuous $false Get-VDPortgroup -Name $VDPG | Get-VDSecurityPolicy | Set-VDSecurityPolicy -AllowPromiscuous $false"
"vCenter","epavcsa.epa.com","PASS","Distributed switch 'epa-service' is not configured to allow MAC address changes (False)","vcenter-8.network-reject-mac-changes-dvportgroup","P2 Upon Feature Enablement","All distributed switches and their port groups must be configured to reject guest MAC address changes.","Reject","VCSA-80-000269","1.4.3","Get-VDSwitch -Name $VDS | Get-VDSecurityPolicy | Set-VDSecurityPolicy -MacChanges $false Get-VDPortgroup -Name $VDPG | Get-VDSecurityPolicy | Set-VDSecurityPolicy -MacChanges $false"
"vCenter","epavcsa.epa.com","PASS","Distributed switch 'epa-service' is not configured to allow forged transmits (False)","vcenter-8.network-reject-forged-transmit-dvportgroup","P2 Upon Feature Enablement","All distributed switches and their port groups must be configured to reject forged transmits.","Reject","VCSA-80-000268","1.4.3","Get-VDSwitch -Name $VDS | Get-VDSecurityPolicy | Set-VDSecurityPolicy -ForgedTransmits $false Get-VDPortgroup -Name $VDPG | Get-VDSecurityPolicy | Set-VDSecurityPolicy -ForgedTransmits $false"
"vCenter","epavcsa.epa.com","FAIL","Distributed switch 'epa-service' link discovery is not configured correctly (listen)","vcenter-8.network-restrict-discovery-protocol","P1 Upon Feature Enablement","The vCenter Server must deactivate CDP/LLDP on distributed switches unless used intentionally.","none","VCSA-80-000299","1.4.5","$VDview = Get-VDSwitch -Name $VDS | Get-View $ConfigSpec = New-Object VMware.Vim.VMwareDVSConfigSpec $ConfigSpec.LinkDiscoveryProtocolConfig = New-Object VMware.Vim.LinkDiscoveryProtocolConfig $ConfigSpec.LinkDiscoveryProtocolConfig.Protocol = 'cdp' $ConfigSpec.LinkDiscoveryProtocolConfig.Operation = 'none' $ConfigSpec.ConfigVersion = $VDview.Config.ConfigVersion $VDview.ReconfigureDvs_Task($ConfigSpec)"
"vCenter","epavcsa.epa.com","PASS","Distributed switch 'epa-service' NetFlow is configured correctly ()","vcenter-8.network-restrict-netflow-usage","P2 Upon Feature Enablement","The vCenter Server must ensure that NetFlow traffic is being sent to authorized collectors.","Not Configured","VCSA-80-000271","1.4.5","$VDPGview = Get-VDPortgroup -Name $VDPG | Get-View  $ConfigSpec = New-Object VMware.Vim.DVPortgroupConfigSpec $ConfigSpec.DefaultPortConfig = New-Object VMware.Vim.VMwareDVSPortSetting $ConfigSpec.DefaultPortConfig.IpfixEnabled = New-Object VMware.Vim.BoolPolicy $ConfigSpec.DefaultPortConfig.IpfixEnabled.Inherited = $false $ConfigSpec.DefaultPortConfig.IpfixEnabled.Value = $false $ConfigSpec.ConfigVersion = $VDPGview.Config.ConfigVersion $VDPGview.ReconfigureDVPortgroup_Task($ConfigSpec)"
"vCenter","epavcsa.epa.com","PASS","Distributed switch 'epa-service' port mirroring is inactive ()","vcenter-8.network-restrict-port-mirroring","P2 Upon Feature Enablement","The vCenter Server must remove unauthorized port mirroring sessions on distributed switches.","Not Configured","VCSA-80-000300","1.4.5","N/A"
"vCenter","epavcsa.epa.com","PASS","Distributed portgroup 'KYK_PG_10.200.8.x' is not configured to allow promiscuous mode (False)","vcenter-8.network-reject-promiscuous-mode-dvportgroup","P2 Upon Feature Enablement","All distributed switches and their port groups must be configured to reject guest promiscuous mode requests.","Reject","VCSA-80-000270","1.4.5","Get-VDSwitch -Name $VDS | Get-VDSecurityPolicy | Set-VDSecurityPolicy -AllowPromiscuous $false Get-VDPortgroup -Name $VDPG | Get-VDSecurityPolicy | Set-VDSecurityPolicy -AllowPromiscuous $false"
"vCenter","epavcsa.epa.com","PASS","Distributed portgroup 'KYK_PG_10.200.8.x' is not configured to allow MAC address changes (False)","vcenter-8.network-reject-mac-changes-dvportgroup","P2 Upon Feature Enablement","All distributed switches and their port groups must be configured to reject guest MAC address changes.","Reject","VCSA-80-000269","1.4.3","Get-VDSwitch -Name $VDS | Get-VDSecurityPolicy | Set-VDSecurityPolicy -MacChanges $false Get-VDPortgroup -Name $VDPG | Get-VDSecurityPolicy | Set-VDSecurityPolicy -MacChanges $false"
"vCenter","epavcsa.epa.com","PASS","Distributed portgroup 'KYK_PG_10.200.8.x' is not configured to allow forged transmits (False)","vcenter-8.network-reject-forged-transmit-dvportgroup","P2 Upon Feature Enablement","All distributed switches and their port groups must be configured to reject forged transmits.","Reject","VCSA-80-000268","1.4.3","Get-VDSwitch -Name $VDS | Get-VDSecurityPolicy | Set-VDSecurityPolicy -ForgedTransmits $false Get-VDPortgroup -Name $VDPG | Get-VDSecurityPolicy | Set-VDSecurityPolicy -ForgedTransmits $false"
"vCenter","epavcsa.epa.com","PASS","Distributed portgroup 'KYK_PG_10.200.8.x' is not configured to allow VLAN 4095 (VLAN 2008)",,,,,,,
"vCenter","epavcsa.epa.com","PASS","Distributed portgroup 'KYK_PG_10.200.8.x' does not appear to be configured to use a default VLAN (VLAN 2008)",,,,,,,
"vCenter","epavcsa.epa.com","PASS","Distributed portgroup 'KYK_PG_10.200.8.x' is configured to reset port configuration on disconnect (True)","vcenter-8.network-reset-port","P2 Upon Feature Enablement","The vCenter Server must reset port configuration when virtual machines are disconnected.","Enabled","VCSA-80-000302","N/A","$VDPGview = Get-VDPortgroup -Name $VDPG | Get-View  $ConfigSpec = New-Object VMware.Vim.DVPortgroupConfigSpec $ConfigSpec.DefaultPortConfig = New-Object VMware.Vim.VMwareDVSPortSetting $ConfigSpec.Policy = New-Object VMware.Vim.VMwareDVSPortgroupPolicy $ConfigSpec.Policy.PortConfigResetAtDisconnect = $true $ConfigSpec.ConfigVersion = $VDPGview.Config.ConfigVersion $VDPGview.ReconfigureDVPortgroup_Task($ConfigSpec)"
"vCenter","epavcsa.epa.com","PASS","Distributed portgroup 'KYK_PG_10.200.8.x' NetFlow is configured correctly (False)","vcenter-8.network-restrict-netflow-usage","P2 Upon Feature Enablement","The vCenter Server must ensure that NetFlow traffic is being sent to authorized collectors.","Not Configured","VCSA-80-000271","1.4.5","$VDPGview = Get-VDPortgroup -Name $VDPG | Get-View  $ConfigSpec = New-Object VMware.Vim.DVPortgroupConfigSpec $ConfigSpec.DefaultPortConfig = New-Object VMware.Vim.VMwareDVSPortSetting $ConfigSpec.DefaultPortConfig.IpfixEnabled = New-Object VMware.Vim.BoolPolicy $ConfigSpec.DefaultPortConfig.IpfixEnabled.Inherited = $false $ConfigSpec.DefaultPortConfig.IpfixEnabled.Value = $false $ConfigSpec.ConfigVersion = $VDPGview.Config.ConfigVersion $VDPGview.ReconfigureDVPortgroup_Task($ConfigSpec)"
"vCenter","epavcsa.epa.com","PASS","Distributed portgroup 'KYK_PG_10.200.8.x' policies are configured correctly (VlanOverrideAllowed: False, UplinkTeamingOverrideAllowed: False, SecurityPolicyOverrideAllowed: False, MacManagementOverrideAllowed: False, BlockOverrideAllowed: True, ShapingOverrideAllowed: False, IpfixOverrideAllowed: False, VendorConfigOverrideAllowed: False, LivePortMovingAllowed: False, NetworkResourcePoolOverrideAllowed: False, TrafficFilterOverrideAllowed: False)",,,,,,,
"vCenter","epavcsa.epa.com","PASS","Distributed portgroup 'KYK_PG_10.200.8.x' MAC learning is not enabled (False)","vcenter-8.network-mac-learning","P2 Upon Feature Enablement","All distributed switch port groups must deactivate MAC Learning unless used intentionally.","Disabled","N/A","1.4.5","$VDPGview = Get-VDPortgroup -Name $VDPG | Get-View  $ConfigSpec = New-Object VMware.Vim.DVPortgroupConfigSpec $ConfigSpec.DefaultPortConfig = New-Object VMware.Vim.VMwareDVSPortSetting $ConfigSpec.DefaultPortConfig.MacManagementPolicy = New-Object VMware.Vim.DVSMacManagementPolicy $ConfigSpec.DefaultPortConfig.MacManagementPolicy.MacLearningPolicy = New-Object VMware.Vim.DVSMacLearningPolicy $ConfigSpec.DefaultPortConfig.MacManagementPolicy.MacLearningPolicy.Enabled = $false $ConfigSpec.ConfigVersion = $VDPGview.Config.ConfigVersion $VDPGview.ReconfigureDVPortgroup_Task($ConfigSpec)"
"vCenter","epavcsa.epa.com","PASS","Distributed portgroup 'KYK_PG_10.200.7.x' is not configured to allow promiscuous mode (False)","vcenter-8.network-reject-promiscuous-mode-dvportgroup","P2 Upon Feature Enablement","All distributed switches and their port groups must be configured to reject guest promiscuous mode requests.","Reject","VCSA-80-000270","1.4.5","Get-VDSwitch -Name $VDS | Get-VDSecurityPolicy | Set-VDSecurityPolicy -AllowPromiscuous $false Get-VDPortgroup -Name $VDPG | Get-VDSecurityPolicy | Set-VDSecurityPolicy -AllowPromiscuous $false"
"vCenter","epavcsa.epa.com","PASS","Distributed portgroup 'KYK_PG_10.200.7.x' is not configured to allow MAC address changes (False)","vcenter-8.network-reject-mac-changes-dvportgroup","P2 Upon Feature Enablement","All distributed switches and their port groups must be configured to reject guest MAC address changes.","Reject","VCSA-80-000269","1.4.3","Get-VDSwitch -Name $VDS | Get-VDSecurityPolicy | Set-VDSecurityPolicy -MacChanges $false Get-VDPortgroup -Name $VDPG | Get-VDSecurityPolicy | Set-VDSecurityPolicy -MacChanges $false"
"vCenter","epavcsa.epa.com","PASS","Distributed portgroup 'KYK_PG_10.200.7.x' is not configured to allow forged transmits (False)","vcenter-8.network-reject-forged-transmit-dvportgroup","P2 Upon Feature Enablement","All distributed switches and their port groups must be configured to reject forged transmits.","Reject","VCSA-80-000268","1.4.3","Get-VDSwitch -Name $VDS | Get-VDSecurityPolicy | Set-VDSecurityPolicy -ForgedTransmits $false Get-VDPortgroup -Name $VDPG | Get-VDSecurityPolicy | Set-VDSecurityPolicy -ForgedTransmits $false"
"vCenter","epavcsa.epa.com","PASS","Distributed portgroup 'KYK_PG_10.200.7.x' is not configured to allow VLAN 4095 (VLAN 2007)",,,,,,,
"vCenter","epavcsa.epa.com","PASS","Distributed portgroup 'KYK_PG_10.200.7.x' does not appear to be configured to use a default VLAN (VLAN 2007)",,,,,,,
"vCenter","epavcsa.epa.com","PASS","Distributed portgroup 'KYK_PG_10.200.7.x' is configured to reset port configuration on disconnect (True)","vcenter-8.network-reset-port","P2 Upon Feature Enablement","The vCenter Server must reset port configuration when virtual machines are disconnected.","Enabled","VCSA-80-000302","N/A","$VDPGview = Get-VDPortgroup -Name $VDPG | Get-View  $ConfigSpec = New-Object VMware.Vim.DVPortgroupConfigSpec $ConfigSpec.DefaultPortConfig = New-Object VMware.Vim.VMwareDVSPortSetting $ConfigSpec.Policy = New-Object VMware.Vim.VMwareDVSPortgroupPolicy $ConfigSpec.Policy.PortConfigResetAtDisconnect = $true $ConfigSpec.ConfigVersion = $VDPGview.Config.ConfigVersion $VDPGview.ReconfigureDVPortgroup_Task($ConfigSpec)"
"vCenter","epavcsa.epa.com","PASS","Distributed portgroup 'KYK_PG_10.200.7.x' NetFlow is configured correctly (False)","vcenter-8.network-restrict-netflow-usage","P2 Upon Feature Enablement","The vCenter Server must ensure that NetFlow traffic is being sent to authorized collectors.","Not Configured","VCSA-80-000271","1.4.5","$VDPGview = Get-VDPortgroup -Name $VDPG | Get-View  $ConfigSpec = New-Object VMware.Vim.DVPortgroupConfigSpec $ConfigSpec.DefaultPortConfig = New-Object VMware.Vim.VMwareDVSPortSetting $ConfigSpec.DefaultPortConfig.IpfixEnabled = New-Object VMware.Vim.BoolPolicy $ConfigSpec.DefaultPortConfig.IpfixEnabled.Inherited = $false $ConfigSpec.DefaultPortConfig.IpfixEnabled.Value = $false $ConfigSpec.ConfigVersion = $VDPGview.Config.ConfigVersion $VDPGview.ReconfigureDVPortgroup_Task($ConfigSpec)"
"vCenter","epavcsa.epa.com","PASS","Distributed portgroup 'KYK_PG_10.200.7.x' policies are configured correctly (VlanOverrideAllowed: False, UplinkTeamingOverrideAllowed: False, SecurityPolicyOverrideAllowed: False, MacManagementOverrideAllowed: False, BlockOverrideAllowed: True, ShapingOverrideAllowed: False, IpfixOverrideAllowed: False, VendorConfigOverrideAllowed: False, LivePortMovingAllowed: False, NetworkResourcePoolOverrideAllowed: False, TrafficFilterOverrideAllowed: False)",,,,,,,
"vCenter","epavcsa.epa.com","PASS","Distributed portgroup 'KYK_PG_10.200.7.x' MAC learning is not enabled (False)","vcenter-8.network-mac-learning","P2 Upon Feature Enablement","All distributed switch port groups must deactivate MAC Learning unless used intentionally.","Disabled","N/A","1.4.5","$VDPGview = Get-VDPortgroup -Name $VDPG | Get-View  $ConfigSpec = New-Object VMware.Vim.DVPortgroupConfigSpec $ConfigSpec.DefaultPortConfig = New-Object VMware.Vim.VMwareDVSPortSetting $ConfigSpec.DefaultPortConfig.MacManagementPolicy = New-Object VMware.Vim.DVSMacManagementPolicy $ConfigSpec.DefaultPortConfig.MacManagementPolicy.MacLearningPolicy = New-Object VMware.Vim.DVSMacLearningPolicy $ConfigSpec.DefaultPortConfig.MacManagementPolicy.MacLearningPolicy.Enabled = $false $ConfigSpec.ConfigVersion = $VDPGview.Config.ConfigVersion $VDPGview.ReconfigureDVPortgroup_Task($ConfigSpec)"
"vCenter","epavcsa.epa.com","PASS","Distributed portgroup 'KYK_PG_10.200.6.x' is not configured to allow promiscuous mode (False)","vcenter-8.network-reject-promiscuous-mode-dvportgroup","P2 Upon Feature Enablement","All distributed switches and their port groups must be configured to reject guest promiscuous mode requests.","Reject","VCSA-80-000270","1.4.5","Get-VDSwitch -Name $VDS | Get-VDSecurityPolicy | Set-VDSecurityPolicy -AllowPromiscuous $false Get-VDPortgroup -Name $VDPG | Get-VDSecurityPolicy | Set-VDSecurityPolicy -AllowPromiscuous $false"
"vCenter","epavcsa.epa.com","PASS","Distributed portgroup 'KYK_PG_10.200.6.x' is not configured to allow MAC address changes (False)","vcenter-8.network-reject-mac-changes-dvportgroup","P2 Upon Feature Enablement","All distributed switches and their port groups must be configured to reject guest MAC address changes.","Reject","VCSA-80-000269","1.4.3","Get-VDSwitch -Name $VDS | Get-VDSecurityPolicy | Set-VDSecurityPolicy -MacChanges $false Get-VDPortgroup -Name $VDPG | Get-VDSecurityPolicy | Set-VDSecurityPolicy -MacChanges $false"
"vCenter","epavcsa.epa.com","PASS","Distributed portgroup 'KYK_PG_10.200.6.x' is not configured to allow forged transmits (False)","vcenter-8.network-reject-forged-transmit-dvportgroup","P2 Upon Feature Enablement","All distributed switches and their port groups must be configured to reject forged transmits.","Reject","VCSA-80-000268","1.4.3","Get-VDSwitch -Name $VDS | Get-VDSecurityPolicy | Set-VDSecurityPolicy -ForgedTransmits $false Get-VDPortgroup -Name $VDPG | Get-VDSecurityPolicy | Set-VDSecurityPolicy -ForgedTransmits $false"
"vCenter","epavcsa.epa.com","PASS","Distributed portgroup 'KYK_PG_10.200.6.x' is not configured to allow VLAN 4095 (VLAN 2006)",,,,,,,
"vCenter","epavcsa.epa.com","PASS","Distributed portgroup 'KYK_PG_10.200.6.x' does not appear to be configured to use a default VLAN (VLAN 2006)",,,,,,,
"vCenter","epavcsa.epa.com","PASS","Distributed portgroup 'KYK_PG_10.200.6.x' is configured to reset port configuration on disconnect (True)","vcenter-8.network-reset-port","P2 Upon Feature Enablement","The vCenter Server must reset port configuration when virtual machines are disconnected.","Enabled","VCSA-80-000302","N/A","$VDPGview = Get-VDPortgroup -Name $VDPG | Get-View  $ConfigSpec = New-Object VMware.Vim.DVPortgroupConfigSpec $ConfigSpec.DefaultPortConfig = New-Object VMware.Vim.VMwareDVSPortSetting $ConfigSpec.Policy = New-Object VMware.Vim.VMwareDVSPortgroupPolicy $ConfigSpec.Policy.PortConfigResetAtDisconnect = $true $ConfigSpec.ConfigVersion = $VDPGview.Config.ConfigVersion $VDPGview.ReconfigureDVPortgroup_Task($ConfigSpec)"
"vCenter","epavcsa.epa.com","PASS","Distributed portgroup 'KYK_PG_10.200.6.x' NetFlow is configured correctly (False)","vcenter-8.network-restrict-netflow-usage","P2 Upon Feature Enablement","The vCenter Server must ensure that NetFlow traffic is being sent to authorized collectors.","Not Configured","VCSA-80-000271","1.4.5","$VDPGview = Get-VDPortgroup -Name $VDPG | Get-View  $ConfigSpec = New-Object VMware.Vim.DVPortgroupConfigSpec $ConfigSpec.DefaultPortConfig = New-Object VMware.Vim.VMwareDVSPortSetting $ConfigSpec.DefaultPortConfig.IpfixEnabled = New-Object VMware.Vim.BoolPolicy $ConfigSpec.DefaultPortConfig.IpfixEnabled.Inherited = $false $ConfigSpec.DefaultPortConfig.IpfixEnabled.Value = $false $ConfigSpec.ConfigVersion = $VDPGview.Config.ConfigVersion $VDPGview.ReconfigureDVPortgroup_Task($ConfigSpec)"
"vCenter","epavcsa.epa.com","PASS","Distributed portgroup 'KYK_PG_10.200.6.x' policies are configured correctly (VlanOverrideAllowed: False, UplinkTeamingOverrideAllowed: False, SecurityPolicyOverrideAllowed: False, MacManagementOverrideAllowed: False, BlockOverrideAllowed: True, ShapingOverrideAllowed: False, IpfixOverrideAllowed: False, VendorConfigOverrideAllowed: False, LivePortMovingAllowed: False, NetworkResourcePoolOverrideAllowed: False, TrafficFilterOverrideAllowed: False)",,,,,,,
"vCenter","epavcsa.epa.com","PASS","Distributed portgroup 'KYK_PG_10.200.6.x' MAC learning is not enabled (False)","vcenter-8.network-mac-learning","P2 Upon Feature Enablement","All distributed switch port groups must deactivate MAC Learning unless used intentionally.","Disabled","N/A","1.4.5","$VDPGview = Get-VDPortgroup -Name $VDPG | Get-View  $ConfigSpec = New-Object VMware.Vim.DVPortgroupConfigSpec $ConfigSpec.DefaultPortConfig = New-Object VMware.Vim.VMwareDVSPortSetting $ConfigSpec.DefaultPortConfig.MacManagementPolicy = New-Object VMware.Vim.DVSMacManagementPolicy $ConfigSpec.DefaultPortConfig.MacManagementPolicy.MacLearningPolicy = New-Object VMware.Vim.DVSMacLearningPolicy $ConfigSpec.DefaultPortConfig.MacManagementPolicy.MacLearningPolicy.Enabled = $false $ConfigSpec.ConfigVersion = $VDPGview.Config.ConfigVersion $VDPGview.ReconfigureDVPortgroup_Task($ConfigSpec)"
"vCenter","epavcsa.epa.com","PASS","Distributed portgroup 'KYK_PG_10.200.5.x' is not configured to allow promiscuous mode (False)","vcenter-8.network-reject-promiscuous-mode-dvportgroup","P2 Upon Feature Enablement","All distributed switches and their port groups must be configured to reject guest promiscuous mode requests.","Reject","VCSA-80-000270","1.4.5","Get-VDSwitch -Name $VDS | Get-VDSecurityPolicy | Set-VDSecurityPolicy -AllowPromiscuous $false Get-VDPortgroup -Name $VDPG | Get-VDSecurityPolicy | Set-VDSecurityPolicy -AllowPromiscuous $false"
"vCenter","epavcsa.epa.com","PASS","Distributed portgroup 'KYK_PG_10.200.5.x' is not configured to allow MAC address changes (False)","vcenter-8.network-reject-mac-changes-dvportgroup","P2 Upon Feature Enablement","All distributed switches and their port groups must be configured to reject guest MAC address changes.","Reject","VCSA-80-000269","1.4.3","Get-VDSwitch -Name $VDS | Get-VDSecurityPolicy | Set-VDSecurityPolicy -MacChanges $false Get-VDPortgroup -Name $VDPG | Get-VDSecurityPolicy | Set-VDSecurityPolicy -MacChanges $false"
"vCenter","epavcsa.epa.com","PASS","Distributed portgroup 'KYK_PG_10.200.5.x' is not configured to allow forged transmits (False)","vcenter-8.network-reject-forged-transmit-dvportgroup","P2 Upon Feature Enablement","All distributed switches and their port groups must be configured to reject forged transmits.","Reject","VCSA-80-000268","1.4.3","Get-VDSwitch -Name $VDS | Get-VDSecurityPolicy | Set-VDSecurityPolicy -ForgedTransmits $false Get-VDPortgroup -Name $VDPG | Get-VDSecurityPolicy | Set-VDSecurityPolicy -ForgedTransmits $false"
"vCenter","epavcsa.epa.com","PASS","Distributed portgroup 'KYK_PG_10.200.5.x' is not configured to allow VLAN 4095 (VLAN 2005)",,,,,,,
"vCenter","epavcsa.epa.com","PASS","Distributed portgroup 'KYK_PG_10.200.5.x' does not appear to be configured to use a default VLAN (VLAN 2005)",,,,,,,
"vCenter","epavcsa.epa.com","PASS","Distributed portgroup 'KYK_PG_10.200.5.x' is configured to reset port configuration on disconnect (True)","vcenter-8.network-reset-port","P2 Upon Feature Enablement","The vCenter Server must reset port configuration when virtual machines are disconnected.","Enabled","VCSA-80-000302","N/A","$VDPGview = Get-VDPortgroup -Name $VDPG | Get-View  $ConfigSpec = New-Object VMware.Vim.DVPortgroupConfigSpec $ConfigSpec.DefaultPortConfig = New-Object VMware.Vim.VMwareDVSPortSetting $ConfigSpec.Policy = New-Object VMware.Vim.VMwareDVSPortgroupPolicy $ConfigSpec.Policy.PortConfigResetAtDisconnect = $true $ConfigSpec.ConfigVersion = $VDPGview.Config.ConfigVersion $VDPGview.ReconfigureDVPortgroup_Task($ConfigSpec)"
"vCenter","epavcsa.epa.com","PASS","Distributed portgroup 'KYK_PG_10.200.5.x' NetFlow is configured correctly (False)","vcenter-8.network-restrict-netflow-usage","P2 Upon Feature Enablement","The vCenter Server must ensure that NetFlow traffic is being sent to authorized collectors.","Not Configured","VCSA-80-000271","1.4.5","$VDPGview = Get-VDPortgroup -Name $VDPG | Get-View  $ConfigSpec = New-Object VMware.Vim.DVPortgroupConfigSpec $ConfigSpec.DefaultPortConfig = New-Object VMware.Vim.VMwareDVSPortSetting $ConfigSpec.DefaultPortConfig.IpfixEnabled = New-Object VMware.Vim.BoolPolicy $ConfigSpec.DefaultPortConfig.IpfixEnabled.Inherited = $false $ConfigSpec.DefaultPortConfig.IpfixEnabled.Value = $false $ConfigSpec.ConfigVersion = $VDPGview.Config.ConfigVersion $VDPGview.ReconfigureDVPortgroup_Task($ConfigSpec)"
"vCenter","epavcsa.epa.com","PASS","Distributed portgroup 'KYK_PG_10.200.5.x' policies are configured correctly (VlanOverrideAllowed: False, UplinkTeamingOverrideAllowed: False, SecurityPolicyOverrideAllowed: False, MacManagementOverrideAllowed: False, BlockOverrideAllowed: True, ShapingOverrideAllowed: False, IpfixOverrideAllowed: False, VendorConfigOverrideAllowed: False, LivePortMovingAllowed: False, NetworkResourcePoolOverrideAllowed: False, TrafficFilterOverrideAllowed: False)",,,,,,,
"vCenter","epavcsa.epa.com","PASS","Distributed portgroup 'KYK_PG_10.200.5.x' MAC learning is not enabled (False)","vcenter-8.network-mac-learning","P2 Upon Feature Enablement","All distributed switch port groups must deactivate MAC Learning unless used intentionally.","Disabled","N/A","1.4.5","$VDPGview = Get-VDPortgroup -Name $VDPG | Get-View  $ConfigSpec = New-Object VMware.Vim.DVPortgroupConfigSpec $ConfigSpec.DefaultPortConfig = New-Object VMware.Vim.VMwareDVSPortSetting $ConfigSpec.DefaultPortConfig.MacManagementPolicy = New-Object VMware.Vim.DVSMacManagementPolicy $ConfigSpec.DefaultPortConfig.MacManagementPolicy.MacLearningPolicy = New-Object VMware.Vim.DVSMacLearningPolicy $ConfigSpec.DefaultPortConfig.MacManagementPolicy.MacLearningPolicy.Enabled = $false $ConfigSpec.ConfigVersion = $VDPGview.Config.ConfigVersion $VDPGview.ReconfigureDVPortgroup_Task($ConfigSpec)"
"vCenter","epavcsa.epa.com","FAIL","Distributed portgroup 'KSB_PG_10.200.93.x' is configured to allow promiscuous mode (True)","vcenter-8.network-reject-promiscuous-mode-dvportgroup","P2 Upon Feature Enablement","All distributed switches and their port groups must be configured to reject guest promiscuous mode requests.","Reject","VCSA-80-000270","1.4.5","Get-VDSwitch -Name $VDS | Get-VDSecurityPolicy | Set-VDSecurityPolicy -AllowPromiscuous $false Get-VDPortgroup -Name $VDPG | Get-VDSecurityPolicy | Set-VDSecurityPolicy -AllowPromiscuous $false"
"vCenter","epavcsa.epa.com","FAIL","Distributed portgroup 'KSB_PG_10.200.93.x' is configured to allow MAC address changes (True)","vcenter-8.network-reject-mac-changes-dvportgroup","P2 Upon Feature Enablement","All distributed switches and their port groups must be configured to reject guest MAC address changes.","Reject","VCSA-80-000269","1.4.3","Get-VDSwitch -Name $VDS | Get-VDSecurityPolicy | Set-VDSecurityPolicy -MacChanges $false Get-VDPortgroup -Name $VDPG | Get-VDSecurityPolicy | Set-VDSecurityPolicy -MacChanges $false"
"vCenter","epavcsa.epa.com","FAIL","Distributed portgroup 'KSB_PG_10.200.93.x' is configured to allow forged transmits (True)","vcenter-8.network-reject-forged-transmit-dvportgroup","P2 Upon Feature Enablement","All distributed switches and their port groups must be configured to reject forged transmits.","Reject","VCSA-80-000268","1.4.3","Get-VDSwitch -Name $VDS | Get-VDSecurityPolicy | Set-VDSecurityPolicy -ForgedTransmits $false Get-VDPortgroup -Name $VDPG | Get-VDSecurityPolicy | Set-VDSecurityPolicy -ForgedTransmits $false"
"vCenter","epavcsa.epa.com","PASS","Distributed portgroup 'KSB_PG_10.200.93.x' is not configured to allow VLAN 4095 (VLAN 2093)",,,,,,,
"vCenter","epavcsa.epa.com","PASS","Distributed portgroup 'KSB_PG_10.200.93.x' does not appear to be configured to use a default VLAN (VLAN 2093)",,,,,,,
"vCenter","epavcsa.epa.com","PASS","Distributed portgroup 'KSB_PG_10.200.93.x' is configured to reset port configuration on disconnect (True)","vcenter-8.network-reset-port","P2 Upon Feature Enablement","The vCenter Server must reset port configuration when virtual machines are disconnected.","Enabled","VCSA-80-000302","N/A","$VDPGview = Get-VDPortgroup -Name $VDPG | Get-View  $ConfigSpec = New-Object VMware.Vim.DVPortgroupConfigSpec $ConfigSpec.DefaultPortConfig = New-Object VMware.Vim.VMwareDVSPortSetting $ConfigSpec.Policy = New-Object VMware.Vim.VMwareDVSPortgroupPolicy $ConfigSpec.Policy.PortConfigResetAtDisconnect = $true $ConfigSpec.ConfigVersion = $VDPGview.Config.ConfigVersion $VDPGview.ReconfigureDVPortgroup_Task($ConfigSpec)"
"vCenter","epavcsa.epa.com","PASS","Distributed portgroup 'KSB_PG_10.200.93.x' NetFlow is configured correctly (False)","vcenter-8.network-restrict-netflow-usage","P2 Upon Feature Enablement","The vCenter Server must ensure that NetFlow traffic is being sent to authorized collectors.","Not Configured","VCSA-80-000271","1.4.5","$VDPGview = Get-VDPortgroup -Name $VDPG | Get-View  $ConfigSpec = New-Object VMware.Vim.DVPortgroupConfigSpec $ConfigSpec.DefaultPortConfig = New-Object VMware.Vim.VMwareDVSPortSetting $ConfigSpec.DefaultPortConfig.IpfixEnabled = New-Object VMware.Vim.BoolPolicy $ConfigSpec.DefaultPortConfig.IpfixEnabled.Inherited = $false $ConfigSpec.DefaultPortConfig.IpfixEnabled.Value = $false $ConfigSpec.ConfigVersion = $VDPGview.Config.ConfigVersion $VDPGview.ReconfigureDVPortgroup_Task($ConfigSpec)"
"vCenter","epavcsa.epa.com","PASS","Distributed portgroup 'KSB_PG_10.200.93.x' policies are configured correctly (VlanOverrideAllowed: False, UplinkTeamingOverrideAllowed: False, SecurityPolicyOverrideAllowed: False, MacManagementOverrideAllowed: False, BlockOverrideAllowed: True, ShapingOverrideAllowed: False, IpfixOverrideAllowed: False, VendorConfigOverrideAllowed: False, LivePortMovingAllowed: False, NetworkResourcePoolOverrideAllowed: False, TrafficFilterOverrideAllowed: False)",,,,,,,
"vCenter","epavcsa.epa.com","PASS","Distributed portgroup 'KSB_PG_10.200.93.x' MAC learning is not enabled (False)","vcenter-8.network-mac-learning","P2 Upon Feature Enablement","All distributed switch port groups must deactivate MAC Learning unless used intentionally.","Disabled","N/A","1.4.5","$VDPGview = Get-VDPortgroup -Name $VDPG | Get-View  $ConfigSpec = New-Object VMware.Vim.DVPortgroupConfigSpec $ConfigSpec.DefaultPortConfig = New-Object VMware.Vim.VMwareDVSPortSetting $ConfigSpec.DefaultPortConfig.MacManagementPolicy = New-Object VMware.Vim.DVSMacManagementPolicy $ConfigSpec.DefaultPortConfig.MacManagementPolicy.MacLearningPolicy = New-Object VMware.Vim.DVSMacLearningPolicy $ConfigSpec.DefaultPortConfig.MacManagementPolicy.MacLearningPolicy.Enabled = $false $ConfigSpec.ConfigVersion = $VDPGview.Config.ConfigVersion $VDPGview.ReconfigureDVPortgroup_Task($ConfigSpec)"
"vCenter","epavcsa.epa.com","FAIL","Distributed portgroup 'KSB_PG_10.200.92.x' is configured to allow promiscuous mode (True)","vcenter-8.network-reject-promiscuous-mode-dvportgroup","P2 Upon Feature Enablement","All distributed switches and their port groups must be configured to reject guest promiscuous mode requests.","Reject","VCSA-80-000270","1.4.5","Get-VDSwitch -Name $VDS | Get-VDSecurityPolicy | Set-VDSecurityPolicy -AllowPromiscuous $false Get-VDPortgroup -Name $VDPG | Get-VDSecurityPolicy | Set-VDSecurityPolicy -AllowPromiscuous $false"
"vCenter","epavcsa.epa.com","FAIL","Distributed portgroup 'KSB_PG_10.200.92.x' is configured to allow MAC address changes (True)","vcenter-8.network-reject-mac-changes-dvportgroup","P2 Upon Feature Enablement","All distributed switches and their port groups must be configured to reject guest MAC address changes.","Reject","VCSA-80-000269","1.4.3","Get-VDSwitch -Name $VDS | Get-VDSecurityPolicy | Set-VDSecurityPolicy -MacChanges $false Get-VDPortgroup -Name $VDPG | Get-VDSecurityPolicy | Set-VDSecurityPolicy -MacChanges $false"
"vCenter","epavcsa.epa.com","FAIL","Distributed portgroup 'KSB_PG_10.200.92.x' is configured to allow forged transmits (True)","vcenter-8.network-reject-forged-transmit-dvportgroup","P2 Upon Feature Enablement","All distributed switches and their port groups must be configured to reject forged transmits.","Reject","VCSA-80-000268","1.4.3","Get-VDSwitch -Name $VDS | Get-VDSecurityPolicy | Set-VDSecurityPolicy -ForgedTransmits $false Get-VDPortgroup -Name $VDPG | Get-VDSecurityPolicy | Set-VDSecurityPolicy -ForgedTransmits $false"
"vCenter","epavcsa.epa.com","PASS","Distributed portgroup 'KSB_PG_10.200.92.x' is not configured to allow VLAN 4095 (VLAN 2092)",,,,,,,
"vCenter","epavcsa.epa.com","PASS","Distributed portgroup 'KSB_PG_10.200.92.x' does not appear to be configured to use a default VLAN (VLAN 2092)",,,,,,,
"vCenter","epavcsa.epa.com","PASS","Distributed portgroup 'KSB_PG_10.200.92.x' is configured to reset port configuration on disconnect (True)","vcenter-8.network-reset-port","P2 Upon Feature Enablement","The vCenter Server must reset port configuration when virtual machines are disconnected.","Enabled","VCSA-80-000302","N/A","$VDPGview = Get-VDPortgroup -Name $VDPG | Get-View  $ConfigSpec = New-Object VMware.Vim.DVPortgroupConfigSpec $ConfigSpec.DefaultPortConfig = New-Object VMware.Vim.VMwareDVSPortSetting $ConfigSpec.Policy = New-Object VMware.Vim.VMwareDVSPortgroupPolicy $ConfigSpec.Policy.PortConfigResetAtDisconnect = $true $ConfigSpec.ConfigVersion = $VDPGview.Config.ConfigVersion $VDPGview.ReconfigureDVPortgroup_Task($ConfigSpec)"
"vCenter","epavcsa.epa.com","PASS","Distributed portgroup 'KSB_PG_10.200.92.x' NetFlow is configured correctly (False)","vcenter-8.network-restrict-netflow-usage","P2 Upon Feature Enablement","The vCenter Server must ensure that NetFlow traffic is being sent to authorized collectors.","Not Configured","VCSA-80-000271","1.4.5","$VDPGview = Get-VDPortgroup -Name $VDPG | Get-View  $ConfigSpec = New-Object VMware.Vim.DVPortgroupConfigSpec $ConfigSpec.DefaultPortConfig = New-Object VMware.Vim.VMwareDVSPortSetting $ConfigSpec.DefaultPortConfig.IpfixEnabled = New-Object VMware.Vim.BoolPolicy $ConfigSpec.DefaultPortConfig.IpfixEnabled.Inherited = $false $ConfigSpec.DefaultPortConfig.IpfixEnabled.Value = $false $ConfigSpec.ConfigVersion = $VDPGview.Config.ConfigVersion $VDPGview.ReconfigureDVPortgroup_Task($ConfigSpec)"
"vCenter","epavcsa.epa.com","PASS","Distributed portgroup 'KSB_PG_10.200.92.x' policies are configured correctly (VlanOverrideAllowed: False, UplinkTeamingOverrideAllowed: False, SecurityPolicyOverrideAllowed: False, MacManagementOverrideAllowed: False, BlockOverrideAllowed: True, ShapingOverrideAllowed: False, IpfixOverrideAllowed: False, VendorConfigOverrideAllowed: False, LivePortMovingAllowed: False, NetworkResourcePoolOverrideAllowed: False, TrafficFilterOverrideAllowed: False)",,,,,,,
"vCenter","epavcsa.epa.com","PASS","Distributed portgroup 'KSB_PG_10.200.92.x' MAC learning is not enabled (False)","vcenter-8.network-mac-learning","P2 Upon Feature Enablement","All distributed switch port groups must deactivate MAC Learning unless used intentionally.","Disabled","N/A","1.4.5","$VDPGview = Get-VDPortgroup -Name $VDPG | Get-View  $ConfigSpec = New-Object VMware.Vim.DVPortgroupConfigSpec $ConfigSpec.DefaultPortConfig = New-Object VMware.Vim.VMwareDVSPortSetting $ConfigSpec.DefaultPortConfig.MacManagementPolicy = New-Object VMware.Vim.DVSMacManagementPolicy $ConfigSpec.DefaultPortConfig.MacManagementPolicy.MacLearningPolicy = New-Object VMware.Vim.DVSMacLearningPolicy $ConfigSpec.DefaultPortConfig.MacManagementPolicy.MacLearningPolicy.Enabled = $false $ConfigSpec.ConfigVersion = $VDPGview.Config.ConfigVersion $VDPGview.ReconfigureDVPortgroup_Task($ConfigSpec)"
"vCenter","epavcsa.epa.com","FAIL","Distributed portgroup 'KSB_PG_10.200.91.x' is configured to allow promiscuous mode (True)","vcenter-8.network-reject-promiscuous-mode-dvportgroup","P2 Upon Feature Enablement","All distributed switches and their port groups must be configured to reject guest promiscuous mode requests.","Reject","VCSA-80-000270","1.4.5","Get-VDSwitch -Name $VDS | Get-VDSecurityPolicy | Set-VDSecurityPolicy -AllowPromiscuous $false Get-VDPortgroup -Name $VDPG | Get-VDSecurityPolicy | Set-VDSecurityPolicy -AllowPromiscuous $false"
"vCenter","epavcsa.epa.com","FAIL","Distributed portgroup 'KSB_PG_10.200.91.x' is configured to allow MAC address changes (True)","vcenter-8.network-reject-mac-changes-dvportgroup","P2 Upon Feature Enablement","All distributed switches and their port groups must be configured to reject guest MAC address changes.","Reject","VCSA-80-000269","1.4.3","Get-VDSwitch -Name $VDS | Get-VDSecurityPolicy | Set-VDSecurityPolicy -MacChanges $false Get-VDPortgroup -Name $VDPG | Get-VDSecurityPolicy | Set-VDSecurityPolicy -MacChanges $false"
"vCenter","epavcsa.epa.com","FAIL","Distributed portgroup 'KSB_PG_10.200.91.x' is configured to allow forged transmits (True)","vcenter-8.network-reject-forged-transmit-dvportgroup","P2 Upon Feature Enablement","All distributed switches and their port groups must be configured to reject forged transmits.","Reject","VCSA-80-000268","1.4.3","Get-VDSwitch -Name $VDS | Get-VDSecurityPolicy | Set-VDSecurityPolicy -ForgedTransmits $false Get-VDPortgroup -Name $VDPG | Get-VDSecurityPolicy | Set-VDSecurityPolicy -ForgedTransmits $false"
"vCenter","epavcsa.epa.com","PASS","Distributed portgroup 'KSB_PG_10.200.91.x' is not configured to allow VLAN 4095 (VLAN 2091)",,,,,,,
"vCenter","epavcsa.epa.com","PASS","Distributed portgroup 'KSB_PG_10.200.91.x' does not appear to be configured to use a default VLAN (VLAN 2091)",,,,,,,
"vCenter","epavcsa.epa.com","PASS","Distributed portgroup 'KSB_PG_10.200.91.x' is configured to reset port configuration on disconnect (True)","vcenter-8.network-reset-port","P2 Upon Feature Enablement","The vCenter Server must reset port configuration when virtual machines are disconnected.","Enabled","VCSA-80-000302","N/A","$VDPGview = Get-VDPortgroup -Name $VDPG | Get-View  $ConfigSpec = New-Object VMware.Vim.DVPortgroupConfigSpec $ConfigSpec.DefaultPortConfig = New-Object VMware.Vim.VMwareDVSPortSetting $ConfigSpec.Policy = New-Object VMware.Vim.VMwareDVSPortgroupPolicy $ConfigSpec.Policy.PortConfigResetAtDisconnect = $true $ConfigSpec.ConfigVersion = $VDPGview.Config.ConfigVersion $VDPGview.ReconfigureDVPortgroup_Task($ConfigSpec)"
"vCenter","epavcsa.epa.com","PASS","Distributed portgroup 'KSB_PG_10.200.91.x' NetFlow is configured correctly (False)","vcenter-8.network-restrict-netflow-usage","P2 Upon Feature Enablement","The vCenter Server must ensure that NetFlow traffic is being sent to authorized collectors.","Not Configured","VCSA-80-000271","1.4.5","$VDPGview = Get-VDPortgroup -Name $VDPG | Get-View  $ConfigSpec = New-Object VMware.Vim.DVPortgroupConfigSpec $ConfigSpec.DefaultPortConfig = New-Object VMware.Vim.VMwareDVSPortSetting $ConfigSpec.DefaultPortConfig.IpfixEnabled = New-Object VMware.Vim.BoolPolicy $ConfigSpec.DefaultPortConfig.IpfixEnabled.Inherited = $false $ConfigSpec.DefaultPortConfig.IpfixEnabled.Value = $false $ConfigSpec.ConfigVersion = $VDPGview.Config.ConfigVersion $VDPGview.ReconfigureDVPortgroup_Task($ConfigSpec)"
"vCenter","epavcsa.epa.com","PASS","Distributed portgroup 'KSB_PG_10.200.91.x' policies are configured correctly (VlanOverrideAllowed: False, UplinkTeamingOverrideAllowed: False, SecurityPolicyOverrideAllowed: False, MacManagementOverrideAllowed: False, BlockOverrideAllowed: True, ShapingOverrideAllowed: False, IpfixOverrideAllowed: False, VendorConfigOverrideAllowed: False, LivePortMovingAllowed: False, NetworkResourcePoolOverrideAllowed: False, TrafficFilterOverrideAllowed: False)",,,,,,,
"vCenter","epavcsa.epa.com","PASS","Distributed portgroup 'KSB_PG_10.200.91.x' MAC learning is not enabled (False)","vcenter-8.network-mac-learning","P2 Upon Feature Enablement","All distributed switch port groups must deactivate MAC Learning unless used intentionally.","Disabled","N/A","1.4.5","$VDPGview = Get-VDPortgroup -Name $VDPG | Get-View  $ConfigSpec = New-Object VMware.Vim.DVPortgroupConfigSpec $ConfigSpec.DefaultPortConfig = New-Object VMware.Vim.VMwareDVSPortSetting $ConfigSpec.DefaultPortConfig.MacManagementPolicy = New-Object VMware.Vim.DVSMacManagementPolicy $ConfigSpec.DefaultPortConfig.MacManagementPolicy.MacLearningPolicy = New-Object VMware.Vim.DVSMacLearningPolicy $ConfigSpec.DefaultPortConfig.MacManagementPolicy.MacLearningPolicy.Enabled = $false $ConfigSpec.ConfigVersion = $VDPGview.Config.ConfigVersion $VDPGview.ReconfigureDVPortgroup_Task($ConfigSpec)"
"vCenter","epavcsa.epa.com","PASS","Distributed portgroup 'PSH-PG_10.100.176.x' is not configured to allow promiscuous mode (False)","vcenter-8.network-reject-promiscuous-mode-dvportgroup","P2 Upon Feature Enablement","All distributed switches and their port groups must be configured to reject guest promiscuous mode requests.","Reject","VCSA-80-000270","1.4.5","Get-VDSwitch -Name $VDS | Get-VDSecurityPolicy | Set-VDSecurityPolicy -AllowPromiscuous $false Get-VDPortgroup -Name $VDPG | Get-VDSecurityPolicy | Set-VDSecurityPolicy -AllowPromiscuous $false"
"vCenter","epavcsa.epa.com","PASS","Distributed portgroup 'PSH-PG_10.100.176.x' is not configured to allow MAC address changes (False)","vcenter-8.network-reject-mac-changes-dvportgroup","P2 Upon Feature Enablement","All distributed switches and their port groups must be configured to reject guest MAC address changes.","Reject","VCSA-80-000269","1.4.3","Get-VDSwitch -Name $VDS | Get-VDSecurityPolicy | Set-VDSecurityPolicy -MacChanges $false Get-VDPortgroup -Name $VDPG | Get-VDSecurityPolicy | Set-VDSecurityPolicy -MacChanges $false"
"vCenter","epavcsa.epa.com","PASS","Distributed portgroup 'PSH-PG_10.100.176.x' is not configured to allow forged transmits (False)","vcenter-8.network-reject-forged-transmit-dvportgroup","P2 Upon Feature Enablement","All distributed switches and their port groups must be configured to reject forged transmits.","Reject","VCSA-80-000268","1.4.3","Get-VDSwitch -Name $VDS | Get-VDSecurityPolicy | Set-VDSecurityPolicy -ForgedTransmits $false Get-VDPortgroup -Name $VDPG | Get-VDSecurityPolicy | Set-VDSecurityPolicy -ForgedTransmits $false"
"vCenter","epavcsa.epa.com","PASS","Distributed portgroup 'PSH-PG_10.100.176.x' is not configured to allow VLAN 4095 (VLAN 1176)",,,,,,,
"vCenter","epavcsa.epa.com","PASS","Distributed portgroup 'PSH-PG_10.100.176.x' does not appear to be configured to use a default VLAN (VLAN 1176)",,,,,,,
"vCenter","epavcsa.epa.com","PASS","Distributed portgroup 'PSH-PG_10.100.176.x' is configured to reset port configuration on disconnect (True)","vcenter-8.network-reset-port","P2 Upon Feature Enablement","The vCenter Server must reset port configuration when virtual machines are disconnected.","Enabled","VCSA-80-000302","N/A","$VDPGview = Get-VDPortgroup -Name $VDPG | Get-View  $ConfigSpec = New-Object VMware.Vim.DVPortgroupConfigSpec $ConfigSpec.DefaultPortConfig = New-Object VMware.Vim.VMwareDVSPortSetting $ConfigSpec.Policy = New-Object VMware.Vim.VMwareDVSPortgroupPolicy $ConfigSpec.Policy.PortConfigResetAtDisconnect = $true $ConfigSpec.ConfigVersion = $VDPGview.Config.ConfigVersion $VDPGview.ReconfigureDVPortgroup_Task($ConfigSpec)"
"vCenter","epavcsa.epa.com","PASS","Distributed portgroup 'PSH-PG_10.100.176.x' NetFlow is configured correctly (False)","vcenter-8.network-restrict-netflow-usage","P2 Upon Feature Enablement","The vCenter Server must ensure that NetFlow traffic is being sent to authorized collectors.","Not Configured","VCSA-80-000271","1.4.5","$VDPGview = Get-VDPortgroup -Name $VDPG | Get-View  $ConfigSpec = New-Object VMware.Vim.DVPortgroupConfigSpec $ConfigSpec.DefaultPortConfig = New-Object VMware.Vim.VMwareDVSPortSetting $ConfigSpec.DefaultPortConfig.IpfixEnabled = New-Object VMware.Vim.BoolPolicy $ConfigSpec.DefaultPortConfig.IpfixEnabled.Inherited = $false $ConfigSpec.DefaultPortConfig.IpfixEnabled.Value = $false $ConfigSpec.ConfigVersion = $VDPGview.Config.ConfigVersion $VDPGview.ReconfigureDVPortgroup_Task($ConfigSpec)"
"vCenter","epavcsa.epa.com","PASS","Distributed portgroup 'PSH-PG_10.100.176.x' policies are configured correctly (VlanOverrideAllowed: False, UplinkTeamingOverrideAllowed: False, SecurityPolicyOverrideAllowed: False, MacManagementOverrideAllowed: False, BlockOverrideAllowed: True, ShapingOverrideAllowed: False, IpfixOverrideAllowed: False, VendorConfigOverrideAllowed: False, LivePortMovingAllowed: False, NetworkResourcePoolOverrideAllowed: False, TrafficFilterOverrideAllowed: False)",,,,,,,
"vCenter","epavcsa.epa.com","PASS","Distributed portgroup 'PSH-PG_10.100.176.x' MAC learning is not enabled (False)","vcenter-8.network-mac-learning","P2 Upon Feature Enablement","All distributed switch port groups must deactivate MAC Learning unless used intentionally.","Disabled","N/A","1.4.5","$VDPGview = Get-VDPortgroup -Name $VDPG | Get-View  $ConfigSpec = New-Object VMware.Vim.DVPortgroupConfigSpec $ConfigSpec.DefaultPortConfig = New-Object VMware.Vim.VMwareDVSPortSetting $ConfigSpec.DefaultPortConfig.MacManagementPolicy = New-Object VMware.Vim.DVSMacManagementPolicy $ConfigSpec.DefaultPortConfig.MacManagementPolicy.MacLearningPolicy = New-Object VMware.Vim.DVSMacLearningPolicy $ConfigSpec.DefaultPortConfig.MacManagementPolicy.MacLearningPolicy.Enabled = $false $ConfigSpec.ConfigVersion = $VDPGview.Config.ConfigVersion $VDPGview.ReconfigureDVPortgroup_Task($ConfigSpec)"
"vCenter","epavcsa.epa.com","PASS","Distributed portgroup 'vnet-domain-c1009:0c627066-1694-476f-bad1-ea8f3b65a883-kdw-ns-tmc-clust-0a159-0' is not configured to allow promiscuous mode (False)","vcenter-8.network-reject-promiscuous-mode-dvportgroup","P2 Upon Feature Enablement","All distributed switches and their port groups must be configured to reject guest promiscuous mode requests.","Reject","VCSA-80-000270","1.4.5","Get-VDSwitch -Name $VDS | Get-VDSecurityPolicy | Set-VDSecurityPolicy -AllowPromiscuous $false Get-VDPortgroup -Name $VDPG | Get-VDSecurityPolicy | Set-VDSecurityPolicy -AllowPromiscuous $false"
"vCenter","epavcsa.epa.com","PASS","Distributed portgroup 'vnet-domain-c1009:0c627066-1694-476f-bad1-ea8f3b65a883-kdw-ns-tmc-clust-0a159-0' is not configured to allow MAC address changes (False)","vcenter-8.network-reject-mac-changes-dvportgroup","P2 Upon Feature Enablement","All distributed switches and their port groups must be configured to reject guest MAC address changes.","Reject","VCSA-80-000269","1.4.3","Get-VDSwitch -Name $VDS | Get-VDSecurityPolicy | Set-VDSecurityPolicy -MacChanges $false Get-VDPortgroup -Name $VDPG | Get-VDSecurityPolicy | Set-VDSecurityPolicy -MacChanges $false"
"vCenter","epavcsa.epa.com","PASS","Distributed portgroup 'vnet-domain-c1009:0c627066-1694-476f-bad1-ea8f3b65a883-kdw-ns-tmc-clust-0a159-0' is not configured to allow forged transmits (False)","vcenter-8.network-reject-forged-transmit-dvportgroup","P2 Upon Feature Enablement","All distributed switches and their port groups must be configured to reject forged transmits.","Reject","VCSA-80-000268","1.4.3","Get-VDSwitch -Name $VDS | Get-VDSecurityPolicy | Set-VDSecurityPolicy -ForgedTransmits $false Get-VDPortgroup -Name $VDPG | Get-VDSecurityPolicy | Set-VDSecurityPolicy -ForgedTransmits $false"
"vCenter","epavcsa.epa.com","PASS","Distributed portgroup 'vnet-domain-c1009:0c627066-1694-476f-bad1-ea8f3b65a883-kdw-ns-tmc-clust-0a159-0' is not configured to allow VLAN 4095 ()",,,,,,,
"vCenter","epavcsa.epa.com","FAIL","Distributed portgroup 'vnet-domain-c1009:0c627066-1694-476f-bad1-ea8f3b65a883-kdw-ns-tmc-clust-0a159-0' may be configured to use a default VLAN and should be assessed ()",,,,,,,
"vCenter","epavcsa.epa.com","PASS","Distributed portgroup 'vnet-domain-c1009:0c627066-1694-476f-bad1-ea8f3b65a883-kdw-ns-tmc-clust-0a159-0' is configured to reset port configuration on disconnect (True)","vcenter-8.network-reset-port","P2 Upon Feature Enablement","The vCenter Server must reset port configuration when virtual machines are disconnected.","Enabled","VCSA-80-000302","N/A","$VDPGview = Get-VDPortgroup -Name $VDPG | Get-View  $ConfigSpec = New-Object VMware.Vim.DVPortgroupConfigSpec $ConfigSpec.DefaultPortConfig = New-Object VMware.Vim.VMwareDVSPortSetting $ConfigSpec.Policy = New-Object VMware.Vim.VMwareDVSPortgroupPolicy $ConfigSpec.Policy.PortConfigResetAtDisconnect = $true $ConfigSpec.ConfigVersion = $VDPGview.Config.ConfigVersion $VDPGview.ReconfigureDVPortgroup_Task($ConfigSpec)"
"vCenter","epavcsa.epa.com","PASS","Distributed portgroup 'vnet-domain-c1009:0c627066-1694-476f-bad1-ea8f3b65a883-kdw-ns-tmc-clust-0a159-0' NetFlow is configured correctly (False)","vcenter-8.network-restrict-netflow-usage","P2 Upon Feature Enablement","The vCenter Server must ensure that NetFlow traffic is being sent to authorized collectors.","Not Configured","VCSA-80-000271","1.4.5","$VDPGview = Get-VDPortgroup -Name $VDPG | Get-View  $ConfigSpec = New-Object VMware.Vim.DVPortgroupConfigSpec $ConfigSpec.DefaultPortConfig = New-Object VMware.Vim.VMwareDVSPortSetting $ConfigSpec.DefaultPortConfig.IpfixEnabled = New-Object VMware.Vim.BoolPolicy $ConfigSpec.DefaultPortConfig.IpfixEnabled.Inherited = $false $ConfigSpec.DefaultPortConfig.IpfixEnabled.Value = $false $ConfigSpec.ConfigVersion = $VDPGview.Config.ConfigVersion $VDPGview.ReconfigureDVPortgroup_Task($ConfigSpec)"
"vCenter","epavcsa.epa.com","PASS","Distributed portgroup 'vnet-domain-c1009:0c627066-1694-476f-bad1-ea8f3b65a883-kdw-ns-tmc-clust-0a159-0' policies are configured correctly (VlanOverrideAllowed: False, UplinkTeamingOverrideAllowed: False, SecurityPolicyOverrideAllowed: False, MacManagementOverrideAllowed: False, BlockOverrideAllowed: True, ShapingOverrideAllowed: False, IpfixOverrideAllowed: False, VendorConfigOverrideAllowed: False, LivePortMovingAllowed: False, NetworkResourcePoolOverrideAllowed: False, TrafficFilterOverrideAllowed: False)",,,,,,,
"vCenter","epavcsa.epa.com","PASS","Distributed portgroup 'vnet-domain-c1009:0c627066-1694-476f-bad1-ea8f3b65a883-kdw-ns-tmc-clust-0a159-0' MAC learning is not enabled (False)","vcenter-8.network-mac-learning","P2 Upon Feature Enablement","All distributed switch port groups must deactivate MAC Learning unless used intentionally.","Disabled","N/A","1.4.5","$VDPGview = Get-VDPortgroup -Name $VDPG | Get-View  $ConfigSpec = New-Object VMware.Vim.DVPortgroupConfigSpec $ConfigSpec.DefaultPortConfig = New-Object VMware.Vim.VMwareDVSPortSetting $ConfigSpec.DefaultPortConfig.MacManagementPolicy = New-Object VMware.Vim.DVSMacManagementPolicy $ConfigSpec.DefaultPortConfig.MacManagementPolicy.MacLearningPolicy = New-Object VMware.Vim.DVSMacLearningPolicy $ConfigSpec.DefaultPortConfig.MacManagementPolicy.MacLearningPolicy.Enabled = $false $ConfigSpec.ConfigVersion = $VDPGview.Config.ConfigVersion $VDPGview.ReconfigureDVPortgroup_Task($ConfigSpec)"
"vCenter","epavcsa.epa.com","PASS","Distributed portgroup 'KDW_10.200.29.x' is not configured to allow promiscuous mode (False)","vcenter-8.network-reject-promiscuous-mode-dvportgroup","P2 Upon Feature Enablement","All distributed switches and their port groups must be configured to reject guest promiscuous mode requests.","Reject","VCSA-80-000270","1.4.5","Get-VDSwitch -Name $VDS | Get-VDSecurityPolicy | Set-VDSecurityPolicy -AllowPromiscuous $false Get-VDPortgroup -Name $VDPG | Get-VDSecurityPolicy | Set-VDSecurityPolicy -AllowPromiscuous $false"
"vCenter","epavcsa.epa.com","PASS","Distributed portgroup 'KDW_10.200.29.x' is not configured to allow MAC address changes (False)","vcenter-8.network-reject-mac-changes-dvportgroup","P2 Upon Feature Enablement","All distributed switches and their port groups must be configured to reject guest MAC address changes.","Reject","VCSA-80-000269","1.4.3","Get-VDSwitch -Name $VDS | Get-VDSecurityPolicy | Set-VDSecurityPolicy -MacChanges $false Get-VDPortgroup -Name $VDPG | Get-VDSecurityPolicy | Set-VDSecurityPolicy -MacChanges $false"
"vCenter","epavcsa.epa.com","PASS","Distributed portgroup 'KDW_10.200.29.x' is not configured to allow forged transmits (False)","vcenter-8.network-reject-forged-transmit-dvportgroup","P2 Upon Feature Enablement","All distributed switches and their port groups must be configured to reject forged transmits.","Reject","VCSA-80-000268","1.4.3","Get-VDSwitch -Name $VDS | Get-VDSecurityPolicy | Set-VDSecurityPolicy -ForgedTransmits $false Get-VDPortgroup -Name $VDPG | Get-VDSecurityPolicy | Set-VDSecurityPolicy -ForgedTransmits $false"
"vCenter","epavcsa.epa.com","PASS","Distributed portgroup 'KDW_10.200.29.x' is not configured to allow VLAN 4095 (VLAN 2029)",,,,,,,
"vCenter","epavcsa.epa.com","PASS","Distributed portgroup 'KDW_10.200.29.x' does not appear to be configured to use a default VLAN (VLAN 2029)",,,,,,,
"vCenter","epavcsa.epa.com","PASS","Distributed portgroup 'KDW_10.200.29.x' is configured to reset port configuration on disconnect (True)","vcenter-8.network-reset-port","P2 Upon Feature Enablement","The vCenter Server must reset port configuration when virtual machines are disconnected.","Enabled","VCSA-80-000302","N/A","$VDPGview = Get-VDPortgroup -Name $VDPG | Get-View  $ConfigSpec = New-Object VMware.Vim.DVPortgroupConfigSpec $ConfigSpec.DefaultPortConfig = New-Object VMware.Vim.VMwareDVSPortSetting $ConfigSpec.Policy = New-Object VMware.Vim.VMwareDVSPortgroupPolicy $ConfigSpec.Policy.PortConfigResetAtDisconnect = $true $ConfigSpec.ConfigVersion = $VDPGview.Config.ConfigVersion $VDPGview.ReconfigureDVPortgroup_Task($ConfigSpec)"
"vCenter","epavcsa.epa.com","PASS","Distributed portgroup 'KDW_10.200.29.x' NetFlow is configured correctly (False)","vcenter-8.network-restrict-netflow-usage","P2 Upon Feature Enablement","The vCenter Server must ensure that NetFlow traffic is being sent to authorized collectors.","Not Configured","VCSA-80-000271","1.4.5","$VDPGview = Get-VDPortgroup -Name $VDPG | Get-View  $ConfigSpec = New-Object VMware.Vim.DVPortgroupConfigSpec $ConfigSpec.DefaultPortConfig = New-Object VMware.Vim.VMwareDVSPortSetting $ConfigSpec.DefaultPortConfig.IpfixEnabled = New-Object VMware.Vim.BoolPolicy $ConfigSpec.DefaultPortConfig.IpfixEnabled.Inherited = $false $ConfigSpec.DefaultPortConfig.IpfixEnabled.Value = $false $ConfigSpec.ConfigVersion = $VDPGview.Config.ConfigVersion $VDPGview.ReconfigureDVPortgroup_Task($ConfigSpec)"
"vCenter","epavcsa.epa.com","PASS","Distributed portgroup 'KDW_10.200.29.x' policies are configured correctly (VlanOverrideAllowed: False, UplinkTeamingOverrideAllowed: False, SecurityPolicyOverrideAllowed: False, MacManagementOverrideAllowed: False, BlockOverrideAllowed: True, ShapingOverrideAllowed: False, IpfixOverrideAllowed: False, VendorConfigOverrideAllowed: False, LivePortMovingAllowed: False, NetworkResourcePoolOverrideAllowed: False, TrafficFilterOverrideAllowed: False)",,,,,,,
"vCenter","epavcsa.epa.com","PASS","Distributed portgroup 'KDW_10.200.29.x' MAC learning is not enabled (False)","vcenter-8.network-mac-learning","P2 Upon Feature Enablement","All distributed switch port groups must deactivate MAC Learning unless used intentionally.","Disabled","N/A","1.4.5","$VDPGview = Get-VDPortgroup -Name $VDPG | Get-View  $ConfigSpec = New-Object VMware.Vim.DVPortgroupConfigSpec $ConfigSpec.DefaultPortConfig = New-Object VMware.Vim.VMwareDVSPortSetting $ConfigSpec.DefaultPortConfig.MacManagementPolicy = New-Object VMware.Vim.DVSMacManagementPolicy $ConfigSpec.DefaultPortConfig.MacManagementPolicy.MacLearningPolicy = New-Object VMware.Vim.DVSMacLearningPolicy $ConfigSpec.DefaultPortConfig.MacManagementPolicy.MacLearningPolicy.Enabled = $false $ConfigSpec.ConfigVersion = $VDPGview.Config.ConfigVersion $VDPGview.ReconfigureDVPortgroup_Task($ConfigSpec)"
"vCenter","epavcsa.epa.com","PASS","Distributed portgroup 'SSK_PG_10.200.61.x' is not configured to allow promiscuous mode (False)","vcenter-8.network-reject-promiscuous-mode-dvportgroup","P2 Upon Feature Enablement","All distributed switches and their port groups must be configured to reject guest promiscuous mode requests.","Reject","VCSA-80-000270","1.4.5","Get-VDSwitch -Name $VDS | Get-VDSecurityPolicy | Set-VDSecurityPolicy -AllowPromiscuous $false Get-VDPortgroup -Name $VDPG | Get-VDSecurityPolicy | Set-VDSecurityPolicy -AllowPromiscuous $false"
"vCenter","epavcsa.epa.com","PASS","Distributed portgroup 'SSK_PG_10.200.61.x' is not configured to allow MAC address changes (False)","vcenter-8.network-reject-mac-changes-dvportgroup","P2 Upon Feature Enablement","All distributed switches and their port groups must be configured to reject guest MAC address changes.","Reject","VCSA-80-000269","1.4.3","Get-VDSwitch -Name $VDS | Get-VDSecurityPolicy | Set-VDSecurityPolicy -MacChanges $false Get-VDPortgroup -Name $VDPG | Get-VDSecurityPolicy | Set-VDSecurityPolicy -MacChanges $false"
"vCenter","epavcsa.epa.com","PASS","Distributed portgroup 'SSK_PG_10.200.61.x' is not configured to allow forged transmits (False)","vcenter-8.network-reject-forged-transmit-dvportgroup","P2 Upon Feature Enablement","All distributed switches and their port groups must be configured to reject forged transmits.","Reject","VCSA-80-000268","1.4.3","Get-VDSwitch -Name $VDS | Get-VDSecurityPolicy | Set-VDSecurityPolicy -ForgedTransmits $false Get-VDPortgroup -Name $VDPG | Get-VDSecurityPolicy | Set-VDSecurityPolicy -ForgedTransmits $false"
"vCenter","epavcsa.epa.com","PASS","Distributed portgroup 'SSK_PG_10.200.61.x' is not configured to allow VLAN 4095 (VLAN 2061)",,,,,,,
"vCenter","epavcsa.epa.com","PASS","Distributed portgroup 'SSK_PG_10.200.61.x' does not appear to be configured to use a default VLAN (VLAN 2061)",,,,,,,
"vCenter","epavcsa.epa.com","PASS","Distributed portgroup 'SSK_PG_10.200.61.x' is configured to reset port configuration on disconnect (True)","vcenter-8.network-reset-port","P2 Upon Feature Enablement","The vCenter Server must reset port configuration when virtual machines are disconnected.","Enabled","VCSA-80-000302","N/A","$VDPGview = Get-VDPortgroup -Name $VDPG | Get-View  $ConfigSpec = New-Object VMware.Vim.DVPortgroupConfigSpec $ConfigSpec.DefaultPortConfig = New-Object VMware.Vim.VMwareDVSPortSetting $ConfigSpec.Policy = New-Object VMware.Vim.VMwareDVSPortgroupPolicy $ConfigSpec.Policy.PortConfigResetAtDisconnect = $true $ConfigSpec.ConfigVersion = $VDPGview.Config.ConfigVersion $VDPGview.ReconfigureDVPortgroup_Task($ConfigSpec)"
"vCenter","epavcsa.epa.com","PASS","Distributed portgroup 'SSK_PG_10.200.61.x' NetFlow is configured correctly (False)","vcenter-8.network-restrict-netflow-usage","P2 Upon Feature Enablement","The vCenter Server must ensure that NetFlow traffic is being sent to authorized collectors.","Not Configured","VCSA-80-000271","1.4.5","$VDPGview = Get-VDPortgroup -Name $VDPG | Get-View  $ConfigSpec = New-Object VMware.Vim.DVPortgroupConfigSpec $ConfigSpec.DefaultPortConfig = New-Object VMware.Vim.VMwareDVSPortSetting $ConfigSpec.DefaultPortConfig.IpfixEnabled = New-Object VMware.Vim.BoolPolicy $ConfigSpec.DefaultPortConfig.IpfixEnabled.Inherited = $false $ConfigSpec.DefaultPortConfig.IpfixEnabled.Value = $false $ConfigSpec.ConfigVersion = $VDPGview.Config.ConfigVersion $VDPGview.ReconfigureDVPortgroup_Task($ConfigSpec)"
"vCenter","epavcsa.epa.com","PASS","Distributed portgroup 'SSK_PG_10.200.61.x' policies are configured correctly (VlanOverrideAllowed: False, UplinkTeamingOverrideAllowed: False, SecurityPolicyOverrideAllowed: False, MacManagementOverrideAllowed: False, BlockOverrideAllowed: True, ShapingOverrideAllowed: False, IpfixOverrideAllowed: False, VendorConfigOverrideAllowed: False, LivePortMovingAllowed: False, NetworkResourcePoolOverrideAllowed: False, TrafficFilterOverrideAllowed: False)",,,,,,,
"vCenter","epavcsa.epa.com","PASS","Distributed portgroup 'SSK_PG_10.200.61.x' MAC learning is not enabled (False)","vcenter-8.network-mac-learning","P2 Upon Feature Enablement","All distributed switch port groups must deactivate MAC Learning unless used intentionally.","Disabled","N/A","1.4.5","$VDPGview = Get-VDPortgroup -Name $VDPG | Get-View  $ConfigSpec = New-Object VMware.Vim.DVPortgroupConfigSpec $ConfigSpec.DefaultPortConfig = New-Object VMware.Vim.VMwareDVSPortSetting $ConfigSpec.DefaultPortConfig.MacManagementPolicy = New-Object VMware.Vim.DVSMacManagementPolicy $ConfigSpec.DefaultPortConfig.MacManagementPolicy.MacLearningPolicy = New-Object VMware.Vim.DVSMacLearningPolicy $ConfigSpec.DefaultPortConfig.MacManagementPolicy.MacLearningPolicy.Enabled = $false $ConfigSpec.ConfigVersion = $VDPGview.Config.ConfigVersion $VDPGview.ReconfigureDVPortgroup_Task($ConfigSpec)"
"vCenter","epavcsa.epa.com","PASS","Distributed portgroup 'IH_PG_1085' is not configured to allow promiscuous mode (False)","vcenter-8.network-reject-promiscuous-mode-dvportgroup","P2 Upon Feature Enablement","All distributed switches and their port groups must be configured to reject guest promiscuous mode requests.","Reject","VCSA-80-000270","1.4.5","Get-VDSwitch -Name $VDS | Get-VDSecurityPolicy | Set-VDSecurityPolicy -AllowPromiscuous $false Get-VDPortgroup -Name $VDPG | Get-VDSecurityPolicy | Set-VDSecurityPolicy -AllowPromiscuous $false"
"vCenter","epavcsa.epa.com","PASS","Distributed portgroup 'IH_PG_1085' is not configured to allow MAC address changes (False)","vcenter-8.network-reject-mac-changes-dvportgroup","P2 Upon Feature Enablement","All distributed switches and their port groups must be configured to reject guest MAC address changes.","Reject","VCSA-80-000269","1.4.3","Get-VDSwitch -Name $VDS | Get-VDSecurityPolicy | Set-VDSecurityPolicy -MacChanges $false Get-VDPortgroup -Name $VDPG | Get-VDSecurityPolicy | Set-VDSecurityPolicy -MacChanges $false"
"vCenter","epavcsa.epa.com","PASS","Distributed portgroup 'IH_PG_1085' is not configured to allow forged transmits (False)","vcenter-8.network-reject-forged-transmit-dvportgroup","P2 Upon Feature Enablement","All distributed switches and their port groups must be configured to reject forged transmits.","Reject","VCSA-80-000268","1.4.3","Get-VDSwitch -Name $VDS | Get-VDSecurityPolicy | Set-VDSecurityPolicy -ForgedTransmits $false Get-VDPortgroup -Name $VDPG | Get-VDSecurityPolicy | Set-VDSecurityPolicy -ForgedTransmits $false"
"vCenter","epavcsa.epa.com","PASS","Distributed portgroup 'IH_PG_1085' is not configured to allow VLAN 4095 (VLAN 1085)",,,,,,,
"vCenter","epavcsa.epa.com","PASS","Distributed portgroup 'IH_PG_1085' does not appear to be configured to use a default VLAN (VLAN 1085)",,,,,,,
"vCenter","epavcsa.epa.com","PASS","Distributed portgroup 'IH_PG_1085' is configured to reset port configuration on disconnect (True)","vcenter-8.network-reset-port","P2 Upon Feature Enablement","The vCenter Server must reset port configuration when virtual machines are disconnected.","Enabled","VCSA-80-000302","N/A","$VDPGview = Get-VDPortgroup -Name $VDPG | Get-View  $ConfigSpec = New-Object VMware.Vim.DVPortgroupConfigSpec $ConfigSpec.DefaultPortConfig = New-Object VMware.Vim.VMwareDVSPortSetting $ConfigSpec.Policy = New-Object VMware.Vim.VMwareDVSPortgroupPolicy $ConfigSpec.Policy.PortConfigResetAtDisconnect = $true $ConfigSpec.ConfigVersion = $VDPGview.Config.ConfigVersion $VDPGview.ReconfigureDVPortgroup_Task($ConfigSpec)"
"vCenter","epavcsa.epa.com","PASS","Distributed portgroup 'IH_PG_1085' NetFlow is configured correctly (False)","vcenter-8.network-restrict-netflow-usage","P2 Upon Feature Enablement","The vCenter Server must ensure that NetFlow traffic is being sent to authorized collectors.","Not Configured","VCSA-80-000271","1.4.5","$VDPGview = Get-VDPortgroup -Name $VDPG | Get-View  $ConfigSpec = New-Object VMware.Vim.DVPortgroupConfigSpec $ConfigSpec.DefaultPortConfig = New-Object VMware.Vim.VMwareDVSPortSetting $ConfigSpec.DefaultPortConfig.IpfixEnabled = New-Object VMware.Vim.BoolPolicy $ConfigSpec.DefaultPortConfig.IpfixEnabled.Inherited = $false $ConfigSpec.DefaultPortConfig.IpfixEnabled.Value = $false $ConfigSpec.ConfigVersion = $VDPGview.Config.ConfigVersion $VDPGview.ReconfigureDVPortgroup_Task($ConfigSpec)"
"vCenter","epavcsa.epa.com","PASS","Distributed portgroup 'IH_PG_1085' policies are configured correctly (VlanOverrideAllowed: False, UplinkTeamingOverrideAllowed: False, SecurityPolicyOverrideAllowed: False, MacManagementOverrideAllowed: False, BlockOverrideAllowed: True, ShapingOverrideAllowed: False, IpfixOverrideAllowed: False, VendorConfigOverrideAllowed: False, LivePortMovingAllowed: False, NetworkResourcePoolOverrideAllowed: False, TrafficFilterOverrideAllowed: False)",,,,,,,
"vCenter","epavcsa.epa.com","PASS","Distributed portgroup 'IH_PG_1085' MAC learning is not enabled (False)","vcenter-8.network-mac-learning","P2 Upon Feature Enablement","All distributed switch port groups must deactivate MAC Learning unless used intentionally.","Disabled","N/A","1.4.5","$VDPGview = Get-VDPortgroup -Name $VDPG | Get-View  $ConfigSpec = New-Object VMware.Vim.DVPortgroupConfigSpec $ConfigSpec.DefaultPortConfig = New-Object VMware.Vim.VMwareDVSPortSetting $ConfigSpec.DefaultPortConfig.MacManagementPolicy = New-Object VMware.Vim.DVSMacManagementPolicy $ConfigSpec.DefaultPortConfig.MacManagementPolicy.MacLearningPolicy = New-Object VMware.Vim.DVSMacLearningPolicy $ConfigSpec.DefaultPortConfig.MacManagementPolicy.MacLearningPolicy.Enabled = $false $ConfigSpec.ConfigVersion = $VDPGview.Config.ConfigVersion $VDPGview.ReconfigureDVPortgroup_Task($ConfigSpec)"
"vCenter","epavcsa.epa.com","FAIL","Distributed portgroup 'CGH_PG_10.200.66.x' is configured to allow promiscuous mode (True)","vcenter-8.network-reject-promiscuous-mode-dvportgroup","P2 Upon Feature Enablement","All distributed switches and their port groups must be configured to reject guest promiscuous mode requests.","Reject","VCSA-80-000270","1.4.5","Get-VDSwitch -Name $VDS | Get-VDSecurityPolicy | Set-VDSecurityPolicy -AllowPromiscuous $false Get-VDPortgroup -Name $VDPG | Get-VDSecurityPolicy | Set-VDSecurityPolicy -AllowPromiscuous $false"
"vCenter","epavcsa.epa.com","FAIL","Distributed portgroup 'CGH_PG_10.200.66.x' is configured to allow MAC address changes (True)","vcenter-8.network-reject-mac-changes-dvportgroup","P2 Upon Feature Enablement","All distributed switches and their port groups must be configured to reject guest MAC address changes.","Reject","VCSA-80-000269","1.4.3","Get-VDSwitch -Name $VDS | Get-VDSecurityPolicy | Set-VDSecurityPolicy -MacChanges $false Get-VDPortgroup -Name $VDPG | Get-VDSecurityPolicy | Set-VDSecurityPolicy -MacChanges $false"
"vCenter","epavcsa.epa.com","FAIL","Distributed portgroup 'CGH_PG_10.200.66.x' is configured to allow forged transmits (True)","vcenter-8.network-reject-forged-transmit-dvportgroup","P2 Upon Feature Enablement","All distributed switches and their port groups must be configured to reject forged transmits.","Reject","VCSA-80-000268","1.4.3","Get-VDSwitch -Name $VDS | Get-VDSecurityPolicy | Set-VDSecurityPolicy -ForgedTransmits $false Get-VDPortgroup -Name $VDPG | Get-VDSecurityPolicy | Set-VDSecurityPolicy -ForgedTransmits $false"
"vCenter","epavcsa.epa.com","PASS","Distributed portgroup 'CGH_PG_10.200.66.x' is not configured to allow VLAN 4095 (VLAN 2066)",,,,,,,
"vCenter","epavcsa.epa.com","PASS","Distributed portgroup 'CGH_PG_10.200.66.x' does not appear to be configured to use a default VLAN (VLAN 2066)",,,,,,,
"vCenter","epavcsa.epa.com","PASS","Distributed portgroup 'CGH_PG_10.200.66.x' is configured to reset port configuration on disconnect (True)","vcenter-8.network-reset-port","P2 Upon Feature Enablement","The vCenter Server must reset port configuration when virtual machines are disconnected.","Enabled","VCSA-80-000302","N/A","$VDPGview = Get-VDPortgroup -Name $VDPG | Get-View  $ConfigSpec = New-Object VMware.Vim.DVPortgroupConfigSpec $ConfigSpec.DefaultPortConfig = New-Object VMware.Vim.VMwareDVSPortSetting $ConfigSpec.Policy = New-Object VMware.Vim.VMwareDVSPortgroupPolicy $ConfigSpec.Policy.PortConfigResetAtDisconnect = $true $ConfigSpec.ConfigVersion = $VDPGview.Config.ConfigVersion $VDPGview.ReconfigureDVPortgroup_Task($ConfigSpec)"
"vCenter","epavcsa.epa.com","PASS","Distributed portgroup 'CGH_PG_10.200.66.x' NetFlow is configured correctly (False)","vcenter-8.network-restrict-netflow-usage","P2 Upon Feature Enablement","The vCenter Server must ensure that NetFlow traffic is being sent to authorized collectors.","Not Configured","VCSA-80-000271","1.4.5","$VDPGview = Get-VDPortgroup -Name $VDPG | Get-View  $ConfigSpec = New-Object VMware.Vim.DVPortgroupConfigSpec $ConfigSpec.DefaultPortConfig = New-Object VMware.Vim.VMwareDVSPortSetting $ConfigSpec.DefaultPortConfig.IpfixEnabled = New-Object VMware.Vim.BoolPolicy $ConfigSpec.DefaultPortConfig.IpfixEnabled.Inherited = $false $ConfigSpec.DefaultPortConfig.IpfixEnabled.Value = $false $ConfigSpec.ConfigVersion = $VDPGview.Config.ConfigVersion $VDPGview.ReconfigureDVPortgroup_Task($ConfigSpec)"
"vCenter","epavcsa.epa.com","PASS","Distributed portgroup 'CGH_PG_10.200.66.x' policies are configured correctly (VlanOverrideAllowed: False, UplinkTeamingOverrideAllowed: False, SecurityPolicyOverrideAllowed: False, MacManagementOverrideAllowed: False, BlockOverrideAllowed: True, ShapingOverrideAllowed: False, IpfixOverrideAllowed: False, VendorConfigOverrideAllowed: False, LivePortMovingAllowed: False, NetworkResourcePoolOverrideAllowed: False, TrafficFilterOverrideAllowed: False)",,,,,,,
"vCenter","epavcsa.epa.com","PASS","Distributed portgroup 'CGH_PG_10.200.66.x' MAC learning is not enabled (False)","vcenter-8.network-mac-learning","P2 Upon Feature Enablement","All distributed switch port groups must deactivate MAC Learning unless used intentionally.","Disabled","N/A","1.4.5","$VDPGview = Get-VDPortgroup -Name $VDPG | Get-View  $ConfigSpec = New-Object VMware.Vim.DVPortgroupConfigSpec $ConfigSpec.DefaultPortConfig = New-Object VMware.Vim.VMwareDVSPortSetting $ConfigSpec.DefaultPortConfig.MacManagementPolicy = New-Object VMware.Vim.DVSMacManagementPolicy $ConfigSpec.DefaultPortConfig.MacManagementPolicy.MacLearningPolicy = New-Object VMware.Vim.DVSMacLearningPolicy $ConfigSpec.DefaultPortConfig.MacManagementPolicy.MacLearningPolicy.Enabled = $false $ConfigSpec.ConfigVersion = $VDPGview.Config.ConfigVersion $VDPGview.ReconfigureDVPortgroup_Task($ConfigSpec)"
"vCenter","epavcsa.epa.com","FAIL","Distributed portgroup 'CGH_PG_10.200.65.x' is configured to allow promiscuous mode (True)","vcenter-8.network-reject-promiscuous-mode-dvportgroup","P2 Upon Feature Enablement","All distributed switches and their port groups must be configured to reject guest promiscuous mode requests.","Reject","VCSA-80-000270","1.4.5","Get-VDSwitch -Name $VDS | Get-VDSecurityPolicy | Set-VDSecurityPolicy -AllowPromiscuous $false Get-VDPortgroup -Name $VDPG | Get-VDSecurityPolicy | Set-VDSecurityPolicy -AllowPromiscuous $false"
"vCenter","epavcsa.epa.com","FAIL","Distributed portgroup 'CGH_PG_10.200.65.x' is configured to allow MAC address changes (True)","vcenter-8.network-reject-mac-changes-dvportgroup","P2 Upon Feature Enablement","All distributed switches and their port groups must be configured to reject guest MAC address changes.","Reject","VCSA-80-000269","1.4.3","Get-VDSwitch -Name $VDS | Get-VDSecurityPolicy | Set-VDSecurityPolicy -MacChanges $false Get-VDPortgroup -Name $VDPG | Get-VDSecurityPolicy | Set-VDSecurityPolicy -MacChanges $false"
"vCenter","epavcsa.epa.com","FAIL","Distributed portgroup 'CGH_PG_10.200.65.x' is configured to allow forged transmits (True)","vcenter-8.network-reject-forged-transmit-dvportgroup","P2 Upon Feature Enablement","All distributed switches and their port groups must be configured to reject forged transmits.","Reject","VCSA-80-000268","1.4.3","Get-VDSwitch -Name $VDS | Get-VDSecurityPolicy | Set-VDSecurityPolicy -ForgedTransmits $false Get-VDPortgroup -Name $VDPG | Get-VDSecurityPolicy | Set-VDSecurityPolicy -ForgedTransmits $false"
"vCenter","epavcsa.epa.com","PASS","Distributed portgroup 'CGH_PG_10.200.65.x' is not configured to allow VLAN 4095 (VLAN 2065)",,,,,,,
"vCenter","epavcsa.epa.com","PASS","Distributed portgroup 'CGH_PG_10.200.65.x' does not appear to be configured to use a default VLAN (VLAN 2065)",,,,,,,
"vCenter","epavcsa.epa.com","PASS","Distributed portgroup 'CGH_PG_10.200.65.x' is configured to reset port configuration on disconnect (True)","vcenter-8.network-reset-port","P2 Upon Feature Enablement","The vCenter Server must reset port configuration when virtual machines are disconnected.","Enabled","VCSA-80-000302","N/A","$VDPGview = Get-VDPortgroup -Name $VDPG | Get-View  $ConfigSpec = New-Object VMware.Vim.DVPortgroupConfigSpec $ConfigSpec.DefaultPortConfig = New-Object VMware.Vim.VMwareDVSPortSetting $ConfigSpec.Policy = New-Object VMware.Vim.VMwareDVSPortgroupPolicy $ConfigSpec.Policy.PortConfigResetAtDisconnect = $true $ConfigSpec.ConfigVersion = $VDPGview.Config.ConfigVersion $VDPGview.ReconfigureDVPortgroup_Task($ConfigSpec)"
"vCenter","epavcsa.epa.com","PASS","Distributed portgroup 'CGH_PG_10.200.65.x' NetFlow is configured correctly (False)","vcenter-8.network-restrict-netflow-usage","P2 Upon Feature Enablement","The vCenter Server must ensure that NetFlow traffic is being sent to authorized collectors.","Not Configured","VCSA-80-000271","1.4.5","$VDPGview = Get-VDPortgroup -Name $VDPG | Get-View  $ConfigSpec = New-Object VMware.Vim.DVPortgroupConfigSpec $ConfigSpec.DefaultPortConfig = New-Object VMware.Vim.VMwareDVSPortSetting $ConfigSpec.DefaultPortConfig.IpfixEnabled = New-Object VMware.Vim.BoolPolicy $ConfigSpec.DefaultPortConfig.IpfixEnabled.Inherited = $false $ConfigSpec.DefaultPortConfig.IpfixEnabled.Value = $false $ConfigSpec.ConfigVersion = $VDPGview.Config.ConfigVersion $VDPGview.ReconfigureDVPortgroup_Task($ConfigSpec)"
"vCenter","epavcsa.epa.com","FAIL","Distributed portgroup 'CGH_PG_10.200.65.x' policies are not configured correctly (VlanOverrideAllowed: False, UplinkTeamingOverrideAllowed: False, SecurityPolicyOverrideAllowed: False, MacManagementOverrideAllowed: False, BlockOverrideAllowed: False, ShapingOverrideAllowed: False, IpfixOverrideAllowed: False, VendorConfigOverrideAllowed: False, LivePortMovingAllowed: False, NetworkResourcePoolOverrideAllowed: False, TrafficFilterOverrideAllowed: False)",,,,,,,
"vCenter","epavcsa.epa.com","PASS","Distributed portgroup 'CGH_PG_10.200.65.x' MAC learning is not enabled (False)","vcenter-8.network-mac-learning","P2 Upon Feature Enablement","All distributed switch port groups must deactivate MAC Learning unless used intentionally.","Disabled","N/A","1.4.5","$VDPGview = Get-VDPortgroup -Name $VDPG | Get-View  $ConfigSpec = New-Object VMware.Vim.DVPortgroupConfigSpec $ConfigSpec.DefaultPortConfig = New-Object VMware.Vim.VMwareDVSPortSetting $ConfigSpec.DefaultPortConfig.MacManagementPolicy = New-Object VMware.Vim.DVSMacManagementPolicy $ConfigSpec.DefaultPortConfig.MacManagementPolicy.MacLearningPolicy = New-Object VMware.Vim.DVSMacLearningPolicy $ConfigSpec.DefaultPortConfig.MacManagementPolicy.MacLearningPolicy.Enabled = $false $ConfigSpec.ConfigVersion = $VDPGview.Config.ConfigVersion $VDPGview.ReconfigureDVPortgroup_Task($ConfigSpec)"
"vCenter","epavcsa.epa.com","PASS","Distributed portgroup 'KDW_10.200.32.x' is not configured to allow promiscuous mode (False)","vcenter-8.network-reject-promiscuous-mode-dvportgroup","P2 Upon Feature Enablement","All distributed switches and their port groups must be configured to reject guest promiscuous mode requests.","Reject","VCSA-80-000270","1.4.5","Get-VDSwitch -Name $VDS | Get-VDSecurityPolicy | Set-VDSecurityPolicy -AllowPromiscuous $false Get-VDPortgroup -Name $VDPG | Get-VDSecurityPolicy | Set-VDSecurityPolicy -AllowPromiscuous $false"
"vCenter","epavcsa.epa.com","PASS","Distributed portgroup 'KDW_10.200.32.x' is not configured to allow MAC address changes (False)","vcenter-8.network-reject-mac-changes-dvportgroup","P2 Upon Feature Enablement","All distributed switches and their port groups must be configured to reject guest MAC address changes.","Reject","VCSA-80-000269","1.4.3","Get-VDSwitch -Name $VDS | Get-VDSecurityPolicy | Set-VDSecurityPolicy -MacChanges $false Get-VDPortgroup -Name $VDPG | Get-VDSecurityPolicy | Set-VDSecurityPolicy -MacChanges $false"
"vCenter","epavcsa.epa.com","PASS","Distributed portgroup 'KDW_10.200.32.x' is not configured to allow forged transmits (False)","vcenter-8.network-reject-forged-transmit-dvportgroup","P2 Upon Feature Enablement","All distributed switches and their port groups must be configured to reject forged transmits.","Reject","VCSA-80-000268","1.4.3","Get-VDSwitch -Name $VDS | Get-VDSecurityPolicy | Set-VDSecurityPolicy -ForgedTransmits $false Get-VDPortgroup -Name $VDPG | Get-VDSecurityPolicy | Set-VDSecurityPolicy -ForgedTransmits $false"
"vCenter","epavcsa.epa.com","PASS","Distributed portgroup 'KDW_10.200.32.x' is not configured to allow VLAN 4095 (VLAN 2032)",,,,,,,
"vCenter","epavcsa.epa.com","PASS","Distributed portgroup 'KDW_10.200.32.x' does not appear to be configured to use a default VLAN (VLAN 2032)",,,,,,,
"vCenter","epavcsa.epa.com","PASS","Distributed portgroup 'KDW_10.200.32.x' is configured to reset port configuration on disconnect (True)","vcenter-8.network-reset-port","P2 Upon Feature Enablement","The vCenter Server must reset port configuration when virtual machines are disconnected.","Enabled","VCSA-80-000302","N/A","$VDPGview = Get-VDPortgroup -Name $VDPG | Get-View  $ConfigSpec = New-Object VMware.Vim.DVPortgroupConfigSpec $ConfigSpec.DefaultPortConfig = New-Object VMware.Vim.VMwareDVSPortSetting $ConfigSpec.Policy = New-Object VMware.Vim.VMwareDVSPortgroupPolicy $ConfigSpec.Policy.PortConfigResetAtDisconnect = $true $ConfigSpec.ConfigVersion = $VDPGview.Config.ConfigVersion $VDPGview.ReconfigureDVPortgroup_Task($ConfigSpec)"
"vCenter","epavcsa.epa.com","PASS","Distributed portgroup 'KDW_10.200.32.x' NetFlow is configured correctly (False)","vcenter-8.network-restrict-netflow-usage","P2 Upon Feature Enablement","The vCenter Server must ensure that NetFlow traffic is being sent to authorized collectors.","Not Configured","VCSA-80-000271","1.4.5","$VDPGview = Get-VDPortgroup -Name $VDPG | Get-View  $ConfigSpec = New-Object VMware.Vim.DVPortgroupConfigSpec $ConfigSpec.DefaultPortConfig = New-Object VMware.Vim.VMwareDVSPortSetting $ConfigSpec.DefaultPortConfig.IpfixEnabled = New-Object VMware.Vim.BoolPolicy $ConfigSpec.DefaultPortConfig.IpfixEnabled.Inherited = $false $ConfigSpec.DefaultPortConfig.IpfixEnabled.Value = $false $ConfigSpec.ConfigVersion = $VDPGview.Config.ConfigVersion $VDPGview.ReconfigureDVPortgroup_Task($ConfigSpec)"
"vCenter","epavcsa.epa.com","PASS","Distributed portgroup 'KDW_10.200.32.x' policies are configured correctly (VlanOverrideAllowed: False, UplinkTeamingOverrideAllowed: False, SecurityPolicyOverrideAllowed: False, MacManagementOverrideAllowed: False, BlockOverrideAllowed: True, ShapingOverrideAllowed: False, IpfixOverrideAllowed: False, VendorConfigOverrideAllowed: False, LivePortMovingAllowed: False, NetworkResourcePoolOverrideAllowed: False, TrafficFilterOverrideAllowed: False)",,,,,,,
"vCenter","epavcsa.epa.com","PASS","Distributed portgroup 'KDW_10.200.32.x' MAC learning is not enabled (False)","vcenter-8.network-mac-learning","P2 Upon Feature Enablement","All distributed switch port groups must deactivate MAC Learning unless used intentionally.","Disabled","N/A","1.4.5","$VDPGview = Get-VDPortgroup -Name $VDPG | Get-View  $ConfigSpec = New-Object VMware.Vim.DVPortgroupConfigSpec $ConfigSpec.DefaultPortConfig = New-Object VMware.Vim.VMwareDVSPortSetting $ConfigSpec.DefaultPortConfig.MacManagementPolicy = New-Object VMware.Vim.DVSMacManagementPolicy $ConfigSpec.DefaultPortConfig.MacManagementPolicy.MacLearningPolicy = New-Object VMware.Vim.DVSMacLearningPolicy $ConfigSpec.DefaultPortConfig.MacManagementPolicy.MacLearningPolicy.Enabled = $false $ConfigSpec.ConfigVersion = $VDPGview.Config.ConfigVersion $VDPGview.ReconfigureDVPortgroup_Task($ConfigSpec)"
"vCenter","epavcsa.epa.com","FAIL","Distributed portgroup 'CGH_PG_10.200.67.x' is configured to allow promiscuous mode (True)","vcenter-8.network-reject-promiscuous-mode-dvportgroup","P2 Upon Feature Enablement","All distributed switches and their port groups must be configured to reject guest promiscuous mode requests.","Reject","VCSA-80-000270","1.4.5","Get-VDSwitch -Name $VDS | Get-VDSecurityPolicy | Set-VDSecurityPolicy -AllowPromiscuous $false Get-VDPortgroup -Name $VDPG | Get-VDSecurityPolicy | Set-VDSecurityPolicy -AllowPromiscuous $false"
"vCenter","epavcsa.epa.com","FAIL","Distributed portgroup 'CGH_PG_10.200.67.x' is configured to allow MAC address changes (True)","vcenter-8.network-reject-mac-changes-dvportgroup","P2 Upon Feature Enablement","All distributed switches and their port groups must be configured to reject guest MAC address changes.","Reject","VCSA-80-000269","1.4.3","Get-VDSwitch -Name $VDS | Get-VDSecurityPolicy | Set-VDSecurityPolicy -MacChanges $false Get-VDPortgroup -Name $VDPG | Get-VDSecurityPolicy | Set-VDSecurityPolicy -MacChanges $false"
"vCenter","epavcsa.epa.com","FAIL","Distributed portgroup 'CGH_PG_10.200.67.x' is configured to allow forged transmits (True)","vcenter-8.network-reject-forged-transmit-dvportgroup","P2 Upon Feature Enablement","All distributed switches and their port groups must be configured to reject forged transmits.","Reject","VCSA-80-000268","1.4.3","Get-VDSwitch -Name $VDS | Get-VDSecurityPolicy | Set-VDSecurityPolicy -ForgedTransmits $false Get-VDPortgroup -Name $VDPG | Get-VDSecurityPolicy | Set-VDSecurityPolicy -ForgedTransmits $false"
"vCenter","epavcsa.epa.com","PASS","Distributed portgroup 'CGH_PG_10.200.67.x' is not configured to allow VLAN 4095 (VLAN 2067)",,,,,,,
"vCenter","epavcsa.epa.com","PASS","Distributed portgroup 'CGH_PG_10.200.67.x' does not appear to be configured to use a default VLAN (VLAN 2067)",,,,,,,
"vCenter","epavcsa.epa.com","PASS","Distributed portgroup 'CGH_PG_10.200.67.x' is configured to reset port configuration on disconnect (True)","vcenter-8.network-reset-port","P2 Upon Feature Enablement","The vCenter Server must reset port configuration when virtual machines are disconnected.","Enabled","VCSA-80-000302","N/A","$VDPGview = Get-VDPortgroup -Name $VDPG | Get-View  $ConfigSpec = New-Object VMware.Vim.DVPortgroupConfigSpec $ConfigSpec.DefaultPortConfig = New-Object VMware.Vim.VMwareDVSPortSetting $ConfigSpec.Policy = New-Object VMware.Vim.VMwareDVSPortgroupPolicy $ConfigSpec.Policy.PortConfigResetAtDisconnect = $true $ConfigSpec.ConfigVersion = $VDPGview.Config.ConfigVersion $VDPGview.ReconfigureDVPortgroup_Task($ConfigSpec)"
"vCenter","epavcsa.epa.com","PASS","Distributed portgroup 'CGH_PG_10.200.67.x' NetFlow is configured correctly (False)","vcenter-8.network-restrict-netflow-usage","P2 Upon Feature Enablement","The vCenter Server must ensure that NetFlow traffic is being sent to authorized collectors.","Not Configured","VCSA-80-000271","1.4.5","$VDPGview = Get-VDPortgroup -Name $VDPG | Get-View  $ConfigSpec = New-Object VMware.Vim.DVPortgroupConfigSpec $ConfigSpec.DefaultPortConfig = New-Object VMware.Vim.VMwareDVSPortSetting $ConfigSpec.DefaultPortConfig.IpfixEnabled = New-Object VMware.Vim.BoolPolicy $ConfigSpec.DefaultPortConfig.IpfixEnabled.Inherited = $false $ConfigSpec.DefaultPortConfig.IpfixEnabled.Value = $false $ConfigSpec.ConfigVersion = $VDPGview.Config.ConfigVersion $VDPGview.ReconfigureDVPortgroup_Task($ConfigSpec)"
"vCenter","epavcsa.epa.com","PASS","Distributed portgroup 'CGH_PG_10.200.67.x' policies are configured correctly (VlanOverrideAllowed: False, UplinkTeamingOverrideAllowed: False, SecurityPolicyOverrideAllowed: False, MacManagementOverrideAllowed: False, BlockOverrideAllowed: True, ShapingOverrideAllowed: False, IpfixOverrideAllowed: False, VendorConfigOverrideAllowed: False, LivePortMovingAllowed: False, NetworkResourcePoolOverrideAllowed: False, TrafficFilterOverrideAllowed: False)",,,,,,,
"vCenter","epavcsa.epa.com","PASS","Distributed portgroup 'CGH_PG_10.200.67.x' MAC learning is not enabled (False)","vcenter-8.network-mac-learning","P2 Upon Feature Enablement","All distributed switch port groups must deactivate MAC Learning unless used intentionally.","Disabled","N/A","1.4.5","$VDPGview = Get-VDPortgroup -Name $VDPG | Get-View  $ConfigSpec = New-Object VMware.Vim.DVPortgroupConfigSpec $ConfigSpec.DefaultPortConfig = New-Object VMware.Vim.VMwareDVSPortSetting $ConfigSpec.DefaultPortConfig.MacManagementPolicy = New-Object VMware.Vim.DVSMacManagementPolicy $ConfigSpec.DefaultPortConfig.MacManagementPolicy.MacLearningPolicy = New-Object VMware.Vim.DVSMacLearningPolicy $ConfigSpec.DefaultPortConfig.MacManagementPolicy.MacLearningPolicy.Enabled = $false $ConfigSpec.ConfigVersion = $VDPGview.Config.ConfigVersion $VDPGview.ReconfigureDVPortgroup_Task($ConfigSpec)"
"vCenter","epavcsa.epa.com","FAIL","Distributed portgroup 'CGH_PG_10.200.68.x' is configured to allow promiscuous mode (True)","vcenter-8.network-reject-promiscuous-mode-dvportgroup","P2 Upon Feature Enablement","All distributed switches and their port groups must be configured to reject guest promiscuous mode requests.","Reject","VCSA-80-000270","1.4.5","Get-VDSwitch -Name $VDS | Get-VDSecurityPolicy | Set-VDSecurityPolicy -AllowPromiscuous $false Get-VDPortgroup -Name $VDPG | Get-VDSecurityPolicy | Set-VDSecurityPolicy -AllowPromiscuous $false"
"vCenter","epavcsa.epa.com","FAIL","Distributed portgroup 'CGH_PG_10.200.68.x' is configured to allow MAC address changes (True)","vcenter-8.network-reject-mac-changes-dvportgroup","P2 Upon Feature Enablement","All distributed switches and their port groups must be configured to reject guest MAC address changes.","Reject","VCSA-80-000269","1.4.3","Get-VDSwitch -Name $VDS | Get-VDSecurityPolicy | Set-VDSecurityPolicy -MacChanges $false Get-VDPortgroup -Name $VDPG | Get-VDSecurityPolicy | Set-VDSecurityPolicy -MacChanges $false"
"vCenter","epavcsa.epa.com","FAIL","Distributed portgroup 'CGH_PG_10.200.68.x' is configured to allow forged transmits (True)","vcenter-8.network-reject-forged-transmit-dvportgroup","P2 Upon Feature Enablement","All distributed switches and their port groups must be configured to reject forged transmits.","Reject","VCSA-80-000268","1.4.3","Get-VDSwitch -Name $VDS | Get-VDSecurityPolicy | Set-VDSecurityPolicy -ForgedTransmits $false Get-VDPortgroup -Name $VDPG | Get-VDSecurityPolicy | Set-VDSecurityPolicy -ForgedTransmits $false"
"vCenter","epavcsa.epa.com","PASS","Distributed portgroup 'CGH_PG_10.200.68.x' is not configured to allow VLAN 4095 (VLAN 2068)",,,,,,,
"vCenter","epavcsa.epa.com","PASS","Distributed portgroup 'CGH_PG_10.200.68.x' does not appear to be configured to use a default VLAN (VLAN 2068)",,,,,,,
"vCenter","epavcsa.epa.com","PASS","Distributed portgroup 'CGH_PG_10.200.68.x' is configured to reset port configuration on disconnect (True)","vcenter-8.network-reset-port","P2 Upon Feature Enablement","The vCenter Server must reset port configuration when virtual machines are disconnected.","Enabled","VCSA-80-000302","N/A","$VDPGview = Get-VDPortgroup -Name $VDPG | Get-View  $ConfigSpec = New-Object VMware.Vim.DVPortgroupConfigSpec $ConfigSpec.DefaultPortConfig = New-Object VMware.Vim.VMwareDVSPortSetting $ConfigSpec.Policy = New-Object VMware.Vim.VMwareDVSPortgroupPolicy $ConfigSpec.Policy.PortConfigResetAtDisconnect = $true $ConfigSpec.ConfigVersion = $VDPGview.Config.ConfigVersion $VDPGview.ReconfigureDVPortgroup_Task($ConfigSpec)"
"vCenter","epavcsa.epa.com","PASS","Distributed portgroup 'CGH_PG_10.200.68.x' NetFlow is configured correctly (False)","vcenter-8.network-restrict-netflow-usage","P2 Upon Feature Enablement","The vCenter Server must ensure that NetFlow traffic is being sent to authorized collectors.","Not Configured","VCSA-80-000271","1.4.5","$VDPGview = Get-VDPortgroup -Name $VDPG | Get-View  $ConfigSpec = New-Object VMware.Vim.DVPortgroupConfigSpec $ConfigSpec.DefaultPortConfig = New-Object VMware.Vim.VMwareDVSPortSetting $ConfigSpec.DefaultPortConfig.IpfixEnabled = New-Object VMware.Vim.BoolPolicy $ConfigSpec.DefaultPortConfig.IpfixEnabled.Inherited = $false $ConfigSpec.DefaultPortConfig.IpfixEnabled.Value = $false $ConfigSpec.ConfigVersion = $VDPGview.Config.ConfigVersion $VDPGview.ReconfigureDVPortgroup_Task($ConfigSpec)"
"vCenter","epavcsa.epa.com","PASS","Distributed portgroup 'CGH_PG_10.200.68.x' policies are configured correctly (VlanOverrideAllowed: False, UplinkTeamingOverrideAllowed: False, SecurityPolicyOverrideAllowed: False, MacManagementOverrideAllowed: False, BlockOverrideAllowed: True, ShapingOverrideAllowed: False, IpfixOverrideAllowed: False, VendorConfigOverrideAllowed: False, LivePortMovingAllowed: False, NetworkResourcePoolOverrideAllowed: False, TrafficFilterOverrideAllowed: False)",,,,,,,
"vCenter","epavcsa.epa.com","PASS","Distributed portgroup 'CGH_PG_10.200.68.x' MAC learning is not enabled (False)","vcenter-8.network-mac-learning","P2 Upon Feature Enablement","All distributed switch port groups must deactivate MAC Learning unless used intentionally.","Disabled","N/A","1.4.5","$VDPGview = Get-VDPortgroup -Name $VDPG | Get-View  $ConfigSpec = New-Object VMware.Vim.DVPortgroupConfigSpec $ConfigSpec.DefaultPortConfig = New-Object VMware.Vim.VMwareDVSPortSetting $ConfigSpec.DefaultPortConfig.MacManagementPolicy = New-Object VMware.Vim.DVSMacManagementPolicy $ConfigSpec.DefaultPortConfig.MacManagementPolicy.MacLearningPolicy = New-Object VMware.Vim.DVSMacLearningPolicy $ConfigSpec.DefaultPortConfig.MacManagementPolicy.MacLearningPolicy.Enabled = $false $ConfigSpec.ConfigVersion = $VDPGview.Config.ConfigVersion $VDPGview.ReconfigureDVPortgroup_Task($ConfigSpec)"
"vCenter","epavcsa.epa.com","FAIL","Distributed portgroup 'KSB_PG_10.200.94.x' is configured to allow promiscuous mode (True)","vcenter-8.network-reject-promiscuous-mode-dvportgroup","P2 Upon Feature Enablement","All distributed switches and their port groups must be configured to reject guest promiscuous mode requests.","Reject","VCSA-80-000270","1.4.5","Get-VDSwitch -Name $VDS | Get-VDSecurityPolicy | Set-VDSecurityPolicy -AllowPromiscuous $false Get-VDPortgroup -Name $VDPG | Get-VDSecurityPolicy | Set-VDSecurityPolicy -AllowPromiscuous $false"
"vCenter","epavcsa.epa.com","FAIL","Distributed portgroup 'KSB_PG_10.200.94.x' is configured to allow MAC address changes (True)","vcenter-8.network-reject-mac-changes-dvportgroup","P2 Upon Feature Enablement","All distributed switches and their port groups must be configured to reject guest MAC address changes.","Reject","VCSA-80-000269","1.4.3","Get-VDSwitch -Name $VDS | Get-VDSecurityPolicy | Set-VDSecurityPolicy -MacChanges $false Get-VDPortgroup -Name $VDPG | Get-VDSecurityPolicy | Set-VDSecurityPolicy -MacChanges $false"
"vCenter","epavcsa.epa.com","FAIL","Distributed portgroup 'KSB_PG_10.200.94.x' is configured to allow forged transmits (True)","vcenter-8.network-reject-forged-transmit-dvportgroup","P2 Upon Feature Enablement","All distributed switches and their port groups must be configured to reject forged transmits.","Reject","VCSA-80-000268","1.4.3","Get-VDSwitch -Name $VDS | Get-VDSecurityPolicy | Set-VDSecurityPolicy -ForgedTransmits $false Get-VDPortgroup -Name $VDPG | Get-VDSecurityPolicy | Set-VDSecurityPolicy -ForgedTransmits $false"
"vCenter","epavcsa.epa.com","PASS","Distributed portgroup 'KSB_PG_10.200.94.x' is not configured to allow VLAN 4095 (VLAN 2094)",,,,,,,
"vCenter","epavcsa.epa.com","PASS","Distributed portgroup 'KSB_PG_10.200.94.x' does not appear to be configured to use a default VLAN (VLAN 2094)",,,,,,,
"vCenter","epavcsa.epa.com","PASS","Distributed portgroup 'KSB_PG_10.200.94.x' is configured to reset port configuration on disconnect (True)","vcenter-8.network-reset-port","P2 Upon Feature Enablement","The vCenter Server must reset port configuration when virtual machines are disconnected.","Enabled","VCSA-80-000302","N/A","$VDPGview = Get-VDPortgroup -Name $VDPG | Get-View  $ConfigSpec = New-Object VMware.Vim.DVPortgroupConfigSpec $ConfigSpec.DefaultPortConfig = New-Object VMware.Vim.VMwareDVSPortSetting $ConfigSpec.Policy = New-Object VMware.Vim.VMwareDVSPortgroupPolicy $ConfigSpec.Policy.PortConfigResetAtDisconnect = $true $ConfigSpec.ConfigVersion = $VDPGview.Config.ConfigVersion $VDPGview.ReconfigureDVPortgroup_Task($ConfigSpec)"
"vCenter","epavcsa.epa.com","PASS","Distributed portgroup 'KSB_PG_10.200.94.x' NetFlow is configured correctly (False)","vcenter-8.network-restrict-netflow-usage","P2 Upon Feature Enablement","The vCenter Server must ensure that NetFlow traffic is being sent to authorized collectors.","Not Configured","VCSA-80-000271","1.4.5","$VDPGview = Get-VDPortgroup -Name $VDPG | Get-View  $ConfigSpec = New-Object VMware.Vim.DVPortgroupConfigSpec $ConfigSpec.DefaultPortConfig = New-Object VMware.Vim.VMwareDVSPortSetting $ConfigSpec.DefaultPortConfig.IpfixEnabled = New-Object VMware.Vim.BoolPolicy $ConfigSpec.DefaultPortConfig.IpfixEnabled.Inherited = $false $ConfigSpec.DefaultPortConfig.IpfixEnabled.Value = $false $ConfigSpec.ConfigVersion = $VDPGview.Config.ConfigVersion $VDPGview.ReconfigureDVPortgroup_Task($ConfigSpec)"
"vCenter","epavcsa.epa.com","PASS","Distributed portgroup 'KSB_PG_10.200.94.x' policies are configured correctly (VlanOverrideAllowed: False, UplinkTeamingOverrideAllowed: False, SecurityPolicyOverrideAllowed: False, MacManagementOverrideAllowed: False, BlockOverrideAllowed: True, ShapingOverrideAllowed: False, IpfixOverrideAllowed: False, VendorConfigOverrideAllowed: False, LivePortMovingAllowed: False, NetworkResourcePoolOverrideAllowed: False, TrafficFilterOverrideAllowed: False)",,,,,,,
"vCenter","epavcsa.epa.com","PASS","Distributed portgroup 'KSB_PG_10.200.94.x' MAC learning is not enabled (False)","vcenter-8.network-mac-learning","P2 Upon Feature Enablement","All distributed switch port groups must deactivate MAC Learning unless used intentionally.","Disabled","N/A","1.4.5","$VDPGview = Get-VDPortgroup -Name $VDPG | Get-View  $ConfigSpec = New-Object VMware.Vim.DVPortgroupConfigSpec $ConfigSpec.DefaultPortConfig = New-Object VMware.Vim.VMwareDVSPortSetting $ConfigSpec.DefaultPortConfig.MacManagementPolicy = New-Object VMware.Vim.DVSMacManagementPolicy $ConfigSpec.DefaultPortConfig.MacManagementPolicy.MacLearningPolicy = New-Object VMware.Vim.DVSMacLearningPolicy $ConfigSpec.DefaultPortConfig.MacManagementPolicy.MacLearningPolicy.Enabled = $false $ConfigSpec.ConfigVersion = $VDPGview.Config.ConfigVersion $VDPGview.ReconfigureDVPortgroup_Task($ConfigSpec)"
"vCenter","epavcsa.epa.com","PASS","Distributed portgroup 'vm-domain-c1009:0c627066-1694-476f-bad1-ea8f3b65a883-vif-default-network-0' is not configured to allow promiscuous mode (False)","vcenter-8.network-reject-promiscuous-mode-dvportgroup","P2 Upon Feature Enablement","All distributed switches and their port groups must be configured to reject guest promiscuous mode requests.","Reject","VCSA-80-000270","1.4.5","Get-VDSwitch -Name $VDS | Get-VDSecurityPolicy | Set-VDSecurityPolicy -AllowPromiscuous $false Get-VDPortgroup -Name $VDPG | Get-VDSecurityPolicy | Set-VDSecurityPolicy -AllowPromiscuous $false"
"vCenter","epavcsa.epa.com","PASS","Distributed portgroup 'vm-domain-c1009:0c627066-1694-476f-bad1-ea8f3b65a883-vif-default-network-0' is not configured to allow MAC address changes (False)","vcenter-8.network-reject-mac-changes-dvportgroup","P2 Upon Feature Enablement","All distributed switches and their port groups must be configured to reject guest MAC address changes.","Reject","VCSA-80-000269","1.4.3","Get-VDSwitch -Name $VDS | Get-VDSecurityPolicy | Set-VDSecurityPolicy -MacChanges $false Get-VDPortgroup -Name $VDPG | Get-VDSecurityPolicy | Set-VDSecurityPolicy -MacChanges $false"
"vCenter","epavcsa.epa.com","PASS","Distributed portgroup 'vm-domain-c1009:0c627066-1694-476f-bad1-ea8f3b65a883-vif-default-network-0' is not configured to allow forged transmits (False)","vcenter-8.network-reject-forged-transmit-dvportgroup","P2 Upon Feature Enablement","All distributed switches and their port groups must be configured to reject forged transmits.","Reject","VCSA-80-000268","1.4.3","Get-VDSwitch -Name $VDS | Get-VDSecurityPolicy | Set-VDSecurityPolicy -ForgedTransmits $false Get-VDPortgroup -Name $VDPG | Get-VDSecurityPolicy | Set-VDSecurityPolicy -ForgedTransmits $false"
"vCenter","epavcsa.epa.com","PASS","Distributed portgroup 'vm-domain-c1009:0c627066-1694-476f-bad1-ea8f3b65a883-vif-default-network-0' is not configured to allow VLAN 4095 ()",,,,,,,
"vCenter","epavcsa.epa.com","FAIL","Distributed portgroup 'vm-domain-c1009:0c627066-1694-476f-bad1-ea8f3b65a883-vif-default-network-0' may be configured to use a default VLAN and should be assessed ()",,,,,,,
"vCenter","epavcsa.epa.com","PASS","Distributed portgroup 'vm-domain-c1009:0c627066-1694-476f-bad1-ea8f3b65a883-vif-default-network-0' is configured to reset port configuration on disconnect (True)","vcenter-8.network-reset-port","P2 Upon Feature Enablement","The vCenter Server must reset port configuration when virtual machines are disconnected.","Enabled","VCSA-80-000302","N/A","$VDPGview = Get-VDPortgroup -Name $VDPG | Get-View  $ConfigSpec = New-Object VMware.Vim.DVPortgroupConfigSpec $ConfigSpec.DefaultPortConfig = New-Object VMware.Vim.VMwareDVSPortSetting $ConfigSpec.Policy = New-Object VMware.Vim.VMwareDVSPortgroupPolicy $ConfigSpec.Policy.PortConfigResetAtDisconnect = $true $ConfigSpec.ConfigVersion = $VDPGview.Config.ConfigVersion $VDPGview.ReconfigureDVPortgroup_Task($ConfigSpec)"
"vCenter","epavcsa.epa.com","PASS","Distributed portgroup 'vm-domain-c1009:0c627066-1694-476f-bad1-ea8f3b65a883-vif-default-network-0' NetFlow is configured correctly (False)","vcenter-8.network-restrict-netflow-usage","P2 Upon Feature Enablement","The vCenter Server must ensure that NetFlow traffic is being sent to authorized collectors.","Not Configured","VCSA-80-000271","1.4.5","$VDPGview = Get-VDPortgroup -Name $VDPG | Get-View  $ConfigSpec = New-Object VMware.Vim.DVPortgroupConfigSpec $ConfigSpec.DefaultPortConfig = New-Object VMware.Vim.VMwareDVSPortSetting $ConfigSpec.DefaultPortConfig.IpfixEnabled = New-Object VMware.Vim.BoolPolicy $ConfigSpec.DefaultPortConfig.IpfixEnabled.Inherited = $false $ConfigSpec.DefaultPortConfig.IpfixEnabled.Value = $false $ConfigSpec.ConfigVersion = $VDPGview.Config.ConfigVersion $VDPGview.ReconfigureDVPortgroup_Task($ConfigSpec)"
"vCenter","epavcsa.epa.com","PASS","Distributed portgroup 'vm-domain-c1009:0c627066-1694-476f-bad1-ea8f3b65a883-vif-default-network-0' policies are configured correctly (VlanOverrideAllowed: False, UplinkTeamingOverrideAllowed: False, SecurityPolicyOverrideAllowed: False, MacManagementOverrideAllowed: False, BlockOverrideAllowed: True, ShapingOverrideAllowed: False, IpfixOverrideAllowed: False, VendorConfigOverrideAllowed: False, LivePortMovingAllowed: False, NetworkResourcePoolOverrideAllowed: False, TrafficFilterOverrideAllowed: False)",,,,,,,
"vCenter","epavcsa.epa.com","PASS","Distributed portgroup 'vm-domain-c1009:0c627066-1694-476f-bad1-ea8f3b65a883-vif-default-network-0' MAC learning is not enabled (False)","vcenter-8.network-mac-learning","P2 Upon Feature Enablement","All distributed switch port groups must deactivate MAC Learning unless used intentionally.","Disabled","N/A","1.4.5","$VDPGview = Get-VDPortgroup -Name $VDPG | Get-View  $ConfigSpec = New-Object VMware.Vim.DVPortgroupConfigSpec $ConfigSpec.DefaultPortConfig = New-Object VMware.Vim.VMwareDVSPortSetting $ConfigSpec.DefaultPortConfig.MacManagementPolicy = New-Object VMware.Vim.DVSMacManagementPolicy $ConfigSpec.DefaultPortConfig.MacManagementPolicy.MacLearningPolicy = New-Object VMware.Vim.DVSMacLearningPolicy $ConfigSpec.DefaultPortConfig.MacManagementPolicy.MacLearningPolicy.Enabled = $false $ConfigSpec.ConfigVersion = $VDPGview.Config.ConfigVersion $VDPGview.ReconfigureDVPortgroup_Task($ConfigSpec)"
"vCenter","epavcsa.epa.com","PASS","Distributed portgroup 'edge-Trunk' is not configured to allow promiscuous mode (False)","vcenter-8.network-reject-promiscuous-mode-dvportgroup","P2 Upon Feature Enablement","All distributed switches and their port groups must be configured to reject guest promiscuous mode requests.","Reject","VCSA-80-000270","1.4.5","Get-VDSwitch -Name $VDS | Get-VDSecurityPolicy | Set-VDSecurityPolicy -AllowPromiscuous $false Get-VDPortgroup -Name $VDPG | Get-VDSecurityPolicy | Set-VDSecurityPolicy -AllowPromiscuous $false"
"vCenter","epavcsa.epa.com","PASS","Distributed portgroup 'edge-Trunk' is not configured to allow MAC address changes (False)","vcenter-8.network-reject-mac-changes-dvportgroup","P2 Upon Feature Enablement","All distributed switches and their port groups must be configured to reject guest MAC address changes.","Reject","VCSA-80-000269","1.4.3","Get-VDSwitch -Name $VDS | Get-VDSecurityPolicy | Set-VDSecurityPolicy -MacChanges $false Get-VDPortgroup -Name $VDPG | Get-VDSecurityPolicy | Set-VDSecurityPolicy -MacChanges $false"
"vCenter","epavcsa.epa.com","PASS","Distributed portgroup 'edge-Trunk' is not configured to allow forged transmits (False)","vcenter-8.network-reject-forged-transmit-dvportgroup","P2 Upon Feature Enablement","All distributed switches and their port groups must be configured to reject forged transmits.","Reject","VCSA-80-000268","1.4.3","Get-VDSwitch -Name $VDS | Get-VDSecurityPolicy | Set-VDSecurityPolicy -ForgedTransmits $false Get-VDPortgroup -Name $VDPG | Get-VDSecurityPolicy | Set-VDSecurityPolicy -ForgedTransmits $false"
"vCenter","epavcsa.epa.com","PASS","Distributed portgroup 'edge-Trunk' is not configured to allow VLAN 4095 (VLAN Trunk )",,,,,,,
"vCenter","epavcsa.epa.com","PASS","Distributed portgroup 'edge-Trunk' does not appear to be configured to use a default VLAN (VLAN Trunk )",,,,,,,
"vCenter","epavcsa.epa.com","PASS","Distributed portgroup 'edge-Trunk' is configured to reset port configuration on disconnect (True)","vcenter-8.network-reset-port","P2 Upon Feature Enablement","The vCenter Server must reset port configuration when virtual machines are disconnected.","Enabled","VCSA-80-000302","N/A","$VDPGview = Get-VDPortgroup -Name $VDPG | Get-View  $ConfigSpec = New-Object VMware.Vim.DVPortgroupConfigSpec $ConfigSpec.DefaultPortConfig = New-Object VMware.Vim.VMwareDVSPortSetting $ConfigSpec.Policy = New-Object VMware.Vim.VMwareDVSPortgroupPolicy $ConfigSpec.Policy.PortConfigResetAtDisconnect = $true $ConfigSpec.ConfigVersion = $VDPGview.Config.ConfigVersion $VDPGview.ReconfigureDVPortgroup_Task($ConfigSpec)"
"vCenter","epavcsa.epa.com","PASS","Distributed portgroup 'edge-Trunk' NetFlow is configured correctly (False)","vcenter-8.network-restrict-netflow-usage","P2 Upon Feature Enablement","The vCenter Server must ensure that NetFlow traffic is being sent to authorized collectors.","Not Configured","VCSA-80-000271","1.4.5","$VDPGview = Get-VDPortgroup -Name $VDPG | Get-View  $ConfigSpec = New-Object VMware.Vim.DVPortgroupConfigSpec $ConfigSpec.DefaultPortConfig = New-Object VMware.Vim.VMwareDVSPortSetting $ConfigSpec.DefaultPortConfig.IpfixEnabled = New-Object VMware.Vim.BoolPolicy $ConfigSpec.DefaultPortConfig.IpfixEnabled.Inherited = $false $ConfigSpec.DefaultPortConfig.IpfixEnabled.Value = $false $ConfigSpec.ConfigVersion = $VDPGview.Config.ConfigVersion $VDPGview.ReconfigureDVPortgroup_Task($ConfigSpec)"
"vCenter","epavcsa.epa.com","PASS","Distributed portgroup 'edge-Trunk' policies are configured correctly (VlanOverrideAllowed: False, UplinkTeamingOverrideAllowed: False, SecurityPolicyOverrideAllowed: False, MacManagementOverrideAllowed: False, BlockOverrideAllowed: True, ShapingOverrideAllowed: False, IpfixOverrideAllowed: False, VendorConfigOverrideAllowed: False, LivePortMovingAllowed: False, NetworkResourcePoolOverrideAllowed: False, TrafficFilterOverrideAllowed: False)",,,,,,,
"vCenter","epavcsa.epa.com","PASS","Distributed portgroup 'edge-Trunk' MAC learning is not enabled (False)","vcenter-8.network-mac-learning","P2 Upon Feature Enablement","All distributed switch port groups must deactivate MAC Learning unless used intentionally.","Disabled","N/A","1.4.5","$VDPGview = Get-VDPortgroup -Name $VDPG | Get-View  $ConfigSpec = New-Object VMware.Vim.DVPortgroupConfigSpec $ConfigSpec.DefaultPortConfig = New-Object VMware.Vim.VMwareDVSPortSetting $ConfigSpec.DefaultPortConfig.MacManagementPolicy = New-Object VMware.Vim.DVSMacManagementPolicy $ConfigSpec.DefaultPortConfig.MacManagementPolicy.MacLearningPolicy = New-Object VMware.Vim.DVSMacLearningPolicy $ConfigSpec.DefaultPortConfig.MacManagementPolicy.MacLearningPolicy.Enabled = $false $ConfigSpec.ConfigVersion = $VDPGview.Config.ConfigVersion $VDPGview.ReconfigureDVPortgroup_Task($ConfigSpec)"
"vCenter","epavcsa.epa.com","PASS","Distributed portgroup 'seg-domain-c1009:0c627066-1694-476f-bad1-ea8f3b65a883-kdw-ns-0' is not configured to allow promiscuous mode (False)","vcenter-8.network-reject-promiscuous-mode-dvportgroup","P2 Upon Feature Enablement","All distributed switches and their port groups must be configured to reject guest promiscuous mode requests.","Reject","VCSA-80-000270","1.4.5","Get-VDSwitch -Name $VDS | Get-VDSecurityPolicy | Set-VDSecurityPolicy -AllowPromiscuous $false Get-VDPortgroup -Name $VDPG | Get-VDSecurityPolicy | Set-VDSecurityPolicy -AllowPromiscuous $false"
"vCenter","epavcsa.epa.com","PASS","Distributed portgroup 'seg-domain-c1009:0c627066-1694-476f-bad1-ea8f3b65a883-kdw-ns-0' is not configured to allow MAC address changes (False)","vcenter-8.network-reject-mac-changes-dvportgroup","P2 Upon Feature Enablement","All distributed switches and their port groups must be configured to reject guest MAC address changes.","Reject","VCSA-80-000269","1.4.3","Get-VDSwitch -Name $VDS | Get-VDSecurityPolicy | Set-VDSecurityPolicy -MacChanges $false Get-VDPortgroup -Name $VDPG | Get-VDSecurityPolicy | Set-VDSecurityPolicy -MacChanges $false"
"vCenter","epavcsa.epa.com","PASS","Distributed portgroup 'seg-domain-c1009:0c627066-1694-476f-bad1-ea8f3b65a883-kdw-ns-0' is not configured to allow forged transmits (False)","vcenter-8.network-reject-forged-transmit-dvportgroup","P2 Upon Feature Enablement","All distributed switches and their port groups must be configured to reject forged transmits.","Reject","VCSA-80-000268","1.4.3","Get-VDSwitch -Name $VDS | Get-VDSecurityPolicy | Set-VDSecurityPolicy -ForgedTransmits $false Get-VDPortgroup -Name $VDPG | Get-VDSecurityPolicy | Set-VDSecurityPolicy -ForgedTransmits $false"
"vCenter","epavcsa.epa.com","PASS","Distributed portgroup 'seg-domain-c1009:0c627066-1694-476f-bad1-ea8f3b65a883-kdw-ns-0' is not configured to allow VLAN 4095 ()",,,,,,,
"vCenter","epavcsa.epa.com","FAIL","Distributed portgroup 'seg-domain-c1009:0c627066-1694-476f-bad1-ea8f3b65a883-kdw-ns-0' may be configured to use a default VLAN and should be assessed ()",,,,,,,
"vCenter","epavcsa.epa.com","PASS","Distributed portgroup 'seg-domain-c1009:0c627066-1694-476f-bad1-ea8f3b65a883-kdw-ns-0' is configured to reset port configuration on disconnect (True)","vcenter-8.network-reset-port","P2 Upon Feature Enablement","The vCenter Server must reset port configuration when virtual machines are disconnected.","Enabled","VCSA-80-000302","N/A","$VDPGview = Get-VDPortgroup -Name $VDPG | Get-View  $ConfigSpec = New-Object VMware.Vim.DVPortgroupConfigSpec $ConfigSpec.DefaultPortConfig = New-Object VMware.Vim.VMwareDVSPortSetting $ConfigSpec.Policy = New-Object VMware.Vim.VMwareDVSPortgroupPolicy $ConfigSpec.Policy.PortConfigResetAtDisconnect = $true $ConfigSpec.ConfigVersion = $VDPGview.Config.ConfigVersion $VDPGview.ReconfigureDVPortgroup_Task($ConfigSpec)"
"vCenter","epavcsa.epa.com","PASS","Distributed portgroup 'seg-domain-c1009:0c627066-1694-476f-bad1-ea8f3b65a883-kdw-ns-0' NetFlow is configured correctly (False)","vcenter-8.network-restrict-netflow-usage","P2 Upon Feature Enablement","The vCenter Server must ensure that NetFlow traffic is being sent to authorized collectors.","Not Configured","VCSA-80-000271","1.4.5","$VDPGview = Get-VDPortgroup -Name $VDPG | Get-View  $ConfigSpec = New-Object VMware.Vim.DVPortgroupConfigSpec $ConfigSpec.DefaultPortConfig = New-Object VMware.Vim.VMwareDVSPortSetting $ConfigSpec.DefaultPortConfig.IpfixEnabled = New-Object VMware.Vim.BoolPolicy $ConfigSpec.DefaultPortConfig.IpfixEnabled.Inherited = $false $ConfigSpec.DefaultPortConfig.IpfixEnabled.Value = $false $ConfigSpec.ConfigVersion = $VDPGview.Config.ConfigVersion $VDPGview.ReconfigureDVPortgroup_Task($ConfigSpec)"
"vCenter","epavcsa.epa.com","PASS","Distributed portgroup 'seg-domain-c1009:0c627066-1694-476f-bad1-ea8f3b65a883-kdw-ns-0' policies are configured correctly (VlanOverrideAllowed: False, UplinkTeamingOverrideAllowed: False, SecurityPolicyOverrideAllowed: False, MacManagementOverrideAllowed: False, BlockOverrideAllowed: True, ShapingOverrideAllowed: False, IpfixOverrideAllowed: False, VendorConfigOverrideAllowed: False, LivePortMovingAllowed: False, NetworkResourcePoolOverrideAllowed: False, TrafficFilterOverrideAllowed: False)",,,,,,,
"vCenter","epavcsa.epa.com","PASS","Distributed portgroup 'seg-domain-c1009:0c627066-1694-476f-bad1-ea8f3b65a883-kdw-ns-0' MAC learning is not enabled (False)","vcenter-8.network-mac-learning","P2 Upon Feature Enablement","All distributed switch port groups must deactivate MAC Learning unless used intentionally.","Disabled","N/A","1.4.5","$VDPGview = Get-VDPortgroup -Name $VDPG | Get-View  $ConfigSpec = New-Object VMware.Vim.DVPortgroupConfigSpec $ConfigSpec.DefaultPortConfig = New-Object VMware.Vim.VMwareDVSPortSetting $ConfigSpec.DefaultPortConfig.MacManagementPolicy = New-Object VMware.Vim.DVSMacManagementPolicy $ConfigSpec.DefaultPortConfig.MacManagementPolicy.MacLearningPolicy = New-Object VMware.Vim.DVSMacLearningPolicy $ConfigSpec.DefaultPortConfig.MacManagementPolicy.MacLearningPolicy.Enabled = $false $ConfigSpec.ConfigVersion = $VDPGview.Config.ConfigVersion $VDPGview.ReconfigureDVPortgroup_Task($ConfigSpec)"
"vCenter","epavcsa.epa.com","PASS","Distributed portgroup 'edge01-uplink2078-seg' is not configured to allow promiscuous mode (False)","vcenter-8.network-reject-promiscuous-mode-dvportgroup","P2 Upon Feature Enablement","All distributed switches and their port groups must be configured to reject guest promiscuous mode requests.","Reject","VCSA-80-000270","1.4.5","Get-VDSwitch -Name $VDS | Get-VDSecurityPolicy | Set-VDSecurityPolicy -AllowPromiscuous $false Get-VDPortgroup -Name $VDPG | Get-VDSecurityPolicy | Set-VDSecurityPolicy -AllowPromiscuous $false"
"vCenter","epavcsa.epa.com","PASS","Distributed portgroup 'edge01-uplink2078-seg' is not configured to allow MAC address changes (False)","vcenter-8.network-reject-mac-changes-dvportgroup","P2 Upon Feature Enablement","All distributed switches and their port groups must be configured to reject guest MAC address changes.","Reject","VCSA-80-000269","1.4.3","Get-VDSwitch -Name $VDS | Get-VDSecurityPolicy | Set-VDSecurityPolicy -MacChanges $false Get-VDPortgroup -Name $VDPG | Get-VDSecurityPolicy | Set-VDSecurityPolicy -MacChanges $false"
"vCenter","epavcsa.epa.com","PASS","Distributed portgroup 'edge01-uplink2078-seg' is not configured to allow forged transmits (False)","vcenter-8.network-reject-forged-transmit-dvportgroup","P2 Upon Feature Enablement","All distributed switches and their port groups must be configured to reject forged transmits.","Reject","VCSA-80-000268","1.4.3","Get-VDSwitch -Name $VDS | Get-VDSecurityPolicy | Set-VDSecurityPolicy -ForgedTransmits $false Get-VDPortgroup -Name $VDPG | Get-VDSecurityPolicy | Set-VDSecurityPolicy -ForgedTransmits $false"
"vCenter","epavcsa.epa.com","PASS","Distributed portgroup 'edge01-uplink2078-seg' is not configured to allow VLAN 4095 (VLAN 2078)",,,,,,,
"vCenter","epavcsa.epa.com","PASS","Distributed portgroup 'edge01-uplink2078-seg' does not appear to be configured to use a default VLAN (VLAN 2078)",,,,,,,
"vCenter","epavcsa.epa.com","PASS","Distributed portgroup 'edge01-uplink2078-seg' is configured to reset port configuration on disconnect (True)","vcenter-8.network-reset-port","P2 Upon Feature Enablement","The vCenter Server must reset port configuration when virtual machines are disconnected.","Enabled","VCSA-80-000302","N/A","$VDPGview = Get-VDPortgroup -Name $VDPG | Get-View  $ConfigSpec = New-Object VMware.Vim.DVPortgroupConfigSpec $ConfigSpec.DefaultPortConfig = New-Object VMware.Vim.VMwareDVSPortSetting $ConfigSpec.Policy = New-Object VMware.Vim.VMwareDVSPortgroupPolicy $ConfigSpec.Policy.PortConfigResetAtDisconnect = $true $ConfigSpec.ConfigVersion = $VDPGview.Config.ConfigVersion $VDPGview.ReconfigureDVPortgroup_Task($ConfigSpec)"
"vCenter","epavcsa.epa.com","PASS","Distributed portgroup 'edge01-uplink2078-seg' NetFlow is configured correctly (False)","vcenter-8.network-restrict-netflow-usage","P2 Upon Feature Enablement","The vCenter Server must ensure that NetFlow traffic is being sent to authorized collectors.","Not Configured","VCSA-80-000271","1.4.5","$VDPGview = Get-VDPortgroup -Name $VDPG | Get-View  $ConfigSpec = New-Object VMware.Vim.DVPortgroupConfigSpec $ConfigSpec.DefaultPortConfig = New-Object VMware.Vim.VMwareDVSPortSetting $ConfigSpec.DefaultPortConfig.IpfixEnabled = New-Object VMware.Vim.BoolPolicy $ConfigSpec.DefaultPortConfig.IpfixEnabled.Inherited = $false $ConfigSpec.DefaultPortConfig.IpfixEnabled.Value = $false $ConfigSpec.ConfigVersion = $VDPGview.Config.ConfigVersion $VDPGview.ReconfigureDVPortgroup_Task($ConfigSpec)"
"vCenter","epavcsa.epa.com","PASS","Distributed portgroup 'edge01-uplink2078-seg' policies are configured correctly (VlanOverrideAllowed: False, UplinkTeamingOverrideAllowed: False, SecurityPolicyOverrideAllowed: False, MacManagementOverrideAllowed: False, BlockOverrideAllowed: True, ShapingOverrideAllowed: False, IpfixOverrideAllowed: False, VendorConfigOverrideAllowed: False, LivePortMovingAllowed: False, NetworkResourcePoolOverrideAllowed: False, TrafficFilterOverrideAllowed: False)",,,,,,,
"vCenter","epavcsa.epa.com","PASS","Distributed portgroup 'edge01-uplink2078-seg' MAC learning is not enabled (False)","vcenter-8.network-mac-learning","P2 Upon Feature Enablement","All distributed switch port groups must deactivate MAC Learning unless used intentionally.","Disabled","N/A","1.4.5","$VDPGview = Get-VDPortgroup -Name $VDPG | Get-View  $ConfigSpec = New-Object VMware.Vim.DVPortgroupConfigSpec $ConfigSpec.DefaultPortConfig = New-Object VMware.Vim.VMwareDVSPortSetting $ConfigSpec.DefaultPortConfig.MacManagementPolicy = New-Object VMware.Vim.DVSMacManagementPolicy $ConfigSpec.DefaultPortConfig.MacManagementPolicy.MacLearningPolicy = New-Object VMware.Vim.DVSMacLearningPolicy $ConfigSpec.DefaultPortConfig.MacManagementPolicy.MacLearningPolicy.Enabled = $false $ConfigSpec.ConfigVersion = $VDPGview.Config.ConfigVersion $VDPGview.ReconfigureDVPortgroup_Task($ConfigSpec)"
"vCenter","epavcsa.epa.com","FAIL","Distributed portgroup 'Nice_PG_Trunk' is configured to allow promiscuous mode (True)","vcenter-8.network-reject-promiscuous-mode-dvportgroup","P2 Upon Feature Enablement","All distributed switches and their port groups must be configured to reject guest promiscuous mode requests.","Reject","VCSA-80-000270","1.4.5","Get-VDSwitch -Name $VDS | Get-VDSecurityPolicy | Set-VDSecurityPolicy -AllowPromiscuous $false Get-VDPortgroup -Name $VDPG | Get-VDSecurityPolicy | Set-VDSecurityPolicy -AllowPromiscuous $false"
"vCenter","epavcsa.epa.com","FAIL","Distributed portgroup 'Nice_PG_Trunk' is configured to allow MAC address changes (True)","vcenter-8.network-reject-mac-changes-dvportgroup","P2 Upon Feature Enablement","All distributed switches and their port groups must be configured to reject guest MAC address changes.","Reject","VCSA-80-000269","1.4.3","Get-VDSwitch -Name $VDS | Get-VDSecurityPolicy | Set-VDSecurityPolicy -MacChanges $false Get-VDPortgroup -Name $VDPG | Get-VDSecurityPolicy | Set-VDSecurityPolicy -MacChanges $false"
"vCenter","epavcsa.epa.com","FAIL","Distributed portgroup 'Nice_PG_Trunk' is configured to allow forged transmits (True)","vcenter-8.network-reject-forged-transmit-dvportgroup","P2 Upon Feature Enablement","All distributed switches and their port groups must be configured to reject forged transmits.","Reject","VCSA-80-000268","1.4.3","Get-VDSwitch -Name $VDS | Get-VDSecurityPolicy | Set-VDSecurityPolicy -ForgedTransmits $false Get-VDPortgroup -Name $VDPG | Get-VDSecurityPolicy | Set-VDSecurityPolicy -ForgedTransmits $false"
"vCenter","epavcsa.epa.com","PASS","Distributed portgroup 'Nice_PG_Trunk' is not configured to allow VLAN 4095 (VLAN Trunk )",,,,,,,
"vCenter","epavcsa.epa.com","PASS","Distributed portgroup 'Nice_PG_Trunk' does not appear to be configured to use a default VLAN (VLAN Trunk )",,,,,,,
"vCenter","epavcsa.epa.com","PASS","Distributed portgroup 'Nice_PG_Trunk' is configured to reset port configuration on disconnect (True)","vcenter-8.network-reset-port","P2 Upon Feature Enablement","The vCenter Server must reset port configuration when virtual machines are disconnected.","Enabled","VCSA-80-000302","N/A","$VDPGview = Get-VDPortgroup -Name $VDPG | Get-View  $ConfigSpec = New-Object VMware.Vim.DVPortgroupConfigSpec $ConfigSpec.DefaultPortConfig = New-Object VMware.Vim.VMwareDVSPortSetting $ConfigSpec.Policy = New-Object VMware.Vim.VMwareDVSPortgroupPolicy $ConfigSpec.Policy.PortConfigResetAtDisconnect = $true $ConfigSpec.ConfigVersion = $VDPGview.Config.ConfigVersion $VDPGview.ReconfigureDVPortgroup_Task($ConfigSpec)"
"vCenter","epavcsa.epa.com","PASS","Distributed portgroup 'Nice_PG_Trunk' NetFlow is configured correctly (False)","vcenter-8.network-restrict-netflow-usage","P2 Upon Feature Enablement","The vCenter Server must ensure that NetFlow traffic is being sent to authorized collectors.","Not Configured","VCSA-80-000271","1.4.5","$VDPGview = Get-VDPortgroup -Name $VDPG | Get-View  $ConfigSpec = New-Object VMware.Vim.DVPortgroupConfigSpec $ConfigSpec.DefaultPortConfig = New-Object VMware.Vim.VMwareDVSPortSetting $ConfigSpec.DefaultPortConfig.IpfixEnabled = New-Object VMware.Vim.BoolPolicy $ConfigSpec.DefaultPortConfig.IpfixEnabled.Inherited = $false $ConfigSpec.DefaultPortConfig.IpfixEnabled.Value = $false $ConfigSpec.ConfigVersion = $VDPGview.Config.ConfigVersion $VDPGview.ReconfigureDVPortgroup_Task($ConfigSpec)"
"vCenter","epavcsa.epa.com","FAIL","Distributed portgroup 'Nice_PG_Trunk' policies are not configured correctly (VlanOverrideAllowed: False, UplinkTeamingOverrideAllowed: False, SecurityPolicyOverrideAllowed: False, MacManagementOverrideAllowed: False, BlockOverrideAllowed: False, ShapingOverrideAllowed: False, IpfixOverrideAllowed: False, VendorConfigOverrideAllowed: False, LivePortMovingAllowed: False, NetworkResourcePoolOverrideAllowed: False, TrafficFilterOverrideAllowed: False)",,,,,,,
"vCenter","epavcsa.epa.com","PASS","Distributed portgroup 'Nice_PG_Trunk' MAC learning is not enabled (False)","vcenter-8.network-mac-learning","P2 Upon Feature Enablement","All distributed switch port groups must deactivate MAC Learning unless used intentionally.","Disabled","N/A","1.4.5","$VDPGview = Get-VDPortgroup -Name $VDPG | Get-View  $ConfigSpec = New-Object VMware.Vim.DVPortgroupConfigSpec $ConfigSpec.DefaultPortConfig = New-Object VMware.Vim.VMwareDVSPortSetting $ConfigSpec.DefaultPortConfig.MacManagementPolicy = New-Object VMware.Vim.DVSMacManagementPolicy $ConfigSpec.DefaultPortConfig.MacManagementPolicy.MacLearningPolicy = New-Object VMware.Vim.DVSMacLearningPolicy $ConfigSpec.DefaultPortConfig.MacManagementPolicy.MacLearningPolicy.Enabled = $false $ConfigSpec.ConfigVersion = $VDPGview.Config.ConfigVersion $VDPGview.ReconfigureDVPortgroup_Task($ConfigSpec)"
"vCenter","epavcsa.epa.com","PASS","Distributed portgroup 'edge02-uplink2078-seg' is not configured to allow promiscuous mode (False)","vcenter-8.network-reject-promiscuous-mode-dvportgroup","P2 Upon Feature Enablement","All distributed switches and their port groups must be configured to reject guest promiscuous mode requests.","Reject","VCSA-80-000270","1.4.5","Get-VDSwitch -Name $VDS | Get-VDSecurityPolicy | Set-VDSecurityPolicy -AllowPromiscuous $false Get-VDPortgroup -Name $VDPG | Get-VDSecurityPolicy | Set-VDSecurityPolicy -AllowPromiscuous $false"
"vCenter","epavcsa.epa.com","PASS","Distributed portgroup 'edge02-uplink2078-seg' is not configured to allow MAC address changes (False)","vcenter-8.network-reject-mac-changes-dvportgroup","P2 Upon Feature Enablement","All distributed switches and their port groups must be configured to reject guest MAC address changes.","Reject","VCSA-80-000269","1.4.3","Get-VDSwitch -Name $VDS | Get-VDSecurityPolicy | Set-VDSecurityPolicy -MacChanges $false Get-VDPortgroup -Name $VDPG | Get-VDSecurityPolicy | Set-VDSecurityPolicy -MacChanges $false"
"vCenter","epavcsa.epa.com","PASS","Distributed portgroup 'edge02-uplink2078-seg' is not configured to allow forged transmits (False)","vcenter-8.network-reject-forged-transmit-dvportgroup","P2 Upon Feature Enablement","All distributed switches and their port groups must be configured to reject forged transmits.","Reject","VCSA-80-000268","1.4.3","Get-VDSwitch -Name $VDS | Get-VDSecurityPolicy | Set-VDSecurityPolicy -ForgedTransmits $false Get-VDPortgroup -Name $VDPG | Get-VDSecurityPolicy | Set-VDSecurityPolicy -ForgedTransmits $false"
"vCenter","epavcsa.epa.com","PASS","Distributed portgroup 'edge02-uplink2078-seg' is not configured to allow VLAN 4095 (VLAN 2078)",,,,,,,
"vCenter","epavcsa.epa.com","PASS","Distributed portgroup 'edge02-uplink2078-seg' does not appear to be configured to use a default VLAN (VLAN 2078)",,,,,,,
"vCenter","epavcsa.epa.com","PASS","Distributed portgroup 'edge02-uplink2078-seg' is configured to reset port configuration on disconnect (True)","vcenter-8.network-reset-port","P2 Upon Feature Enablement","The vCenter Server must reset port configuration when virtual machines are disconnected.","Enabled","VCSA-80-000302","N/A","$VDPGview = Get-VDPortgroup -Name $VDPG | Get-View  $ConfigSpec = New-Object VMware.Vim.DVPortgroupConfigSpec $ConfigSpec.DefaultPortConfig = New-Object VMware.Vim.VMwareDVSPortSetting $ConfigSpec.Policy = New-Object VMware.Vim.VMwareDVSPortgroupPolicy $ConfigSpec.Policy.PortConfigResetAtDisconnect = $true $ConfigSpec.ConfigVersion = $VDPGview.Config.ConfigVersion $VDPGview.ReconfigureDVPortgroup_Task($ConfigSpec)"
"vCenter","epavcsa.epa.com","PASS","Distributed portgroup 'edge02-uplink2078-seg' NetFlow is configured correctly (False)","vcenter-8.network-restrict-netflow-usage","P2 Upon Feature Enablement","The vCenter Server must ensure that NetFlow traffic is being sent to authorized collectors.","Not Configured","VCSA-80-000271","1.4.5","$VDPGview = Get-VDPortgroup -Name $VDPG | Get-View  $ConfigSpec = New-Object VMware.Vim.DVPortgroupConfigSpec $ConfigSpec.DefaultPortConfig = New-Object VMware.Vim.VMwareDVSPortSetting $ConfigSpec.DefaultPortConfig.IpfixEnabled = New-Object VMware.Vim.BoolPolicy $ConfigSpec.DefaultPortConfig.IpfixEnabled.Inherited = $false $ConfigSpec.DefaultPortConfig.IpfixEnabled.Value = $false $ConfigSpec.ConfigVersion = $VDPGview.Config.ConfigVersion $VDPGview.ReconfigureDVPortgroup_Task($ConfigSpec)"
"vCenter","epavcsa.epa.com","PASS","Distributed portgroup 'edge02-uplink2078-seg' policies are configured correctly (VlanOverrideAllowed: False, UplinkTeamingOverrideAllowed: False, SecurityPolicyOverrideAllowed: False, MacManagementOverrideAllowed: False, BlockOverrideAllowed: True, ShapingOverrideAllowed: False, IpfixOverrideAllowed: False, VendorConfigOverrideAllowed: False, LivePortMovingAllowed: False, NetworkResourcePoolOverrideAllowed: False, TrafficFilterOverrideAllowed: False)",,,,,,,
"vCenter","epavcsa.epa.com","PASS","Distributed portgroup 'edge02-uplink2078-seg' MAC learning is not enabled (False)","vcenter-8.network-mac-learning","P2 Upon Feature Enablement","All distributed switch port groups must deactivate MAC Learning unless used intentionally.","Disabled","N/A","1.4.5","$VDPGview = Get-VDPortgroup -Name $VDPG | Get-View  $ConfigSpec = New-Object VMware.Vim.DVPortgroupConfigSpec $ConfigSpec.DefaultPortConfig = New-Object VMware.Vim.VMwareDVSPortSetting $ConfigSpec.DefaultPortConfig.MacManagementPolicy = New-Object VMware.Vim.DVSMacManagementPolicy $ConfigSpec.DefaultPortConfig.MacManagementPolicy.MacLearningPolicy = New-Object VMware.Vim.DVSMacLearningPolicy $ConfigSpec.DefaultPortConfig.MacManagementPolicy.MacLearningPolicy.Enabled = $false $ConfigSpec.ConfigVersion = $VDPGview.Config.ConfigVersion $VDPGview.ReconfigureDVPortgroup_Task($ConfigSpec)"
"vCenter","epavcsa.epa.com","ERROR","Failed to check vCenter Server Appliance SSH status: A server error occurred: 'com.vmware.vapi.std.errors.unauthorized': Unable to authorize user (Server error id: 'vapi.security.authorization.invalid'). Check $Error.Exception.ServerError for more details.",,,,,,,
"vCenter","epavcsa.epa.com","ERROR","Failed to check vCenter Server Appliance local accounts policy: A server error occurred: 'com.vmware.vapi.std.errors.unauthorized': Unable to authorize user (Server error id: 'vapi.security.authorization.invalid'). Check $Error.Exception.ServerError for more details.",,,,,,,
"vCenter","epavcsa.epa.com","ERROR","Failed to check vCenter Server Appliance log forwarding: A server error occurred: 'com.vmware.vapi.std.errors.unauthorized': Unable to authorize user (Server error id: 'vapi.security.authorization.invalid'). Check $Error.Exception.ServerError for more details.",,,,,,,
"vCenter","epavcsa.epa.com","ERROR","Failed to check vCenter Server Appliance NTP settings: A server error occurred: 'com.vmware.vapi.std.errors.unauthorized': Unable to authorize user (Server error id: 'vapi.security.authorization.invalid'). Check $Error.Exception.ServerError for more details.",,,,,,,
"vCenter","epavcsa.epa.com","INFO","Audit of epavcsa.epa.com completed at 2026-09-07 09:02:59",,,,,,,
"ESXi","fu-01.epa.com","INFO","VMware ESX Host Security Settings Audit Utility 8.0.3",,,,,,,
"ESXi","fu-01.epa.com","INFO","Audit of fu-01.epa.com started at 2026-09-07 09:02:02 from HCSVDI-28 by broadcom",,,,,,,
"ESXi","fu-01.epa.com","INFO","EULA accepted.",,,,,,,
"ESXi","fu-01.epa.com","INFO","Safety checks skipped.",,,,,,,
"ESXi","fu-01.epa.com","PASS","fu-01.epa.com: Security.AccountUnlockTime configured correctly (900)","esxi-8.account-auto-unlock-time","P2","The ESXi host must unlock accounts after a specified timeout period.","900","ESXI-80-000111","8.3.4","Get-VMHost -Name $ESXi | Get-AdvancedSetting Security.AccountUnlockTime | Set-AdvancedSetting -Value 900"
"ESXi","fu-01.epa.com","PASS","fu-01.epa.com: Net.BlockGuestBPDU configured correctly (1)","esxi-8.network-bpdu","P2","Enable the Bridge Protocol Data Unit (BPDU) filter on the ESXi host.","1","ESXI-80-000215","N/A","Get-VMHost -Name $ESXi | Get-AdvancedSetting Net.BlockGuestBPDU | Set-AdvancedSetting -Value 1"
"ESXi","fu-01.epa.com","PASS","fu-01.epa.com: UserVars.ESXiVPsDisabledProtocols configured correctly (sslv3,tlsv1,tlsv1.1)","esxi-8.tls-protocols","P2","The ESXi host must enable the highest version of TLS supported.","""sslv3,tlsv1,tlsv1.1""","ESXI-80-000161","2.2.7
4.2.1
8.3.2","Get-VMHost -Name $ESXi | Get-AdvancedSetting UserVars.ESXiVPsDisabledProtocols | Set-AdvancedSetting -Value ""sslv3,tlsv1,tlsv1.1"""
"ESXi","fu-01.epa.com","PASS","fu-01.epa.com: UserVars.ESXiShellTimeOut configured correctly (0)","esxi-8.shell-timeout","P0","Set a timeout to limit how long the ESXi Shell and SSH services are allowed to run.","600","ESXI-80-000195","8.2.8","Get-VMHost -Name $ESXi | Get-AdvancedSetting UserVars.ESXiShellTimeOut | Set-AdvancedSetting -Value 600"
"ESXi","fu-01.epa.com","FAIL","fu-01.epa.com: Syslog.global.certificate.strictX509Compliance not configured correctly (False)","esxi-8.logs-remote-tls-x509","P0","The ESXi host must use strict x509 verification for TLS-enabled remote logging endpoints.","TRUE","ESXI-80-000234","2.2.7","Get-VMHost -Name $ESXi | Get-AdvancedSetting Syslog.global.certificate.strictX509Compliance | Set-AdvancedSetting -Value TRUE"
"ESXi","fu-01.epa.com","FAIL","fu-01.epa.com: Security.PasswordMaxDays not configured correctly (99999)","esxi-8.account-password-max-days","P2","The ESXi host must be configured with an appropriate maximum password age.","9999","ESXI-80-000227","8.3.9","Get-VMHost -Name $ESXi | Get-AdvancedSetting Security.PasswordMaxDays | Set-AdvancedSetting -Value 9999"
"ESXi","fu-01.epa.com","FAIL","fu-01.epa.com: Net.BMCNetworkEnable not configured correctly (1)","esxi-8.hw-virtual-nic","Advanced","The ESXi host must not enable virtual hardware management network interfaces.","0","ESXI-80-000250","1.3.1
1.4.1
1.4.2
1.4.4","Get-VMHost -Name $ESXi | Get-AdvancedSetting Net.BMCNetworkEnable | Set-AdvancedSetting -Value 0"
"ESXi","fu-01.epa.com","FAIL","fu-01.epa.com: Mem.MemEagerZero not configured correctly (0)","esxi-8.memeagerzero","P0","The ESXi host must enable volatile key destruction.","1","ESXI-80-000225","3.6.1","Get-VMHost -Name $ESXi | Get-AdvancedSetting Mem.MemEagerZero | Set-AdvancedSetting -Value 1"
"ESXi","fu-01.epa.com","PASS","fu-01.epa.com: UserVars.HostClientSessionTimeout configured correctly (900)","esxi-8.host-client-session-timeout","P2","The ESXi host must automatically terminate idle host client sessions.","900","ESXI-80-000010","8.2.8","Get-VMHost -Name $ESXi | Get-AdvancedSetting UserVars.HostClientSessionTimeout | Set-AdvancedSetting -Value 900"
"ESXi","fu-01.epa.com","FAIL","fu-01.epa.com: UserVars.SuppressShellWarning not configured correctly (1)","esxi-8.shell-warning","P2","The ESXi host must not suppress warnings that the ESXi shell is enabled.","0","ESXI-80-000222","N/A","Get-VMHost -Name $ESXi | Get-AdvancedSetting UserVars.SuppressShellWarning | Set-AdvancedSetting -Value 0"
"ESXi","fu-01.epa.com","FAIL","fu-01.epa.com: VMkernel.Boot.execInstalledOnly not configured correctly (False)","esxi-8.vib-trusted-binaries","P0","Only run binaries delivered via signed VIB.","True","ESXI-80-000244","5.2.3","Get-VMHost -Name $ESXi | Get-AdvancedSetting VMkernel.Boot.execInstalledOnly | Set-AdvancedSetting -Value True"
"ESXi","fu-01.epa.com","PASS","fu-01.epa.com: UserVars.ESXiShellInteractiveTimeOut configured correctly (0)","esxi-8.shell-interactive-timeout","P0","Configure the inactivity timeout to automatically terminate idle ESXi host shells.","900","ESXI-80-000068","8.2.8","Get-VMHost -Name $ESXi | Get-AdvancedSetting UserVars.ESXiShellInteractiveTimeOut | Set-AdvancedSetting -Value 900"
"ESXi","fu-01.epa.com","PASS","fu-01.epa.com: UserVars.SuppressHyperthreadWarning configured correctly (0)","esxi-8.cpu-hyperthread-warning","P2","The ESXi host must not suppress warnings about unmitigated hyperthreading vulnerabilities.","0","ESXI-80-000223","N/A","Get-VMHost -Name $ESXi | Get-AdvancedSetting UserVars.SuppressHyperthreadWarning | Set-AdvancedSetting -Value 0"
"ESXi","fu-01.epa.com","PASS","fu-01.epa.com: Security.PasswordHistory configured correctly (5)","esxi-8.account-password-history","P2","Configure the password history setting to restrict the reuse of passwords on the ESXi host.","5","ESXI-80-000043","8.3.7","Get-VMHost -Name $ESXi | Get-AdvancedSetting Security.PasswordHistory | Set-AdvancedSetting -Value 5"
"ESXi","fu-01.epa.com","PASS","fu-01.epa.com: Net.DVFilterBindIpAddress configured correctly ()","esxi-8.network-dvfilter","P2","Use of the dvFilter network APIs must be restricted on the ESXi host.","""""","ESXI-80-000219","N/A","Get-VMHost -Name $ESXi | Get-AdvancedSetting Net.DVFilterBindIpAddress | Set-AdvancedSetting -Value """""
"ESXi","fu-01.epa.com","PASS","fu-01.epa.com: UserVars.DcuiTimeOut configured correctly (600)","esxi-8.dcui-timeout","P2","Set a timeout to automatically terminate idle DCUI sessions on the ESXi host.","600","ESXI-80-000196","8.2.8","Get-VMHost -Name $ESXi | Get-AdvancedSetting UserVars.DcuiTimeOut | Set-AdvancedSetting -Value 600"
"ESXi","fu-01.epa.com","PASS","fu-01.epa.com: Syslog.global.logLevel configured correctly (error)","esxi-8.logs-level-global","P2","The ESXi host must log sufficient information for events.","error","ESXI-80-000235","10.2.1","Get-VMHost -Name $ESXi | Get-AdvancedSetting Syslog.global.logLevel | Set-AdvancedSetting -Value error"
"ESXi","fu-01.epa.com","FAIL","fu-01.epa.com: Syslog.global.auditRecord.storageCapacity not configured correctly (4)","esxi-8.logs-audit-local-capacity","P1","The ESXi host must store one week of audit records.","100","ESXI-80-000113","10.5.1","Get-VMHost -Name $ESXi | Get-AdvancedSetting Syslog.global.auditRecord.storageCapacity | Set-AdvancedSetting -Value 100"
"ESXi","fu-01.epa.com","PASS","fu-01.epa.com: Security.AccountLockFailures configured correctly (5)","esxi-8.account-lockout","P2","The ESXi host must lock an account after a specified number of failed login attempts.","5","ESXI-80-000005","8.3.4","Get-VMHost -Name $ESXi | Get-AdvancedSetting Security.AccountLockFailures | Set-AdvancedSetting -Value 5"
"ESXi","fu-01.epa.com","PASS","fu-01.epa.com: Syslog.global.certificate.checkSSLCerts configured correctly (True)","esxi-8.logs-remote-tls","P2","The ESXi host must verify certificates for TLS remote logging endpoints.","TRUE","ESXI-80-000224","2.2.7","Get-VMHost -Name $ESXi | Get-AdvancedSetting Syslog.global.certificate.checkSSLCerts | Set-AdvancedSetting -Value TRUE"
"ESXi","fu-01.epa.com","PASS","fu-01.epa.com: Mem.ShareForceSalting configured correctly (2)","esxi-8.transparent-page-sharing","P2","The ESXi host must restrict inter-VM transparent page sharing to VMs configured with sched.mem.pshare.salt.","2","ESXI-80-000213","N/A","Get-VMHost -Name $ESXi | Get-AdvancedSetting Mem.ShareForceSalting | Set-AdvancedSetting -Value 2"
"ESXi","fu-01.epa.com","PASS","fu-01.epa.com: DCUI.Access configured correctly (root)","esxi-8.lockdown-dcui-access","P2","The ESXi host must have an accurate DCUI.Access list.","root","ESXI-80-000189","2.2.4","Get-VMHost -Name $ESXi | Get-AdvancedSetting DCUI.Access | Set-AdvancedSetting -Value root"
"ESXi","fu-01.epa.com","FAIL","fu-01.epa.com: Syslog.global.auditRecord.storageEnable not configured correctly (False)","esxi-8.logs-audit-local","P0","The ESXi host must enable audit record logging.","TRUE","ESXI-80-000232","10.2.1","Get-VMHost -Name $ESXi | Get-AdvancedSetting Syslog.global.auditRecord.storageEnable | Set-AdvancedSetting -Value TRUE"
"ESXi","fu-01.epa.com","FAIL","fu-01.epa.com: Config.HostAgent.vmacore.soap.sessionTimeout not configured correctly (30)","esxi-8.api-soap-timeout","P1","The ESXi host must configure a session timeout for the vSphere API.","10","ESXI-80-000226","8.2.8","Get-VMHost -Name $ESXi | Get-AdvancedSetting Config.HostAgent.vmacore.soap.sessionTimeout | Set-AdvancedSetting -Value 10"
"ESXi","fu-01.epa.com","PASS","fu-01.epa.com: Syslog.global.auditRecord.remoteEnable configured correctly (True)","esxi-8.logs-audit-remote","P0","The ESXi host must transmit audit records to a remote host.","TRUE","ESXI-80-000233","10.2.1
10.3.3","Get-VMHost -Name $ESXi | Get-AdvancedSetting Syslog.global.auditRecord.remoteEnable | Set-AdvancedSetting -Value TRUE"
"ESXi","fu-01.epa.com","PASS","fu-01.epa.com: Config.HostAgent.log.level configured correctly (info)","esxi-8.logs-level","P2","Set the ESXi host logging informational level to info.","info","ESXI-80-000015
ESXI-80-000030","10.2.1","Get-VMHost -Name $ESXi | Get-AdvancedSetting Config.HostAgent.log.level | Set-AdvancedSetting -Value info"
"ESXi","fu-01.epa.com","PASS","fu-01.epa.com: Config.HostAgent.plugins.solo.enableMob configured correctly (False)","esxi-8.deactivate-mob","P2","The ESXi Managed Object Browser (MOB) must be deactivated.","False","ESXI-80-000047","2.2.4","Get-VMHost -Name $ESXi | Get-AdvancedSetting Config.HostAgent.plugins.solo.enableMob | Set-AdvancedSetting -Value False"
"ESXi","fu-01.epa.com","FAIL","fu-01.epa.com: Security.PasswordQualityControl not configured correctly (retry=3 min=disabled,disabled,disabled,7,7)","esxi-8.account-password-policies","P0","The ESXI host must enforce password complexity.","""similar=deny retry=3 min=disabled,disabled,disabled,disabled,15 max=64""","ESXI-80-000035
ESXI-80-000044","8.3.1
8.3.6","Get-VMHost -Name $ESXi | Get-AdvancedSetting Security.PasswordQualityControl | Set-AdvancedSetting -Value ""similar=deny retry=3 min=disabled,disabled,disabled,disabled,15 max=64"""
"ESXi","fu-01.epa.com","PASS","fu-01.epa.com: Syslog.global.logHost configured correctly (tcp://172.19.10.131:514,tcp://vcf-logmgmt.vcf.local:514?formatter=RFC_5424&framing=octet_counting)","esxi-8.logs-remote","P0","Configure a remote log server for the ESXi host.","Site-Specific Log Server","ESXI-80-000114","10.2.1
10.3.3","Get-VMHost -Name $ESXi | Get-AdvancedSetting Syslog.global.logHost | Set-AdvancedSetting -Value ""<log collector>"""
"ESXi","fu-01.epa.com","FAIL","fu-01.epa.com: Annotations.WelcomeMessage not configured correctly ()","esxi-8.annotations-welcomemessage","P1","Configure the ESXi host login banner for the DCUI and Host Client.","Consult your organization's legal advisors for text that is applicable to your environment.

An example is: ""Authorized users only. Actual or attempted unauthorized use of this system is prohibited and may result in criminal, civil, security, or administrative proceedings and/or penalties. Use of this information system indicates consent to monitoring and recording, without notice or permission. Users have no expectation of privacy in any use of this system. Any information stored on, or transiting this system, or obtained by monitoring and/or recording, may be disclosed to law enforcement and/or used in accordance with Federal law, State statute, and organization policy. If you are not an authorized user of this system, exit the system at this time.""","ESXI-80-000006
ESXI-80-000007","N/A","Get-VMHost -Name $ESXi | Get-AdvancedSetting Annotations.WelcomeMessage | Set-AdvancedSetting -Value ""Authorized users only. Actual or attempted unauthorized use of this system is prohibited and may result in criminal, civil, security, or administrative proceedings and/or penalties. Use of this information system indicates consent to monitoring and recording, without notice or permission. Users have no expectation of privacy in any use of this system. Any information stored on, or transiting this system, or obtained by monitoring and/or recording, may be disclosed to law enforcement and/or used in accordance with Federal law, State statute, and organization policy. If you are not an authorized user of this system, exit the system at this time."""
"ESXi","fu-01.epa.com","FAIL","fu-01.epa.com: Config.Etc.Issue not configured correctly ()","esxi-8.etc-issue","P1","Configure the login banner for ESXi host SSH connections.","Consult your organization's legal advisors for text that is applicable to your environment.

An example is: ""Authorized users only. Actual or attempted unauthorized use of this system is prohibited and may result in criminal, civil, security, or administrative proceedings and/or penalties. Use of this information system indicates consent to monitoring and recording, without notice or permission. Users have no expectation of privacy in any use of this system. Any information stored on, or transiting this system, or obtained by monitoring and/or recording, may be disclosed to law enforcement and/or used in accordance with Federal law, State statute, and organization policy. If you are not an authorized user of this system, exit the system at this time.""","ESXI-80-000191","N/A","Get-VMHost -Name $ESXi | Get-AdvancedSetting Config.Etc.issue | Set-AdvancedSetting -Value ""****************************************************************************`n* Authorized users only. Actual or attempted unauthorized use of this      *`n* system is prohibited and may result in criminal, civil, security, or     *`n* administrative proceedings and/or penalties. Use of this information     *`n* system indicates consent to monitoring and recording, without notice     *`n* or permission. Users have no expectation of privacy. Any information     *`n* stored on or transiting this system, or obtained by monitoring and/or    *`n* recording, may be disclosed to law enforcement and/or used in accordance *`n* with Federal law, State statute, and organization policy. If you are not *`n* an authorized user of this system, exit the system at this time.         *`n****************************************************************************`n"""
"ESXi","fu-01.epa.com","PASS","fu-01.epa.com: Local log location is persistent (/scratch/log)","esxi-8.logs-persistent","P0","Configure a persistent log location for all locally stored logs on the ESXi host.","Persistent Storage Location","ESXI-80-000243","10.5.1","Get-VMHost -Name $ESXi | Get-AdvancedSetting Syslog.global.logDir | Set-AdvancedSetting -Value ""<PERSISTENT LOCATION>"" "
"ESXi","fu-01.epa.com","PASS","fu-01.epa.com: Local audit log location is persistent (/scratch/log, /scratch/auditLog)","esxi-8.logs-audit-persistent","P0","Configure a persistent log location for all locally stored audit records on the ESXi host.","Persistent Storage Location","ESXI-80-000243","10.5.1","Get-VMHost -Name $ESXi | Get-AdvancedSetting Syslog.global.auditRecord.storageDirectory | Set-AdvancedSetting -Value ""<PERSISTENT LOCATION>/audit"""
"ESXi","fu-01.epa.com","PASS","fu-01.epa.com: Log filtering is deactivated (false)","esxi-8.logs-filter","P2","The ESXi host must not enable log filtering.","false","ESXI-80-000246","10.2.1","$ESXcli = Get-EsxCli -VMHost $ESXi -V2 $arguments = $esxcli.system.syslog.config.logfilter.set.CreateArgs() $arguments.logfilteringenabled = $false $ESXcli.system.syslog.config.logfilter.set.invoke($arguments)"
"ESXi","fu-01.epa.com","FAIL","fu-01.epa.com: DCUI user has shell access enabled (true)","esxi-8.account-dcui","P0","The ESXi host must deny shell access for the dcui account.","false","ESXI-80-000249","2.2.4","$ESXcli = Get-EsxCli -VMHost $ESXi -V2 $arguments = $ESXcli.system.account.set.CreateArgs() $arguments.id = ""dcui"" $arguments.shellaccess = ""false"" $ESXcli.system.account.set.Invoke($arguments)"
"ESXi","fu-01.epa.com","PASS","fu-01.epa.com: Entropy sources configured correctly (FALSE, 0)","esxi-8.entropy","P2","The ESXi host must use sufficient entropy for cryptographic operations.","disableHwrng = FALSE
entropySources = 0","ESXI-80-000245","2.2.7
3.3.2
3.3.3
8.3.2","$ESXcli = Get-EsxCli -VMHost $ESXi -V2 $arguments = $ESXcli.system.settings.kernel.set.CreateArgs() $arguments.setting = ""disableHwrng"" $arguments.value = ""FALSE"" $ESXcli.system.settings.kernel.set.invoke($arguments) $arguments.setting = ""entropySources"" $arguments.value = ""0"" $ESXcli.system.settings.kernel.set.invoke($arguments)"
"ESXi","fu-01.epa.com","FAIL","fu-01.epa.com: Secure Boot is not enabled on the host (False)","esxi-8.secureboot","P0","The ESXi host must enable Secure Boot.","True","ESXI-80-000094","5.2.3","N/A (Enable in hardware firmware settings)"
"ESXi","fu-01.epa.com","FAIL","fu-01.epa.com: Secure Boot TPM-based enforcement is not enabled (false)","esxi-8.secureboot-enforcement","P0","The ESXi host must enable TPM-based Secure Boot enforcement.","True","ESXI-80-000085","5.2.3","$ESXcli = Get-EsxCli -VMHost $ESXi -V2 $arguments = $ESXcli.system.settings.encryption.set.CreateArgs() $arguments.requiresecureboot = $true $ESXcli.system.settings.encryption.set.Invoke($arguments)"
"ESXi","fu-01.epa.com","FAIL","fu-01.epa.com: TPM configuration encryption is not enabled (NONE)","esxi-8.tpm-configuration","P2 Upon Feature Enablement","The ESXi host must require TPM-based configuration encryption.","TPM","ESXI-80-000238","5.2.3","$ESXcli = Get-EsxCli -VMHost $ESXi -V2 $arguments = $ESXcli.system.settings.encryption.set.CreateArgs() $arguments.mode = ""TPM"" $ESXcli.system.settings.encryption.set.Invoke($arguments)"
"ESXi","fu-01.epa.com","PASS","fu-01.epa.com: Key persistence is not enabled (false)","esxi-8.key-persistence","P2 Upon Feature Enablement","The ESXi host must not store encryption keys on ESXi hosts without securing physical access to the hosts.","false","ESXI-80-000248","3.3.2
3.3.3
3.5.1","$ESXcli = Get-EsxCli -VMHost $ESXi -V2 $arguments = $ESXcli.system.security.keypersistence.disable.CreateArgs() $arguments.removeallstoredkeys = $true $ESXcli.system.security.keypersistence.disable.Invoke($arguments)"
"ESXi","fu-01.epa.com","FAIL","fu-01.epa.com: TLS profile is not configured correctly (COMPATIBLE)","esxi-8.tls-profile","P0","The ESXi host must maintain confidentiality and integrity of transmissions by enabling modern TLS ciphers.","NIST_2024","ESXI-80-000247","2.2.7
4.2.1
8.3.2","$ESXcli = Get-EsxCli -VMHost $ESXi -V2 $arguments = $ESXcli.system.tls.server.set.CreateArgs() $arguments.profile = ""NIST_2024"" $ESXcli.system.tls.server.set.invoke($arguments)"
"ESXi","fu-01.epa.com","PASS","fu-01.epa.com: Host Image Profile Acceptance Level is configured correctly (PartnerSupported)","esxi-8.vib-acceptance-level-supported","P2","The ESXi host image profile acceptance level must be PartnerSupported or higher.","PartnerSupported or Higher","ESXI-80-000133","5.2.3","$ESXcli = Get-EsxCli -VMHost $ESXi -V2 $arguments = $ESXcli.software.acceptance.set.CreateArgs() $arguments.level = ""PartnerSupported"" # VMwareCertified, VMwareAccepted, PartnerSupported, CommunitySupported $ESXcli.software.acceptance.set.Invoke($arguments)"
"ESXi","fu-01.epa.com","PASS","fu-01.epa.com: Active Directory integration is configured correctly ()","esxi-8.ad-auth-proxy","P0 Upon Feature Enablement","The vCenter Server must use the vSphere Authentication Proxy to avoid storing Active Directory credentials.","Configured If Feature In Use","ESXI-80-000240","N/A","N/A"
"ESXi","fu-01.epa.com","PASS","fu-01.epa.com: SSH has FIPS mode enabled (true)","esxi-8.ssh-fips","P2 Upon Feature Enablement","The ESXi host SSH daemon must use FIPS 140-2/140-3 validated cryptographic modules.","TRUE","ESXI-80-000014","2.2.7
8.3.2","$ESXcli = Get-EsxCli -VMHost $ESXi -V2 $arguments = $ESXcli.system.security.fips140.ssh.set.CreateArgs() $arguments.enable = $true $ESXcli.system.security.fips140.ssh.set.Invoke($arguments)"
"ESXi","fu-01.epa.com","PASS","fu-01.epa.com: SSH ciphers configured correctly (aes256-gcm@openssh.com,aes128-gcm@openssh.com,aes256-ctr,aes192-ctr,aes128-ctr)","esxi-8.ssh-fips-ciphers","P2 Upon Feature Enablement","The ESXi host Secure Shell (SSH) daemon must be configured to only use FIPS 140-2/140-3 validated ciphers.","aes256-gcm@openssh.com,aes128-gcm@openssh.com,aes256-ctr,aes192-ctr,aes128-ctr","ESXI-80-000187","2.2.7
8.3.2","$ESXcli = Get-EsxCli -VMHost $ESXi -V2 $arguments = $ESXcli.system.ssh.server.config.set.CreateArgs() $arguments.keyword = 'ciphers' $arguments.value = 'aes256-gcm@openssh.com,aes128-gcm@openssh.com,aes256-ctr,aes192-ctr,aes128-ctr' $ESXcli.system.ssh.server.config.set.Invoke($arguments)"
"ESXi","fu-01.epa.com","PASS","fu-01.epa.com: SSH gatewayports configured correctly (no)","esxi-8.ssh-gateway-ports","P2 Upon Feature Enablement","The ESXi host Secure Shell (SSH) daemon must be configured to not allow gateway ports.","no","ESXI-80-000207","N/A","$ESXcli = Get-EsxCli -VMHost $ESXi -V2 $arguments = $ESXcli.system.ssh.server.config.set.CreateArgs() $arguments.keyword = 'gatewayports' $arguments.value = 'no' $ESXcli.system.ssh.server.config.set.Invoke($arguments)"
"ESXi","fu-01.epa.com","PASS","fu-01.epa.com: SSH hostbasedauthentication configured correctly (no)","esxi-8.ssh-host-based-auth","P2 Upon Feature Enablement","The ESXi host Secure Shell (SSH) daemon must not allow host-based authentication.","no","ESXI-80-000202","N/A","$ESXcli = Get-EsxCli -VMHost $ESXi -V2 $arguments = $ESXcli.system.ssh.server.config.set.CreateArgs() $arguments.keyword = 'hostbasedauthentication' $arguments.value = 'no' $ESXcli.system.ssh.server.config.set.Invoke($arguments)"
"ESXi","fu-01.epa.com","PASS","fu-01.epa.com: SSH clientalivecountmax configured correctly (3)","esxi-8.ssh-idle-timeout-count","P2 Upon Feature Enablement","The ESXi host Secure Shell (SSH) daemon must set a timeout count on idle sessions.","3","ESXI-80-000210","8.2.8","$ESXcli = Get-EsxCli -VMHost $ESXi -V2 $arguments = $ESXcli.system.ssh.server.config.set.CreateArgs() $arguments.keyword = 'clientalivecountmax' $arguments.value = '3' $ESXcli.system.ssh.server.config.set.Invoke($arguments)"
"ESXi","fu-01.epa.com","PASS","fu-01.epa.com: SSH clientaliveinterval configured correctly (200)","esxi-8.ssh-idle-timeout-interval","P2 Upon Feature Enablement","The ESXi host Secure Shell (SSH) daemon must set a timeout interval on idle sessions.","200","ESXI-80-000211","8.2.8","$ESXcli = Get-EsxCli -VMHost $ESXi -V2 $arguments = $ESXcli.system.ssh.server.config.set.CreateArgs() $arguments.keyword = 'clientaliveinterval' $arguments.value = '200' $ESXcli.system.ssh.server.config.set.Invoke($arguments)"
"ESXi","fu-01.epa.com","PASS","fu-01.epa.com: SSH banner configured correctly (/etc/issue)","esxi-8.ssh-login-banner","P2 Upon Feature Enablement","The ESXi host Secure Shell (SSH) daemon must display the system login banner before granting access to the system.","/etc/issue","ESXI-80-000192","N/A","$ESXcli = Get-EsxCli -VMHost $ESXi -V2 $arguments = $ESXcli.system.ssh.server.config.set.CreateArgs() $arguments.keyword = 'banner' $arguments.value = '/etc/issue' $ESXcli.system.ssh.server.config.set.Invoke($arguments)"
"ESXi","fu-01.epa.com","PASS","fu-01.epa.com: SSH ignorerhosts configured correctly (yes)","esxi-8.ssh-rhosts","P2 Upon Feature Enablement","The ESXi host Secure Shell (SSH) daemon must ignore .rhosts files.","yes","ESXI-80-000052","N/A","$ESXcli = Get-EsxCli -VMHost $ESXi -V2 $arguments = $ESXcli.system.ssh.server.config.set.CreateArgs() $arguments.keyword = 'ignorerhosts' $arguments.value = 'yes' $ESXcli.system.ssh.server.config.set.Invoke($arguments)"
"ESXi","fu-01.epa.com","PASS","fu-01.epa.com: SSH allowstreamlocalforwarding configured correctly (no)","esxi-8.ssh-stream-local-forwarding","P2 Upon Feature Enablement","The ESXi host Secure Shell (SSH) daemon must disable stream local forwarding.","no","N/A","N/A","$ESXcli = Get-EsxCli -VMHost $ESXi -V2 $arguments = $ESXcli.system.ssh.server.config.set.CreateArgs() $arguments.keyword = 'allowstreamlocalforwarding' $arguments.value = 'no' $ESXcli.system.ssh.server.config.set.Invoke($arguments)"
"ESXi","fu-01.epa.com","PASS","fu-01.epa.com: SSH allowtcpforwarding configured correctly (no)","esxi-8.ssh-tcp-forwarding","P2 Upon Feature Enablement","The ESXi host Secure Shell (SSH) daemon must disable TCP forwarding.","no","ESXI-80-000230","N/A","$ESXcli = Get-EsxCli -VMHost $ESXi -V2 $arguments = $ESXcli.system.ssh.server.config.set.CreateArgs() $arguments.keyword = 'allowtcpforwarding' $arguments.value = 'no' $ESXcli.system.ssh.server.config.set.Invoke($arguments)"
"ESXi","fu-01.epa.com","PASS","fu-01.epa.com: SSH permittunnel configured correctly (no)","esxi-8.ssh-tunnels","P2 Upon Feature Enablement","The ESXi host Secure Shell (SSH) daemon must not permit tunnels.","no","ESXI-80-000209","N/A","$ESXcli = Get-EsxCli -VMHost $ESXi -V2 $arguments = $ESXcli.system.ssh.server.config.set.CreateArgs() $arguments.keyword = 'permittunnel' $arguments.value = 'no' $ESXcli.system.ssh.server.config.set.Invoke($arguments)"
"ESXi","fu-01.epa.com","PASS","fu-01.epa.com: SSH permituserenvironment configured correctly (no)","esxi-8.ssh-user-environment","P2 Upon Feature Enablement","The ESXi host Secure Shell (SSH) daemon must not permit user environment settings.","no","ESXI-80-000204","N/A","$ESXcli = Get-EsxCli -VMHost $ESXi -V2 $arguments = $ESXcli.system.ssh.server.config.set.CreateArgs() $arguments.keyword = 'permituserenvironment' $arguments.value = 'no' $ESXcli.system.ssh.server.config.set.Invoke($arguments)"
"ESXi","fu-01.epa.com","PASS","fu-01.epa.com: sfcbd-watchdog is not running (False)","esxi-8.deactivate-cim","P0","The ESXi CIM service should be deactivated.","Stopped,
Start and stop manually","ESXI-80-000228","2.2.4","Get-VMHostService -VMHost $ESXi | where {$_.Key -eq 'sfcbd-watchdog'} | Set-VMHostService -Policy Off Get-VMHostService -VMHost $ESXi | where {$_.Key -eq 'sfcbd-watchdog'} | Stop-VMHostService"
"ESXi","fu-01.epa.com","FAIL","fu-01.epa.com: sfcbd-watchdog is configured to start (on)","esxi-8.deactivate-cim","P0","The ESXi CIM service should be deactivated.","Stopped,
Start and stop manually","ESXI-80-000228","2.2.4","Get-VMHostService -VMHost $ESXi | where {$_.Key -eq 'sfcbd-watchdog'} | Set-VMHostService -Policy Off Get-VMHostService -VMHost $ESXi | where {$_.Key -eq 'sfcbd-watchdog'} | Stop-VMHostService"
"ESXi","fu-01.epa.com","FAIL","fu-01.epa.com: TSM is running (True)","esxi-8.deactivate-shell","P2","The ESXi shell should be deactivated.","Stopped,
Start and stop manually","ESXI-80-000194","2.2.4","Get-VMHostService -VMHost $ESXi | where {$_.Key -eq 'TSM'} | Set-VMHostService -Policy Off Get-VMHostService -VMHost $ESXi | where {$_.Key -eq 'TSM'} | Stop-VMHostService"
"ESXi","fu-01.epa.com","FAIL","fu-01.epa.com: TSM is configured to start (on)","esxi-8.deactivate-shell","P2","The ESXi shell should be deactivated.","Stopped,
Start and stop manually","ESXI-80-000194","2.2.4","Get-VMHostService -VMHost $ESXi | where {$_.Key -eq 'TSM'} | Set-VMHostService -Policy Off Get-VMHostService -VMHost $ESXi | where {$_.Key -eq 'TSM'} | Stop-VMHostService"
"ESXi","fu-01.epa.com","PASS","fu-01.epa.com: slpd is not running (False)","esxi-8.deactivate-slp","P2","The ESXi SLP service should be deactivated.","Stopped,
Start and stop manually","ESXI-80-000231","2.2.4","Get-VMHostService -VMHost $ESXi | where {$_.Key -eq 'slpd'} | Set-VMHostService -Policy Off Get-VMHostService -VMHost $ESXi | where {$_.Key -eq 'slpd'} | Stop-VMHostService"
"ESXi","fu-01.epa.com","PASS","fu-01.epa.com: slpd is not configured to start (off)","esxi-8.deactivate-slp","P2","The ESXi SLP service should be deactivated.","Stopped,
Start and stop manually","ESXI-80-000231","2.2.4","Get-VMHostService -VMHost $ESXi | where {$_.Key -eq 'slpd'} | Set-VMHostService -Policy Off Get-VMHostService -VMHost $ESXi | where {$_.Key -eq 'slpd'} | Stop-VMHostService"
"ESXi","fu-01.epa.com","PASS","fu-01.epa.com: snmpd is not running (False)","esxi-8.deactivate-snmp","P0","The ESXi SNMP service should be deactivated.","Stopped,
Start and stop manually","ESXI-80-000212","2.2.4
2.2.5","Get-VMHostService -VMHost $ESXi | where {$_.Key -eq 'snmpd'} | Set-VMHostService -Policy Off Get-VMHostService -VMHost $ESXi | where {$_.Key -eq 'snmpd'} | Stop-VMHostService"
"ESXi","fu-01.epa.com","FAIL","fu-01.epa.com: snmpd is configured to start (on)","esxi-8.deactivate-snmp","P0","The ESXi SNMP service should be deactivated.","Stopped,
Start and stop manually","ESXI-80-000212","2.2.4
2.2.5","Get-VMHostService -VMHost $ESXi | where {$_.Key -eq 'snmpd'} | Set-VMHostService -Policy Off Get-VMHostService -VMHost $ESXi | where {$_.Key -eq 'snmpd'} | Stop-VMHostService"
"ESXi","fu-01.epa.com","FAIL","fu-01.epa.com: TSM-SSH is running (True)","esxi-8.deactivate-ssh","P2","The ESXi SSH service should be deactivated.","Stopped,
Start and stop manually","ESXI-80-000193","2.2.4","Get-VMHostService -VMHost $ESXi | where {$_.Key -eq 'TSM-SSH'} | Set-VMHostService -Policy Off Get-VMHostService -VMHost $ESXi | where {$_.Key -eq 'TSM-SSH'} | Stop-VMHostService"
"ESXi","fu-01.epa.com","FAIL","fu-01.epa.com: TSM-SSH is configured to start (on)","esxi-8.deactivate-ssh","P2","The ESXi SSH service should be deactivated.","Stopped,
Start and stop manually","ESXI-80-000193","2.2.4","Get-VMHostService -VMHost $ESXi | where {$_.Key -eq 'TSM-SSH'} | Set-VMHostService -Policy Off Get-VMHostService -VMHost $ESXi | where {$_.Key -eq 'TSM-SSH'} | Stop-VMHostService"
"ESXi","fu-01.epa.com","PASS","fu-01.epa.com: ntpd is running (True)",,,,,,,
"ESXi","fu-01.epa.com","PASS","fu-01.epa.com: ntpd is configured to start (on)",,,,,,,
"ESXi","fu-01.epa.com","PASS","fu-01.epa.com: NTP client configured (172.17.10.101)",,,,,,,
"ESXi","fu-01.epa.com","FAIL","fu-01.epa.com: Lockdown Mode exception users not configured correctly (da-user mux_user nsx-user)","esxi-8.lockdown-mode","P0","Enable normal lockdown mode on the ESXi host.","lockdownNormal","ESXI-80-000008","2.2.4","(Get-View (Get-VMHost -Name $ESXi | Get-View).ConfigManager.HostAccessManager).ChangeLockdownMode('lockdownNormal')"
"ESXi","fu-01.epa.com","FAIL","fu-01.epa.com: Lockdown Mode is not configured correctly (lockdownDisabled)","esxi-8.lockdown-mode","P0","Enable normal lockdown mode on the ESXi host.","lockdownNormal","ESXI-80-000008","2.2.4","(Get-View (Get-VMHost -Name $ESXi | Get-View).ConfigManager.HostAccessManager).ChangeLockdownMode('lockdownNormal')"
"ESXi","fu-01.epa.com","PASS","fu-01.epa.com: Standard switch 'vSwitch0' is not configured to allow promiscuous mode (False)","esxi-8.network-reject-promiscuous-mode-standardswitch","P0 Upon Feature Enablement","All standard switches and their port groups must be configured to reject guest promiscuous mode requests.","Reject","ESXI-80-000218","1.4.5","Get-VMHost -Name $ESXi | Get-VirtualSwitch -Standard | Get-SecurityPolicy | Set-SecurityPolicy -AllowPromiscuous $false Get-VMHost -Name $ESXi | Get-VirtualPortGroup -Standard | Get-SecurityPolicy | Set-SecurityPolicy -AllowPromiscuousInherited $true"
"ESXi","fu-01.epa.com","PASS","fu-01.epa.com: Standard switch 'vSwitch0' is not configured to allow MAC address changes (False)","esxi-8.network-reject-mac-changes-standardswitch","P0 Upon Feature Enablement","All standard switches and their port groups must be configured to reject guest MAC address changes.","Reject","ESXI-80-000217","1.4.3","Get-VMHost -Name $ESXi | Get-VirtualSwitch -Standard | Get-SecurityPolicy | Set-SecurityPolicy -MacChanges $false Get-VMHost -Name $ESXi | Get-VirtualPortGroup -Standard | Get-SecurityPolicy | Set-SecurityPolicy -MacChangesInherited $true"
"ESXi","fu-01.epa.com","PASS","fu-01.epa.com: Standard switch 'vSwitch0' is not configured to allow forged transmits (False)","esxi-8.network-reject-forged-transmit-standardswitch","P1 Upon Feature Enablement","All standard switches and their port groups must be configured to reject forged transmits.","Reject","ESXI-80-000216","1.4.3","Get-VMHost -Name $ESXi | Get-VirtualSwitch -Standard | Get-SecurityPolicy | Set-SecurityPolicy -ForgedTransmits $false  Get-VMHost -Name $ESXi | Get-VirtualPortGroup -Standard | Get-SecurityPolicy | Set-SecurityPolicy -ForgedTransmitsInherited $true"
"ESXi","fu-01.epa.com","PASS","fu-01.epa.com: Standard portgroup 'Management Network' is not configured to allow promiscuous mode (False)","esxi-8.network-reject-promiscuous-mode-standardswitch","P0 Upon Feature Enablement","All standard switches and their port groups must be configured to reject guest promiscuous mode requests.","Reject","ESXI-80-000218","1.4.5","Get-VMHost -Name $ESXi | Get-VirtualSwitch -Standard | Get-SecurityPolicy | Set-SecurityPolicy -AllowPromiscuous $false Get-VMHost -Name $ESXi | Get-VirtualPortGroup -Standard | Get-SecurityPolicy | Set-SecurityPolicy -AllowPromiscuousInherited $true"
"ESXi","fu-01.epa.com","PASS","fu-01.epa.com: Standard portgroup 'Management Network' is not configured to allow MAC address changes (False)","esxi-8.network-reject-mac-changes-standardswitch","P0 Upon Feature Enablement","All standard switches and their port groups must be configured to reject guest MAC address changes.","Reject","ESXI-80-000217","1.4.3","Get-VMHost -Name $ESXi | Get-VirtualSwitch -Standard | Get-SecurityPolicy | Set-SecurityPolicy -MacChanges $false Get-VMHost -Name $ESXi | Get-VirtualPortGroup -Standard | Get-SecurityPolicy | Set-SecurityPolicy -MacChangesInherited $true"
"ESXi","fu-01.epa.com","PASS","fu-01.epa.com: Standard portgroup 'Management Network' is not configured to allow forged transmits (False)","esxi-8.network-reject-forged-transmit-standardswitch","P1 Upon Feature Enablement","All standard switches and their port groups must be configured to reject forged transmits.","Reject","ESXI-80-000216","1.4.3","Get-VMHost -Name $ESXi | Get-VirtualSwitch -Standard | Get-SecurityPolicy | Set-SecurityPolicy -ForgedTransmits $false  Get-VMHost -Name $ESXi | Get-VirtualPortGroup -Standard | Get-SecurityPolicy | Set-SecurityPolicy -ForgedTransmitsInherited $true"
"ESXi","fu-01.epa.com","PASS","fu-01.epa.com: Standard portgroup 'Management Network' is not configured to allow VLAN 4095 (1810)",,,,,,,
"ESXi","fu-01.epa.com","PASS","fu-01.epa.com: Standard portgroup 'Management Network' does not appear to be configured to use a default VLAN (1810)",,,,,,,
"ESXi","fu-01.epa.com","PASS","fu-01.epa.com: Standard portgroup 'VM Network' is not configured to allow promiscuous mode (False)","esxi-8.network-reject-promiscuous-mode-standardswitch","P0 Upon Feature Enablement","All standard switches and their port groups must be configured to reject guest promiscuous mode requests.","Reject","ESXI-80-000218","1.4.5","Get-VMHost -Name $ESXi | Get-VirtualSwitch -Standard | Get-SecurityPolicy | Set-SecurityPolicy -AllowPromiscuous $false Get-VMHost -Name $ESXi | Get-VirtualPortGroup -Standard | Get-SecurityPolicy | Set-SecurityPolicy -AllowPromiscuousInherited $true"
"ESXi","fu-01.epa.com","PASS","fu-01.epa.com: Standard portgroup 'VM Network' is not configured to allow MAC address changes (False)","esxi-8.network-reject-mac-changes-standardswitch","P0 Upon Feature Enablement","All standard switches and their port groups must be configured to reject guest MAC address changes.","Reject","ESXI-80-000217","1.4.3","Get-VMHost -Name $ESXi | Get-VirtualSwitch -Standard | Get-SecurityPolicy | Set-SecurityPolicy -MacChanges $false Get-VMHost -Name $ESXi | Get-VirtualPortGroup -Standard | Get-SecurityPolicy | Set-SecurityPolicy -MacChangesInherited $true"
"ESXi","fu-01.epa.com","PASS","fu-01.epa.com: Standard portgroup 'VM Network' is not configured to allow forged transmits (False)","esxi-8.network-reject-forged-transmit-standardswitch","P1 Upon Feature Enablement","All standard switches and their port groups must be configured to reject forged transmits.","Reject","ESXI-80-000216","1.4.3","Get-VMHost -Name $ESXi | Get-VirtualSwitch -Standard | Get-SecurityPolicy | Set-SecurityPolicy -ForgedTransmits $false  Get-VMHost -Name $ESXi | Get-VirtualPortGroup -Standard | Get-SecurityPolicy | Set-SecurityPolicy -ForgedTransmitsInherited $true"
"ESXi","fu-01.epa.com","PASS","fu-01.epa.com: Standard portgroup 'VM Network' is not configured to allow VLAN 4095 (1810)",,,,,,,
"ESXi","fu-01.epa.com","PASS","fu-01.epa.com: Standard portgroup 'VM Network' does not appear to be configured to use a default VLAN (1810)",,,,,,,
"ESXi","fu-01.epa.com","PASS","fu-01.epa.com: Standard portgroup 'vMotion' is not configured to allow promiscuous mode (False)","esxi-8.network-reject-promiscuous-mode-standardswitch","P0 Upon Feature Enablement","All standard switches and their port groups must be configured to reject guest promiscuous mode requests.","Reject","ESXI-80-000218","1.4.5","Get-VMHost -Name $ESXi | Get-VirtualSwitch -Standard | Get-SecurityPolicy | Set-SecurityPolicy -AllowPromiscuous $false Get-VMHost -Name $ESXi | Get-VirtualPortGroup -Standard | Get-SecurityPolicy | Set-SecurityPolicy -AllowPromiscuousInherited $true"
"ESXi","fu-01.epa.com","PASS","fu-01.epa.com: Standard portgroup 'vMotion' is not configured to allow MAC address changes (False)","esxi-8.network-reject-mac-changes-standardswitch","P0 Upon Feature Enablement","All standard switches and their port groups must be configured to reject guest MAC address changes.","Reject","ESXI-80-000217","1.4.3","Get-VMHost -Name $ESXi | Get-VirtualSwitch -Standard | Get-SecurityPolicy | Set-SecurityPolicy -MacChanges $false Get-VMHost -Name $ESXi | Get-VirtualPortGroup -Standard | Get-SecurityPolicy | Set-SecurityPolicy -MacChangesInherited $true"
"ESXi","fu-01.epa.com","PASS","fu-01.epa.com: Standard portgroup 'vMotion' is not configured to allow forged transmits (False)","esxi-8.network-reject-forged-transmit-standardswitch","P1 Upon Feature Enablement","All standard switches and their port groups must be configured to reject forged transmits.","Reject","ESXI-80-000216","1.4.3","Get-VMHost -Name $ESXi | Get-VirtualSwitch -Standard | Get-SecurityPolicy | Set-SecurityPolicy -ForgedTransmits $false  Get-VMHost -Name $ESXi | Get-VirtualPortGroup -Standard | Get-SecurityPolicy | Set-SecurityPolicy -ForgedTransmitsInherited $true"
"ESXi","fu-01.epa.com","PASS","fu-01.epa.com: Standard portgroup 'vMotion' is not configured to allow VLAN 4095 (1820)",,,,,,,
"ESXi","fu-01.epa.com","PASS","fu-01.epa.com: Standard portgroup 'vMotion' does not appear to be configured to use a default VLAN (1820)",,,,,,,
"ESXi","fu-01.epa.com","PASS","fu-01.epa.com: Standard portgroup 'vSAN' is not configured to allow promiscuous mode (False)","esxi-8.network-reject-promiscuous-mode-standardswitch","P0 Upon Feature Enablement","All standard switches and their port groups must be configured to reject guest promiscuous mode requests.","Reject","ESXI-80-000218","1.4.5","Get-VMHost -Name $ESXi | Get-VirtualSwitch -Standard | Get-SecurityPolicy | Set-SecurityPolicy -AllowPromiscuous $false Get-VMHost -Name $ESXi | Get-VirtualPortGroup -Standard | Get-SecurityPolicy | Set-SecurityPolicy -AllowPromiscuousInherited $true"
"ESXi","fu-01.epa.com","PASS","fu-01.epa.com: Standard portgroup 'vSAN' is not configured to allow MAC address changes (False)","esxi-8.network-reject-mac-changes-standardswitch","P0 Upon Feature Enablement","All standard switches and their port groups must be configured to reject guest MAC address changes.","Reject","ESXI-80-000217","1.4.3","Get-VMHost -Name $ESXi | Get-VirtualSwitch -Standard | Get-SecurityPolicy | Set-SecurityPolicy -MacChanges $false Get-VMHost -Name $ESXi | Get-VirtualPortGroup -Standard | Get-SecurityPolicy | Set-SecurityPolicy -MacChangesInherited $true"
"ESXi","fu-01.epa.com","PASS","fu-01.epa.com: Standard portgroup 'vSAN' is not configured to allow forged transmits (False)","esxi-8.network-reject-forged-transmit-standardswitch","P1 Upon Feature Enablement","All standard switches and their port groups must be configured to reject forged transmits.","Reject","ESXI-80-000216","1.4.3","Get-VMHost -Name $ESXi | Get-VirtualSwitch -Standard | Get-SecurityPolicy | Set-SecurityPolicy -ForgedTransmits $false  Get-VMHost -Name $ESXi | Get-VirtualPortGroup -Standard | Get-SecurityPolicy | Set-SecurityPolicy -ForgedTransmitsInherited $true"
"ESXi","fu-01.epa.com","PASS","fu-01.epa.com: Standard portgroup 'vSAN' is not configured to allow VLAN 4095 (1830)",,,,,,,
"ESXi","fu-01.epa.com","PASS","fu-01.epa.com: Standard portgroup 'vSAN' does not appear to be configured to use a default VLAN (1830)",,,,,,,
"ESXi","fu-01.epa.com","PASS","fu-01.epa.com: VMkernel NIC 'vmk0' has only management configured (ManagementTrafficEnabled: True, VMotionEnabled: False, FaultToleranceLoggingEnabled: False, VsanTrafficEnabled: False, ProvisioningEnabled: False, VSphereReplicationEnabled: False, VSphereReplicationNFCEnabled: False, VSphereBackupNFCEnabled: False)",,,,,,,
"ESXi","fu-01.epa.com","PASS","fu-01.epa.com: VMkernel NIC 'vmk2' is not configured for management (ManagementTrafficEnabled: False, VMotionEnabled: False, FaultToleranceLoggingEnabled: False, VsanTrafficEnabled: True, ProvisioningEnabled: False, VSphereReplicationEnabled: False, VSphereReplicationNFCEnabled: False, VSphereBackupNFCEnabled: False)",,,,,,,
"ESXi","fu-01.epa.com","PASS","fu-01.epa.com: VMkernel NIC 'vmk50' is not configured for management (ManagementTrafficEnabled: False, VMotionEnabled: False, FaultToleranceLoggingEnabled: False, VsanTrafficEnabled: False, ProvisioningEnabled: False, VSphereReplicationEnabled: False, VSphereReplicationNFCEnabled: False, VSphereBackupNFCEnabled: False)",,,,,,,
"ESXi","fu-01.epa.com","PASS","fu-01.epa.com: VMkernel NIC 'vmk1' is not configured for management (ManagementTrafficEnabled: False, VMotionEnabled: True, FaultToleranceLoggingEnabled: False, VsanTrafficEnabled: False, ProvisioningEnabled: False, VSphereReplicationEnabled: False, VSphereReplicationNFCEnabled: False, VSphereBackupNFCEnabled: False)",,,,,,,
"ESXi","fu-01.epa.com","PASS","fu-01.epa.com: VMkernel NIC 'vmk10' is not configured for management (ManagementTrafficEnabled: False, VMotionEnabled: False, FaultToleranceLoggingEnabled: False, VsanTrafficEnabled: False, ProvisioningEnabled: False, VSphereReplicationEnabled: False, VSphereReplicationNFCEnabled: False, VSphereBackupNFCEnabled: False)",,,,,,,
"ESXi","fu-01.epa.com","PASS","fu-01.epa.com: VMkernel NIC 'vmk11' is not configured for management (ManagementTrafficEnabled: False, VMotionEnabled: False, FaultToleranceLoggingEnabled: False, VsanTrafficEnabled: False, ProvisioningEnabled: False, VSphereReplicationEnabled: False, VSphereReplicationNFCEnabled: False, VSphereBackupNFCEnabled: False)",,,,,,,
"ESXi","fu-01.epa.com","INFO","fu-01.epa.com: Audit of fu-01.epa.com completed at 2026-09-07 09:02:12",,,,,,,
"ESXi","fu-02.epa.com","INFO","VMware ESX Host Security Settings Audit Utility 8.0.3",,,,,,,
"ESXi","fu-02.epa.com","INFO","Audit of fu-02.epa.com started at 2026-09-07 09:02:12 from HCSVDI-28 by broadcom",,,,,,,
"ESXi","fu-02.epa.com","INFO","EULA accepted.",,,,,,,
"ESXi","fu-02.epa.com","INFO","Safety checks skipped.",,,,,,,
"ESXi","fu-02.epa.com","PASS","fu-02.epa.com: Security.AccountUnlockTime configured correctly (900)","esxi-8.account-auto-unlock-time","P2","The ESXi host must unlock accounts after a specified timeout period.","900","ESXI-80-000111","8.3.4","Get-VMHost -Name $ESXi | Get-AdvancedSetting Security.AccountUnlockTime | Set-AdvancedSetting -Value 900"
"ESXi","fu-02.epa.com","PASS","fu-02.epa.com: Net.BlockGuestBPDU configured correctly (1)","esxi-8.network-bpdu","P2","Enable the Bridge Protocol Data Unit (BPDU) filter on the ESXi host.","1","ESXI-80-000215","N/A","Get-VMHost -Name $ESXi | Get-AdvancedSetting Net.BlockGuestBPDU | Set-AdvancedSetting -Value 1"
"ESXi","fu-02.epa.com","PASS","fu-02.epa.com: UserVars.ESXiVPsDisabledProtocols configured correctly (sslv3,tlsv1,tlsv1.1)","esxi-8.tls-protocols","P2","The ESXi host must enable the highest version of TLS supported.","""sslv3,tlsv1,tlsv1.1""","ESXI-80-000161","2.2.7
4.2.1
8.3.2","Get-VMHost -Name $ESXi | Get-AdvancedSetting UserVars.ESXiVPsDisabledProtocols | Set-AdvancedSetting -Value ""sslv3,tlsv1,tlsv1.1"""
"ESXi","fu-02.epa.com","PASS","fu-02.epa.com: UserVars.ESXiShellTimeOut configured correctly (0)","esxi-8.shell-timeout","P0","Set a timeout to limit how long the ESXi Shell and SSH services are allowed to run.","600","ESXI-80-000195","8.2.8","Get-VMHost -Name $ESXi | Get-AdvancedSetting UserVars.ESXiShellTimeOut | Set-AdvancedSetting -Value 600"
"ESXi","fu-02.epa.com","FAIL","fu-02.epa.com: Syslog.global.certificate.strictX509Compliance not configured correctly (False)","esxi-8.logs-remote-tls-x509","P0","The ESXi host must use strict x509 verification for TLS-enabled remote logging endpoints.","TRUE","ESXI-80-000234","2.2.7","Get-VMHost -Name $ESXi | Get-AdvancedSetting Syslog.global.certificate.strictX509Compliance | Set-AdvancedSetting -Value TRUE"
"ESXi","fu-02.epa.com","FAIL","fu-02.epa.com: Security.PasswordMaxDays not configured correctly (99999)","esxi-8.account-password-max-days","P2","The ESXi host must be configured with an appropriate maximum password age.","9999","ESXI-80-000227","8.3.9","Get-VMHost -Name $ESXi | Get-AdvancedSetting Security.PasswordMaxDays | Set-AdvancedSetting -Value 9999"
"ESXi","fu-02.epa.com","FAIL","fu-02.epa.com: Net.BMCNetworkEnable not configured correctly (1)","esxi-8.hw-virtual-nic","Advanced","The ESXi host must not enable virtual hardware management network interfaces.","0","ESXI-80-000250","1.3.1
1.4.1
1.4.2
1.4.4","Get-VMHost -Name $ESXi | Get-AdvancedSetting Net.BMCNetworkEnable | Set-AdvancedSetting -Value 0"
"ESXi","fu-02.epa.com","FAIL","fu-02.epa.com: Mem.MemEagerZero not configured correctly (0)","esxi-8.memeagerzero","P0","The ESXi host must enable volatile key destruction.","1","ESXI-80-000225","3.6.1","Get-VMHost -Name $ESXi | Get-AdvancedSetting Mem.MemEagerZero | Set-AdvancedSetting -Value 1"
"ESXi","fu-02.epa.com","PASS","fu-02.epa.com: UserVars.HostClientSessionTimeout configured correctly (900)","esxi-8.host-client-session-timeout","P2","The ESXi host must automatically terminate idle host client sessions.","900","ESXI-80-000010","8.2.8","Get-VMHost -Name $ESXi | Get-AdvancedSetting UserVars.HostClientSessionTimeout | Set-AdvancedSetting -Value 900"
"ESXi","fu-02.epa.com","FAIL","fu-02.epa.com: UserVars.SuppressShellWarning not configured correctly (1)","esxi-8.shell-warning","P2","The ESXi host must not suppress warnings that the ESXi shell is enabled.","0","ESXI-80-000222","N/A","Get-VMHost -Name $ESXi | Get-AdvancedSetting UserVars.SuppressShellWarning | Set-AdvancedSetting -Value 0"
"ESXi","fu-02.epa.com","FAIL","fu-02.epa.com: VMkernel.Boot.execInstalledOnly not configured correctly (False)","esxi-8.vib-trusted-binaries","P0","Only run binaries delivered via signed VIB.","True","ESXI-80-000244","5.2.3","Get-VMHost -Name $ESXi | Get-AdvancedSetting VMkernel.Boot.execInstalledOnly | Set-AdvancedSetting -Value True"
"ESXi","fu-02.epa.com","PASS","fu-02.epa.com: UserVars.ESXiShellInteractiveTimeOut configured correctly (0)","esxi-8.shell-interactive-timeout","P0","Configure the inactivity timeout to automatically terminate idle ESXi host shells.","900","ESXI-80-000068","8.2.8","Get-VMHost -Name $ESXi | Get-AdvancedSetting UserVars.ESXiShellInteractiveTimeOut | Set-AdvancedSetting -Value 900"
"ESXi","fu-02.epa.com","PASS","fu-02.epa.com: UserVars.SuppressHyperthreadWarning configured correctly (0)","esxi-8.cpu-hyperthread-warning","P2","The ESXi host must not suppress warnings about unmitigated hyperthreading vulnerabilities.","0","ESXI-80-000223","N/A","Get-VMHost -Name $ESXi | Get-AdvancedSetting UserVars.SuppressHyperthreadWarning | Set-AdvancedSetting -Value 0"
"ESXi","fu-02.epa.com","PASS","fu-02.epa.com: Security.PasswordHistory configured correctly (5)","esxi-8.account-password-history","P2","Configure the password history setting to restrict the reuse of passwords on the ESXi host.","5","ESXI-80-000043","8.3.7","Get-VMHost -Name $ESXi | Get-AdvancedSetting Security.PasswordHistory | Set-AdvancedSetting -Value 5"
"ESXi","fu-02.epa.com","PASS","fu-02.epa.com: Net.DVFilterBindIpAddress configured correctly ()","esxi-8.network-dvfilter","P2","Use of the dvFilter network APIs must be restricted on the ESXi host.","""""","ESXI-80-000219","N/A","Get-VMHost -Name $ESXi | Get-AdvancedSetting Net.DVFilterBindIpAddress | Set-AdvancedSetting -Value """""
"ESXi","fu-02.epa.com","PASS","fu-02.epa.com: UserVars.DcuiTimeOut configured correctly (600)","esxi-8.dcui-timeout","P2","Set a timeout to automatically terminate idle DCUI sessions on the ESXi host.","600","ESXI-80-000196","8.2.8","Get-VMHost -Name $ESXi | Get-AdvancedSetting UserVars.DcuiTimeOut | Set-AdvancedSetting -Value 600"
"ESXi","fu-02.epa.com","PASS","fu-02.epa.com: Syslog.global.logLevel configured correctly (error)","esxi-8.logs-level-global","P2","The ESXi host must log sufficient information for events.","error","ESXI-80-000235","10.2.1","Get-VMHost -Name $ESXi | Get-AdvancedSetting Syslog.global.logLevel | Set-AdvancedSetting -Value error"
"ESXi","fu-02.epa.com","FAIL","fu-02.epa.com: Syslog.global.auditRecord.storageCapacity not configured correctly (4)","esxi-8.logs-audit-local-capacity","P1","The ESXi host must store one week of audit records.","100","ESXI-80-000113","10.5.1","Get-VMHost -Name $ESXi | Get-AdvancedSetting Syslog.global.auditRecord.storageCapacity | Set-AdvancedSetting -Value 100"
"ESXi","fu-02.epa.com","PASS","fu-02.epa.com: Security.AccountLockFailures configured correctly (5)","esxi-8.account-lockout","P2","The ESXi host must lock an account after a specified number of failed login attempts.","5","ESXI-80-000005","8.3.4","Get-VMHost -Name $ESXi | Get-AdvancedSetting Security.AccountLockFailures | Set-AdvancedSetting -Value 5"
"ESXi","fu-02.epa.com","PASS","fu-02.epa.com: Syslog.global.certificate.checkSSLCerts configured correctly (True)","esxi-8.logs-remote-tls","P2","The ESXi host must verify certificates for TLS remote logging endpoints.","TRUE","ESXI-80-000224","2.2.7","Get-VMHost -Name $ESXi | Get-AdvancedSetting Syslog.global.certificate.checkSSLCerts | Set-AdvancedSetting -Value TRUE"
"ESXi","fu-02.epa.com","PASS","fu-02.epa.com: Mem.ShareForceSalting configured correctly (2)","esxi-8.transparent-page-sharing","P2","The ESXi host must restrict inter-VM transparent page sharing to VMs configured with sched.mem.pshare.salt.","2","ESXI-80-000213","N/A","Get-VMHost -Name $ESXi | Get-AdvancedSetting Mem.ShareForceSalting | Set-AdvancedSetting -Value 2"
"ESXi","fu-02.epa.com","PASS","fu-02.epa.com: DCUI.Access configured correctly (root)","esxi-8.lockdown-dcui-access","P2","The ESXi host must have an accurate DCUI.Access list.","root","ESXI-80-000189","2.2.4","Get-VMHost -Name $ESXi | Get-AdvancedSetting DCUI.Access | Set-AdvancedSetting -Value root"
"ESXi","fu-02.epa.com","FAIL","fu-02.epa.com: Syslog.global.auditRecord.storageEnable not configured correctly (False)","esxi-8.logs-audit-local","P0","The ESXi host must enable audit record logging.","TRUE","ESXI-80-000232","10.2.1","Get-VMHost -Name $ESXi | Get-AdvancedSetting Syslog.global.auditRecord.storageEnable | Set-AdvancedSetting -Value TRUE"
"ESXi","fu-02.epa.com","FAIL","fu-02.epa.com: Config.HostAgent.vmacore.soap.sessionTimeout not configured correctly (30)","esxi-8.api-soap-timeout","P1","The ESXi host must configure a session timeout for the vSphere API.","10","ESXI-80-000226","8.2.8","Get-VMHost -Name $ESXi | Get-AdvancedSetting Config.HostAgent.vmacore.soap.sessionTimeout | Set-AdvancedSetting -Value 10"
"ESXi","fu-02.epa.com","PASS","fu-02.epa.com: Syslog.global.auditRecord.remoteEnable configured correctly (True)","esxi-8.logs-audit-remote","P0","The ESXi host must transmit audit records to a remote host.","TRUE","ESXI-80-000233","10.2.1
10.3.3","Get-VMHost -Name $ESXi | Get-AdvancedSetting Syslog.global.auditRecord.remoteEnable | Set-AdvancedSetting -Value TRUE"
"ESXi","fu-02.epa.com","PASS","fu-02.epa.com: Config.HostAgent.log.level configured correctly (info)","esxi-8.logs-level","P2","Set the ESXi host logging informational level to info.","info","ESXI-80-000015
ESXI-80-000030","10.2.1","Get-VMHost -Name $ESXi | Get-AdvancedSetting Config.HostAgent.log.level | Set-AdvancedSetting -Value info"
"ESXi","fu-02.epa.com","PASS","fu-02.epa.com: Config.HostAgent.plugins.solo.enableMob configured correctly (False)","esxi-8.deactivate-mob","P2","The ESXi Managed Object Browser (MOB) must be deactivated.","False","ESXI-80-000047","2.2.4","Get-VMHost -Name $ESXi | Get-AdvancedSetting Config.HostAgent.plugins.solo.enableMob | Set-AdvancedSetting -Value False"
"ESXi","fu-02.epa.com","FAIL","fu-02.epa.com: Security.PasswordQualityControl not configured correctly (retry=3 min=disabled,disabled,disabled,7,7)","esxi-8.account-password-policies","P0","The ESXI host must enforce password complexity.","""similar=deny retry=3 min=disabled,disabled,disabled,disabled,15 max=64""","ESXI-80-000035
ESXI-80-000044","8.3.1
8.3.6","Get-VMHost -Name $ESXi | Get-AdvancedSetting Security.PasswordQualityControl | Set-AdvancedSetting -Value ""similar=deny retry=3 min=disabled,disabled,disabled,disabled,15 max=64"""
"ESXi","fu-02.epa.com","PASS","fu-02.epa.com: Syslog.global.logHost configured correctly (tcp://172.19.10.131:514,tcp://vcf-logmgmt.vcf.local:514?formatter=RFC_5424&framing=octet_counting)","esxi-8.logs-remote","P0","Configure a remote log server for the ESXi host.","Site-Specific Log Server","ESXI-80-000114","10.2.1
10.3.3","Get-VMHost -Name $ESXi | Get-AdvancedSetting Syslog.global.logHost | Set-AdvancedSetting -Value ""<log collector>"""
"ESXi","fu-02.epa.com","FAIL","fu-02.epa.com: Annotations.WelcomeMessage not configured correctly ()","esxi-8.annotations-welcomemessage","P1","Configure the ESXi host login banner for the DCUI and Host Client.","Consult your organization's legal advisors for text that is applicable to your environment.

An example is: ""Authorized users only. Actual or attempted unauthorized use of this system is prohibited and may result in criminal, civil, security, or administrative proceedings and/or penalties. Use of this information system indicates consent to monitoring and recording, without notice or permission. Users have no expectation of privacy in any use of this system. Any information stored on, or transiting this system, or obtained by monitoring and/or recording, may be disclosed to law enforcement and/or used in accordance with Federal law, State statute, and organization policy. If you are not an authorized user of this system, exit the system at this time.""","ESXI-80-000006
ESXI-80-000007","N/A","Get-VMHost -Name $ESXi | Get-AdvancedSetting Annotations.WelcomeMessage | Set-AdvancedSetting -Value ""Authorized users only. Actual or attempted unauthorized use of this system is prohibited and may result in criminal, civil, security, or administrative proceedings and/or penalties. Use of this information system indicates consent to monitoring and recording, without notice or permission. Users have no expectation of privacy in any use of this system. Any information stored on, or transiting this system, or obtained by monitoring and/or recording, may be disclosed to law enforcement and/or used in accordance with Federal law, State statute, and organization policy. If you are not an authorized user of this system, exit the system at this time."""
"ESXi","fu-02.epa.com","FAIL","fu-02.epa.com: Config.Etc.Issue not configured correctly ()","esxi-8.etc-issue","P1","Configure the login banner for ESXi host SSH connections.","Consult your organization's legal advisors for text that is applicable to your environment.

An example is: ""Authorized users only. Actual or attempted unauthorized use of this system is prohibited and may result in criminal, civil, security, or administrative proceedings and/or penalties. Use of this information system indicates consent to monitoring and recording, without notice or permission. Users have no expectation of privacy in any use of this system. Any information stored on, or transiting this system, or obtained by monitoring and/or recording, may be disclosed to law enforcement and/or used in accordance with Federal law, State statute, and organization policy. If you are not an authorized user of this system, exit the system at this time.""","ESXI-80-000191","N/A","Get-VMHost -Name $ESXi | Get-AdvancedSetting Config.Etc.issue | Set-AdvancedSetting -Value ""****************************************************************************`n* Authorized users only. Actual or attempted unauthorized use of this      *`n* system is prohibited and may result in criminal, civil, security, or     *`n* administrative proceedings and/or penalties. Use of this information     *`n* system indicates consent to monitoring and recording, without notice     *`n* or permission. Users have no expectation of privacy. Any information     *`n* stored on or transiting this system, or obtained by monitoring and/or    *`n* recording, may be disclosed to law enforcement and/or used in accordance *`n* with Federal law, State statute, and organization policy. If you are not *`n* an authorized user of this system, exit the system at this time.         *`n****************************************************************************`n"""
"ESXi","fu-02.epa.com","PASS","fu-02.epa.com: Local log location is persistent (/scratch/log)","esxi-8.logs-persistent","P0","Configure a persistent log location for all locally stored logs on the ESXi host.","Persistent Storage Location","ESXI-80-000243","10.5.1","Get-VMHost -Name $ESXi | Get-AdvancedSetting Syslog.global.logDir | Set-AdvancedSetting -Value ""<PERSISTENT LOCATION>"" "
"ESXi","fu-02.epa.com","PASS","fu-02.epa.com: Local audit log location is persistent (/scratch/log, /scratch/auditLog)","esxi-8.logs-audit-persistent","P0","Configure a persistent log location for all locally stored audit records on the ESXi host.","Persistent Storage Location","ESXI-80-000243","10.5.1","Get-VMHost -Name $ESXi | Get-AdvancedSetting Syslog.global.auditRecord.storageDirectory | Set-AdvancedSetting -Value ""<PERSISTENT LOCATION>/audit"""
"ESXi","fu-02.epa.com","PASS","fu-02.epa.com: Log filtering is deactivated (false)","esxi-8.logs-filter","P2","The ESXi host must not enable log filtering.","false","ESXI-80-000246","10.2.1","$ESXcli = Get-EsxCli -VMHost $ESXi -V2 $arguments = $esxcli.system.syslog.config.logfilter.set.CreateArgs() $arguments.logfilteringenabled = $false $ESXcli.system.syslog.config.logfilter.set.invoke($arguments)"
"ESXi","fu-02.epa.com","FAIL","fu-02.epa.com: DCUI user has shell access enabled (true)","esxi-8.account-dcui","P0","The ESXi host must deny shell access for the dcui account.","false","ESXI-80-000249","2.2.4","$ESXcli = Get-EsxCli -VMHost $ESXi -V2 $arguments = $ESXcli.system.account.set.CreateArgs() $arguments.id = ""dcui"" $arguments.shellaccess = ""false"" $ESXcli.system.account.set.Invoke($arguments)"
"ESXi","fu-02.epa.com","PASS","fu-02.epa.com: Entropy sources configured correctly (FALSE, 0)","esxi-8.entropy","P2","The ESXi host must use sufficient entropy for cryptographic operations.","disableHwrng = FALSE
entropySources = 0","ESXI-80-000245","2.2.7
3.3.2
3.3.3
8.3.2","$ESXcli = Get-EsxCli -VMHost $ESXi -V2 $arguments = $ESXcli.system.settings.kernel.set.CreateArgs() $arguments.setting = ""disableHwrng"" $arguments.value = ""FALSE"" $ESXcli.system.settings.kernel.set.invoke($arguments) $arguments.setting = ""entropySources"" $arguments.value = ""0"" $ESXcli.system.settings.kernel.set.invoke($arguments)"
"ESXi","fu-02.epa.com","FAIL","fu-02.epa.com: Secure Boot is not enabled on the host (False)","esxi-8.secureboot","P0","The ESXi host must enable Secure Boot.","True","ESXI-80-000094","5.2.3","N/A (Enable in hardware firmware settings)"
"ESXi","fu-02.epa.com","FAIL","fu-02.epa.com: Secure Boot TPM-based enforcement is not enabled (false)","esxi-8.secureboot-enforcement","P0","The ESXi host must enable TPM-based Secure Boot enforcement.","True","ESXI-80-000085","5.2.3","$ESXcli = Get-EsxCli -VMHost $ESXi -V2 $arguments = $ESXcli.system.settings.encryption.set.CreateArgs() $arguments.requiresecureboot = $true $ESXcli.system.settings.encryption.set.Invoke($arguments)"
"ESXi","fu-02.epa.com","FAIL","fu-02.epa.com: TPM configuration encryption is not enabled (NONE)","esxi-8.tpm-configuration","P2 Upon Feature Enablement","The ESXi host must require TPM-based configuration encryption.","TPM","ESXI-80-000238","5.2.3","$ESXcli = Get-EsxCli -VMHost $ESXi -V2 $arguments = $ESXcli.system.settings.encryption.set.CreateArgs() $arguments.mode = ""TPM"" $ESXcli.system.settings.encryption.set.Invoke($arguments)"
"ESXi","fu-02.epa.com","PASS","fu-02.epa.com: Key persistence is not enabled (false)","esxi-8.key-persistence","P2 Upon Feature Enablement","The ESXi host must not store encryption keys on ESXi hosts without securing physical access to the hosts.","false","ESXI-80-000248","3.3.2
3.3.3
3.5.1","$ESXcli = Get-EsxCli -VMHost $ESXi -V2 $arguments = $ESXcli.system.security.keypersistence.disable.CreateArgs() $arguments.removeallstoredkeys = $true $ESXcli.system.security.keypersistence.disable.Invoke($arguments)"
"ESXi","fu-02.epa.com","FAIL","fu-02.epa.com: TLS profile is not configured correctly (COMPATIBLE)","esxi-8.tls-profile","P0","The ESXi host must maintain confidentiality and integrity of transmissions by enabling modern TLS ciphers.","NIST_2024","ESXI-80-000247","2.2.7
4.2.1
8.3.2","$ESXcli = Get-EsxCli -VMHost $ESXi -V2 $arguments = $ESXcli.system.tls.server.set.CreateArgs() $arguments.profile = ""NIST_2024"" $ESXcli.system.tls.server.set.invoke($arguments)"
"ESXi","fu-02.epa.com","PASS","fu-02.epa.com: Host Image Profile Acceptance Level is configured correctly (PartnerSupported)","esxi-8.vib-acceptance-level-supported","P2","The ESXi host image profile acceptance level must be PartnerSupported or higher.","PartnerSupported or Higher","ESXI-80-000133","5.2.3","$ESXcli = Get-EsxCli -VMHost $ESXi -V2 $arguments = $ESXcli.software.acceptance.set.CreateArgs() $arguments.level = ""PartnerSupported"" # VMwareCertified, VMwareAccepted, PartnerSupported, CommunitySupported $ESXcli.software.acceptance.set.Invoke($arguments)"
"ESXi","fu-02.epa.com","PASS","fu-02.epa.com: Active Directory integration is configured correctly ()","esxi-8.ad-auth-proxy","P0 Upon Feature Enablement","The vCenter Server must use the vSphere Authentication Proxy to avoid storing Active Directory credentials.","Configured If Feature In Use","ESXI-80-000240","N/A","N/A"
"ESXi","fu-02.epa.com","PASS","fu-02.epa.com: SSH has FIPS mode enabled (true)","esxi-8.ssh-fips","P2 Upon Feature Enablement","The ESXi host SSH daemon must use FIPS 140-2/140-3 validated cryptographic modules.","TRUE","ESXI-80-000014","2.2.7
8.3.2","$ESXcli = Get-EsxCli -VMHost $ESXi -V2 $arguments = $ESXcli.system.security.fips140.ssh.set.CreateArgs() $arguments.enable = $true $ESXcli.system.security.fips140.ssh.set.Invoke($arguments)"
"ESXi","fu-02.epa.com","PASS","fu-02.epa.com: SSH ciphers configured correctly (aes256-gcm@openssh.com,aes128-gcm@openssh.com,aes256-ctr,aes192-ctr,aes128-ctr)","esxi-8.ssh-fips-ciphers","P2 Upon Feature Enablement","The ESXi host Secure Shell (SSH) daemon must be configured to only use FIPS 140-2/140-3 validated ciphers.","aes256-gcm@openssh.com,aes128-gcm@openssh.com,aes256-ctr,aes192-ctr,aes128-ctr","ESXI-80-000187","2.2.7
8.3.2","$ESXcli = Get-EsxCli -VMHost $ESXi -V2 $arguments = $ESXcli.system.ssh.server.config.set.CreateArgs() $arguments.keyword = 'ciphers' $arguments.value = 'aes256-gcm@openssh.com,aes128-gcm@openssh.com,aes256-ctr,aes192-ctr,aes128-ctr' $ESXcli.system.ssh.server.config.set.Invoke($arguments)"
"ESXi","fu-02.epa.com","PASS","fu-02.epa.com: SSH gatewayports configured correctly (no)","esxi-8.ssh-gateway-ports","P2 Upon Feature Enablement","The ESXi host Secure Shell (SSH) daemon must be configured to not allow gateway ports.","no","ESXI-80-000207","N/A","$ESXcli = Get-EsxCli -VMHost $ESXi -V2 $arguments = $ESXcli.system.ssh.server.config.set.CreateArgs() $arguments.keyword = 'gatewayports' $arguments.value = 'no' $ESXcli.system.ssh.server.config.set.Invoke($arguments)"
"ESXi","fu-02.epa.com","PASS","fu-02.epa.com: SSH hostbasedauthentication configured correctly (no)","esxi-8.ssh-host-based-auth","P2 Upon Feature Enablement","The ESXi host Secure Shell (SSH) daemon must not allow host-based authentication.","no","ESXI-80-000202","N/A","$ESXcli = Get-EsxCli -VMHost $ESXi -V2 $arguments = $ESXcli.system.ssh.server.config.set.CreateArgs() $arguments.keyword = 'hostbasedauthentication' $arguments.value = 'no' $ESXcli.system.ssh.server.config.set.Invoke($arguments)"
"ESXi","fu-02.epa.com","PASS","fu-02.epa.com: SSH clientalivecountmax configured correctly (3)","esxi-8.ssh-idle-timeout-count","P2 Upon Feature Enablement","The ESXi host Secure Shell (SSH) daemon must set a timeout count on idle sessions.","3","ESXI-80-000210","8.2.8","$ESXcli = Get-EsxCli -VMHost $ESXi -V2 $arguments = $ESXcli.system.ssh.server.config.set.CreateArgs() $arguments.keyword = 'clientalivecountmax' $arguments.value = '3' $ESXcli.system.ssh.server.config.set.Invoke($arguments)"
"ESXi","fu-02.epa.com","PASS","fu-02.epa.com: SSH clientaliveinterval configured correctly (200)","esxi-8.ssh-idle-timeout-interval","P2 Upon Feature Enablement","The ESXi host Secure Shell (SSH) daemon must set a timeout interval on idle sessions.","200","ESXI-80-000211","8.2.8","$ESXcli = Get-EsxCli -VMHost $ESXi -V2 $arguments = $ESXcli.system.ssh.server.config.set.CreateArgs() $arguments.keyword = 'clientaliveinterval' $arguments.value = '200' $ESXcli.system.ssh.server.config.set.Invoke($arguments)"
"ESXi","fu-02.epa.com","PASS","fu-02.epa.com: SSH banner configured correctly (/etc/issue)","esxi-8.ssh-login-banner","P2 Upon Feature Enablement","The ESXi host Secure Shell (SSH) daemon must display the system login banner before granting access to the system.","/etc/issue","ESXI-80-000192","N/A","$ESXcli = Get-EsxCli -VMHost $ESXi -V2 $arguments = $ESXcli.system.ssh.server.config.set.CreateArgs() $arguments.keyword = 'banner' $arguments.value = '/etc/issue' $ESXcli.system.ssh.server.config.set.Invoke($arguments)"
"ESXi","fu-02.epa.com","PASS","fu-02.epa.com: SSH ignorerhosts configured correctly (yes)","esxi-8.ssh-rhosts","P2 Upon Feature Enablement","The ESXi host Secure Shell (SSH) daemon must ignore .rhosts files.","yes","ESXI-80-000052","N/A","$ESXcli = Get-EsxCli -VMHost $ESXi -V2 $arguments = $ESXcli.system.ssh.server.config.set.CreateArgs() $arguments.keyword = 'ignorerhosts' $arguments.value = 'yes' $ESXcli.system.ssh.server.config.set.Invoke($arguments)"
"ESXi","fu-02.epa.com","PASS","fu-02.epa.com: SSH allowstreamlocalforwarding configured correctly (no)","esxi-8.ssh-stream-local-forwarding","P2 Upon Feature Enablement","The ESXi host Secure Shell (SSH) daemon must disable stream local forwarding.","no","N/A","N/A","$ESXcli = Get-EsxCli -VMHost $ESXi -V2 $arguments = $ESXcli.system.ssh.server.config.set.CreateArgs() $arguments.keyword = 'allowstreamlocalforwarding' $arguments.value = 'no' $ESXcli.system.ssh.server.config.set.Invoke($arguments)"
"ESXi","fu-02.epa.com","PASS","fu-02.epa.com: SSH allowtcpforwarding configured correctly (no)","esxi-8.ssh-tcp-forwarding","P2 Upon Feature Enablement","The ESXi host Secure Shell (SSH) daemon must disable TCP forwarding.","no","ESXI-80-000230","N/A","$ESXcli = Get-EsxCli -VMHost $ESXi -V2 $arguments = $ESXcli.system.ssh.server.config.set.CreateArgs() $arguments.keyword = 'allowtcpforwarding' $arguments.value = 'no' $ESXcli.system.ssh.server.config.set.Invoke($arguments)"
"ESXi","fu-02.epa.com","PASS","fu-02.epa.com: SSH permittunnel configured correctly (no)","esxi-8.ssh-tunnels","P2 Upon Feature Enablement","The ESXi host Secure Shell (SSH) daemon must not permit tunnels.","no","ESXI-80-000209","N/A","$ESXcli = Get-EsxCli -VMHost $ESXi -V2 $arguments = $ESXcli.system.ssh.server.config.set.CreateArgs() $arguments.keyword = 'permittunnel' $arguments.value = 'no' $ESXcli.system.ssh.server.config.set.Invoke($arguments)"
"ESXi","fu-02.epa.com","PASS","fu-02.epa.com: SSH permituserenvironment configured correctly (no)","esxi-8.ssh-user-environment","P2 Upon Feature Enablement","The ESXi host Secure Shell (SSH) daemon must not permit user environment settings.","no","ESXI-80-000204","N/A","$ESXcli = Get-EsxCli -VMHost $ESXi -V2 $arguments = $ESXcli.system.ssh.server.config.set.CreateArgs() $arguments.keyword = 'permituserenvironment' $arguments.value = 'no' $ESXcli.system.ssh.server.config.set.Invoke($arguments)"
"ESXi","fu-02.epa.com","PASS","fu-02.epa.com: sfcbd-watchdog is not running (False)","esxi-8.deactivate-cim","P0","The ESXi CIM service should be deactivated.","Stopped,
Start and stop manually","ESXI-80-000228","2.2.4","Get-VMHostService -VMHost $ESXi | where {$_.Key -eq 'sfcbd-watchdog'} | Set-VMHostService -Policy Off Get-VMHostService -VMHost $ESXi | where {$_.Key -eq 'sfcbd-watchdog'} | Stop-VMHostService"
"ESXi","fu-02.epa.com","FAIL","fu-02.epa.com: sfcbd-watchdog is configured to start (on)","esxi-8.deactivate-cim","P0","The ESXi CIM service should be deactivated.","Stopped,
Start and stop manually","ESXI-80-000228","2.2.4","Get-VMHostService -VMHost $ESXi | where {$_.Key -eq 'sfcbd-watchdog'} | Set-VMHostService -Policy Off Get-VMHostService -VMHost $ESXi | where {$_.Key -eq 'sfcbd-watchdog'} | Stop-VMHostService"
"ESXi","fu-02.epa.com","FAIL","fu-02.epa.com: TSM is running (True)","esxi-8.deactivate-shell","P2","The ESXi shell should be deactivated.","Stopped,
Start and stop manually","ESXI-80-000194","2.2.4","Get-VMHostService -VMHost $ESXi | where {$_.Key -eq 'TSM'} | Set-VMHostService -Policy Off Get-VMHostService -VMHost $ESXi | where {$_.Key -eq 'TSM'} | Stop-VMHostService"
"ESXi","fu-02.epa.com","FAIL","fu-02.epa.com: TSM is configured to start (on)","esxi-8.deactivate-shell","P2","The ESXi shell should be deactivated.","Stopped,
Start and stop manually","ESXI-80-000194","2.2.4","Get-VMHostService -VMHost $ESXi | where {$_.Key -eq 'TSM'} | Set-VMHostService -Policy Off Get-VMHostService -VMHost $ESXi | where {$_.Key -eq 'TSM'} | Stop-VMHostService"
"ESXi","fu-02.epa.com","PASS","fu-02.epa.com: slpd is not running (False)","esxi-8.deactivate-slp","P2","The ESXi SLP service should be deactivated.","Stopped,
Start and stop manually","ESXI-80-000231","2.2.4","Get-VMHostService -VMHost $ESXi | where {$_.Key -eq 'slpd'} | Set-VMHostService -Policy Off Get-VMHostService -VMHost $ESXi | where {$_.Key -eq 'slpd'} | Stop-VMHostService"
"ESXi","fu-02.epa.com","PASS","fu-02.epa.com: slpd is not configured to start (off)","esxi-8.deactivate-slp","P2","The ESXi SLP service should be deactivated.","Stopped,
Start and stop manually","ESXI-80-000231","2.2.4","Get-VMHostService -VMHost $ESXi | where {$_.Key -eq 'slpd'} | Set-VMHostService -Policy Off Get-VMHostService -VMHost $ESXi | where {$_.Key -eq 'slpd'} | Stop-VMHostService"
"ESXi","fu-02.epa.com","PASS","fu-02.epa.com: snmpd is not running (False)","esxi-8.deactivate-snmp","P0","The ESXi SNMP service should be deactivated.","Stopped,
Start and stop manually","ESXI-80-000212","2.2.4
2.2.5","Get-VMHostService -VMHost $ESXi | where {$_.Key -eq 'snmpd'} | Set-VMHostService -Policy Off Get-VMHostService -VMHost $ESXi | where {$_.Key -eq 'snmpd'} | Stop-VMHostService"
"ESXi","fu-02.epa.com","FAIL","fu-02.epa.com: snmpd is configured to start (on)","esxi-8.deactivate-snmp","P0","The ESXi SNMP service should be deactivated.","Stopped,
Start and stop manually","ESXI-80-000212","2.2.4
2.2.5","Get-VMHostService -VMHost $ESXi | where {$_.Key -eq 'snmpd'} | Set-VMHostService -Policy Off Get-VMHostService -VMHost $ESXi | where {$_.Key -eq 'snmpd'} | Stop-VMHostService"
"ESXi","fu-02.epa.com","FAIL","fu-02.epa.com: TSM-SSH is running (True)","esxi-8.deactivate-ssh","P2","The ESXi SSH service should be deactivated.","Stopped,
Start and stop manually","ESXI-80-000193","2.2.4","Get-VMHostService -VMHost $ESXi | where {$_.Key -eq 'TSM-SSH'} | Set-VMHostService -Policy Off Get-VMHostService -VMHost $ESXi | where {$_.Key -eq 'TSM-SSH'} | Stop-VMHostService"
"ESXi","fu-02.epa.com","FAIL","fu-02.epa.com: TSM-SSH is configured to start (on)","esxi-8.deactivate-ssh","P2","The ESXi SSH service should be deactivated.","Stopped,
Start and stop manually","ESXI-80-000193","2.2.4","Get-VMHostService -VMHost $ESXi | where {$_.Key -eq 'TSM-SSH'} | Set-VMHostService -Policy Off Get-VMHostService -VMHost $ESXi | where {$_.Key -eq 'TSM-SSH'} | Stop-VMHostService"
"ESXi","fu-02.epa.com","PASS","fu-02.epa.com: ntpd is running (True)",,,,,,,
"ESXi","fu-02.epa.com","PASS","fu-02.epa.com: ntpd is configured to start (on)",,,,,,,
"ESXi","fu-02.epa.com","PASS","fu-02.epa.com: NTP client configured (172.17.10.101)",,,,,,,
"ESXi","fu-02.epa.com","FAIL","fu-02.epa.com: Lockdown Mode exception users not configured correctly (da-user mux_user nsx-user)","esxi-8.lockdown-mode","P0","Enable normal lockdown mode on the ESXi host.","lockdownNormal","ESXI-80-000008","2.2.4","(Get-View (Get-VMHost -Name $ESXi | Get-View).ConfigManager.HostAccessManager).ChangeLockdownMode('lockdownNormal')"
"ESXi","fu-02.epa.com","FAIL","fu-02.epa.com: Lockdown Mode is not configured correctly (lockdownDisabled)","esxi-8.lockdown-mode","P0","Enable normal lockdown mode on the ESXi host.","lockdownNormal","ESXI-80-000008","2.2.4","(Get-View (Get-VMHost -Name $ESXi | Get-View).ConfigManager.HostAccessManager).ChangeLockdownMode('lockdownNormal')"
"ESXi","fu-02.epa.com","PASS","fu-02.epa.com: Standard switch 'vSwitch0' is not configured to allow promiscuous mode (False)","esxi-8.network-reject-promiscuous-mode-standardswitch","P0 Upon Feature Enablement","All standard switches and their port groups must be configured to reject guest promiscuous mode requests.","Reject","ESXI-80-000218","1.4.5","Get-VMHost -Name $ESXi | Get-VirtualSwitch -Standard | Get-SecurityPolicy | Set-SecurityPolicy -AllowPromiscuous $false Get-VMHost -Name $ESXi | Get-VirtualPortGroup -Standard | Get-SecurityPolicy | Set-SecurityPolicy -AllowPromiscuousInherited $true"
"ESXi","fu-02.epa.com","PASS","fu-02.epa.com: Standard switch 'vSwitch0' is not configured to allow MAC address changes (False)","esxi-8.network-reject-mac-changes-standardswitch","P0 Upon Feature Enablement","All standard switches and their port groups must be configured to reject guest MAC address changes.","Reject","ESXI-80-000217","1.4.3","Get-VMHost -Name $ESXi | Get-VirtualSwitch -Standard | Get-SecurityPolicy | Set-SecurityPolicy -MacChanges $false Get-VMHost -Name $ESXi | Get-VirtualPortGroup -Standard | Get-SecurityPolicy | Set-SecurityPolicy -MacChangesInherited $true"
"ESXi","fu-02.epa.com","PASS","fu-02.epa.com: Standard switch 'vSwitch0' is not configured to allow forged transmits (False)","esxi-8.network-reject-forged-transmit-standardswitch","P1 Upon Feature Enablement","All standard switches and their port groups must be configured to reject forged transmits.","Reject","ESXI-80-000216","1.4.3","Get-VMHost -Name $ESXi | Get-VirtualSwitch -Standard | Get-SecurityPolicy | Set-SecurityPolicy -ForgedTransmits $false  Get-VMHost -Name $ESXi | Get-VirtualPortGroup -Standard | Get-SecurityPolicy | Set-SecurityPolicy -ForgedTransmitsInherited $true"
"ESXi","fu-02.epa.com","PASS","fu-02.epa.com: Standard portgroup 'Management Network' is not configured to allow promiscuous mode (False)","esxi-8.network-reject-promiscuous-mode-standardswitch","P0 Upon Feature Enablement","All standard switches and their port groups must be configured to reject guest promiscuous mode requests.","Reject","ESXI-80-000218","1.4.5","Get-VMHost -Name $ESXi | Get-VirtualSwitch -Standard | Get-SecurityPolicy | Set-SecurityPolicy -AllowPromiscuous $false Get-VMHost -Name $ESXi | Get-VirtualPortGroup -Standard | Get-SecurityPolicy | Set-SecurityPolicy -AllowPromiscuousInherited $true"
"ESXi","fu-02.epa.com","PASS","fu-02.epa.com: Standard portgroup 'Management Network' is not configured to allow MAC address changes (False)","esxi-8.network-reject-mac-changes-standardswitch","P0 Upon Feature Enablement","All standard switches and their port groups must be configured to reject guest MAC address changes.","Reject","ESXI-80-000217","1.4.3","Get-VMHost -Name $ESXi | Get-VirtualSwitch -Standard | Get-SecurityPolicy | Set-SecurityPolicy -MacChanges $false Get-VMHost -Name $ESXi | Get-VirtualPortGroup -Standard | Get-SecurityPolicy | Set-SecurityPolicy -MacChangesInherited $true"
"ESXi","fu-02.epa.com","PASS","fu-02.epa.com: Standard portgroup 'Management Network' is not configured to allow forged transmits (False)","esxi-8.network-reject-forged-transmit-standardswitch","P1 Upon Feature Enablement","All standard switches and their port groups must be configured to reject forged transmits.","Reject","ESXI-80-000216","1.4.3","Get-VMHost -Name $ESXi | Get-VirtualSwitch -Standard | Get-SecurityPolicy | Set-SecurityPolicy -ForgedTransmits $false  Get-VMHost -Name $ESXi | Get-VirtualPortGroup -Standard | Get-SecurityPolicy | Set-SecurityPolicy -ForgedTransmitsInherited $true"
"ESXi","fu-02.epa.com","PASS","fu-02.epa.com: Standard portgroup 'Management Network' is not configured to allow VLAN 4095 (1810)",,,,,,,
"ESXi","fu-02.epa.com","PASS","fu-02.epa.com: Standard portgroup 'Management Network' does not appear to be configured to use a default VLAN (1810)",,,,,,,
"ESXi","fu-02.epa.com","PASS","fu-02.epa.com: Standard portgroup 'VM Network' is not configured to allow promiscuous mode (False)","esxi-8.network-reject-promiscuous-mode-standardswitch","P0 Upon Feature Enablement","All standard switches and their port groups must be configured to reject guest promiscuous mode requests.","Reject","ESXI-80-000218","1.4.5","Get-VMHost -Name $ESXi | Get-VirtualSwitch -Standard | Get-SecurityPolicy | Set-SecurityPolicy -AllowPromiscuous $false Get-VMHost -Name $ESXi | Get-VirtualPortGroup -Standard | Get-SecurityPolicy | Set-SecurityPolicy -AllowPromiscuousInherited $true"
"ESXi","fu-02.epa.com","PASS","fu-02.epa.com: Standard portgroup 'VM Network' is not configured to allow MAC address changes (False)","esxi-8.network-reject-mac-changes-standardswitch","P0 Upon Feature Enablement","All standard switches and their port groups must be configured to reject guest MAC address changes.","Reject","ESXI-80-000217","1.4.3","Get-VMHost -Name $ESXi | Get-VirtualSwitch -Standard | Get-SecurityPolicy | Set-SecurityPolicy -MacChanges $false Get-VMHost -Name $ESXi | Get-VirtualPortGroup -Standard | Get-SecurityPolicy | Set-SecurityPolicy -MacChangesInherited $true"
"ESXi","fu-02.epa.com","PASS","fu-02.epa.com: Standard portgroup 'VM Network' is not configured to allow forged transmits (False)","esxi-8.network-reject-forged-transmit-standardswitch","P1 Upon Feature Enablement","All standard switches and their port groups must be configured to reject forged transmits.","Reject","ESXI-80-000216","1.4.3","Get-VMHost -Name $ESXi | Get-VirtualSwitch -Standard | Get-SecurityPolicy | Set-SecurityPolicy -ForgedTransmits $false  Get-VMHost -Name $ESXi | Get-VirtualPortGroup -Standard | Get-SecurityPolicy | Set-SecurityPolicy -ForgedTransmitsInherited $true"
"ESXi","fu-02.epa.com","PASS","fu-02.epa.com: Standard portgroup 'VM Network' is not configured to allow VLAN 4095 (1810)",,,,,,,
"ESXi","fu-02.epa.com","PASS","fu-02.epa.com: Standard portgroup 'VM Network' does not appear to be configured to use a default VLAN (1810)",,,,,,,
"ESXi","fu-02.epa.com","PASS","fu-02.epa.com: Standard portgroup 'vMotion' is not configured to allow promiscuous mode (False)","esxi-8.network-reject-promiscuous-mode-standardswitch","P0 Upon Feature Enablement","All standard switches and their port groups must be configured to reject guest promiscuous mode requests.","Reject","ESXI-80-000218","1.4.5","Get-VMHost -Name $ESXi | Get-VirtualSwitch -Standard | Get-SecurityPolicy | Set-SecurityPolicy -AllowPromiscuous $false Get-VMHost -Name $ESXi | Get-VirtualPortGroup -Standard | Get-SecurityPolicy | Set-SecurityPolicy -AllowPromiscuousInherited $true"
"ESXi","fu-02.epa.com","PASS","fu-02.epa.com: Standard portgroup 'vMotion' is not configured to allow MAC address changes (False)","esxi-8.network-reject-mac-changes-standardswitch","P0 Upon Feature Enablement","All standard switches and their port groups must be configured to reject guest MAC address changes.","Reject","ESXI-80-000217","1.4.3","Get-VMHost -Name $ESXi | Get-VirtualSwitch -Standard | Get-SecurityPolicy | Set-SecurityPolicy -MacChanges $false Get-VMHost -Name $ESXi | Get-VirtualPortGroup -Standard | Get-SecurityPolicy | Set-SecurityPolicy -MacChangesInherited $true"
"ESXi","fu-02.epa.com","PASS","fu-02.epa.com: Standard portgroup 'vMotion' is not configured to allow forged transmits (False)","esxi-8.network-reject-forged-transmit-standardswitch","P1 Upon Feature Enablement","All standard switches and their port groups must be configured to reject forged transmits.","Reject","ESXI-80-000216","1.4.3","Get-VMHost -Name $ESXi | Get-VirtualSwitch -Standard | Get-SecurityPolicy | Set-SecurityPolicy -ForgedTransmits $false  Get-VMHost -Name $ESXi | Get-VirtualPortGroup -Standard | Get-SecurityPolicy | Set-SecurityPolicy -ForgedTransmitsInherited $true"
"ESXi","fu-02.epa.com","PASS","fu-02.epa.com: Standard portgroup 'vMotion' is not configured to allow VLAN 4095 (1820)",,,,,,,
"ESXi","fu-02.epa.com","PASS","fu-02.epa.com: Standard portgroup 'vMotion' does not appear to be configured to use a default VLAN (1820)",,,,,,,
"ESXi","fu-02.epa.com","PASS","fu-02.epa.com: Standard portgroup 'vSAN' is not configured to allow promiscuous mode (False)","esxi-8.network-reject-promiscuous-mode-standardswitch","P0 Upon Feature Enablement","All standard switches and their port groups must be configured to reject guest promiscuous mode requests.","Reject","ESXI-80-000218","1.4.5","Get-VMHost -Name $ESXi | Get-VirtualSwitch -Standard | Get-SecurityPolicy | Set-SecurityPolicy -AllowPromiscuous $false Get-VMHost -Name $ESXi | Get-VirtualPortGroup -Standard | Get-SecurityPolicy | Set-SecurityPolicy -AllowPromiscuousInherited $true"
"ESXi","fu-02.epa.com","PASS","fu-02.epa.com: Standard portgroup 'vSAN' is not configured to allow MAC address changes (False)","esxi-8.network-reject-mac-changes-standardswitch","P0 Upon Feature Enablement","All standard switches and their port groups must be configured to reject guest MAC address changes.","Reject","ESXI-80-000217","1.4.3","Get-VMHost -Name $ESXi | Get-VirtualSwitch -Standard | Get-SecurityPolicy | Set-SecurityPolicy -MacChanges $false Get-VMHost -Name $ESXi | Get-VirtualPortGroup -Standard | Get-SecurityPolicy | Set-SecurityPolicy -MacChangesInherited $true"
"ESXi","fu-02.epa.com","PASS","fu-02.epa.com: Standard portgroup 'vSAN' is not configured to allow forged transmits (False)","esxi-8.network-reject-forged-transmit-standardswitch","P1 Upon Feature Enablement","All standard switches and their port groups must be configured to reject forged transmits.","Reject","ESXI-80-000216","1.4.3","Get-VMHost -Name $ESXi | Get-VirtualSwitch -Standard | Get-SecurityPolicy | Set-SecurityPolicy -ForgedTransmits $false  Get-VMHost -Name $ESXi | Get-VirtualPortGroup -Standard | Get-SecurityPolicy | Set-SecurityPolicy -ForgedTransmitsInherited $true"
"ESXi","fu-02.epa.com","PASS","fu-02.epa.com: Standard portgroup 'vSAN' is not configured to allow VLAN 4095 (1830)",,,,,,,
"ESXi","fu-02.epa.com","PASS","fu-02.epa.com: Standard portgroup 'vSAN' does not appear to be configured to use a default VLAN (1830)",,,,,,,
"ESXi","fu-02.epa.com","PASS","fu-02.epa.com: VMkernel NIC 'vmk0' has only management configured (ManagementTrafficEnabled: True, VMotionEnabled: False, FaultToleranceLoggingEnabled: False, VsanTrafficEnabled: False, ProvisioningEnabled: False, VSphereReplicationEnabled: False, VSphereReplicationNFCEnabled: False, VSphereBackupNFCEnabled: False)",,,,,,,
"ESXi","fu-02.epa.com","PASS","fu-02.epa.com: VMkernel NIC 'vmk2' is not configured for management (ManagementTrafficEnabled: False, VMotionEnabled: False, FaultToleranceLoggingEnabled: False, VsanTrafficEnabled: True, ProvisioningEnabled: False, VSphereReplicationEnabled: False, VSphereReplicationNFCEnabled: False, VSphereBackupNFCEnabled: False)",,,,,,,
"ESXi","fu-02.epa.com","PASS","fu-02.epa.com: VMkernel NIC 'vmk50' is not configured for management (ManagementTrafficEnabled: False, VMotionEnabled: False, FaultToleranceLoggingEnabled: False, VsanTrafficEnabled: False, ProvisioningEnabled: False, VSphereReplicationEnabled: False, VSphereReplicationNFCEnabled: False, VSphereBackupNFCEnabled: False)",,,,,,,
"ESXi","fu-02.epa.com","PASS","fu-02.epa.com: VMkernel NIC 'vmk1' is not configured for management (ManagementTrafficEnabled: False, VMotionEnabled: True, FaultToleranceLoggingEnabled: False, VsanTrafficEnabled: False, ProvisioningEnabled: False, VSphereReplicationEnabled: False, VSphereReplicationNFCEnabled: False, VSphereBackupNFCEnabled: False)",,,,,,,
"ESXi","fu-02.epa.com","PASS","fu-02.epa.com: VMkernel NIC 'vmk10' is not configured for management (ManagementTrafficEnabled: False, VMotionEnabled: False, FaultToleranceLoggingEnabled: False, VsanTrafficEnabled: False, ProvisioningEnabled: False, VSphereReplicationEnabled: False, VSphereReplicationNFCEnabled: False, VSphereBackupNFCEnabled: False)",,,,,,,
"ESXi","fu-02.epa.com","PASS","fu-02.epa.com: VMkernel NIC 'vmk11' is not configured for management (ManagementTrafficEnabled: False, VMotionEnabled: False, FaultToleranceLoggingEnabled: False, VsanTrafficEnabled: False, ProvisioningEnabled: False, VSphereReplicationEnabled: False, VSphereReplicationNFCEnabled: False, VSphereBackupNFCEnabled: False)",,,,,,,
"ESXi","fu-02.epa.com","INFO","fu-02.epa.com: Audit of fu-02.epa.com completed at 2026-09-07 09:02:20",,,,,,,
"ESXi","fu-03.epa.com","INFO","VMware ESX Host Security Settings Audit Utility 8.0.3",,,,,,,
"ESXi","fu-03.epa.com","INFO","Audit of fu-03.epa.com started at 2026-09-07 09:02:20 from HCSVDI-28 by broadcom",,,,,,,
"ESXi","fu-03.epa.com","INFO","EULA accepted.",,,,,,,
"ESXi","fu-03.epa.com","INFO","Safety checks skipped.",,,,,,,
"ESXi","fu-03.epa.com","PASS","fu-03.epa.com: Security.AccountUnlockTime configured correctly (900)","esxi-8.account-auto-unlock-time","P2","The ESXi host must unlock accounts after a specified timeout period.","900","ESXI-80-000111","8.3.4","Get-VMHost -Name $ESXi | Get-AdvancedSetting Security.AccountUnlockTime | Set-AdvancedSetting -Value 900"
"ESXi","fu-03.epa.com","PASS","fu-03.epa.com: Net.BlockGuestBPDU configured correctly (1)","esxi-8.network-bpdu","P2","Enable the Bridge Protocol Data Unit (BPDU) filter on the ESXi host.","1","ESXI-80-000215","N/A","Get-VMHost -Name $ESXi | Get-AdvancedSetting Net.BlockGuestBPDU | Set-AdvancedSetting -Value 1"
"ESXi","fu-03.epa.com","PASS","fu-03.epa.com: UserVars.ESXiVPsDisabledProtocols configured correctly (sslv3,tlsv1,tlsv1.1)","esxi-8.tls-protocols","P2","The ESXi host must enable the highest version of TLS supported.","""sslv3,tlsv1,tlsv1.1""","ESXI-80-000161","2.2.7
4.2.1
8.3.2","Get-VMHost -Name $ESXi | Get-AdvancedSetting UserVars.ESXiVPsDisabledProtocols | Set-AdvancedSetting -Value ""sslv3,tlsv1,tlsv1.1"""
"ESXi","fu-03.epa.com","PASS","fu-03.epa.com: UserVars.ESXiShellTimeOut configured correctly (0)","esxi-8.shell-timeout","P0","Set a timeout to limit how long the ESXi Shell and SSH services are allowed to run.","600","ESXI-80-000195","8.2.8","Get-VMHost -Name $ESXi | Get-AdvancedSetting UserVars.ESXiShellTimeOut | Set-AdvancedSetting -Value 600"
"ESXi","fu-03.epa.com","FAIL","fu-03.epa.com: Syslog.global.certificate.strictX509Compliance not configured correctly (False)","esxi-8.logs-remote-tls-x509","P0","The ESXi host must use strict x509 verification for TLS-enabled remote logging endpoints.","TRUE","ESXI-80-000234","2.2.7","Get-VMHost -Name $ESXi | Get-AdvancedSetting Syslog.global.certificate.strictX509Compliance | Set-AdvancedSetting -Value TRUE"
"ESXi","fu-03.epa.com","FAIL","fu-03.epa.com: Security.PasswordMaxDays not configured correctly (99999)","esxi-8.account-password-max-days","P2","The ESXi host must be configured with an appropriate maximum password age.","9999","ESXI-80-000227","8.3.9","Get-VMHost -Name $ESXi | Get-AdvancedSetting Security.PasswordMaxDays | Set-AdvancedSetting -Value 9999"
"ESXi","fu-03.epa.com","FAIL","fu-03.epa.com: Net.BMCNetworkEnable not configured correctly (1)","esxi-8.hw-virtual-nic","Advanced","The ESXi host must not enable virtual hardware management network interfaces.","0","ESXI-80-000250","1.3.1
1.4.1
1.4.2
1.4.4","Get-VMHost -Name $ESXi | Get-AdvancedSetting Net.BMCNetworkEnable | Set-AdvancedSetting -Value 0"
"ESXi","fu-03.epa.com","FAIL","fu-03.epa.com: Mem.MemEagerZero not configured correctly (0)","esxi-8.memeagerzero","P0","The ESXi host must enable volatile key destruction.","1","ESXI-80-000225","3.6.1","Get-VMHost -Name $ESXi | Get-AdvancedSetting Mem.MemEagerZero | Set-AdvancedSetting -Value 1"
"ESXi","fu-03.epa.com","PASS","fu-03.epa.com: UserVars.HostClientSessionTimeout configured correctly (900)","esxi-8.host-client-session-timeout","P2","The ESXi host must automatically terminate idle host client sessions.","900","ESXI-80-000010","8.2.8","Get-VMHost -Name $ESXi | Get-AdvancedSetting UserVars.HostClientSessionTimeout | Set-AdvancedSetting -Value 900"
"ESXi","fu-03.epa.com","FAIL","fu-03.epa.com: UserVars.SuppressShellWarning not configured correctly (1)","esxi-8.shell-warning","P2","The ESXi host must not suppress warnings that the ESXi shell is enabled.","0","ESXI-80-000222","N/A","Get-VMHost -Name $ESXi | Get-AdvancedSetting UserVars.SuppressShellWarning | Set-AdvancedSetting -Value 0"
"ESXi","fu-03.epa.com","FAIL","fu-03.epa.com: VMkernel.Boot.execInstalledOnly not configured correctly (False)","esxi-8.vib-trusted-binaries","P0","Only run binaries delivered via signed VIB.","True","ESXI-80-000244","5.2.3","Get-VMHost -Name $ESXi | Get-AdvancedSetting VMkernel.Boot.execInstalledOnly | Set-AdvancedSetting -Value True"
"ESXi","fu-03.epa.com","PASS","fu-03.epa.com: UserVars.ESXiShellInteractiveTimeOut configured correctly (0)","esxi-8.shell-interactive-timeout","P0","Configure the inactivity timeout to automatically terminate idle ESXi host shells.","900","ESXI-80-000068","8.2.8","Get-VMHost -Name $ESXi | Get-AdvancedSetting UserVars.ESXiShellInteractiveTimeOut | Set-AdvancedSetting -Value 900"
"ESXi","fu-03.epa.com","PASS","fu-03.epa.com: UserVars.SuppressHyperthreadWarning configured correctly (0)","esxi-8.cpu-hyperthread-warning","P2","The ESXi host must not suppress warnings about unmitigated hyperthreading vulnerabilities.","0","ESXI-80-000223","N/A","Get-VMHost -Name $ESXi | Get-AdvancedSetting UserVars.SuppressHyperthreadWarning | Set-AdvancedSetting -Value 0"
"ESXi","fu-03.epa.com","PASS","fu-03.epa.com: Security.PasswordHistory configured correctly (5)","esxi-8.account-password-history","P2","Configure the password history setting to restrict the reuse of passwords on the ESXi host.","5","ESXI-80-000043","8.3.7","Get-VMHost -Name $ESXi | Get-AdvancedSetting Security.PasswordHistory | Set-AdvancedSetting -Value 5"
"ESXi","fu-03.epa.com","PASS","fu-03.epa.com: Net.DVFilterBindIpAddress configured correctly ()","esxi-8.network-dvfilter","P2","Use of the dvFilter network APIs must be restricted on the ESXi host.","""""","ESXI-80-000219","N/A","Get-VMHost -Name $ESXi | Get-AdvancedSetting Net.DVFilterBindIpAddress | Set-AdvancedSetting -Value """""
"ESXi","fu-03.epa.com","PASS","fu-03.epa.com: UserVars.DcuiTimeOut configured correctly (600)","esxi-8.dcui-timeout","P2","Set a timeout to automatically terminate idle DCUI sessions on the ESXi host.","600","ESXI-80-000196","8.2.8","Get-VMHost -Name $ESXi | Get-AdvancedSetting UserVars.DcuiTimeOut | Set-AdvancedSetting -Value 600"
"ESXi","fu-03.epa.com","PASS","fu-03.epa.com: Syslog.global.logLevel configured correctly (error)","esxi-8.logs-level-global","P2","The ESXi host must log sufficient information for events.","error","ESXI-80-000235","10.2.1","Get-VMHost -Name $ESXi | Get-AdvancedSetting Syslog.global.logLevel | Set-AdvancedSetting -Value error"
"ESXi","fu-03.epa.com","FAIL","fu-03.epa.com: Syslog.global.auditRecord.storageCapacity not configured correctly (4)","esxi-8.logs-audit-local-capacity","P1","The ESXi host must store one week of audit records.","100","ESXI-80-000113","10.5.1","Get-VMHost -Name $ESXi | Get-AdvancedSetting Syslog.global.auditRecord.storageCapacity | Set-AdvancedSetting -Value 100"
"ESXi","fu-03.epa.com","PASS","fu-03.epa.com: Security.AccountLockFailures configured correctly (5)","esxi-8.account-lockout","P2","The ESXi host must lock an account after a specified number of failed login attempts.","5","ESXI-80-000005","8.3.4","Get-VMHost -Name $ESXi | Get-AdvancedSetting Security.AccountLockFailures | Set-AdvancedSetting -Value 5"
"ESXi","fu-03.epa.com","PASS","fu-03.epa.com: Syslog.global.certificate.checkSSLCerts configured correctly (True)","esxi-8.logs-remote-tls","P2","The ESXi host must verify certificates for TLS remote logging endpoints.","TRUE","ESXI-80-000224","2.2.7","Get-VMHost -Name $ESXi | Get-AdvancedSetting Syslog.global.certificate.checkSSLCerts | Set-AdvancedSetting -Value TRUE"
"ESXi","fu-03.epa.com","PASS","fu-03.epa.com: Mem.ShareForceSalting configured correctly (2)","esxi-8.transparent-page-sharing","P2","The ESXi host must restrict inter-VM transparent page sharing to VMs configured with sched.mem.pshare.salt.","2","ESXI-80-000213","N/A","Get-VMHost -Name $ESXi | Get-AdvancedSetting Mem.ShareForceSalting | Set-AdvancedSetting -Value 2"
"ESXi","fu-03.epa.com","PASS","fu-03.epa.com: DCUI.Access configured correctly (root)","esxi-8.lockdown-dcui-access","P2","The ESXi host must have an accurate DCUI.Access list.","root","ESXI-80-000189","2.2.4","Get-VMHost -Name $ESXi | Get-AdvancedSetting DCUI.Access | Set-AdvancedSetting -Value root"
"ESXi","fu-03.epa.com","FAIL","fu-03.epa.com: Syslog.global.auditRecord.storageEnable not configured correctly (False)","esxi-8.logs-audit-local","P0","The ESXi host must enable audit record logging.","TRUE","ESXI-80-000232","10.2.1","Get-VMHost -Name $ESXi | Get-AdvancedSetting Syslog.global.auditRecord.storageEnable | Set-AdvancedSetting -Value TRUE"
"ESXi","fu-03.epa.com","FAIL","fu-03.epa.com: Config.HostAgent.vmacore.soap.sessionTimeout not configured correctly (30)","esxi-8.api-soap-timeout","P1","The ESXi host must configure a session timeout for the vSphere API.","10","ESXI-80-000226","8.2.8","Get-VMHost -Name $ESXi | Get-AdvancedSetting Config.HostAgent.vmacore.soap.sessionTimeout | Set-AdvancedSetting -Value 10"
"ESXi","fu-03.epa.com","PASS","fu-03.epa.com: Syslog.global.auditRecord.remoteEnable configured correctly (True)","esxi-8.logs-audit-remote","P0","The ESXi host must transmit audit records to a remote host.","TRUE","ESXI-80-000233","10.2.1
10.3.3","Get-VMHost -Name $ESXi | Get-AdvancedSetting Syslog.global.auditRecord.remoteEnable | Set-AdvancedSetting -Value TRUE"
"ESXi","fu-03.epa.com","PASS","fu-03.epa.com: Config.HostAgent.log.level configured correctly (info)","esxi-8.logs-level","P2","Set the ESXi host logging informational level to info.","info","ESXI-80-000015
ESXI-80-000030","10.2.1","Get-VMHost -Name $ESXi | Get-AdvancedSetting Config.HostAgent.log.level | Set-AdvancedSetting -Value info"
"ESXi","fu-03.epa.com","PASS","fu-03.epa.com: Config.HostAgent.plugins.solo.enableMob configured correctly (False)","esxi-8.deactivate-mob","P2","The ESXi Managed Object Browser (MOB) must be deactivated.","False","ESXI-80-000047","2.2.4","Get-VMHost -Name $ESXi | Get-AdvancedSetting Config.HostAgent.plugins.solo.enableMob | Set-AdvancedSetting -Value False"
"ESXi","fu-03.epa.com","FAIL","fu-03.epa.com: Security.PasswordQualityControl not configured correctly (retry=3 min=disabled,disabled,disabled,7,7)","esxi-8.account-password-policies","P0","The ESXI host must enforce password complexity.","""similar=deny retry=3 min=disabled,disabled,disabled,disabled,15 max=64""","ESXI-80-000035
ESXI-80-000044","8.3.1
8.3.6","Get-VMHost -Name $ESXi | Get-AdvancedSetting Security.PasswordQualityControl | Set-AdvancedSetting -Value ""similar=deny retry=3 min=disabled,disabled,disabled,disabled,15 max=64"""
"ESXi","fu-03.epa.com","PASS","fu-03.epa.com: Syslog.global.logHost configured correctly (tcp://172.19.10.131:514,tcp://vcf-logmgmt.vcf.local:514?formatter=RFC_5424&framing=octet_counting)","esxi-8.logs-remote","P0","Configure a remote log server for the ESXi host.","Site-Specific Log Server","ESXI-80-000114","10.2.1
10.3.3","Get-VMHost -Name $ESXi | Get-AdvancedSetting Syslog.global.logHost | Set-AdvancedSetting -Value ""<log collector>"""
"ESXi","fu-03.epa.com","FAIL","fu-03.epa.com: Annotations.WelcomeMessage not configured correctly ()","esxi-8.annotations-welcomemessage","P1","Configure the ESXi host login banner for the DCUI and Host Client.","Consult your organization's legal advisors for text that is applicable to your environment.

An example is: ""Authorized users only. Actual or attempted unauthorized use of this system is prohibited and may result in criminal, civil, security, or administrative proceedings and/or penalties. Use of this information system indicates consent to monitoring and recording, without notice or permission. Users have no expectation of privacy in any use of this system. Any information stored on, or transiting this system, or obtained by monitoring and/or recording, may be disclosed to law enforcement and/or used in accordance with Federal law, State statute, and organization policy. If you are not an authorized user of this system, exit the system at this time.""","ESXI-80-000006
ESXI-80-000007","N/A","Get-VMHost -Name $ESXi | Get-AdvancedSetting Annotations.WelcomeMessage | Set-AdvancedSetting -Value ""Authorized users only. Actual or attempted unauthorized use of this system is prohibited and may result in criminal, civil, security, or administrative proceedings and/or penalties. Use of this information system indicates consent to monitoring and recording, without notice or permission. Users have no expectation of privacy in any use of this system. Any information stored on, or transiting this system, or obtained by monitoring and/or recording, may be disclosed to law enforcement and/or used in accordance with Federal law, State statute, and organization policy. If you are not an authorized user of this system, exit the system at this time."""
"ESXi","fu-03.epa.com","FAIL","fu-03.epa.com: Config.Etc.Issue not configured correctly ()","esxi-8.etc-issue","P1","Configure the login banner for ESXi host SSH connections.","Consult your organization's legal advisors for text that is applicable to your environment.

An example is: ""Authorized users only. Actual or attempted unauthorized use of this system is prohibited and may result in criminal, civil, security, or administrative proceedings and/or penalties. Use of this information system indicates consent to monitoring and recording, without notice or permission. Users have no expectation of privacy in any use of this system. Any information stored on, or transiting this system, or obtained by monitoring and/or recording, may be disclosed to law enforcement and/or used in accordance with Federal law, State statute, and organization policy. If you are not an authorized user of this system, exit the system at this time.""","ESXI-80-000191","N/A","Get-VMHost -Name $ESXi | Get-AdvancedSetting Config.Etc.issue | Set-AdvancedSetting -Value ""****************************************************************************`n* Authorized users only. Actual or attempted unauthorized use of this      *`n* system is prohibited and may result in criminal, civil, security, or     *`n* administrative proceedings and/or penalties. Use of this information     *`n* system indicates consent to monitoring and recording, without notice     *`n* or permission. Users have no expectation of privacy. Any information     *`n* stored on or transiting this system, or obtained by monitoring and/or    *`n* recording, may be disclosed to law enforcement and/or used in accordance *`n* with Federal law, State statute, and organization policy. If you are not *`n* an authorized user of this system, exit the system at this time.         *`n****************************************************************************`n"""
"ESXi","fu-03.epa.com","PASS","fu-03.epa.com: Local log location is persistent (/scratch/log)","esxi-8.logs-persistent","P0","Configure a persistent log location for all locally stored logs on the ESXi host.","Persistent Storage Location","ESXI-80-000243","10.5.1","Get-VMHost -Name $ESXi | Get-AdvancedSetting Syslog.global.logDir | Set-AdvancedSetting -Value ""<PERSISTENT LOCATION>"" "
"ESXi","fu-03.epa.com","PASS","fu-03.epa.com: Local audit log location is persistent (/scratch/log, /scratch/auditLog)","esxi-8.logs-audit-persistent","P0","Configure a persistent log location for all locally stored audit records on the ESXi host.","Persistent Storage Location","ESXI-80-000243","10.5.1","Get-VMHost -Name $ESXi | Get-AdvancedSetting Syslog.global.auditRecord.storageDirectory | Set-AdvancedSetting -Value ""<PERSISTENT LOCATION>/audit"""
"ESXi","fu-03.epa.com","PASS","fu-03.epa.com: Log filtering is deactivated (false)","esxi-8.logs-filter","P2","The ESXi host must not enable log filtering.","false","ESXI-80-000246","10.2.1","$ESXcli = Get-EsxCli -VMHost $ESXi -V2 $arguments = $esxcli.system.syslog.config.logfilter.set.CreateArgs() $arguments.logfilteringenabled = $false $ESXcli.system.syslog.config.logfilter.set.invoke($arguments)"
"ESXi","fu-03.epa.com","FAIL","fu-03.epa.com: DCUI user has shell access enabled (true)","esxi-8.account-dcui","P0","The ESXi host must deny shell access for the dcui account.","false","ESXI-80-000249","2.2.4","$ESXcli = Get-EsxCli -VMHost $ESXi -V2 $arguments = $ESXcli.system.account.set.CreateArgs() $arguments.id = ""dcui"" $arguments.shellaccess = ""false"" $ESXcli.system.account.set.Invoke($arguments)"
"ESXi","fu-03.epa.com","PASS","fu-03.epa.com: Entropy sources configured correctly (FALSE, 0)","esxi-8.entropy","P2","The ESXi host must use sufficient entropy for cryptographic operations.","disableHwrng = FALSE
entropySources = 0","ESXI-80-000245","2.2.7
3.3.2
3.3.3
8.3.2","$ESXcli = Get-EsxCli -VMHost $ESXi -V2 $arguments = $ESXcli.system.settings.kernel.set.CreateArgs() $arguments.setting = ""disableHwrng"" $arguments.value = ""FALSE"" $ESXcli.system.settings.kernel.set.invoke($arguments) $arguments.setting = ""entropySources"" $arguments.value = ""0"" $ESXcli.system.settings.kernel.set.invoke($arguments)"
"ESXi","fu-03.epa.com","FAIL","fu-03.epa.com: Secure Boot is not enabled on the host (False)","esxi-8.secureboot","P0","The ESXi host must enable Secure Boot.","True","ESXI-80-000094","5.2.3","N/A (Enable in hardware firmware settings)"
"ESXi","fu-03.epa.com","FAIL","fu-03.epa.com: Secure Boot TPM-based enforcement is not enabled (false)","esxi-8.secureboot-enforcement","P0","The ESXi host must enable TPM-based Secure Boot enforcement.","True","ESXI-80-000085","5.2.3","$ESXcli = Get-EsxCli -VMHost $ESXi -V2 $arguments = $ESXcli.system.settings.encryption.set.CreateArgs() $arguments.requiresecureboot = $true $ESXcli.system.settings.encryption.set.Invoke($arguments)"
"ESXi","fu-03.epa.com","FAIL","fu-03.epa.com: TPM configuration encryption is not enabled (NONE)","esxi-8.tpm-configuration","P2 Upon Feature Enablement","The ESXi host must require TPM-based configuration encryption.","TPM","ESXI-80-000238","5.2.3","$ESXcli = Get-EsxCli -VMHost $ESXi -V2 $arguments = $ESXcli.system.settings.encryption.set.CreateArgs() $arguments.mode = ""TPM"" $ESXcli.system.settings.encryption.set.Invoke($arguments)"
"ESXi","fu-03.epa.com","PASS","fu-03.epa.com: Key persistence is not enabled (false)","esxi-8.key-persistence","P2 Upon Feature Enablement","The ESXi host must not store encryption keys on ESXi hosts without securing physical access to the hosts.","false","ESXI-80-000248","3.3.2
3.3.3
3.5.1","$ESXcli = Get-EsxCli -VMHost $ESXi -V2 $arguments = $ESXcli.system.security.keypersistence.disable.CreateArgs() $arguments.removeallstoredkeys = $true $ESXcli.system.security.keypersistence.disable.Invoke($arguments)"
"ESXi","fu-03.epa.com","FAIL","fu-03.epa.com: TLS profile is not configured correctly (COMPATIBLE)","esxi-8.tls-profile","P0","The ESXi host must maintain confidentiality and integrity of transmissions by enabling modern TLS ciphers.","NIST_2024","ESXI-80-000247","2.2.7
4.2.1
8.3.2","$ESXcli = Get-EsxCli -VMHost $ESXi -V2 $arguments = $ESXcli.system.tls.server.set.CreateArgs() $arguments.profile = ""NIST_2024"" $ESXcli.system.tls.server.set.invoke($arguments)"
"ESXi","fu-03.epa.com","PASS","fu-03.epa.com: Host Image Profile Acceptance Level is configured correctly (PartnerSupported)","esxi-8.vib-acceptance-level-supported","P2","The ESXi host image profile acceptance level must be PartnerSupported or higher.","PartnerSupported or Higher","ESXI-80-000133","5.2.3","$ESXcli = Get-EsxCli -VMHost $ESXi -V2 $arguments = $ESXcli.software.acceptance.set.CreateArgs() $arguments.level = ""PartnerSupported"" # VMwareCertified, VMwareAccepted, PartnerSupported, CommunitySupported $ESXcli.software.acceptance.set.Invoke($arguments)"
"ESXi","fu-03.epa.com","PASS","fu-03.epa.com: Active Directory integration is configured correctly ()","esxi-8.ad-auth-proxy","P0 Upon Feature Enablement","The vCenter Server must use the vSphere Authentication Proxy to avoid storing Active Directory credentials.","Configured If Feature In Use","ESXI-80-000240","N/A","N/A"
"ESXi","fu-03.epa.com","PASS","fu-03.epa.com: SSH has FIPS mode enabled (true)","esxi-8.ssh-fips","P2 Upon Feature Enablement","The ESXi host SSH daemon must use FIPS 140-2/140-3 validated cryptographic modules.","TRUE","ESXI-80-000014","2.2.7
8.3.2","$ESXcli = Get-EsxCli -VMHost $ESXi -V2 $arguments = $ESXcli.system.security.fips140.ssh.set.CreateArgs() $arguments.enable = $true $ESXcli.system.security.fips140.ssh.set.Invoke($arguments)"
"ESXi","fu-03.epa.com","PASS","fu-03.epa.com: SSH ciphers configured correctly (aes256-gcm@openssh.com,aes128-gcm@openssh.com,aes256-ctr,aes192-ctr,aes128-ctr)","esxi-8.ssh-fips-ciphers","P2 Upon Feature Enablement","The ESXi host Secure Shell (SSH) daemon must be configured to only use FIPS 140-2/140-3 validated ciphers.","aes256-gcm@openssh.com,aes128-gcm@openssh.com,aes256-ctr,aes192-ctr,aes128-ctr","ESXI-80-000187","2.2.7
8.3.2","$ESXcli = Get-EsxCli -VMHost $ESXi -V2 $arguments = $ESXcli.system.ssh.server.config.set.CreateArgs() $arguments.keyword = 'ciphers' $arguments.value = 'aes256-gcm@openssh.com,aes128-gcm@openssh.com,aes256-ctr,aes192-ctr,aes128-ctr' $ESXcli.system.ssh.server.config.set.Invoke($arguments)"
"ESXi","fu-03.epa.com","PASS","fu-03.epa.com: SSH gatewayports configured correctly (no)","esxi-8.ssh-gateway-ports","P2 Upon Feature Enablement","The ESXi host Secure Shell (SSH) daemon must be configured to not allow gateway ports.","no","ESXI-80-000207","N/A","$ESXcli = Get-EsxCli -VMHost $ESXi -V2 $arguments = $ESXcli.system.ssh.server.config.set.CreateArgs() $arguments.keyword = 'gatewayports' $arguments.value = 'no' $ESXcli.system.ssh.server.config.set.Invoke($arguments)"
"ESXi","fu-03.epa.com","PASS","fu-03.epa.com: SSH hostbasedauthentication configured correctly (no)","esxi-8.ssh-host-based-auth","P2 Upon Feature Enablement","The ESXi host Secure Shell (SSH) daemon must not allow host-based authentication.","no","ESXI-80-000202","N/A","$ESXcli = Get-EsxCli -VMHost $ESXi -V2 $arguments = $ESXcli.system.ssh.server.config.set.CreateArgs() $arguments.keyword = 'hostbasedauthentication' $arguments.value = 'no' $ESXcli.system.ssh.server.config.set.Invoke($arguments)"
"ESXi","fu-03.epa.com","PASS","fu-03.epa.com: SSH clientalivecountmax configured correctly (3)","esxi-8.ssh-idle-timeout-count","P2 Upon Feature Enablement","The ESXi host Secure Shell (SSH) daemon must set a timeout count on idle sessions.","3","ESXI-80-000210","8.2.8","$ESXcli = Get-EsxCli -VMHost $ESXi -V2 $arguments = $ESXcli.system.ssh.server.config.set.CreateArgs() $arguments.keyword = 'clientalivecountmax' $arguments.value = '3' $ESXcli.system.ssh.server.config.set.Invoke($arguments)"
"ESXi","fu-03.epa.com","PASS","fu-03.epa.com: SSH clientaliveinterval configured correctly (200)","esxi-8.ssh-idle-timeout-interval","P2 Upon Feature Enablement","The ESXi host Secure Shell (SSH) daemon must set a timeout interval on idle sessions.","200","ESXI-80-000211","8.2.8","$ESXcli = Get-EsxCli -VMHost $ESXi -V2 $arguments = $ESXcli.system.ssh.server.config.set.CreateArgs() $arguments.keyword = 'clientaliveinterval' $arguments.value = '200' $ESXcli.system.ssh.server.config.set.Invoke($arguments)"
"ESXi","fu-03.epa.com","PASS","fu-03.epa.com: SSH banner configured correctly (/etc/issue)","esxi-8.ssh-login-banner","P2 Upon Feature Enablement","The ESXi host Secure Shell (SSH) daemon must display the system login banner before granting access to the system.","/etc/issue","ESXI-80-000192","N/A","$ESXcli = Get-EsxCli -VMHost $ESXi -V2 $arguments = $ESXcli.system.ssh.server.config.set.CreateArgs() $arguments.keyword = 'banner' $arguments.value = '/etc/issue' $ESXcli.system.ssh.server.config.set.Invoke($arguments)"
"ESXi","fu-03.epa.com","PASS","fu-03.epa.com: SSH ignorerhosts configured correctly (yes)","esxi-8.ssh-rhosts","P2 Upon Feature Enablement","The ESXi host Secure Shell (SSH) daemon must ignore .rhosts files.","yes","ESXI-80-000052","N/A","$ESXcli = Get-EsxCli -VMHost $ESXi -V2 $arguments = $ESXcli.system.ssh.server.config.set.CreateArgs() $arguments.keyword = 'ignorerhosts' $arguments.value = 'yes' $ESXcli.system.ssh.server.config.set.Invoke($arguments)"
"ESXi","fu-03.epa.com","PASS","fu-03.epa.com: SSH allowstreamlocalforwarding configured correctly (no)","esxi-8.ssh-stream-local-forwarding","P2 Upon Feature Enablement","The ESXi host Secure Shell (SSH) daemon must disable stream local forwarding.","no","N/A","N/A","$ESXcli = Get-EsxCli -VMHost $ESXi -V2 $arguments = $ESXcli.system.ssh.server.config.set.CreateArgs() $arguments.keyword = 'allowstreamlocalforwarding' $arguments.value = 'no' $ESXcli.system.ssh.server.config.set.Invoke($arguments)"
"ESXi","fu-03.epa.com","PASS","fu-03.epa.com: SSH allowtcpforwarding configured correctly (no)","esxi-8.ssh-tcp-forwarding","P2 Upon Feature Enablement","The ESXi host Secure Shell (SSH) daemon must disable TCP forwarding.","no","ESXI-80-000230","N/A","$ESXcli = Get-EsxCli -VMHost $ESXi -V2 $arguments = $ESXcli.system.ssh.server.config.set.CreateArgs() $arguments.keyword = 'allowtcpforwarding' $arguments.value = 'no' $ESXcli.system.ssh.server.config.set.Invoke($arguments)"
"ESXi","fu-03.epa.com","PASS","fu-03.epa.com: SSH permittunnel configured correctly (no)","esxi-8.ssh-tunnels","P2 Upon Feature Enablement","The ESXi host Secure Shell (SSH) daemon must not permit tunnels.","no","ESXI-80-000209","N/A","$ESXcli = Get-EsxCli -VMHost $ESXi -V2 $arguments = $ESXcli.system.ssh.server.config.set.CreateArgs() $arguments.keyword = 'permittunnel' $arguments.value = 'no' $ESXcli.system.ssh.server.config.set.Invoke($arguments)"
"ESXi","fu-03.epa.com","PASS","fu-03.epa.com: SSH permituserenvironment configured correctly (no)","esxi-8.ssh-user-environment","P2 Upon Feature Enablement","The ESXi host Secure Shell (SSH) daemon must not permit user environment settings.","no","ESXI-80-000204","N/A","$ESXcli = Get-EsxCli -VMHost $ESXi -V2 $arguments = $ESXcli.system.ssh.server.config.set.CreateArgs() $arguments.keyword = 'permituserenvironment' $arguments.value = 'no' $ESXcli.system.ssh.server.config.set.Invoke($arguments)"
"ESXi","fu-03.epa.com","PASS","fu-03.epa.com: sfcbd-watchdog is not running (False)","esxi-8.deactivate-cim","P0","The ESXi CIM service should be deactivated.","Stopped,
Start and stop manually","ESXI-80-000228","2.2.4","Get-VMHostService -VMHost $ESXi | where {$_.Key -eq 'sfcbd-watchdog'} | Set-VMHostService -Policy Off Get-VMHostService -VMHost $ESXi | where {$_.Key -eq 'sfcbd-watchdog'} | Stop-VMHostService"
"ESXi","fu-03.epa.com","FAIL","fu-03.epa.com: sfcbd-watchdog is configured to start (on)","esxi-8.deactivate-cim","P0","The ESXi CIM service should be deactivated.","Stopped,
Start and stop manually","ESXI-80-000228","2.2.4","Get-VMHostService -VMHost $ESXi | where {$_.Key -eq 'sfcbd-watchdog'} | Set-VMHostService -Policy Off Get-VMHostService -VMHost $ESXi | where {$_.Key -eq 'sfcbd-watchdog'} | Stop-VMHostService"
"ESXi","fu-03.epa.com","PASS","fu-03.epa.com: TSM is not running (False)","esxi-8.deactivate-shell","P2","The ESXi shell should be deactivated.","Stopped,
Start and stop manually","ESXI-80-000194","2.2.4","Get-VMHostService -VMHost $ESXi | where {$_.Key -eq 'TSM'} | Set-VMHostService -Policy Off Get-VMHostService -VMHost $ESXi | where {$_.Key -eq 'TSM'} | Stop-VMHostService"
"ESXi","fu-03.epa.com","PASS","fu-03.epa.com: TSM is not configured to start (off)","esxi-8.deactivate-shell","P2","The ESXi shell should be deactivated.","Stopped,
Start and stop manually","ESXI-80-000194","2.2.4","Get-VMHostService -VMHost $ESXi | where {$_.Key -eq 'TSM'} | Set-VMHostService -Policy Off Get-VMHostService -VMHost $ESXi | where {$_.Key -eq 'TSM'} | Stop-VMHostService"
"ESXi","fu-03.epa.com","PASS","fu-03.epa.com: slpd is not running (False)","esxi-8.deactivate-slp","P2","The ESXi SLP service should be deactivated.","Stopped,
Start and stop manually","ESXI-80-000231","2.2.4","Get-VMHostService -VMHost $ESXi | where {$_.Key -eq 'slpd'} | Set-VMHostService -Policy Off Get-VMHostService -VMHost $ESXi | where {$_.Key -eq 'slpd'} | Stop-VMHostService"
"ESXi","fu-03.epa.com","PASS","fu-03.epa.com: slpd is not configured to start (off)","esxi-8.deactivate-slp","P2","The ESXi SLP service should be deactivated.","Stopped,
Start and stop manually","ESXI-80-000231","2.2.4","Get-VMHostService -VMHost $ESXi | where {$_.Key -eq 'slpd'} | Set-VMHostService -Policy Off Get-VMHostService -VMHost $ESXi | where {$_.Key -eq 'slpd'} | Stop-VMHostService"
"ESXi","fu-03.epa.com","PASS","fu-03.epa.com: snmpd is not running (False)","esxi-8.deactivate-snmp","P0","The ESXi SNMP service should be deactivated.","Stopped,
Start and stop manually","ESXI-80-000212","2.2.4
2.2.5","Get-VMHostService -VMHost $ESXi | where {$_.Key -eq 'snmpd'} | Set-VMHostService -Policy Off Get-VMHostService -VMHost $ESXi | where {$_.Key -eq 'snmpd'} | Stop-VMHostService"
"ESXi","fu-03.epa.com","FAIL","fu-03.epa.com: snmpd is configured to start (on)","esxi-8.deactivate-snmp","P0","The ESXi SNMP service should be deactivated.","Stopped,
Start and stop manually","ESXI-80-000212","2.2.4
2.2.5","Get-VMHostService -VMHost $ESXi | where {$_.Key -eq 'snmpd'} | Set-VMHostService -Policy Off Get-VMHostService -VMHost $ESXi | where {$_.Key -eq 'snmpd'} | Stop-VMHostService"
"ESXi","fu-03.epa.com","FAIL","fu-03.epa.com: TSM-SSH is running (True)","esxi-8.deactivate-ssh","P2","The ESXi SSH service should be deactivated.","Stopped,
Start and stop manually","ESXI-80-000193","2.2.4","Get-VMHostService -VMHost $ESXi | where {$_.Key -eq 'TSM-SSH'} | Set-VMHostService -Policy Off Get-VMHostService -VMHost $ESXi | where {$_.Key -eq 'TSM-SSH'} | Stop-VMHostService"
"ESXi","fu-03.epa.com","PASS","fu-03.epa.com: TSM-SSH is not configured to start (off)","esxi-8.deactivate-ssh","P2","The ESXi SSH service should be deactivated.","Stopped,
Start and stop manually","ESXI-80-000193","2.2.4","Get-VMHostService -VMHost $ESXi | where {$_.Key -eq 'TSM-SSH'} | Set-VMHostService -Policy Off Get-VMHostService -VMHost $ESXi | where {$_.Key -eq 'TSM-SSH'} | Stop-VMHostService"
"ESXi","fu-03.epa.com","PASS","fu-03.epa.com: ntpd is running (True)",,,,,,,
"ESXi","fu-03.epa.com","PASS","fu-03.epa.com: ntpd is configured to start (on)",,,,,,,
"ESXi","fu-03.epa.com","PASS","fu-03.epa.com: NTP client configured (172.17.10.101)",,,,,,,
"ESXi","fu-03.epa.com","FAIL","fu-03.epa.com: Lockdown Mode exception users not configured correctly (da-user mux_user nsx-user)","esxi-8.lockdown-mode","P0","Enable normal lockdown mode on the ESXi host.","lockdownNormal","ESXI-80-000008","2.2.4","(Get-View (Get-VMHost -Name $ESXi | Get-View).ConfigManager.HostAccessManager).ChangeLockdownMode('lockdownNormal')"
"ESXi","fu-03.epa.com","FAIL","fu-03.epa.com: Lockdown Mode is not configured correctly (lockdownDisabled)","esxi-8.lockdown-mode","P0","Enable normal lockdown mode on the ESXi host.","lockdownNormal","ESXI-80-000008","2.2.4","(Get-View (Get-VMHost -Name $ESXi | Get-View).ConfigManager.HostAccessManager).ChangeLockdownMode('lockdownNormal')"
"ESXi","fu-03.epa.com","PASS","fu-03.epa.com: Standard switch 'vSwitch0' is not configured to allow promiscuous mode (False)","esxi-8.network-reject-promiscuous-mode-standardswitch","P0 Upon Feature Enablement","All standard switches and their port groups must be configured to reject guest promiscuous mode requests.","Reject","ESXI-80-000218","1.4.5","Get-VMHost -Name $ESXi | Get-VirtualSwitch -Standard | Get-SecurityPolicy | Set-SecurityPolicy -AllowPromiscuous $false Get-VMHost -Name $ESXi | Get-VirtualPortGroup -Standard | Get-SecurityPolicy | Set-SecurityPolicy -AllowPromiscuousInherited $true"
"ESXi","fu-03.epa.com","PASS","fu-03.epa.com: Standard switch 'vSwitch0' is not configured to allow MAC address changes (False)","esxi-8.network-reject-mac-changes-standardswitch","P0 Upon Feature Enablement","All standard switches and their port groups must be configured to reject guest MAC address changes.","Reject","ESXI-80-000217","1.4.3","Get-VMHost -Name $ESXi | Get-VirtualSwitch -Standard | Get-SecurityPolicy | Set-SecurityPolicy -MacChanges $false Get-VMHost -Name $ESXi | Get-VirtualPortGroup -Standard | Get-SecurityPolicy | Set-SecurityPolicy -MacChangesInherited $true"
"ESXi","fu-03.epa.com","PASS","fu-03.epa.com: Standard switch 'vSwitch0' is not configured to allow forged transmits (False)","esxi-8.network-reject-forged-transmit-standardswitch","P1 Upon Feature Enablement","All standard switches and their port groups must be configured to reject forged transmits.","Reject","ESXI-80-000216","1.4.3","Get-VMHost -Name $ESXi | Get-VirtualSwitch -Standard | Get-SecurityPolicy | Set-SecurityPolicy -ForgedTransmits $false  Get-VMHost -Name $ESXi | Get-VirtualPortGroup -Standard | Get-SecurityPolicy | Set-SecurityPolicy -ForgedTransmitsInherited $true"
"ESXi","fu-03.epa.com","PASS","fu-03.epa.com: Standard portgroup 'Management Network' is not configured to allow promiscuous mode (False)","esxi-8.network-reject-promiscuous-mode-standardswitch","P0 Upon Feature Enablement","All standard switches and their port groups must be configured to reject guest promiscuous mode requests.","Reject","ESXI-80-000218","1.4.5","Get-VMHost -Name $ESXi | Get-VirtualSwitch -Standard | Get-SecurityPolicy | Set-SecurityPolicy -AllowPromiscuous $false Get-VMHost -Name $ESXi | Get-VirtualPortGroup -Standard | Get-SecurityPolicy | Set-SecurityPolicy -AllowPromiscuousInherited $true"
"ESXi","fu-03.epa.com","PASS","fu-03.epa.com: Standard portgroup 'Management Network' is not configured to allow MAC address changes (False)","esxi-8.network-reject-mac-changes-standardswitch","P0 Upon Feature Enablement","All standard switches and their port groups must be configured to reject guest MAC address changes.","Reject","ESXI-80-000217","1.4.3","Get-VMHost -Name $ESXi | Get-VirtualSwitch -Standard | Get-SecurityPolicy | Set-SecurityPolicy -MacChanges $false Get-VMHost -Name $ESXi | Get-VirtualPortGroup -Standard | Get-SecurityPolicy | Set-SecurityPolicy -MacChangesInherited $true"
"ESXi","fu-03.epa.com","PASS","fu-03.epa.com: Standard portgroup 'Management Network' is not configured to allow forged transmits (False)","esxi-8.network-reject-forged-transmit-standardswitch","P1 Upon Feature Enablement","All standard switches and their port groups must be configured to reject forged transmits.","Reject","ESXI-80-000216","1.4.3","Get-VMHost -Name $ESXi | Get-VirtualSwitch -Standard | Get-SecurityPolicy | Set-SecurityPolicy -ForgedTransmits $false  Get-VMHost -Name $ESXi | Get-VirtualPortGroup -Standard | Get-SecurityPolicy | Set-SecurityPolicy -ForgedTransmitsInherited $true"
"ESXi","fu-03.epa.com","PASS","fu-03.epa.com: Standard portgroup 'Management Network' is not configured to allow VLAN 4095 (1810)",,,,,,,
"ESXi","fu-03.epa.com","PASS","fu-03.epa.com: Standard portgroup 'Management Network' does not appear to be configured to use a default VLAN (1810)",,,,,,,
"ESXi","fu-03.epa.com","PASS","fu-03.epa.com: Standard portgroup 'VM Network' is not configured to allow promiscuous mode (False)","esxi-8.network-reject-promiscuous-mode-standardswitch","P0 Upon Feature Enablement","All standard switches and their port groups must be configured to reject guest promiscuous mode requests.","Reject","ESXI-80-000218","1.4.5","Get-VMHost -Name $ESXi | Get-VirtualSwitch -Standard | Get-SecurityPolicy | Set-SecurityPolicy -AllowPromiscuous $false Get-VMHost -Name $ESXi | Get-VirtualPortGroup -Standard | Get-SecurityPolicy | Set-SecurityPolicy -AllowPromiscuousInherited $true"
"ESXi","fu-03.epa.com","PASS","fu-03.epa.com: Standard portgroup 'VM Network' is not configured to allow MAC address changes (False)","esxi-8.network-reject-mac-changes-standardswitch","P0 Upon Feature Enablement","All standard switches and their port groups must be configured to reject guest MAC address changes.","Reject","ESXI-80-000217","1.4.3","Get-VMHost -Name $ESXi | Get-VirtualSwitch -Standard | Get-SecurityPolicy | Set-SecurityPolicy -MacChanges $false Get-VMHost -Name $ESXi | Get-VirtualPortGroup -Standard | Get-SecurityPolicy | Set-SecurityPolicy -MacChangesInherited $true"
"ESXi","fu-03.epa.com","PASS","fu-03.epa.com: Standard portgroup 'VM Network' is not configured to allow forged transmits (False)","esxi-8.network-reject-forged-transmit-standardswitch","P1 Upon Feature Enablement","All standard switches and their port groups must be configured to reject forged transmits.","Reject","ESXI-80-000216","1.4.3","Get-VMHost -Name $ESXi | Get-VirtualSwitch -Standard | Get-SecurityPolicy | Set-SecurityPolicy -ForgedTransmits $false  Get-VMHost -Name $ESXi | Get-VirtualPortGroup -Standard | Get-SecurityPolicy | Set-SecurityPolicy -ForgedTransmitsInherited $true"
"ESXi","fu-03.epa.com","PASS","fu-03.epa.com: Standard portgroup 'VM Network' is not configured to allow VLAN 4095 (1810)",,,,,,,
"ESXi","fu-03.epa.com","PASS","fu-03.epa.com: Standard portgroup 'VM Network' does not appear to be configured to use a default VLAN (1810)",,,,,,,
"ESXi","fu-03.epa.com","PASS","fu-03.epa.com: Standard portgroup 'vMotion' is not configured to allow promiscuous mode (False)","esxi-8.network-reject-promiscuous-mode-standardswitch","P0 Upon Feature Enablement","All standard switches and their port groups must be configured to reject guest promiscuous mode requests.","Reject","ESXI-80-000218","1.4.5","Get-VMHost -Name $ESXi | Get-VirtualSwitch -Standard | Get-SecurityPolicy | Set-SecurityPolicy -AllowPromiscuous $false Get-VMHost -Name $ESXi | Get-VirtualPortGroup -Standard | Get-SecurityPolicy | Set-SecurityPolicy -AllowPromiscuousInherited $true"
"ESXi","fu-03.epa.com","PASS","fu-03.epa.com: Standard portgroup 'vMotion' is not configured to allow MAC address changes (False)","esxi-8.network-reject-mac-changes-standardswitch","P0 Upon Feature Enablement","All standard switches and their port groups must be configured to reject guest MAC address changes.","Reject","ESXI-80-000217","1.4.3","Get-VMHost -Name $ESXi | Get-VirtualSwitch -Standard | Get-SecurityPolicy | Set-SecurityPolicy -MacChanges $false Get-VMHost -Name $ESXi | Get-VirtualPortGroup -Standard | Get-SecurityPolicy | Set-SecurityPolicy -MacChangesInherited $true"
"ESXi","fu-03.epa.com","PASS","fu-03.epa.com: Standard portgroup 'vMotion' is not configured to allow forged transmits (False)","esxi-8.network-reject-forged-transmit-standardswitch","P1 Upon Feature Enablement","All standard switches and their port groups must be configured to reject forged transmits.","Reject","ESXI-80-000216","1.4.3","Get-VMHost -Name $ESXi | Get-VirtualSwitch -Standard | Get-SecurityPolicy | Set-SecurityPolicy -ForgedTransmits $false  Get-VMHost -Name $ESXi | Get-VirtualPortGroup -Standard | Get-SecurityPolicy | Set-SecurityPolicy -ForgedTransmitsInherited $true"
"ESXi","fu-03.epa.com","PASS","fu-03.epa.com: Standard portgroup 'vMotion' is not configured to allow VLAN 4095 (1820)",,,,,,,
"ESXi","fu-03.epa.com","PASS","fu-03.epa.com: Standard portgroup 'vMotion' does not appear to be configured to use a default VLAN (1820)",,,,,,,
"ESXi","fu-03.epa.com","PASS","fu-03.epa.com: Standard portgroup 'vSAN' is not configured to allow promiscuous mode (False)","esxi-8.network-reject-promiscuous-mode-standardswitch","P0 Upon Feature Enablement","All standard switches and their port groups must be configured to reject guest promiscuous mode requests.","Reject","ESXI-80-000218","1.4.5","Get-VMHost -Name $ESXi | Get-VirtualSwitch -Standard | Get-SecurityPolicy | Set-SecurityPolicy -AllowPromiscuous $false Get-VMHost -Name $ESXi | Get-VirtualPortGroup -Standard | Get-SecurityPolicy | Set-SecurityPolicy -AllowPromiscuousInherited $true"
"ESXi","fu-03.epa.com","PASS","fu-03.epa.com: Standard portgroup 'vSAN' is not configured to allow MAC address changes (False)","esxi-8.network-reject-mac-changes-standardswitch","P0 Upon Feature Enablement","All standard switches and their port groups must be configured to reject guest MAC address changes.","Reject","ESXI-80-000217","1.4.3","Get-VMHost -Name $ESXi | Get-VirtualSwitch -Standard | Get-SecurityPolicy | Set-SecurityPolicy -MacChanges $false Get-VMHost -Name $ESXi | Get-VirtualPortGroup -Standard | Get-SecurityPolicy | Set-SecurityPolicy -MacChangesInherited $true"
"ESXi","fu-03.epa.com","PASS","fu-03.epa.com: Standard portgroup 'vSAN' is not configured to allow forged transmits (False)","esxi-8.network-reject-forged-transmit-standardswitch","P1 Upon Feature Enablement","All standard switches and their port groups must be configured to reject forged transmits.","Reject","ESXI-80-000216","1.4.3","Get-VMHost -Name $ESXi | Get-VirtualSwitch -Standard | Get-SecurityPolicy | Set-SecurityPolicy -ForgedTransmits $false  Get-VMHost -Name $ESXi | Get-VirtualPortGroup -Standard | Get-SecurityPolicy | Set-SecurityPolicy -ForgedTransmitsInherited $true"
"ESXi","fu-03.epa.com","PASS","fu-03.epa.com: Standard portgroup 'vSAN' is not configured to allow VLAN 4095 (1830)",,,,,,,
"ESXi","fu-03.epa.com","PASS","fu-03.epa.com: Standard portgroup 'vSAN' does not appear to be configured to use a default VLAN (1830)",,,,,,,
"ESXi","fu-03.epa.com","PASS","fu-03.epa.com: VMkernel NIC 'vmk0' has only management configured (ManagementTrafficEnabled: True, VMotionEnabled: False, FaultToleranceLoggingEnabled: False, VsanTrafficEnabled: False, ProvisioningEnabled: False, VSphereReplicationEnabled: False, VSphereReplicationNFCEnabled: False, VSphereBackupNFCEnabled: False)",,,,,,,
"ESXi","fu-03.epa.com","PASS","fu-03.epa.com: VMkernel NIC 'vmk2' is not configured for management (ManagementTrafficEnabled: False, VMotionEnabled: False, FaultToleranceLoggingEnabled: False, VsanTrafficEnabled: True, ProvisioningEnabled: False, VSphereReplicationEnabled: False, VSphereReplicationNFCEnabled: False, VSphereBackupNFCEnabled: False)",,,,,,,
"ESXi","fu-03.epa.com","PASS","fu-03.epa.com: VMkernel NIC 'vmk50' is not configured for management (ManagementTrafficEnabled: False, VMotionEnabled: False, FaultToleranceLoggingEnabled: False, VsanTrafficEnabled: False, ProvisioningEnabled: False, VSphereReplicationEnabled: False, VSphereReplicationNFCEnabled: False, VSphereBackupNFCEnabled: False)",,,,,,,
"ESXi","fu-03.epa.com","PASS","fu-03.epa.com: VMkernel NIC 'vmk1' is not configured for management (ManagementTrafficEnabled: False, VMotionEnabled: True, FaultToleranceLoggingEnabled: False, VsanTrafficEnabled: False, ProvisioningEnabled: False, VSphereReplicationEnabled: False, VSphereReplicationNFCEnabled: False, VSphereBackupNFCEnabled: False)",,,,,,,
"ESXi","fu-03.epa.com","PASS","fu-03.epa.com: VMkernel NIC 'vmk10' is not configured for management (ManagementTrafficEnabled: False, VMotionEnabled: False, FaultToleranceLoggingEnabled: False, VsanTrafficEnabled: False, ProvisioningEnabled: False, VSphereReplicationEnabled: False, VSphereReplicationNFCEnabled: False, VSphereBackupNFCEnabled: False)",,,,,,,
"ESXi","fu-03.epa.com","PASS","fu-03.epa.com: VMkernel NIC 'vmk11' is not configured for management (ManagementTrafficEnabled: False, VMotionEnabled: False, FaultToleranceLoggingEnabled: False, VsanTrafficEnabled: False, ProvisioningEnabled: False, VSphereReplicationEnabled: False, VSphereReplicationNFCEnabled: False, VSphereBackupNFCEnabled: False)",,,,,,,
"ESXi","fu-03.epa.com","INFO","fu-03.epa.com: Audit of fu-03.epa.com completed at 2026-09-07 09:02:29",,,,,,,
"ESXi","fu-04.epa.com","INFO","VMware ESX Host Security Settings Audit Utility 8.0.3",,,,,,,
"ESXi","fu-04.epa.com","INFO","Audit of fu-04.epa.com started at 2026-09-07 09:02:29 from HCSVDI-28 by broadcom",,,,,,,
"ESXi","fu-04.epa.com","INFO","EULA accepted.",,,,,,,
"ESXi","fu-04.epa.com","INFO","Safety checks skipped.",,,,,,,
"ESXi","fu-04.epa.com","PASS","fu-04.epa.com: Security.AccountUnlockTime configured correctly (900)","esxi-8.account-auto-unlock-time","P2","The ESXi host must unlock accounts after a specified timeout period.","900","ESXI-80-000111","8.3.4","Get-VMHost -Name $ESXi | Get-AdvancedSetting Security.AccountUnlockTime | Set-AdvancedSetting -Value 900"
"ESXi","fu-04.epa.com","PASS","fu-04.epa.com: Net.BlockGuestBPDU configured correctly (1)","esxi-8.network-bpdu","P2","Enable the Bridge Protocol Data Unit (BPDU) filter on the ESXi host.","1","ESXI-80-000215","N/A","Get-VMHost -Name $ESXi | Get-AdvancedSetting Net.BlockGuestBPDU | Set-AdvancedSetting -Value 1"
"ESXi","fu-04.epa.com","PASS","fu-04.epa.com: UserVars.ESXiVPsDisabledProtocols configured correctly (sslv3,tlsv1,tlsv1.1)","esxi-8.tls-protocols","P2","The ESXi host must enable the highest version of TLS supported.","""sslv3,tlsv1,tlsv1.1""","ESXI-80-000161","2.2.7
4.2.1
8.3.2","Get-VMHost -Name $ESXi | Get-AdvancedSetting UserVars.ESXiVPsDisabledProtocols | Set-AdvancedSetting -Value ""sslv3,tlsv1,tlsv1.1"""
"ESXi","fu-04.epa.com","PASS","fu-04.epa.com: UserVars.ESXiShellTimeOut configured correctly (0)","esxi-8.shell-timeout","P0","Set a timeout to limit how long the ESXi Shell and SSH services are allowed to run.","600","ESXI-80-000195","8.2.8","Get-VMHost -Name $ESXi | Get-AdvancedSetting UserVars.ESXiShellTimeOut | Set-AdvancedSetting -Value 600"
"ESXi","fu-04.epa.com","FAIL","fu-04.epa.com: Syslog.global.certificate.strictX509Compliance not configured correctly (False)","esxi-8.logs-remote-tls-x509","P0","The ESXi host must use strict x509 verification for TLS-enabled remote logging endpoints.","TRUE","ESXI-80-000234","2.2.7","Get-VMHost -Name $ESXi | Get-AdvancedSetting Syslog.global.certificate.strictX509Compliance | Set-AdvancedSetting -Value TRUE"
"ESXi","fu-04.epa.com","FAIL","fu-04.epa.com: Security.PasswordMaxDays not configured correctly (99999)","esxi-8.account-password-max-days","P2","The ESXi host must be configured with an appropriate maximum password age.","9999","ESXI-80-000227","8.3.9","Get-VMHost -Name $ESXi | Get-AdvancedSetting Security.PasswordMaxDays | Set-AdvancedSetting -Value 9999"
"ESXi","fu-04.epa.com","FAIL","fu-04.epa.com: Net.BMCNetworkEnable not configured correctly (1)","esxi-8.hw-virtual-nic","Advanced","The ESXi host must not enable virtual hardware management network interfaces.","0","ESXI-80-000250","1.3.1
1.4.1
1.4.2
1.4.4","Get-VMHost -Name $ESXi | Get-AdvancedSetting Net.BMCNetworkEnable | Set-AdvancedSetting -Value 0"
"ESXi","fu-04.epa.com","FAIL","fu-04.epa.com: Mem.MemEagerZero not configured correctly (0)","esxi-8.memeagerzero","P0","The ESXi host must enable volatile key destruction.","1","ESXI-80-000225","3.6.1","Get-VMHost -Name $ESXi | Get-AdvancedSetting Mem.MemEagerZero | Set-AdvancedSetting -Value 1"
"ESXi","fu-04.epa.com","PASS","fu-04.epa.com: UserVars.HostClientSessionTimeout configured correctly (0)","esxi-8.host-client-session-timeout","P2","The ESXi host must automatically terminate idle host client sessions.","900","ESXI-80-000010","8.2.8","Get-VMHost -Name $ESXi | Get-AdvancedSetting UserVars.HostClientSessionTimeout | Set-AdvancedSetting -Value 900"
"ESXi","fu-04.epa.com","FAIL","fu-04.epa.com: UserVars.SuppressShellWarning not configured correctly (1)","esxi-8.shell-warning","P2","The ESXi host must not suppress warnings that the ESXi shell is enabled.","0","ESXI-80-000222","N/A","Get-VMHost -Name $ESXi | Get-AdvancedSetting UserVars.SuppressShellWarning | Set-AdvancedSetting -Value 0"
"ESXi","fu-04.epa.com","FAIL","fu-04.epa.com: VMkernel.Boot.execInstalledOnly not configured correctly (False)","esxi-8.vib-trusted-binaries","P0","Only run binaries delivered via signed VIB.","True","ESXI-80-000244","5.2.3","Get-VMHost -Name $ESXi | Get-AdvancedSetting VMkernel.Boot.execInstalledOnly | Set-AdvancedSetting -Value True"
"ESXi","fu-04.epa.com","PASS","fu-04.epa.com: UserVars.ESXiShellInteractiveTimeOut configured correctly (0)","esxi-8.shell-interactive-timeout","P0","Configure the inactivity timeout to automatically terminate idle ESXi host shells.","900","ESXI-80-000068","8.2.8","Get-VMHost -Name $ESXi | Get-AdvancedSetting UserVars.ESXiShellInteractiveTimeOut | Set-AdvancedSetting -Value 900"
"ESXi","fu-04.epa.com","PASS","fu-04.epa.com: UserVars.SuppressHyperthreadWarning configured correctly (0)","esxi-8.cpu-hyperthread-warning","P2","The ESXi host must not suppress warnings about unmitigated hyperthreading vulnerabilities.","0","ESXI-80-000223","N/A","Get-VMHost -Name $ESXi | Get-AdvancedSetting UserVars.SuppressHyperthreadWarning | Set-AdvancedSetting -Value 0"
"ESXi","fu-04.epa.com","PASS","fu-04.epa.com: Security.PasswordHistory configured correctly (5)","esxi-8.account-password-history","P2","Configure the password history setting to restrict the reuse of passwords on the ESXi host.","5","ESXI-80-000043","8.3.7","Get-VMHost -Name $ESXi | Get-AdvancedSetting Security.PasswordHistory | Set-AdvancedSetting -Value 5"
"ESXi","fu-04.epa.com","PASS","fu-04.epa.com: Net.DVFilterBindIpAddress configured correctly ()","esxi-8.network-dvfilter","P2","Use of the dvFilter network APIs must be restricted on the ESXi host.","""""","ESXI-80-000219","N/A","Get-VMHost -Name $ESXi | Get-AdvancedSetting Net.DVFilterBindIpAddress | Set-AdvancedSetting -Value """""
"ESXi","fu-04.epa.com","PASS","fu-04.epa.com: UserVars.DcuiTimeOut configured correctly (600)","esxi-8.dcui-timeout","P2","Set a timeout to automatically terminate idle DCUI sessions on the ESXi host.","600","ESXI-80-000196","8.2.8","Get-VMHost -Name $ESXi | Get-AdvancedSetting UserVars.DcuiTimeOut | Set-AdvancedSetting -Value 600"
"ESXi","fu-04.epa.com","PASS","fu-04.epa.com: Syslog.global.logLevel configured correctly (error)","esxi-8.logs-level-global","P2","The ESXi host must log sufficient information for events.","error","ESXI-80-000235","10.2.1","Get-VMHost -Name $ESXi | Get-AdvancedSetting Syslog.global.logLevel | Set-AdvancedSetting -Value error"
"ESXi","fu-04.epa.com","FAIL","fu-04.epa.com: Syslog.global.auditRecord.storageCapacity not configured correctly (4)","esxi-8.logs-audit-local-capacity","P1","The ESXi host must store one week of audit records.","100","ESXI-80-000113","10.5.1","Get-VMHost -Name $ESXi | Get-AdvancedSetting Syslog.global.auditRecord.storageCapacity | Set-AdvancedSetting -Value 100"
"ESXi","fu-04.epa.com","PASS","fu-04.epa.com: Security.AccountLockFailures configured correctly (5)","esxi-8.account-lockout","P2","The ESXi host must lock an account after a specified number of failed login attempts.","5","ESXI-80-000005","8.3.4","Get-VMHost -Name $ESXi | Get-AdvancedSetting Security.AccountLockFailures | Set-AdvancedSetting -Value 5"
"ESXi","fu-04.epa.com","PASS","fu-04.epa.com: Syslog.global.certificate.checkSSLCerts configured correctly (True)","esxi-8.logs-remote-tls","P2","The ESXi host must verify certificates for TLS remote logging endpoints.","TRUE","ESXI-80-000224","2.2.7","Get-VMHost -Name $ESXi | Get-AdvancedSetting Syslog.global.certificate.checkSSLCerts | Set-AdvancedSetting -Value TRUE"
"ESXi","fu-04.epa.com","PASS","fu-04.epa.com: Mem.ShareForceSalting configured correctly (2)","esxi-8.transparent-page-sharing","P2","The ESXi host must restrict inter-VM transparent page sharing to VMs configured with sched.mem.pshare.salt.","2","ESXI-80-000213","N/A","Get-VMHost -Name $ESXi | Get-AdvancedSetting Mem.ShareForceSalting | Set-AdvancedSetting -Value 2"
"ESXi","fu-04.epa.com","PASS","fu-04.epa.com: DCUI.Access configured correctly (root)","esxi-8.lockdown-dcui-access","P2","The ESXi host must have an accurate DCUI.Access list.","root","ESXI-80-000189","2.2.4","Get-VMHost -Name $ESXi | Get-AdvancedSetting DCUI.Access | Set-AdvancedSetting -Value root"
"ESXi","fu-04.epa.com","FAIL","fu-04.epa.com: Syslog.global.auditRecord.storageEnable not configured correctly (False)","esxi-8.logs-audit-local","P0","The ESXi host must enable audit record logging.","TRUE","ESXI-80-000232","10.2.1","Get-VMHost -Name $ESXi | Get-AdvancedSetting Syslog.global.auditRecord.storageEnable | Set-AdvancedSetting -Value TRUE"
"ESXi","fu-04.epa.com","FAIL","fu-04.epa.com: Config.HostAgent.vmacore.soap.sessionTimeout not configured correctly (30)","esxi-8.api-soap-timeout","P1","The ESXi host must configure a session timeout for the vSphere API.","10","ESXI-80-000226","8.2.8","Get-VMHost -Name $ESXi | Get-AdvancedSetting Config.HostAgent.vmacore.soap.sessionTimeout | Set-AdvancedSetting -Value 10"
"ESXi","fu-04.epa.com","FAIL","fu-04.epa.com: Syslog.global.auditRecord.remoteEnable not configured correctly (False)","esxi-8.logs-audit-remote","P0","The ESXi host must transmit audit records to a remote host.","TRUE","ESXI-80-000233","10.2.1
10.3.3","Get-VMHost -Name $ESXi | Get-AdvancedSetting Syslog.global.auditRecord.remoteEnable | Set-AdvancedSetting -Value TRUE"
"ESXi","fu-04.epa.com","PASS","fu-04.epa.com: Config.HostAgent.log.level configured correctly (info)","esxi-8.logs-level","P2","Set the ESXi host logging informational level to info.","info","ESXI-80-000015
ESXI-80-000030","10.2.1","Get-VMHost -Name $ESXi | Get-AdvancedSetting Config.HostAgent.log.level | Set-AdvancedSetting -Value info"
"ESXi","fu-04.epa.com","PASS","fu-04.epa.com: Config.HostAgent.plugins.solo.enableMob configured correctly (False)","esxi-8.deactivate-mob","P2","The ESXi Managed Object Browser (MOB) must be deactivated.","False","ESXI-80-000047","2.2.4","Get-VMHost -Name $ESXi | Get-AdvancedSetting Config.HostAgent.plugins.solo.enableMob | Set-AdvancedSetting -Value False"
"ESXi","fu-04.epa.com","FAIL","fu-04.epa.com: Security.PasswordQualityControl not configured correctly (retry=3 min=disabled,disabled,disabled,7,7)","esxi-8.account-password-policies","P0","The ESXI host must enforce password complexity.","""similar=deny retry=3 min=disabled,disabled,disabled,disabled,15 max=64""","ESXI-80-000035
ESXI-80-000044","8.3.1
8.3.6","Get-VMHost -Name $ESXi | Get-AdvancedSetting Security.PasswordQualityControl | Set-AdvancedSetting -Value ""similar=deny retry=3 min=disabled,disabled,disabled,disabled,15 max=64"""
"ESXi","fu-04.epa.com","FAIL","fu-04.epa.com: Syslog.global.logHost not configured correctly ()","esxi-8.logs-remote","P0","Configure a remote log server for the ESXi host.","Site-Specific Log Server","ESXI-80-000114","10.2.1
10.3.3","Get-VMHost -Name $ESXi | Get-AdvancedSetting Syslog.global.logHost | Set-AdvancedSetting -Value ""<log collector>"""
"ESXi","fu-04.epa.com","FAIL","fu-04.epa.com: Annotations.WelcomeMessage not configured correctly ()","esxi-8.annotations-welcomemessage","P1","Configure the ESXi host login banner for the DCUI and Host Client.","Consult your organization's legal advisors for text that is applicable to your environment.

An example is: ""Authorized users only. Actual or attempted unauthorized use of this system is prohibited and may result in criminal, civil, security, or administrative proceedings and/or penalties. Use of this information system indicates consent to monitoring and recording, without notice or permission. Users have no expectation of privacy in any use of this system. Any information stored on, or transiting this system, or obtained by monitoring and/or recording, may be disclosed to law enforcement and/or used in accordance with Federal law, State statute, and organization policy. If you are not an authorized user of this system, exit the system at this time.""","ESXI-80-000006
ESXI-80-000007","N/A","Get-VMHost -Name $ESXi | Get-AdvancedSetting Annotations.WelcomeMessage | Set-AdvancedSetting -Value ""Authorized users only. Actual or attempted unauthorized use of this system is prohibited and may result in criminal, civil, security, or administrative proceedings and/or penalties. Use of this information system indicates consent to monitoring and recording, without notice or permission. Users have no expectation of privacy in any use of this system. Any information stored on, or transiting this system, or obtained by monitoring and/or recording, may be disclosed to law enforcement and/or used in accordance with Federal law, State statute, and organization policy. If you are not an authorized user of this system, exit the system at this time."""
"ESXi","fu-04.epa.com","FAIL","fu-04.epa.com: Config.Etc.Issue not configured correctly ()","esxi-8.etc-issue","P1","Configure the login banner for ESXi host SSH connections.","Consult your organization's legal advisors for text that is applicable to your environment.

An example is: ""Authorized users only. Actual or attempted unauthorized use of this system is prohibited and may result in criminal, civil, security, or administrative proceedings and/or penalties. Use of this information system indicates consent to monitoring and recording, without notice or permission. Users have no expectation of privacy in any use of this system. Any information stored on, or transiting this system, or obtained by monitoring and/or recording, may be disclosed to law enforcement and/or used in accordance with Federal law, State statute, and organization policy. If you are not an authorized user of this system, exit the system at this time.""","ESXI-80-000191","N/A","Get-VMHost -Name $ESXi | Get-AdvancedSetting Config.Etc.issue | Set-AdvancedSetting -Value ""****************************************************************************`n* Authorized users only. Actual or attempted unauthorized use of this      *`n* system is prohibited and may result in criminal, civil, security, or     *`n* administrative proceedings and/or penalties. Use of this information     *`n* system indicates consent to monitoring and recording, without notice     *`n* or permission. Users have no expectation of privacy. Any information     *`n* stored on or transiting this system, or obtained by monitoring and/or    *`n* recording, may be disclosed to law enforcement and/or used in accordance *`n* with Federal law, State statute, and organization policy. If you are not *`n* an authorized user of this system, exit the system at this time.         *`n****************************************************************************`n"""
"ESXi","fu-04.epa.com","PASS","fu-04.epa.com: Local log location is persistent (/scratch/log)","esxi-8.logs-persistent","P0","Configure a persistent log location for all locally stored logs on the ESXi host.","Persistent Storage Location","ESXI-80-000243","10.5.1","Get-VMHost -Name $ESXi | Get-AdvancedSetting Syslog.global.logDir | Set-AdvancedSetting -Value ""<PERSISTENT LOCATION>"" "
"ESXi","fu-04.epa.com","PASS","fu-04.epa.com: Local audit log location is persistent (/scratch/log, /scratch/auditLog)","esxi-8.logs-audit-persistent","P0","Configure a persistent log location for all locally stored audit records on the ESXi host.","Persistent Storage Location","ESXI-80-000243","10.5.1","Get-VMHost -Name $ESXi | Get-AdvancedSetting Syslog.global.auditRecord.storageDirectory | Set-AdvancedSetting -Value ""<PERSISTENT LOCATION>/audit"""
"ESXi","fu-04.epa.com","PASS","fu-04.epa.com: Log filtering is deactivated (false)","esxi-8.logs-filter","P2","The ESXi host must not enable log filtering.","false","ESXI-80-000246","10.2.1","$ESXcli = Get-EsxCli -VMHost $ESXi -V2 $arguments = $esxcli.system.syslog.config.logfilter.set.CreateArgs() $arguments.logfilteringenabled = $false $ESXcli.system.syslog.config.logfilter.set.invoke($arguments)"
"ESXi","fu-04.epa.com","FAIL","fu-04.epa.com: DCUI user has shell access enabled (true)","esxi-8.account-dcui","P0","The ESXi host must deny shell access for the dcui account.","false","ESXI-80-000249","2.2.4","$ESXcli = Get-EsxCli -VMHost $ESXi -V2 $arguments = $ESXcli.system.account.set.CreateArgs() $arguments.id = ""dcui"" $arguments.shellaccess = ""false"" $ESXcli.system.account.set.Invoke($arguments)"
"ESXi","fu-04.epa.com","PASS","fu-04.epa.com: Entropy sources configured correctly (FALSE, 0)","esxi-8.entropy","P2","The ESXi host must use sufficient entropy for cryptographic operations.","disableHwrng = FALSE
entropySources = 0","ESXI-80-000245","2.2.7
3.3.2
3.3.3
8.3.2","$ESXcli = Get-EsxCli -VMHost $ESXi -V2 $arguments = $ESXcli.system.settings.kernel.set.CreateArgs() $arguments.setting = ""disableHwrng"" $arguments.value = ""FALSE"" $ESXcli.system.settings.kernel.set.invoke($arguments) $arguments.setting = ""entropySources"" $arguments.value = ""0"" $ESXcli.system.settings.kernel.set.invoke($arguments)"
"ESXi","fu-04.epa.com","FAIL","fu-04.epa.com: Secure Boot is not enabled on the host (False)","esxi-8.secureboot","P0","The ESXi host must enable Secure Boot.","True","ESXI-80-000094","5.2.3","N/A (Enable in hardware firmware settings)"
"ESXi","fu-04.epa.com","FAIL","fu-04.epa.com: Secure Boot TPM-based enforcement is not enabled (false)","esxi-8.secureboot-enforcement","P0","The ESXi host must enable TPM-based Secure Boot enforcement.","True","ESXI-80-000085","5.2.3","$ESXcli = Get-EsxCli -VMHost $ESXi -V2 $arguments = $ESXcli.system.settings.encryption.set.CreateArgs() $arguments.requiresecureboot = $true $ESXcli.system.settings.encryption.set.Invoke($arguments)"
"ESXi","fu-04.epa.com","FAIL","fu-04.epa.com: TPM configuration encryption is not enabled (NONE)","esxi-8.tpm-configuration","P2 Upon Feature Enablement","The ESXi host must require TPM-based configuration encryption.","TPM","ESXI-80-000238","5.2.3","$ESXcli = Get-EsxCli -VMHost $ESXi -V2 $arguments = $ESXcli.system.settings.encryption.set.CreateArgs() $arguments.mode = ""TPM"" $ESXcli.system.settings.encryption.set.Invoke($arguments)"
"ESXi","fu-04.epa.com","PASS","fu-04.epa.com: Key persistence is not enabled (false)","esxi-8.key-persistence","P2 Upon Feature Enablement","The ESXi host must not store encryption keys on ESXi hosts without securing physical access to the hosts.","false","ESXI-80-000248","3.3.2
3.3.3
3.5.1","$ESXcli = Get-EsxCli -VMHost $ESXi -V2 $arguments = $ESXcli.system.security.keypersistence.disable.CreateArgs() $arguments.removeallstoredkeys = $true $ESXcli.system.security.keypersistence.disable.Invoke($arguments)"
"ESXi","fu-04.epa.com","FAIL","fu-04.epa.com: TLS profile is not configured correctly (COMPATIBLE)","esxi-8.tls-profile","P0","The ESXi host must maintain confidentiality and integrity of transmissions by enabling modern TLS ciphers.","NIST_2024","ESXI-80-000247","2.2.7
4.2.1
8.3.2","$ESXcli = Get-EsxCli -VMHost $ESXi -V2 $arguments = $ESXcli.system.tls.server.set.CreateArgs() $arguments.profile = ""NIST_2024"" $ESXcli.system.tls.server.set.invoke($arguments)"
"ESXi","fu-04.epa.com","PASS","fu-04.epa.com: Host Image Profile Acceptance Level is configured correctly (PartnerSupported)","esxi-8.vib-acceptance-level-supported","P2","The ESXi host image profile acceptance level must be PartnerSupported or higher.","PartnerSupported or Higher","ESXI-80-000133","5.2.3","$ESXcli = Get-EsxCli -VMHost $ESXi -V2 $arguments = $ESXcli.software.acceptance.set.CreateArgs() $arguments.level = ""PartnerSupported"" # VMwareCertified, VMwareAccepted, PartnerSupported, CommunitySupported $ESXcli.software.acceptance.set.Invoke($arguments)"
"ESXi","fu-04.epa.com","PASS","fu-04.epa.com: Active Directory integration is configured correctly ()","esxi-8.ad-auth-proxy","P0 Upon Feature Enablement","The vCenter Server must use the vSphere Authentication Proxy to avoid storing Active Directory credentials.","Configured If Feature In Use","ESXI-80-000240","N/A","N/A"
"ESXi","fu-04.epa.com","PASS","fu-04.epa.com: SSH has FIPS mode enabled (true)","esxi-8.ssh-fips","P2 Upon Feature Enablement","The ESXi host SSH daemon must use FIPS 140-2/140-3 validated cryptographic modules.","TRUE","ESXI-80-000014","2.2.7
8.3.2","$ESXcli = Get-EsxCli -VMHost $ESXi -V2 $arguments = $ESXcli.system.security.fips140.ssh.set.CreateArgs() $arguments.enable = $true $ESXcli.system.security.fips140.ssh.set.Invoke($arguments)"
"ESXi","fu-04.epa.com","PASS","fu-04.epa.com: SSH ciphers configured correctly (aes256-gcm@openssh.com,aes128-gcm@openssh.com,aes256-ctr,aes192-ctr,aes128-ctr)","esxi-8.ssh-fips-ciphers","P2 Upon Feature Enablement","The ESXi host Secure Shell (SSH) daemon must be configured to only use FIPS 140-2/140-3 validated ciphers.","aes256-gcm@openssh.com,aes128-gcm@openssh.com,aes256-ctr,aes192-ctr,aes128-ctr","ESXI-80-000187","2.2.7
8.3.2","$ESXcli = Get-EsxCli -VMHost $ESXi -V2 $arguments = $ESXcli.system.ssh.server.config.set.CreateArgs() $arguments.keyword = 'ciphers' $arguments.value = 'aes256-gcm@openssh.com,aes128-gcm@openssh.com,aes256-ctr,aes192-ctr,aes128-ctr' $ESXcli.system.ssh.server.config.set.Invoke($arguments)"
"ESXi","fu-04.epa.com","PASS","fu-04.epa.com: SSH gatewayports configured correctly (no)","esxi-8.ssh-gateway-ports","P2 Upon Feature Enablement","The ESXi host Secure Shell (SSH) daemon must be configured to not allow gateway ports.","no","ESXI-80-000207","N/A","$ESXcli = Get-EsxCli -VMHost $ESXi -V2 $arguments = $ESXcli.system.ssh.server.config.set.CreateArgs() $arguments.keyword = 'gatewayports' $arguments.value = 'no' $ESXcli.system.ssh.server.config.set.Invoke($arguments)"
"ESXi","fu-04.epa.com","PASS","fu-04.epa.com: SSH hostbasedauthentication configured correctly (no)","esxi-8.ssh-host-based-auth","P2 Upon Feature Enablement","The ESXi host Secure Shell (SSH) daemon must not allow host-based authentication.","no","ESXI-80-000202","N/A","$ESXcli = Get-EsxCli -VMHost $ESXi -V2 $arguments = $ESXcli.system.ssh.server.config.set.CreateArgs() $arguments.keyword = 'hostbasedauthentication' $arguments.value = 'no' $ESXcli.system.ssh.server.config.set.Invoke($arguments)"
"ESXi","fu-04.epa.com","PASS","fu-04.epa.com: SSH clientalivecountmax configured correctly (3)","esxi-8.ssh-idle-timeout-count","P2 Upon Feature Enablement","The ESXi host Secure Shell (SSH) daemon must set a timeout count on idle sessions.","3","ESXI-80-000210","8.2.8","$ESXcli = Get-EsxCli -VMHost $ESXi -V2 $arguments = $ESXcli.system.ssh.server.config.set.CreateArgs() $arguments.keyword = 'clientalivecountmax' $arguments.value = '3' $ESXcli.system.ssh.server.config.set.Invoke($arguments)"
"ESXi","fu-04.epa.com","PASS","fu-04.epa.com: SSH clientaliveinterval configured correctly (200)","esxi-8.ssh-idle-timeout-interval","P2 Upon Feature Enablement","The ESXi host Secure Shell (SSH) daemon must set a timeout interval on idle sessions.","200","ESXI-80-000211","8.2.8","$ESXcli = Get-EsxCli -VMHost $ESXi -V2 $arguments = $ESXcli.system.ssh.server.config.set.CreateArgs() $arguments.keyword = 'clientaliveinterval' $arguments.value = '200' $ESXcli.system.ssh.server.config.set.Invoke($arguments)"
"ESXi","fu-04.epa.com","PASS","fu-04.epa.com: SSH banner configured correctly (/etc/issue)","esxi-8.ssh-login-banner","P2 Upon Feature Enablement","The ESXi host Secure Shell (SSH) daemon must display the system login banner before granting access to the system.","/etc/issue","ESXI-80-000192","N/A","$ESXcli = Get-EsxCli -VMHost $ESXi -V2 $arguments = $ESXcli.system.ssh.server.config.set.CreateArgs() $arguments.keyword = 'banner' $arguments.value = '/etc/issue' $ESXcli.system.ssh.server.config.set.Invoke($arguments)"
"ESXi","fu-04.epa.com","PASS","fu-04.epa.com: SSH ignorerhosts configured correctly (yes)","esxi-8.ssh-rhosts","P2 Upon Feature Enablement","The ESXi host Secure Shell (SSH) daemon must ignore .rhosts files.","yes","ESXI-80-000052","N/A","$ESXcli = Get-EsxCli -VMHost $ESXi -V2 $arguments = $ESXcli.system.ssh.server.config.set.CreateArgs() $arguments.keyword = 'ignorerhosts' $arguments.value = 'yes' $ESXcli.system.ssh.server.config.set.Invoke($arguments)"
"ESXi","fu-04.epa.com","PASS","fu-04.epa.com: SSH allowstreamlocalforwarding configured correctly (no)","esxi-8.ssh-stream-local-forwarding","P2 Upon Feature Enablement","The ESXi host Secure Shell (SSH) daemon must disable stream local forwarding.","no","N/A","N/A","$ESXcli = Get-EsxCli -VMHost $ESXi -V2 $arguments = $ESXcli.system.ssh.server.config.set.CreateArgs() $arguments.keyword = 'allowstreamlocalforwarding' $arguments.value = 'no' $ESXcli.system.ssh.server.config.set.Invoke($arguments)"
"ESXi","fu-04.epa.com","PASS","fu-04.epa.com: SSH allowtcpforwarding configured correctly (no)","esxi-8.ssh-tcp-forwarding","P2 Upon Feature Enablement","The ESXi host Secure Shell (SSH) daemon must disable TCP forwarding.","no","ESXI-80-000230","N/A","$ESXcli = Get-EsxCli -VMHost $ESXi -V2 $arguments = $ESXcli.system.ssh.server.config.set.CreateArgs() $arguments.keyword = 'allowtcpforwarding' $arguments.value = 'no' $ESXcli.system.ssh.server.config.set.Invoke($arguments)"
"ESXi","fu-04.epa.com","PASS","fu-04.epa.com: SSH permittunnel configured correctly (no)","esxi-8.ssh-tunnels","P2 Upon Feature Enablement","The ESXi host Secure Shell (SSH) daemon must not permit tunnels.","no","ESXI-80-000209","N/A","$ESXcli = Get-EsxCli -VMHost $ESXi -V2 $arguments = $ESXcli.system.ssh.server.config.set.CreateArgs() $arguments.keyword = 'permittunnel' $arguments.value = 'no' $ESXcli.system.ssh.server.config.set.Invoke($arguments)"
"ESXi","fu-04.epa.com","PASS","fu-04.epa.com: SSH permituserenvironment configured correctly (no)","esxi-8.ssh-user-environment","P2 Upon Feature Enablement","The ESXi host Secure Shell (SSH) daemon must not permit user environment settings.","no","ESXI-80-000204","N/A","$ESXcli = Get-EsxCli -VMHost $ESXi -V2 $arguments = $ESXcli.system.ssh.server.config.set.CreateArgs() $arguments.keyword = 'permituserenvironment' $arguments.value = 'no' $ESXcli.system.ssh.server.config.set.Invoke($arguments)"
"ESXi","fu-04.epa.com","PASS","fu-04.epa.com: sfcbd-watchdog is not running (False)","esxi-8.deactivate-cim","P0","The ESXi CIM service should be deactivated.","Stopped,
Start and stop manually","ESXI-80-000228","2.2.4","Get-VMHostService -VMHost $ESXi | where {$_.Key -eq 'sfcbd-watchdog'} | Set-VMHostService -Policy Off Get-VMHostService -VMHost $ESXi | where {$_.Key -eq 'sfcbd-watchdog'} | Stop-VMHostService"
"ESXi","fu-04.epa.com","FAIL","fu-04.epa.com: sfcbd-watchdog is configured to start (on)","esxi-8.deactivate-cim","P0","The ESXi CIM service should be deactivated.","Stopped,
Start and stop manually","ESXI-80-000228","2.2.4","Get-VMHostService -VMHost $ESXi | where {$_.Key -eq 'sfcbd-watchdog'} | Set-VMHostService -Policy Off Get-VMHostService -VMHost $ESXi | where {$_.Key -eq 'sfcbd-watchdog'} | Stop-VMHostService"
"ESXi","fu-04.epa.com","PASS","fu-04.epa.com: TSM is not running (False)","esxi-8.deactivate-shell","P2","The ESXi shell should be deactivated.","Stopped,
Start and stop manually","ESXI-80-000194","2.2.4","Get-VMHostService -VMHost $ESXi | where {$_.Key -eq 'TSM'} | Set-VMHostService -Policy Off Get-VMHostService -VMHost $ESXi | where {$_.Key -eq 'TSM'} | Stop-VMHostService"
"ESXi","fu-04.epa.com","PASS","fu-04.epa.com: TSM is not configured to start (off)","esxi-8.deactivate-shell","P2","The ESXi shell should be deactivated.","Stopped,
Start and stop manually","ESXI-80-000194","2.2.4","Get-VMHostService -VMHost $ESXi | where {$_.Key -eq 'TSM'} | Set-VMHostService -Policy Off Get-VMHostService -VMHost $ESXi | where {$_.Key -eq 'TSM'} | Stop-VMHostService"
"ESXi","fu-04.epa.com","PASS","fu-04.epa.com: slpd is not running (False)","esxi-8.deactivate-slp","P2","The ESXi SLP service should be deactivated.","Stopped,
Start and stop manually","ESXI-80-000231","2.2.4","Get-VMHostService -VMHost $ESXi | where {$_.Key -eq 'slpd'} | Set-VMHostService -Policy Off Get-VMHostService -VMHost $ESXi | where {$_.Key -eq 'slpd'} | Stop-VMHostService"
"ESXi","fu-04.epa.com","PASS","fu-04.epa.com: slpd is not configured to start (off)","esxi-8.deactivate-slp","P2","The ESXi SLP service should be deactivated.","Stopped,
Start and stop manually","ESXI-80-000231","2.2.4","Get-VMHostService -VMHost $ESXi | where {$_.Key -eq 'slpd'} | Set-VMHostService -Policy Off Get-VMHostService -VMHost $ESXi | where {$_.Key -eq 'slpd'} | Stop-VMHostService"
"ESXi","fu-04.epa.com","PASS","fu-04.epa.com: snmpd is not running (False)","esxi-8.deactivate-snmp","P0","The ESXi SNMP service should be deactivated.","Stopped,
Start and stop manually","ESXI-80-000212","2.2.4
2.2.5","Get-VMHostService -VMHost $ESXi | where {$_.Key -eq 'snmpd'} | Set-VMHostService -Policy Off Get-VMHostService -VMHost $ESXi | where {$_.Key -eq 'snmpd'} | Stop-VMHostService"
"ESXi","fu-04.epa.com","FAIL","fu-04.epa.com: snmpd is configured to start (on)","esxi-8.deactivate-snmp","P0","The ESXi SNMP service should be deactivated.","Stopped,
Start and stop manually","ESXI-80-000212","2.2.4
2.2.5","Get-VMHostService -VMHost $ESXi | where {$_.Key -eq 'snmpd'} | Set-VMHostService -Policy Off Get-VMHostService -VMHost $ESXi | where {$_.Key -eq 'snmpd'} | Stop-VMHostService"
"ESXi","fu-04.epa.com","FAIL","fu-04.epa.com: TSM-SSH is running (True)","esxi-8.deactivate-ssh","P2","The ESXi SSH service should be deactivated.","Stopped,
Start and stop manually","ESXI-80-000193","2.2.4","Get-VMHostService -VMHost $ESXi | where {$_.Key -eq 'TSM-SSH'} | Set-VMHostService -Policy Off Get-VMHostService -VMHost $ESXi | where {$_.Key -eq 'TSM-SSH'} | Stop-VMHostService"
"ESXi","fu-04.epa.com","FAIL","fu-04.epa.com: TSM-SSH is configured to start (on)","esxi-8.deactivate-ssh","P2","The ESXi SSH service should be deactivated.","Stopped,
Start and stop manually","ESXI-80-000193","2.2.4","Get-VMHostService -VMHost $ESXi | where {$_.Key -eq 'TSM-SSH'} | Set-VMHostService -Policy Off Get-VMHostService -VMHost $ESXi | where {$_.Key -eq 'TSM-SSH'} | Stop-VMHostService"
"ESXi","fu-04.epa.com","PASS","fu-04.epa.com: ntpd is running (True)",,,,,,,
"ESXi","fu-04.epa.com","PASS","fu-04.epa.com: ntpd is configured to start (on)",,,,,,,
"ESXi","fu-04.epa.com","PASS","fu-04.epa.com: NTP client configured (172.17.10.101)",,,,,,,
"ESXi","fu-04.epa.com","FAIL","fu-04.epa.com: Lockdown Mode exception users not configured correctly (da-user mux_user nsx-user)","esxi-8.lockdown-mode","P0","Enable normal lockdown mode on the ESXi host.","lockdownNormal","ESXI-80-000008","2.2.4","(Get-View (Get-VMHost -Name $ESXi | Get-View).ConfigManager.HostAccessManager).ChangeLockdownMode('lockdownNormal')"
"ESXi","fu-04.epa.com","FAIL","fu-04.epa.com: Lockdown Mode is not configured correctly (lockdownDisabled)","esxi-8.lockdown-mode","P0","Enable normal lockdown mode on the ESXi host.","lockdownNormal","ESXI-80-000008","2.2.4","(Get-View (Get-VMHost -Name $ESXi | Get-View).ConfigManager.HostAccessManager).ChangeLockdownMode('lockdownNormal')"
"ESXi","fu-04.epa.com","PASS","fu-04.epa.com: Standard switch 'Management' is not configured to allow promiscuous mode (False)","esxi-8.network-reject-promiscuous-mode-standardswitch","P0 Upon Feature Enablement","All standard switches and their port groups must be configured to reject guest promiscuous mode requests.","Reject","ESXI-80-000218","1.4.5","Get-VMHost -Name $ESXi | Get-VirtualSwitch -Standard | Get-SecurityPolicy | Set-SecurityPolicy -AllowPromiscuous $false Get-VMHost -Name $ESXi | Get-VirtualPortGroup -Standard | Get-SecurityPolicy | Set-SecurityPolicy -AllowPromiscuousInherited $true"
"ESXi","fu-04.epa.com","PASS","fu-04.epa.com: Standard switch 'Management' is not configured to allow MAC address changes (False)","esxi-8.network-reject-mac-changes-standardswitch","P0 Upon Feature Enablement","All standard switches and their port groups must be configured to reject guest MAC address changes.","Reject","ESXI-80-000217","1.4.3","Get-VMHost -Name $ESXi | Get-VirtualSwitch -Standard | Get-SecurityPolicy | Set-SecurityPolicy -MacChanges $false Get-VMHost -Name $ESXi | Get-VirtualPortGroup -Standard | Get-SecurityPolicy | Set-SecurityPolicy -MacChangesInherited $true"
"ESXi","fu-04.epa.com","PASS","fu-04.epa.com: Standard switch 'Management' is not configured to allow forged transmits (False)","esxi-8.network-reject-forged-transmit-standardswitch","P1 Upon Feature Enablement","All standard switches and their port groups must be configured to reject forged transmits.","Reject","ESXI-80-000216","1.4.3","Get-VMHost -Name $ESXi | Get-VirtualSwitch -Standard | Get-SecurityPolicy | Set-SecurityPolicy -ForgedTransmits $false  Get-VMHost -Name $ESXi | Get-VirtualPortGroup -Standard | Get-SecurityPolicy | Set-SecurityPolicy -ForgedTransmitsInherited $true"
"ESXi","fu-04.epa.com","PASS","fu-04.epa.com: Standard portgroup 'Management Network' is not configured to allow promiscuous mode (False)","esxi-8.network-reject-promiscuous-mode-standardswitch","P0 Upon Feature Enablement","All standard switches and their port groups must be configured to reject guest promiscuous mode requests.","Reject","ESXI-80-000218","1.4.5","Get-VMHost -Name $ESXi | Get-VirtualSwitch -Standard | Get-SecurityPolicy | Set-SecurityPolicy -AllowPromiscuous $false Get-VMHost -Name $ESXi | Get-VirtualPortGroup -Standard | Get-SecurityPolicy | Set-SecurityPolicy -AllowPromiscuousInherited $true"
"ESXi","fu-04.epa.com","PASS","fu-04.epa.com: Standard portgroup 'Management Network' is not configured to allow MAC address changes (False)","esxi-8.network-reject-mac-changes-standardswitch","P0 Upon Feature Enablement","All standard switches and their port groups must be configured to reject guest MAC address changes.","Reject","ESXI-80-000217","1.4.3","Get-VMHost -Name $ESXi | Get-VirtualSwitch -Standard | Get-SecurityPolicy | Set-SecurityPolicy -MacChanges $false Get-VMHost -Name $ESXi | Get-VirtualPortGroup -Standard | Get-SecurityPolicy | Set-SecurityPolicy -MacChangesInherited $true"
"ESXi","fu-04.epa.com","PASS","fu-04.epa.com: Standard portgroup 'Management Network' is not configured to allow forged transmits (False)","esxi-8.network-reject-forged-transmit-standardswitch","P1 Upon Feature Enablement","All standard switches and their port groups must be configured to reject forged transmits.","Reject","ESXI-80-000216","1.4.3","Get-VMHost -Name $ESXi | Get-VirtualSwitch -Standard | Get-SecurityPolicy | Set-SecurityPolicy -ForgedTransmits $false  Get-VMHost -Name $ESXi | Get-VirtualPortGroup -Standard | Get-SecurityPolicy | Set-SecurityPolicy -ForgedTransmitsInherited $true"
"ESXi","fu-04.epa.com","PASS","fu-04.epa.com: Standard portgroup 'Management Network' is not configured to allow VLAN 4095 (1810)",,,,,,,
"ESXi","fu-04.epa.com","PASS","fu-04.epa.com: Standard portgroup 'Management Network' does not appear to be configured to use a default VLAN (1810)",,,,,,,
"ESXi","fu-04.epa.com","PASS","fu-04.epa.com: Standard portgroup 'VM Network' is not configured to allow promiscuous mode (False)","esxi-8.network-reject-promiscuous-mode-standardswitch","P0 Upon Feature Enablement","All standard switches and their port groups must be configured to reject guest promiscuous mode requests.","Reject","ESXI-80-000218","1.4.5","Get-VMHost -Name $ESXi | Get-VirtualSwitch -Standard | Get-SecurityPolicy | Set-SecurityPolicy -AllowPromiscuous $false Get-VMHost -Name $ESXi | Get-VirtualPortGroup -Standard | Get-SecurityPolicy | Set-SecurityPolicy -AllowPromiscuousInherited $true"
"ESXi","fu-04.epa.com","PASS","fu-04.epa.com: Standard portgroup 'VM Network' is not configured to allow MAC address changes (False)","esxi-8.network-reject-mac-changes-standardswitch","P0 Upon Feature Enablement","All standard switches and their port groups must be configured to reject guest MAC address changes.","Reject","ESXI-80-000217","1.4.3","Get-VMHost -Name $ESXi | Get-VirtualSwitch -Standard | Get-SecurityPolicy | Set-SecurityPolicy -MacChanges $false Get-VMHost -Name $ESXi | Get-VirtualPortGroup -Standard | Get-SecurityPolicy | Set-SecurityPolicy -MacChangesInherited $true"
"ESXi","fu-04.epa.com","PASS","fu-04.epa.com: Standard portgroup 'VM Network' is not configured to allow forged transmits (False)","esxi-8.network-reject-forged-transmit-standardswitch","P1 Upon Feature Enablement","All standard switches and their port groups must be configured to reject forged transmits.","Reject","ESXI-80-000216","1.4.3","Get-VMHost -Name $ESXi | Get-VirtualSwitch -Standard | Get-SecurityPolicy | Set-SecurityPolicy -ForgedTransmits $false  Get-VMHost -Name $ESXi | Get-VirtualPortGroup -Standard | Get-SecurityPolicy | Set-SecurityPolicy -ForgedTransmitsInherited $true"
"ESXi","fu-04.epa.com","PASS","fu-04.epa.com: Standard portgroup 'VM Network' is not configured to allow VLAN 4095 (1810)",,,,,,,
"ESXi","fu-04.epa.com","PASS","fu-04.epa.com: Standard portgroup 'VM Network' does not appear to be configured to use a default VLAN (1810)",,,,,,,
"ESXi","fu-04.epa.com","PASS","fu-04.epa.com: Standard portgroup 'vMotion' is not configured to allow promiscuous mode (False)","esxi-8.network-reject-promiscuous-mode-standardswitch","P0 Upon Feature Enablement","All standard switches and their port groups must be configured to reject guest promiscuous mode requests.","Reject","ESXI-80-000218","1.4.5","Get-VMHost -Name $ESXi | Get-VirtualSwitch -Standard | Get-SecurityPolicy | Set-SecurityPolicy -AllowPromiscuous $false Get-VMHost -Name $ESXi | Get-VirtualPortGroup -Standard | Get-SecurityPolicy | Set-SecurityPolicy -AllowPromiscuousInherited $true"
"ESXi","fu-04.epa.com","PASS","fu-04.epa.com: Standard portgroup 'vMotion' is not configured to allow MAC address changes (False)","esxi-8.network-reject-mac-changes-standardswitch","P0 Upon Feature Enablement","All standard switches and their port groups must be configured to reject guest MAC address changes.","Reject","ESXI-80-000217","1.4.3","Get-VMHost -Name $ESXi | Get-VirtualSwitch -Standard | Get-SecurityPolicy | Set-SecurityPolicy -MacChanges $false Get-VMHost -Name $ESXi | Get-VirtualPortGroup -Standard | Get-SecurityPolicy | Set-SecurityPolicy -MacChangesInherited $true"
"ESXi","fu-04.epa.com","PASS","fu-04.epa.com: Standard portgroup 'vMotion' is not configured to allow forged transmits (False)","esxi-8.network-reject-forged-transmit-standardswitch","P1 Upon Feature Enablement","All standard switches and their port groups must be configured to reject forged transmits.","Reject","ESXI-80-000216","1.4.3","Get-VMHost -Name $ESXi | Get-VirtualSwitch -Standard | Get-SecurityPolicy | Set-SecurityPolicy -ForgedTransmits $false  Get-VMHost -Name $ESXi | Get-VirtualPortGroup -Standard | Get-SecurityPolicy | Set-SecurityPolicy -ForgedTransmitsInherited $true"
"ESXi","fu-04.epa.com","PASS","fu-04.epa.com: Standard portgroup 'vMotion' is not configured to allow VLAN 4095 (1820)",,,,,,,
"ESXi","fu-04.epa.com","PASS","fu-04.epa.com: Standard portgroup 'vMotion' does not appear to be configured to use a default VLAN (1820)",,,,,,,
"ESXi","fu-04.epa.com","PASS","fu-04.epa.com: Standard portgroup 'vSAN' is not configured to allow promiscuous mode (False)","esxi-8.network-reject-promiscuous-mode-standardswitch","P0 Upon Feature Enablement","All standard switches and their port groups must be configured to reject guest promiscuous mode requests.","Reject","ESXI-80-000218","1.4.5","Get-VMHost -Name $ESXi | Get-VirtualSwitch -Standard | Get-SecurityPolicy | Set-SecurityPolicy -AllowPromiscuous $false Get-VMHost -Name $ESXi | Get-VirtualPortGroup -Standard | Get-SecurityPolicy | Set-SecurityPolicy -AllowPromiscuousInherited $true"
"ESXi","fu-04.epa.com","PASS","fu-04.epa.com: Standard portgroup 'vSAN' is not configured to allow MAC address changes (False)","esxi-8.network-reject-mac-changes-standardswitch","P0 Upon Feature Enablement","All standard switches and their port groups must be configured to reject guest MAC address changes.","Reject","ESXI-80-000217","1.4.3","Get-VMHost -Name $ESXi | Get-VirtualSwitch -Standard | Get-SecurityPolicy | Set-SecurityPolicy -MacChanges $false Get-VMHost -Name $ESXi | Get-VirtualPortGroup -Standard | Get-SecurityPolicy | Set-SecurityPolicy -MacChangesInherited $true"
"ESXi","fu-04.epa.com","PASS","fu-04.epa.com: Standard portgroup 'vSAN' is not configured to allow forged transmits (False)","esxi-8.network-reject-forged-transmit-standardswitch","P1 Upon Feature Enablement","All standard switches and their port groups must be configured to reject forged transmits.","Reject","ESXI-80-000216","1.4.3","Get-VMHost -Name $ESXi | Get-VirtualSwitch -Standard | Get-SecurityPolicy | Set-SecurityPolicy -ForgedTransmits $false  Get-VMHost -Name $ESXi | Get-VirtualPortGroup -Standard | Get-SecurityPolicy | Set-SecurityPolicy -ForgedTransmitsInherited $true"
"ESXi","fu-04.epa.com","PASS","fu-04.epa.com: Standard portgroup 'vSAN' is not configured to allow VLAN 4095 (1830)",,,,,,,
"ESXi","fu-04.epa.com","PASS","fu-04.epa.com: Standard portgroup 'vSAN' does not appear to be configured to use a default VLAN (1830)",,,,,,,
"ESXi","fu-04.epa.com","PASS","fu-04.epa.com: VMkernel NIC 'vmk0' has only management configured (ManagementTrafficEnabled: True, VMotionEnabled: False, FaultToleranceLoggingEnabled: False, VsanTrafficEnabled: False, ProvisioningEnabled: False, VSphereReplicationEnabled: False, VSphereReplicationNFCEnabled: False, VSphereBackupNFCEnabled: False)",,,,,,,
"ESXi","fu-04.epa.com","PASS","fu-04.epa.com: VMkernel NIC 'vmk2' is not configured for management (ManagementTrafficEnabled: False, VMotionEnabled: False, FaultToleranceLoggingEnabled: False, VsanTrafficEnabled: True, ProvisioningEnabled: False, VSphereReplicationEnabled: False, VSphereReplicationNFCEnabled: False, VSphereBackupNFCEnabled: False)",,,,,,,
"ESXi","fu-04.epa.com","PASS","fu-04.epa.com: VMkernel NIC 'vmk1' is not configured for management (ManagementTrafficEnabled: False, VMotionEnabled: True, FaultToleranceLoggingEnabled: False, VsanTrafficEnabled: False, ProvisioningEnabled: False, VSphereReplicationEnabled: False, VSphereReplicationNFCEnabled: False, VSphereBackupNFCEnabled: False)",,,,,,,
"ESXi","fu-04.epa.com","PASS","fu-04.epa.com: VMkernel NIC 'vmk10' is not configured for management (ManagementTrafficEnabled: False, VMotionEnabled: False, FaultToleranceLoggingEnabled: False, VsanTrafficEnabled: False, ProvisioningEnabled: False, VSphereReplicationEnabled: False, VSphereReplicationNFCEnabled: False, VSphereBackupNFCEnabled: False)",,,,,,,
"ESXi","fu-04.epa.com","PASS","fu-04.epa.com: VMkernel NIC 'vmk11' is not configured for management (ManagementTrafficEnabled: False, VMotionEnabled: False, FaultToleranceLoggingEnabled: False, VsanTrafficEnabled: False, ProvisioningEnabled: False, VSphereReplicationEnabled: False, VSphereReplicationNFCEnabled: False, VSphereBackupNFCEnabled: False)",,,,,,,
"ESXi","fu-04.epa.com","PASS","fu-04.epa.com: VMkernel NIC 'vmk50' is not configured for management (ManagementTrafficEnabled: False, VMotionEnabled: False, FaultToleranceLoggingEnabled: False, VsanTrafficEnabled: False, ProvisioningEnabled: False, VSphereReplicationEnabled: False, VSphereReplicationNFCEnabled: False, VSphereBackupNFCEnabled: False)",,,,,,,
"ESXi","fu-04.epa.com","INFO","fu-04.epa.com: Audit of fu-04.epa.com completed at 2026-09-07 09:02:37",,,,,,,
"ESXi","fu-05.epa.com","INFO","VMware ESX Host Security Settings Audit Utility 8.0.3",,,,,,,
"ESXi","fu-05.epa.com","INFO","Audit of fu-05.epa.com started at 2026-09-07 09:02:37 from HCSVDI-28 by broadcom",,,,,,,
"ESXi","fu-05.epa.com","INFO","EULA accepted.",,,,,,,
"ESXi","fu-05.epa.com","INFO","Safety checks skipped.",,,,,,,
"ESXi","fu-05.epa.com","PASS","fu-05.epa.com: Security.AccountUnlockTime configured correctly (900)","esxi-8.account-auto-unlock-time","P2","The ESXi host must unlock accounts after a specified timeout period.","900","ESXI-80-000111","8.3.4","Get-VMHost -Name $ESXi | Get-AdvancedSetting Security.AccountUnlockTime | Set-AdvancedSetting -Value 900"
"ESXi","fu-05.epa.com","PASS","fu-05.epa.com: Net.BlockGuestBPDU configured correctly (1)","esxi-8.network-bpdu","P2","Enable the Bridge Protocol Data Unit (BPDU) filter on the ESXi host.","1","ESXI-80-000215","N/A","Get-VMHost -Name $ESXi | Get-AdvancedSetting Net.BlockGuestBPDU | Set-AdvancedSetting -Value 1"
"ESXi","fu-05.epa.com","PASS","fu-05.epa.com: UserVars.ESXiVPsDisabledProtocols configured correctly (sslv3,tlsv1,tlsv1.1)","esxi-8.tls-protocols","P2","The ESXi host must enable the highest version of TLS supported.","""sslv3,tlsv1,tlsv1.1""","ESXI-80-000161","2.2.7
4.2.1
8.3.2","Get-VMHost -Name $ESXi | Get-AdvancedSetting UserVars.ESXiVPsDisabledProtocols | Set-AdvancedSetting -Value ""sslv3,tlsv1,tlsv1.1"""
"ESXi","fu-05.epa.com","PASS","fu-05.epa.com: UserVars.ESXiShellTimeOut configured correctly (0)","esxi-8.shell-timeout","P0","Set a timeout to limit how long the ESXi Shell and SSH services are allowed to run.","600","ESXI-80-000195","8.2.8","Get-VMHost -Name $ESXi | Get-AdvancedSetting UserVars.ESXiShellTimeOut | Set-AdvancedSetting -Value 600"
"ESXi","fu-05.epa.com","FAIL","fu-05.epa.com: Syslog.global.certificate.strictX509Compliance not configured correctly (False)","esxi-8.logs-remote-tls-x509","P0","The ESXi host must use strict x509 verification for TLS-enabled remote logging endpoints.","TRUE","ESXI-80-000234","2.2.7","Get-VMHost -Name $ESXi | Get-AdvancedSetting Syslog.global.certificate.strictX509Compliance | Set-AdvancedSetting -Value TRUE"
"ESXi","fu-05.epa.com","FAIL","fu-05.epa.com: Security.PasswordMaxDays not configured correctly (99999)","esxi-8.account-password-max-days","P2","The ESXi host must be configured with an appropriate maximum password age.","9999","ESXI-80-000227","8.3.9","Get-VMHost -Name $ESXi | Get-AdvancedSetting Security.PasswordMaxDays | Set-AdvancedSetting -Value 9999"
"ESXi","fu-05.epa.com","FAIL","fu-05.epa.com: Net.BMCNetworkEnable not configured correctly (1)","esxi-8.hw-virtual-nic","Advanced","The ESXi host must not enable virtual hardware management network interfaces.","0","ESXI-80-000250","1.3.1
1.4.1
1.4.2
1.4.4","Get-VMHost -Name $ESXi | Get-AdvancedSetting Net.BMCNetworkEnable | Set-AdvancedSetting -Value 0"
"ESXi","fu-05.epa.com","FAIL","fu-05.epa.com: Mem.MemEagerZero not configured correctly (0)","esxi-8.memeagerzero","P0","The ESXi host must enable volatile key destruction.","1","ESXI-80-000225","3.6.1","Get-VMHost -Name $ESXi | Get-AdvancedSetting Mem.MemEagerZero | Set-AdvancedSetting -Value 1"
"ESXi","fu-05.epa.com","PASS","fu-05.epa.com: UserVars.HostClientSessionTimeout configured correctly (0)","esxi-8.host-client-session-timeout","P2","The ESXi host must automatically terminate idle host client sessions.","900","ESXI-80-000010","8.2.8","Get-VMHost -Name $ESXi | Get-AdvancedSetting UserVars.HostClientSessionTimeout | Set-AdvancedSetting -Value 900"
"ESXi","fu-05.epa.com","FAIL","fu-05.epa.com: UserVars.SuppressShellWarning not configured correctly (1)","esxi-8.shell-warning","P2","The ESXi host must not suppress warnings that the ESXi shell is enabled.","0","ESXI-80-000222","N/A","Get-VMHost -Name $ESXi | Get-AdvancedSetting UserVars.SuppressShellWarning | Set-AdvancedSetting -Value 0"
"ESXi","fu-05.epa.com","FAIL","fu-05.epa.com: VMkernel.Boot.execInstalledOnly not configured correctly (False)","esxi-8.vib-trusted-binaries","P0","Only run binaries delivered via signed VIB.","True","ESXI-80-000244","5.2.3","Get-VMHost -Name $ESXi | Get-AdvancedSetting VMkernel.Boot.execInstalledOnly | Set-AdvancedSetting -Value True"
"ESXi","fu-05.epa.com","PASS","fu-05.epa.com: UserVars.ESXiShellInteractiveTimeOut configured correctly (0)","esxi-8.shell-interactive-timeout","P0","Configure the inactivity timeout to automatically terminate idle ESXi host shells.","900","ESXI-80-000068","8.2.8","Get-VMHost -Name $ESXi | Get-AdvancedSetting UserVars.ESXiShellInteractiveTimeOut | Set-AdvancedSetting -Value 900"
"ESXi","fu-05.epa.com","PASS","fu-05.epa.com: UserVars.SuppressHyperthreadWarning configured correctly (0)","esxi-8.cpu-hyperthread-warning","P2","The ESXi host must not suppress warnings about unmitigated hyperthreading vulnerabilities.","0","ESXI-80-000223","N/A","Get-VMHost -Name $ESXi | Get-AdvancedSetting UserVars.SuppressHyperthreadWarning | Set-AdvancedSetting -Value 0"
"ESXi","fu-05.epa.com","PASS","fu-05.epa.com: Security.PasswordHistory configured correctly (5)","esxi-8.account-password-history","P2","Configure the password history setting to restrict the reuse of passwords on the ESXi host.","5","ESXI-80-000043","8.3.7","Get-VMHost -Name $ESXi | Get-AdvancedSetting Security.PasswordHistory | Set-AdvancedSetting -Value 5"
"ESXi","fu-05.epa.com","PASS","fu-05.epa.com: Net.DVFilterBindIpAddress configured correctly ()","esxi-8.network-dvfilter","P2","Use of the dvFilter network APIs must be restricted on the ESXi host.","""""","ESXI-80-000219","N/A","Get-VMHost -Name $ESXi | Get-AdvancedSetting Net.DVFilterBindIpAddress | Set-AdvancedSetting -Value """""
"ESXi","fu-05.epa.com","PASS","fu-05.epa.com: UserVars.DcuiTimeOut configured correctly (600)","esxi-8.dcui-timeout","P2","Set a timeout to automatically terminate idle DCUI sessions on the ESXi host.","600","ESXI-80-000196","8.2.8","Get-VMHost -Name $ESXi | Get-AdvancedSetting UserVars.DcuiTimeOut | Set-AdvancedSetting -Value 600"
"ESXi","fu-05.epa.com","PASS","fu-05.epa.com: Syslog.global.logLevel configured correctly (error)","esxi-8.logs-level-global","P2","The ESXi host must log sufficient information for events.","error","ESXI-80-000235","10.2.1","Get-VMHost -Name $ESXi | Get-AdvancedSetting Syslog.global.logLevel | Set-AdvancedSetting -Value error"
"ESXi","fu-05.epa.com","FAIL","fu-05.epa.com: Syslog.global.auditRecord.storageCapacity not configured correctly (4)","esxi-8.logs-audit-local-capacity","P1","The ESXi host must store one week of audit records.","100","ESXI-80-000113","10.5.1","Get-VMHost -Name $ESXi | Get-AdvancedSetting Syslog.global.auditRecord.storageCapacity | Set-AdvancedSetting -Value 100"
"ESXi","fu-05.epa.com","PASS","fu-05.epa.com: Security.AccountLockFailures configured correctly (5)","esxi-8.account-lockout","P2","The ESXi host must lock an account after a specified number of failed login attempts.","5","ESXI-80-000005","8.3.4","Get-VMHost -Name $ESXi | Get-AdvancedSetting Security.AccountLockFailures | Set-AdvancedSetting -Value 5"
"ESXi","fu-05.epa.com","PASS","fu-05.epa.com: Syslog.global.certificate.checkSSLCerts configured correctly (True)","esxi-8.logs-remote-tls","P2","The ESXi host must verify certificates for TLS remote logging endpoints.","TRUE","ESXI-80-000224","2.2.7","Get-VMHost -Name $ESXi | Get-AdvancedSetting Syslog.global.certificate.checkSSLCerts | Set-AdvancedSetting -Value TRUE"
"ESXi","fu-05.epa.com","PASS","fu-05.epa.com: Mem.ShareForceSalting configured correctly (2)","esxi-8.transparent-page-sharing","P2","The ESXi host must restrict inter-VM transparent page sharing to VMs configured with sched.mem.pshare.salt.","2","ESXI-80-000213","N/A","Get-VMHost -Name $ESXi | Get-AdvancedSetting Mem.ShareForceSalting | Set-AdvancedSetting -Value 2"
"ESXi","fu-05.epa.com","PASS","fu-05.epa.com: DCUI.Access configured correctly (root)","esxi-8.lockdown-dcui-access","P2","The ESXi host must have an accurate DCUI.Access list.","root","ESXI-80-000189","2.2.4","Get-VMHost -Name $ESXi | Get-AdvancedSetting DCUI.Access | Set-AdvancedSetting -Value root"
"ESXi","fu-05.epa.com","FAIL","fu-05.epa.com: Syslog.global.auditRecord.storageEnable not configured correctly (False)","esxi-8.logs-audit-local","P0","The ESXi host must enable audit record logging.","TRUE","ESXI-80-000232","10.2.1","Get-VMHost -Name $ESXi | Get-AdvancedSetting Syslog.global.auditRecord.storageEnable | Set-AdvancedSetting -Value TRUE"
"ESXi","fu-05.epa.com","FAIL","fu-05.epa.com: Config.HostAgent.vmacore.soap.sessionTimeout not configured correctly (30)","esxi-8.api-soap-timeout","P1","The ESXi host must configure a session timeout for the vSphere API.","10","ESXI-80-000226","8.2.8","Get-VMHost -Name $ESXi | Get-AdvancedSetting Config.HostAgent.vmacore.soap.sessionTimeout | Set-AdvancedSetting -Value 10"
"ESXi","fu-05.epa.com","FAIL","fu-05.epa.com: Syslog.global.auditRecord.remoteEnable not configured correctly (False)","esxi-8.logs-audit-remote","P0","The ESXi host must transmit audit records to a remote host.","TRUE","ESXI-80-000233","10.2.1
10.3.3","Get-VMHost -Name $ESXi | Get-AdvancedSetting Syslog.global.auditRecord.remoteEnable | Set-AdvancedSetting -Value TRUE"
"ESXi","fu-05.epa.com","PASS","fu-05.epa.com: Config.HostAgent.log.level configured correctly (info)","esxi-8.logs-level","P2","Set the ESXi host logging informational level to info.","info","ESXI-80-000015
ESXI-80-000030","10.2.1","Get-VMHost -Name $ESXi | Get-AdvancedSetting Config.HostAgent.log.level | Set-AdvancedSetting -Value info"
"ESXi","fu-05.epa.com","PASS","fu-05.epa.com: Config.HostAgent.plugins.solo.enableMob configured correctly (False)","esxi-8.deactivate-mob","P2","The ESXi Managed Object Browser (MOB) must be deactivated.","False","ESXI-80-000047","2.2.4","Get-VMHost -Name $ESXi | Get-AdvancedSetting Config.HostAgent.plugins.solo.enableMob | Set-AdvancedSetting -Value False"
"ESXi","fu-05.epa.com","FAIL","fu-05.epa.com: Security.PasswordQualityControl not configured correctly (retry=3 min=disabled,disabled,disabled,7,7)","esxi-8.account-password-policies","P0","The ESXI host must enforce password complexity.","""similar=deny retry=3 min=disabled,disabled,disabled,disabled,15 max=64""","ESXI-80-000035
ESXI-80-000044","8.3.1
8.3.6","Get-VMHost -Name $ESXi | Get-AdvancedSetting Security.PasswordQualityControl | Set-AdvancedSetting -Value ""similar=deny retry=3 min=disabled,disabled,disabled,disabled,15 max=64"""
"ESXi","fu-05.epa.com","FAIL","fu-05.epa.com: Syslog.global.logHost not configured correctly ()","esxi-8.logs-remote","P0","Configure a remote log server for the ESXi host.","Site-Specific Log Server","ESXI-80-000114","10.2.1
10.3.3","Get-VMHost -Name $ESXi | Get-AdvancedSetting Syslog.global.logHost | Set-AdvancedSetting -Value ""<log collector>"""
"ESXi","fu-05.epa.com","FAIL","fu-05.epa.com: Annotations.WelcomeMessage not configured correctly ()","esxi-8.annotations-welcomemessage","P1","Configure the ESXi host login banner for the DCUI and Host Client.","Consult your organization's legal advisors for text that is applicable to your environment.

An example is: ""Authorized users only. Actual or attempted unauthorized use of this system is prohibited and may result in criminal, civil, security, or administrative proceedings and/or penalties. Use of this information system indicates consent to monitoring and recording, without notice or permission. Users have no expectation of privacy in any use of this system. Any information stored on, or transiting this system, or obtained by monitoring and/or recording, may be disclosed to law enforcement and/or used in accordance with Federal law, State statute, and organization policy. If you are not an authorized user of this system, exit the system at this time.""","ESXI-80-000006
ESXI-80-000007","N/A","Get-VMHost -Name $ESXi | Get-AdvancedSetting Annotations.WelcomeMessage | Set-AdvancedSetting -Value ""Authorized users only. Actual or attempted unauthorized use of this system is prohibited and may result in criminal, civil, security, or administrative proceedings and/or penalties. Use of this information system indicates consent to monitoring and recording, without notice or permission. Users have no expectation of privacy in any use of this system. Any information stored on, or transiting this system, or obtained by monitoring and/or recording, may be disclosed to law enforcement and/or used in accordance with Federal law, State statute, and organization policy. If you are not an authorized user of this system, exit the system at this time."""
"ESXi","fu-05.epa.com","FAIL","fu-05.epa.com: Config.Etc.Issue not configured correctly ()","esxi-8.etc-issue","P1","Configure the login banner for ESXi host SSH connections.","Consult your organization's legal advisors for text that is applicable to your environment.

An example is: ""Authorized users only. Actual or attempted unauthorized use of this system is prohibited and may result in criminal, civil, security, or administrative proceedings and/or penalties. Use of this information system indicates consent to monitoring and recording, without notice or permission. Users have no expectation of privacy in any use of this system. Any information stored on, or transiting this system, or obtained by monitoring and/or recording, may be disclosed to law enforcement and/or used in accordance with Federal law, State statute, and organization policy. If you are not an authorized user of this system, exit the system at this time.""","ESXI-80-000191","N/A","Get-VMHost -Name $ESXi | Get-AdvancedSetting Config.Etc.issue | Set-AdvancedSetting -Value ""****************************************************************************`n* Authorized users only. Actual or attempted unauthorized use of this      *`n* system is prohibited and may result in criminal, civil, security, or     *`n* administrative proceedings and/or penalties. Use of this information     *`n* system indicates consent to monitoring and recording, without notice     *`n* or permission. Users have no expectation of privacy. Any information     *`n* stored on or transiting this system, or obtained by monitoring and/or    *`n* recording, may be disclosed to law enforcement and/or used in accordance *`n* with Federal law, State statute, and organization policy. If you are not *`n* an authorized user of this system, exit the system at this time.         *`n****************************************************************************`n"""
"ESXi","fu-05.epa.com","PASS","fu-05.epa.com: Local log location is persistent (/scratch/log)","esxi-8.logs-persistent","P0","Configure a persistent log location for all locally stored logs on the ESXi host.","Persistent Storage Location","ESXI-80-000243","10.5.1","Get-VMHost -Name $ESXi | Get-AdvancedSetting Syslog.global.logDir | Set-AdvancedSetting -Value ""<PERSISTENT LOCATION>"" "
"ESXi","fu-05.epa.com","PASS","fu-05.epa.com: Local audit log location is persistent (/scratch/log, /scratch/auditLog)","esxi-8.logs-audit-persistent","P0","Configure a persistent log location for all locally stored audit records on the ESXi host.","Persistent Storage Location","ESXI-80-000243","10.5.1","Get-VMHost -Name $ESXi | Get-AdvancedSetting Syslog.global.auditRecord.storageDirectory | Set-AdvancedSetting -Value ""<PERSISTENT LOCATION>/audit"""
"ESXi","fu-05.epa.com","PASS","fu-05.epa.com: Log filtering is deactivated (false)","esxi-8.logs-filter","P2","The ESXi host must not enable log filtering.","false","ESXI-80-000246","10.2.1","$ESXcli = Get-EsxCli -VMHost $ESXi -V2 $arguments = $esxcli.system.syslog.config.logfilter.set.CreateArgs() $arguments.logfilteringenabled = $false $ESXcli.system.syslog.config.logfilter.set.invoke($arguments)"
"ESXi","fu-05.epa.com","FAIL","fu-05.epa.com: DCUI user has shell access enabled (true)","esxi-8.account-dcui","P0","The ESXi host must deny shell access for the dcui account.","false","ESXI-80-000249","2.2.4","$ESXcli = Get-EsxCli -VMHost $ESXi -V2 $arguments = $ESXcli.system.account.set.CreateArgs() $arguments.id = ""dcui"" $arguments.shellaccess = ""false"" $ESXcli.system.account.set.Invoke($arguments)"
"ESXi","fu-05.epa.com","PASS","fu-05.epa.com: Entropy sources configured correctly (FALSE, 0)","esxi-8.entropy","P2","The ESXi host must use sufficient entropy for cryptographic operations.","disableHwrng = FALSE
entropySources = 0","ESXI-80-000245","2.2.7
3.3.2
3.3.3
8.3.2","$ESXcli = Get-EsxCli -VMHost $ESXi -V2 $arguments = $ESXcli.system.settings.kernel.set.CreateArgs() $arguments.setting = ""disableHwrng"" $arguments.value = ""FALSE"" $ESXcli.system.settings.kernel.set.invoke($arguments) $arguments.setting = ""entropySources"" $arguments.value = ""0"" $ESXcli.system.settings.kernel.set.invoke($arguments)"
"ESXi","fu-05.epa.com","FAIL","fu-05.epa.com: Secure Boot is not enabled on the host (False)","esxi-8.secureboot","P0","The ESXi host must enable Secure Boot.","True","ESXI-80-000094","5.2.3","N/A (Enable in hardware firmware settings)"
"ESXi","fu-05.epa.com","FAIL","fu-05.epa.com: Secure Boot TPM-based enforcement is not enabled (false)","esxi-8.secureboot-enforcement","P0","The ESXi host must enable TPM-based Secure Boot enforcement.","True","ESXI-80-000085","5.2.3","$ESXcli = Get-EsxCli -VMHost $ESXi -V2 $arguments = $ESXcli.system.settings.encryption.set.CreateArgs() $arguments.requiresecureboot = $true $ESXcli.system.settings.encryption.set.Invoke($arguments)"
"ESXi","fu-05.epa.com","FAIL","fu-05.epa.com: TPM configuration encryption is not enabled (NONE)","esxi-8.tpm-configuration","P2 Upon Feature Enablement","The ESXi host must require TPM-based configuration encryption.","TPM","ESXI-80-000238","5.2.3","$ESXcli = Get-EsxCli -VMHost $ESXi -V2 $arguments = $ESXcli.system.settings.encryption.set.CreateArgs() $arguments.mode = ""TPM"" $ESXcli.system.settings.encryption.set.Invoke($arguments)"
"ESXi","fu-05.epa.com","PASS","fu-05.epa.com: Key persistence is not enabled (false)","esxi-8.key-persistence","P2 Upon Feature Enablement","The ESXi host must not store encryption keys on ESXi hosts without securing physical access to the hosts.","false","ESXI-80-000248","3.3.2
3.3.3
3.5.1","$ESXcli = Get-EsxCli -VMHost $ESXi -V2 $arguments = $ESXcli.system.security.keypersistence.disable.CreateArgs() $arguments.removeallstoredkeys = $true $ESXcli.system.security.keypersistence.disable.Invoke($arguments)"
"ESXi","fu-05.epa.com","FAIL","fu-05.epa.com: TLS profile is not configured correctly (COMPATIBLE)","esxi-8.tls-profile","P0","The ESXi host must maintain confidentiality and integrity of transmissions by enabling modern TLS ciphers.","NIST_2024","ESXI-80-000247","2.2.7
4.2.1
8.3.2","$ESXcli = Get-EsxCli -VMHost $ESXi -V2 $arguments = $ESXcli.system.tls.server.set.CreateArgs() $arguments.profile = ""NIST_2024"" $ESXcli.system.tls.server.set.invoke($arguments)"
"ESXi","fu-05.epa.com","PASS","fu-05.epa.com: Host Image Profile Acceptance Level is configured correctly (PartnerSupported)","esxi-8.vib-acceptance-level-supported","P2","The ESXi host image profile acceptance level must be PartnerSupported or higher.","PartnerSupported or Higher","ESXI-80-000133","5.2.3","$ESXcli = Get-EsxCli -VMHost $ESXi -V2 $arguments = $ESXcli.software.acceptance.set.CreateArgs() $arguments.level = ""PartnerSupported"" # VMwareCertified, VMwareAccepted, PartnerSupported, CommunitySupported $ESXcli.software.acceptance.set.Invoke($arguments)"
"ESXi","fu-05.epa.com","PASS","fu-05.epa.com: Active Directory integration is configured correctly ()","esxi-8.ad-auth-proxy","P0 Upon Feature Enablement","The vCenter Server must use the vSphere Authentication Proxy to avoid storing Active Directory credentials.","Configured If Feature In Use","ESXI-80-000240","N/A","N/A"
"ESXi","fu-05.epa.com","PASS","fu-05.epa.com: SSH has FIPS mode enabled (true)","esxi-8.ssh-fips","P2 Upon Feature Enablement","The ESXi host SSH daemon must use FIPS 140-2/140-3 validated cryptographic modules.","TRUE","ESXI-80-000014","2.2.7
8.3.2","$ESXcli = Get-EsxCli -VMHost $ESXi -V2 $arguments = $ESXcli.system.security.fips140.ssh.set.CreateArgs() $arguments.enable = $true $ESXcli.system.security.fips140.ssh.set.Invoke($arguments)"
"ESXi","fu-05.epa.com","PASS","fu-05.epa.com: SSH ciphers configured correctly (aes256-gcm@openssh.com,aes128-gcm@openssh.com,aes256-ctr,aes192-ctr,aes128-ctr)","esxi-8.ssh-fips-ciphers","P2 Upon Feature Enablement","The ESXi host Secure Shell (SSH) daemon must be configured to only use FIPS 140-2/140-3 validated ciphers.","aes256-gcm@openssh.com,aes128-gcm@openssh.com,aes256-ctr,aes192-ctr,aes128-ctr","ESXI-80-000187","2.2.7
8.3.2","$ESXcli = Get-EsxCli -VMHost $ESXi -V2 $arguments = $ESXcli.system.ssh.server.config.set.CreateArgs() $arguments.keyword = 'ciphers' $arguments.value = 'aes256-gcm@openssh.com,aes128-gcm@openssh.com,aes256-ctr,aes192-ctr,aes128-ctr' $ESXcli.system.ssh.server.config.set.Invoke($arguments)"
"ESXi","fu-05.epa.com","PASS","fu-05.epa.com: SSH gatewayports configured correctly (no)","esxi-8.ssh-gateway-ports","P2 Upon Feature Enablement","The ESXi host Secure Shell (SSH) daemon must be configured to not allow gateway ports.","no","ESXI-80-000207","N/A","$ESXcli = Get-EsxCli -VMHost $ESXi -V2 $arguments = $ESXcli.system.ssh.server.config.set.CreateArgs() $arguments.keyword = 'gatewayports' $arguments.value = 'no' $ESXcli.system.ssh.server.config.set.Invoke($arguments)"
"ESXi","fu-05.epa.com","PASS","fu-05.epa.com: SSH hostbasedauthentication configured correctly (no)","esxi-8.ssh-host-based-auth","P2 Upon Feature Enablement","The ESXi host Secure Shell (SSH) daemon must not allow host-based authentication.","no","ESXI-80-000202","N/A","$ESXcli = Get-EsxCli -VMHost $ESXi -V2 $arguments = $ESXcli.system.ssh.server.config.set.CreateArgs() $arguments.keyword = 'hostbasedauthentication' $arguments.value = 'no' $ESXcli.system.ssh.server.config.set.Invoke($arguments)"
"ESXi","fu-05.epa.com","PASS","fu-05.epa.com: SSH clientalivecountmax configured correctly (3)","esxi-8.ssh-idle-timeout-count","P2 Upon Feature Enablement","The ESXi host Secure Shell (SSH) daemon must set a timeout count on idle sessions.","3","ESXI-80-000210","8.2.8","$ESXcli = Get-EsxCli -VMHost $ESXi -V2 $arguments = $ESXcli.system.ssh.server.config.set.CreateArgs() $arguments.keyword = 'clientalivecountmax' $arguments.value = '3' $ESXcli.system.ssh.server.config.set.Invoke($arguments)"
"ESXi","fu-05.epa.com","PASS","fu-05.epa.com: SSH clientaliveinterval configured correctly (200)","esxi-8.ssh-idle-timeout-interval","P2 Upon Feature Enablement","The ESXi host Secure Shell (SSH) daemon must set a timeout interval on idle sessions.","200","ESXI-80-000211","8.2.8","$ESXcli = Get-EsxCli -VMHost $ESXi -V2 $arguments = $ESXcli.system.ssh.server.config.set.CreateArgs() $arguments.keyword = 'clientaliveinterval' $arguments.value = '200' $ESXcli.system.ssh.server.config.set.Invoke($arguments)"
"ESXi","fu-05.epa.com","PASS","fu-05.epa.com: SSH banner configured correctly (/etc/issue)","esxi-8.ssh-login-banner","P2 Upon Feature Enablement","The ESXi host Secure Shell (SSH) daemon must display the system login banner before granting access to the system.","/etc/issue","ESXI-80-000192","N/A","$ESXcli = Get-EsxCli -VMHost $ESXi -V2 $arguments = $ESXcli.system.ssh.server.config.set.CreateArgs() $arguments.keyword = 'banner' $arguments.value = '/etc/issue' $ESXcli.system.ssh.server.config.set.Invoke($arguments)"
"ESXi","fu-05.epa.com","PASS","fu-05.epa.com: SSH ignorerhosts configured correctly (yes)","esxi-8.ssh-rhosts","P2 Upon Feature Enablement","The ESXi host Secure Shell (SSH) daemon must ignore .rhosts files.","yes","ESXI-80-000052","N/A","$ESXcli = Get-EsxCli -VMHost $ESXi -V2 $arguments = $ESXcli.system.ssh.server.config.set.CreateArgs() $arguments.keyword = 'ignorerhosts' $arguments.value = 'yes' $ESXcli.system.ssh.server.config.set.Invoke($arguments)"
"ESXi","fu-05.epa.com","PASS","fu-05.epa.com: SSH allowstreamlocalforwarding configured correctly (no)","esxi-8.ssh-stream-local-forwarding","P2 Upon Feature Enablement","The ESXi host Secure Shell (SSH) daemon must disable stream local forwarding.","no","N/A","N/A","$ESXcli = Get-EsxCli -VMHost $ESXi -V2 $arguments = $ESXcli.system.ssh.server.config.set.CreateArgs() $arguments.keyword = 'allowstreamlocalforwarding' $arguments.value = 'no' $ESXcli.system.ssh.server.config.set.Invoke($arguments)"
"ESXi","fu-05.epa.com","PASS","fu-05.epa.com: SSH allowtcpforwarding configured correctly (no)","esxi-8.ssh-tcp-forwarding","P2 Upon Feature Enablement","The ESXi host Secure Shell (SSH) daemon must disable TCP forwarding.","no","ESXI-80-000230","N/A","$ESXcli = Get-EsxCli -VMHost $ESXi -V2 $arguments = $ESXcli.system.ssh.server.config.set.CreateArgs() $arguments.keyword = 'allowtcpforwarding' $arguments.value = 'no' $ESXcli.system.ssh.server.config.set.Invoke($arguments)"
"ESXi","fu-05.epa.com","PASS","fu-05.epa.com: SSH permittunnel configured correctly (no)","esxi-8.ssh-tunnels","P2 Upon Feature Enablement","The ESXi host Secure Shell (SSH) daemon must not permit tunnels.","no","ESXI-80-000209","N/A","$ESXcli = Get-EsxCli -VMHost $ESXi -V2 $arguments = $ESXcli.system.ssh.server.config.set.CreateArgs() $arguments.keyword = 'permittunnel' $arguments.value = 'no' $ESXcli.system.ssh.server.config.set.Invoke($arguments)"
"ESXi","fu-05.epa.com","PASS","fu-05.epa.com: SSH permituserenvironment configured correctly (no)","esxi-8.ssh-user-environment","P2 Upon Feature Enablement","The ESXi host Secure Shell (SSH) daemon must not permit user environment settings.","no","ESXI-80-000204","N/A","$ESXcli = Get-EsxCli -VMHost $ESXi -V2 $arguments = $ESXcli.system.ssh.server.config.set.CreateArgs() $arguments.keyword = 'permituserenvironment' $arguments.value = 'no' $ESXcli.system.ssh.server.config.set.Invoke($arguments)"
"ESXi","fu-05.epa.com","PASS","fu-05.epa.com: sfcbd-watchdog is not running (False)","esxi-8.deactivate-cim","P0","The ESXi CIM service should be deactivated.","Stopped,
Start and stop manually","ESXI-80-000228","2.2.4","Get-VMHostService -VMHost $ESXi | where {$_.Key -eq 'sfcbd-watchdog'} | Set-VMHostService -Policy Off Get-VMHostService -VMHost $ESXi | where {$_.Key -eq 'sfcbd-watchdog'} | Stop-VMHostService"
"ESXi","fu-05.epa.com","FAIL","fu-05.epa.com: sfcbd-watchdog is configured to start (on)","esxi-8.deactivate-cim","P0","The ESXi CIM service should be deactivated.","Stopped,
Start and stop manually","ESXI-80-000228","2.2.4","Get-VMHostService -VMHost $ESXi | where {$_.Key -eq 'sfcbd-watchdog'} | Set-VMHostService -Policy Off Get-VMHostService -VMHost $ESXi | where {$_.Key -eq 'sfcbd-watchdog'} | Stop-VMHostService"
"ESXi","fu-05.epa.com","PASS","fu-05.epa.com: TSM is not running (False)","esxi-8.deactivate-shell","P2","The ESXi shell should be deactivated.","Stopped,
Start and stop manually","ESXI-80-000194","2.2.4","Get-VMHostService -VMHost $ESXi | where {$_.Key -eq 'TSM'} | Set-VMHostService -Policy Off Get-VMHostService -VMHost $ESXi | where {$_.Key -eq 'TSM'} | Stop-VMHostService"
"ESXi","fu-05.epa.com","PASS","fu-05.epa.com: TSM is not configured to start (off)","esxi-8.deactivate-shell","P2","The ESXi shell should be deactivated.","Stopped,
Start and stop manually","ESXI-80-000194","2.2.4","Get-VMHostService -VMHost $ESXi | where {$_.Key -eq 'TSM'} | Set-VMHostService -Policy Off Get-VMHostService -VMHost $ESXi | where {$_.Key -eq 'TSM'} | Stop-VMHostService"
"ESXi","fu-05.epa.com","PASS","fu-05.epa.com: slpd is not running (False)","esxi-8.deactivate-slp","P2","The ESXi SLP service should be deactivated.","Stopped,
Start and stop manually","ESXI-80-000231","2.2.4","Get-VMHostService -VMHost $ESXi | where {$_.Key -eq 'slpd'} | Set-VMHostService -Policy Off Get-VMHostService -VMHost $ESXi | where {$_.Key -eq 'slpd'} | Stop-VMHostService"
"ESXi","fu-05.epa.com","PASS","fu-05.epa.com: slpd is not configured to start (off)","esxi-8.deactivate-slp","P2","The ESXi SLP service should be deactivated.","Stopped,
Start and stop manually","ESXI-80-000231","2.2.4","Get-VMHostService -VMHost $ESXi | where {$_.Key -eq 'slpd'} | Set-VMHostService -Policy Off Get-VMHostService -VMHost $ESXi | where {$_.Key -eq 'slpd'} | Stop-VMHostService"
"ESXi","fu-05.epa.com","PASS","fu-05.epa.com: snmpd is not running (False)","esxi-8.deactivate-snmp","P0","The ESXi SNMP service should be deactivated.","Stopped,
Start and stop manually","ESXI-80-000212","2.2.4
2.2.5","Get-VMHostService -VMHost $ESXi | where {$_.Key -eq 'snmpd'} | Set-VMHostService -Policy Off Get-VMHostService -VMHost $ESXi | where {$_.Key -eq 'snmpd'} | Stop-VMHostService"
"ESXi","fu-05.epa.com","FAIL","fu-05.epa.com: snmpd is configured to start (on)","esxi-8.deactivate-snmp","P0","The ESXi SNMP service should be deactivated.","Stopped,
Start and stop manually","ESXI-80-000212","2.2.4
2.2.5","Get-VMHostService -VMHost $ESXi | where {$_.Key -eq 'snmpd'} | Set-VMHostService -Policy Off Get-VMHostService -VMHost $ESXi | where {$_.Key -eq 'snmpd'} | Stop-VMHostService"
"ESXi","fu-05.epa.com","FAIL","fu-05.epa.com: TSM-SSH is running (True)","esxi-8.deactivate-ssh","P2","The ESXi SSH service should be deactivated.","Stopped,
Start and stop manually","ESXI-80-000193","2.2.4","Get-VMHostService -VMHost $ESXi | where {$_.Key -eq 'TSM-SSH'} | Set-VMHostService -Policy Off Get-VMHostService -VMHost $ESXi | where {$_.Key -eq 'TSM-SSH'} | Stop-VMHostService"
"ESXi","fu-05.epa.com","FAIL","fu-05.epa.com: TSM-SSH is configured to start (on)","esxi-8.deactivate-ssh","P2","The ESXi SSH service should be deactivated.","Stopped,
Start and stop manually","ESXI-80-000193","2.2.4","Get-VMHostService -VMHost $ESXi | where {$_.Key -eq 'TSM-SSH'} | Set-VMHostService -Policy Off Get-VMHostService -VMHost $ESXi | where {$_.Key -eq 'TSM-SSH'} | Stop-VMHostService"
"ESXi","fu-05.epa.com","PASS","fu-05.epa.com: ntpd is running (True)",,,,,,,
"ESXi","fu-05.epa.com","PASS","fu-05.epa.com: ntpd is configured to start (on)",,,,,,,
"ESXi","fu-05.epa.com","PASS","fu-05.epa.com: NTP client configured (172.17.10.101)",,,,,,,
"ESXi","fu-05.epa.com","FAIL","fu-05.epa.com: Lockdown Mode exception users not configured correctly (da-user mux_user nsx-user)","esxi-8.lockdown-mode","P0","Enable normal lockdown mode on the ESXi host.","lockdownNormal","ESXI-80-000008","2.2.4","(Get-View (Get-VMHost -Name $ESXi | Get-View).ConfigManager.HostAccessManager).ChangeLockdownMode('lockdownNormal')"
"ESXi","fu-05.epa.com","FAIL","fu-05.epa.com: Lockdown Mode is not configured correctly (lockdownDisabled)","esxi-8.lockdown-mode","P0","Enable normal lockdown mode on the ESXi host.","lockdownNormal","ESXI-80-000008","2.2.4","(Get-View (Get-VMHost -Name $ESXi | Get-View).ConfigManager.HostAccessManager).ChangeLockdownMode('lockdownNormal')"
"ESXi","fu-05.epa.com","PASS","fu-05.epa.com: Standard switch 'Management' is not configured to allow promiscuous mode (False)","esxi-8.network-reject-promiscuous-mode-standardswitch","P0 Upon Feature Enablement","All standard switches and their port groups must be configured to reject guest promiscuous mode requests.","Reject","ESXI-80-000218","1.4.5","Get-VMHost -Name $ESXi | Get-VirtualSwitch -Standard | Get-SecurityPolicy | Set-SecurityPolicy -AllowPromiscuous $false Get-VMHost -Name $ESXi | Get-VirtualPortGroup -Standard | Get-SecurityPolicy | Set-SecurityPolicy -AllowPromiscuousInherited $true"
"ESXi","fu-05.epa.com","PASS","fu-05.epa.com: Standard switch 'Management' is not configured to allow MAC address changes (False)","esxi-8.network-reject-mac-changes-standardswitch","P0 Upon Feature Enablement","All standard switches and their port groups must be configured to reject guest MAC address changes.","Reject","ESXI-80-000217","1.4.3","Get-VMHost -Name $ESXi | Get-VirtualSwitch -Standard | Get-SecurityPolicy | Set-SecurityPolicy -MacChanges $false Get-VMHost -Name $ESXi | Get-VirtualPortGroup -Standard | Get-SecurityPolicy | Set-SecurityPolicy -MacChangesInherited $true"
"ESXi","fu-05.epa.com","PASS","fu-05.epa.com: Standard switch 'Management' is not configured to allow forged transmits (False)","esxi-8.network-reject-forged-transmit-standardswitch","P1 Upon Feature Enablement","All standard switches and their port groups must be configured to reject forged transmits.","Reject","ESXI-80-000216","1.4.3","Get-VMHost -Name $ESXi | Get-VirtualSwitch -Standard | Get-SecurityPolicy | Set-SecurityPolicy -ForgedTransmits $false  Get-VMHost -Name $ESXi | Get-VirtualPortGroup -Standard | Get-SecurityPolicy | Set-SecurityPolicy -ForgedTransmitsInherited $true"
"ESXi","fu-05.epa.com","PASS","fu-05.epa.com: Standard portgroup 'Management Network' is not configured to allow promiscuous mode (False)","esxi-8.network-reject-promiscuous-mode-standardswitch","P0 Upon Feature Enablement","All standard switches and their port groups must be configured to reject guest promiscuous mode requests.","Reject","ESXI-80-000218","1.4.5","Get-VMHost -Name $ESXi | Get-VirtualSwitch -Standard | Get-SecurityPolicy | Set-SecurityPolicy -AllowPromiscuous $false Get-VMHost -Name $ESXi | Get-VirtualPortGroup -Standard | Get-SecurityPolicy | Set-SecurityPolicy -AllowPromiscuousInherited $true"
"ESXi","fu-05.epa.com","PASS","fu-05.epa.com: Standard portgroup 'Management Network' is not configured to allow MAC address changes (False)","esxi-8.network-reject-mac-changes-standardswitch","P0 Upon Feature Enablement","All standard switches and their port groups must be configured to reject guest MAC address changes.","Reject","ESXI-80-000217","1.4.3","Get-VMHost -Name $ESXi | Get-VirtualSwitch -Standard | Get-SecurityPolicy | Set-SecurityPolicy -MacChanges $false Get-VMHost -Name $ESXi | Get-VirtualPortGroup -Standard | Get-SecurityPolicy | Set-SecurityPolicy -MacChangesInherited $true"
"ESXi","fu-05.epa.com","PASS","fu-05.epa.com: Standard portgroup 'Management Network' is not configured to allow forged transmits (False)","esxi-8.network-reject-forged-transmit-standardswitch","P1 Upon Feature Enablement","All standard switches and their port groups must be configured to reject forged transmits.","Reject","ESXI-80-000216","1.4.3","Get-VMHost -Name $ESXi | Get-VirtualSwitch -Standard | Get-SecurityPolicy | Set-SecurityPolicy -ForgedTransmits $false  Get-VMHost -Name $ESXi | Get-VirtualPortGroup -Standard | Get-SecurityPolicy | Set-SecurityPolicy -ForgedTransmitsInherited $true"
"ESXi","fu-05.epa.com","PASS","fu-05.epa.com: Standard portgroup 'Management Network' is not configured to allow VLAN 4095 (1810)",,,,,,,
"ESXi","fu-05.epa.com","PASS","fu-05.epa.com: Standard portgroup 'Management Network' does not appear to be configured to use a default VLAN (1810)",,,,,,,
"ESXi","fu-05.epa.com","PASS","fu-05.epa.com: Standard portgroup 'VM Network' is not configured to allow promiscuous mode (False)","esxi-8.network-reject-promiscuous-mode-standardswitch","P0 Upon Feature Enablement","All standard switches and their port groups must be configured to reject guest promiscuous mode requests.","Reject","ESXI-80-000218","1.4.5","Get-VMHost -Name $ESXi | Get-VirtualSwitch -Standard | Get-SecurityPolicy | Set-SecurityPolicy -AllowPromiscuous $false Get-VMHost -Name $ESXi | Get-VirtualPortGroup -Standard | Get-SecurityPolicy | Set-SecurityPolicy -AllowPromiscuousInherited $true"
"ESXi","fu-05.epa.com","PASS","fu-05.epa.com: Standard portgroup 'VM Network' is not configured to allow MAC address changes (False)","esxi-8.network-reject-mac-changes-standardswitch","P0 Upon Feature Enablement","All standard switches and their port groups must be configured to reject guest MAC address changes.","Reject","ESXI-80-000217","1.4.3","Get-VMHost -Name $ESXi | Get-VirtualSwitch -Standard | Get-SecurityPolicy | Set-SecurityPolicy -MacChanges $false Get-VMHost -Name $ESXi | Get-VirtualPortGroup -Standard | Get-SecurityPolicy | Set-SecurityPolicy -MacChangesInherited $true"
"ESXi","fu-05.epa.com","PASS","fu-05.epa.com: Standard portgroup 'VM Network' is not configured to allow forged transmits (False)","esxi-8.network-reject-forged-transmit-standardswitch","P1 Upon Feature Enablement","All standard switches and their port groups must be configured to reject forged transmits.","Reject","ESXI-80-000216","1.4.3","Get-VMHost -Name $ESXi | Get-VirtualSwitch -Standard | Get-SecurityPolicy | Set-SecurityPolicy -ForgedTransmits $false  Get-VMHost -Name $ESXi | Get-VirtualPortGroup -Standard | Get-SecurityPolicy | Set-SecurityPolicy -ForgedTransmitsInherited $true"
"ESXi","fu-05.epa.com","PASS","fu-05.epa.com: Standard portgroup 'VM Network' is not configured to allow VLAN 4095 (1810)",,,,,,,
"ESXi","fu-05.epa.com","PASS","fu-05.epa.com: Standard portgroup 'VM Network' does not appear to be configured to use a default VLAN (1810)",,,,,,,
"ESXi","fu-05.epa.com","PASS","fu-05.epa.com: Standard portgroup 'vMotion' is not configured to allow promiscuous mode (False)","esxi-8.network-reject-promiscuous-mode-standardswitch","P0 Upon Feature Enablement","All standard switches and their port groups must be configured to reject guest promiscuous mode requests.","Reject","ESXI-80-000218","1.4.5","Get-VMHost -Name $ESXi | Get-VirtualSwitch -Standard | Get-SecurityPolicy | Set-SecurityPolicy -AllowPromiscuous $false Get-VMHost -Name $ESXi | Get-VirtualPortGroup -Standard | Get-SecurityPolicy | Set-SecurityPolicy -AllowPromiscuousInherited $true"
"ESXi","fu-05.epa.com","PASS","fu-05.epa.com: Standard portgroup 'vMotion' is not configured to allow MAC address changes (False)","esxi-8.network-reject-mac-changes-standardswitch","P0 Upon Feature Enablement","All standard switches and their port groups must be configured to reject guest MAC address changes.","Reject","ESXI-80-000217","1.4.3","Get-VMHost -Name $ESXi | Get-VirtualSwitch -Standard | Get-SecurityPolicy | Set-SecurityPolicy -MacChanges $false Get-VMHost -Name $ESXi | Get-VirtualPortGroup -Standard | Get-SecurityPolicy | Set-SecurityPolicy -MacChangesInherited $true"
"ESXi","fu-05.epa.com","PASS","fu-05.epa.com: Standard portgroup 'vMotion' is not configured to allow forged transmits (False)","esxi-8.network-reject-forged-transmit-standardswitch","P1 Upon Feature Enablement","All standard switches and their port groups must be configured to reject forged transmits.","Reject","ESXI-80-000216","1.4.3","Get-VMHost -Name $ESXi | Get-VirtualSwitch -Standard | Get-SecurityPolicy | Set-SecurityPolicy -ForgedTransmits $false  Get-VMHost -Name $ESXi | Get-VirtualPortGroup -Standard | Get-SecurityPolicy | Set-SecurityPolicy -ForgedTransmitsInherited $true"
"ESXi","fu-05.epa.com","PASS","fu-05.epa.com: Standard portgroup 'vMotion' is not configured to allow VLAN 4095 (1820)",,,,,,,
"ESXi","fu-05.epa.com","PASS","fu-05.epa.com: Standard portgroup 'vMotion' does not appear to be configured to use a default VLAN (1820)",,,,,,,
"ESXi","fu-05.epa.com","PASS","fu-05.epa.com: Standard portgroup 'vSAN' is not configured to allow promiscuous mode (False)","esxi-8.network-reject-promiscuous-mode-standardswitch","P0 Upon Feature Enablement","All standard switches and their port groups must be configured to reject guest promiscuous mode requests.","Reject","ESXI-80-000218","1.4.5","Get-VMHost -Name $ESXi | Get-VirtualSwitch -Standard | Get-SecurityPolicy | Set-SecurityPolicy -AllowPromiscuous $false Get-VMHost -Name $ESXi | Get-VirtualPortGroup -Standard | Get-SecurityPolicy | Set-SecurityPolicy -AllowPromiscuousInherited $true"
"ESXi","fu-05.epa.com","PASS","fu-05.epa.com: Standard portgroup 'vSAN' is not configured to allow MAC address changes (False)","esxi-8.network-reject-mac-changes-standardswitch","P0 Upon Feature Enablement","All standard switches and their port groups must be configured to reject guest MAC address changes.","Reject","ESXI-80-000217","1.4.3","Get-VMHost -Name $ESXi | Get-VirtualSwitch -Standard | Get-SecurityPolicy | Set-SecurityPolicy -MacChanges $false Get-VMHost -Name $ESXi | Get-VirtualPortGroup -Standard | Get-SecurityPolicy | Set-SecurityPolicy -MacChangesInherited $true"
"ESXi","fu-05.epa.com","PASS","fu-05.epa.com: Standard portgroup 'vSAN' is not configured to allow forged transmits (False)","esxi-8.network-reject-forged-transmit-standardswitch","P1 Upon Feature Enablement","All standard switches and their port groups must be configured to reject forged transmits.","Reject","ESXI-80-000216","1.4.3","Get-VMHost -Name $ESXi | Get-VirtualSwitch -Standard | Get-SecurityPolicy | Set-SecurityPolicy -ForgedTransmits $false  Get-VMHost -Name $ESXi | Get-VirtualPortGroup -Standard | Get-SecurityPolicy | Set-SecurityPolicy -ForgedTransmitsInherited $true"
"ESXi","fu-05.epa.com","PASS","fu-05.epa.com: Standard portgroup 'vSAN' is not configured to allow VLAN 4095 (1830)",,,,,,,
"ESXi","fu-05.epa.com","PASS","fu-05.epa.com: Standard portgroup 'vSAN' does not appear to be configured to use a default VLAN (1830)",,,,,,,
"ESXi","fu-05.epa.com","PASS","fu-05.epa.com: VMkernel NIC 'vmk0' has only management configured (ManagementTrafficEnabled: True, VMotionEnabled: False, FaultToleranceLoggingEnabled: False, VsanTrafficEnabled: False, ProvisioningEnabled: False, VSphereReplicationEnabled: False, VSphereReplicationNFCEnabled: False, VSphereBackupNFCEnabled: False)",,,,,,,
"ESXi","fu-05.epa.com","PASS","fu-05.epa.com: VMkernel NIC 'vmk2' is not configured for management (ManagementTrafficEnabled: False, VMotionEnabled: False, FaultToleranceLoggingEnabled: False, VsanTrafficEnabled: True, ProvisioningEnabled: False, VSphereReplicationEnabled: False, VSphereReplicationNFCEnabled: False, VSphereBackupNFCEnabled: False)",,,,,,,
"ESXi","fu-05.epa.com","PASS","fu-05.epa.com: VMkernel NIC 'vmk1' is not configured for management (ManagementTrafficEnabled: False, VMotionEnabled: True, FaultToleranceLoggingEnabled: False, VsanTrafficEnabled: False, ProvisioningEnabled: False, VSphereReplicationEnabled: False, VSphereReplicationNFCEnabled: False, VSphereBackupNFCEnabled: False)",,,,,,,
"ESXi","fu-05.epa.com","PASS","fu-05.epa.com: VMkernel NIC 'vmk10' is not configured for management (ManagementTrafficEnabled: False, VMotionEnabled: False, FaultToleranceLoggingEnabled: False, VsanTrafficEnabled: False, ProvisioningEnabled: False, VSphereReplicationEnabled: False, VSphereReplicationNFCEnabled: False, VSphereBackupNFCEnabled: False)",,,,,,,
"ESXi","fu-05.epa.com","PASS","fu-05.epa.com: VMkernel NIC 'vmk11' is not configured for management (ManagementTrafficEnabled: False, VMotionEnabled: False, FaultToleranceLoggingEnabled: False, VsanTrafficEnabled: False, ProvisioningEnabled: False, VSphereReplicationEnabled: False, VSphereReplicationNFCEnabled: False, VSphereBackupNFCEnabled: False)",,,,,,,
"ESXi","fu-05.epa.com","PASS","fu-05.epa.com: VMkernel NIC 'vmk50' is not configured for management (ManagementTrafficEnabled: False, VMotionEnabled: False, FaultToleranceLoggingEnabled: False, VsanTrafficEnabled: False, ProvisioningEnabled: False, VSphereReplicationEnabled: False, VSphereReplicationNFCEnabled: False, VSphereBackupNFCEnabled: False)",,,,,,,
"ESXi","fu-05.epa.com","INFO","fu-05.epa.com: Audit of fu-05.epa.com completed at 2026-09-07 09:02:46",,,,,,,
"ESXi","fu-06.epa.com","INFO","VMware ESX Host Security Settings Audit Utility 8.0.3",,,,,,,
"ESXi","fu-06.epa.com","INFO","Audit of fu-06.epa.com started at 2026-09-07 09:02:46 from HCSVDI-28 by broadcom",,,,,,,
"ESXi","fu-06.epa.com","INFO","EULA accepted.",,,,,,,
"ESXi","fu-06.epa.com","INFO","Safety checks skipped.",,,,,,,
"ESXi","fu-06.epa.com","PASS","fu-06.epa.com: Security.AccountUnlockTime configured correctly (900)","esxi-8.account-auto-unlock-time","P2","The ESXi host must unlock accounts after a specified timeout period.","900","ESXI-80-000111","8.3.4","Get-VMHost -Name $ESXi | Get-AdvancedSetting Security.AccountUnlockTime | Set-AdvancedSetting -Value 900"
"ESXi","fu-06.epa.com","PASS","fu-06.epa.com: Net.BlockGuestBPDU configured correctly (1)","esxi-8.network-bpdu","P2","Enable the Bridge Protocol Data Unit (BPDU) filter on the ESXi host.","1","ESXI-80-000215","N/A","Get-VMHost -Name $ESXi | Get-AdvancedSetting Net.BlockGuestBPDU | Set-AdvancedSetting -Value 1"
"ESXi","fu-06.epa.com","PASS","fu-06.epa.com: UserVars.ESXiVPsDisabledProtocols configured correctly (sslv3,tlsv1,tlsv1.1)","esxi-8.tls-protocols","P2","The ESXi host must enable the highest version of TLS supported.","""sslv3,tlsv1,tlsv1.1""","ESXI-80-000161","2.2.7
4.2.1
8.3.2","Get-VMHost -Name $ESXi | Get-AdvancedSetting UserVars.ESXiVPsDisabledProtocols | Set-AdvancedSetting -Value ""sslv3,tlsv1,tlsv1.1"""
"ESXi","fu-06.epa.com","PASS","fu-06.epa.com: UserVars.ESXiShellTimeOut configured correctly (0)","esxi-8.shell-timeout","P0","Set a timeout to limit how long the ESXi Shell and SSH services are allowed to run.","600","ESXI-80-000195","8.2.8","Get-VMHost -Name $ESXi | Get-AdvancedSetting UserVars.ESXiShellTimeOut | Set-AdvancedSetting -Value 600"
"ESXi","fu-06.epa.com","FAIL","fu-06.epa.com: Syslog.global.certificate.strictX509Compliance not configured correctly (False)","esxi-8.logs-remote-tls-x509","P0","The ESXi host must use strict x509 verification for TLS-enabled remote logging endpoints.","TRUE","ESXI-80-000234","2.2.7","Get-VMHost -Name $ESXi | Get-AdvancedSetting Syslog.global.certificate.strictX509Compliance | Set-AdvancedSetting -Value TRUE"
"ESXi","fu-06.epa.com","FAIL","fu-06.epa.com: Security.PasswordMaxDays not configured correctly (99999)","esxi-8.account-password-max-days","P2","The ESXi host must be configured with an appropriate maximum password age.","9999","ESXI-80-000227","8.3.9","Get-VMHost -Name $ESXi | Get-AdvancedSetting Security.PasswordMaxDays | Set-AdvancedSetting -Value 9999"
"ESXi","fu-06.epa.com","FAIL","fu-06.epa.com: Net.BMCNetworkEnable not configured correctly (1)","esxi-8.hw-virtual-nic","Advanced","The ESXi host must not enable virtual hardware management network interfaces.","0","ESXI-80-000250","1.3.1
1.4.1
1.4.2
1.4.4","Get-VMHost -Name $ESXi | Get-AdvancedSetting Net.BMCNetworkEnable | Set-AdvancedSetting -Value 0"
"ESXi","fu-06.epa.com","FAIL","fu-06.epa.com: Mem.MemEagerZero not configured correctly (0)","esxi-8.memeagerzero","P0","The ESXi host must enable volatile key destruction.","1","ESXI-80-000225","3.6.1","Get-VMHost -Name $ESXi | Get-AdvancedSetting Mem.MemEagerZero | Set-AdvancedSetting -Value 1"
"ESXi","fu-06.epa.com","PASS","fu-06.epa.com: UserVars.HostClientSessionTimeout configured correctly (900)","esxi-8.host-client-session-timeout","P2","The ESXi host must automatically terminate idle host client sessions.","900","ESXI-80-000010","8.2.8","Get-VMHost -Name $ESXi | Get-AdvancedSetting UserVars.HostClientSessionTimeout | Set-AdvancedSetting -Value 900"
"ESXi","fu-06.epa.com","FAIL","fu-06.epa.com: UserVars.SuppressShellWarning not configured correctly (1)","esxi-8.shell-warning","P2","The ESXi host must not suppress warnings that the ESXi shell is enabled.","0","ESXI-80-000222","N/A","Get-VMHost -Name $ESXi | Get-AdvancedSetting UserVars.SuppressShellWarning | Set-AdvancedSetting -Value 0"
"ESXi","fu-06.epa.com","FAIL","fu-06.epa.com: VMkernel.Boot.execInstalledOnly not configured correctly (False)","esxi-8.vib-trusted-binaries","P0","Only run binaries delivered via signed VIB.","True","ESXI-80-000244","5.2.3","Get-VMHost -Name $ESXi | Get-AdvancedSetting VMkernel.Boot.execInstalledOnly | Set-AdvancedSetting -Value True"
"ESXi","fu-06.epa.com","PASS","fu-06.epa.com: UserVars.ESXiShellInteractiveTimeOut configured correctly (0)","esxi-8.shell-interactive-timeout","P0","Configure the inactivity timeout to automatically terminate idle ESXi host shells.","900","ESXI-80-000068","8.2.8","Get-VMHost -Name $ESXi | Get-AdvancedSetting UserVars.ESXiShellInteractiveTimeOut | Set-AdvancedSetting -Value 900"
"ESXi","fu-06.epa.com","PASS","fu-06.epa.com: UserVars.SuppressHyperthreadWarning configured correctly (0)","esxi-8.cpu-hyperthread-warning","P2","The ESXi host must not suppress warnings about unmitigated hyperthreading vulnerabilities.","0","ESXI-80-000223","N/A","Get-VMHost -Name $ESXi | Get-AdvancedSetting UserVars.SuppressHyperthreadWarning | Set-AdvancedSetting -Value 0"
"ESXi","fu-06.epa.com","PASS","fu-06.epa.com: Security.PasswordHistory configured correctly (5)","esxi-8.account-password-history","P2","Configure the password history setting to restrict the reuse of passwords on the ESXi host.","5","ESXI-80-000043","8.3.7","Get-VMHost -Name $ESXi | Get-AdvancedSetting Security.PasswordHistory | Set-AdvancedSetting -Value 5"
"ESXi","fu-06.epa.com","PASS","fu-06.epa.com: Net.DVFilterBindIpAddress configured correctly ()","esxi-8.network-dvfilter","P2","Use of the dvFilter network APIs must be restricted on the ESXi host.","""""","ESXI-80-000219","N/A","Get-VMHost -Name $ESXi | Get-AdvancedSetting Net.DVFilterBindIpAddress | Set-AdvancedSetting -Value """""
"ESXi","fu-06.epa.com","PASS","fu-06.epa.com: UserVars.DcuiTimeOut configured correctly (600)","esxi-8.dcui-timeout","P2","Set a timeout to automatically terminate idle DCUI sessions on the ESXi host.","600","ESXI-80-000196","8.2.8","Get-VMHost -Name $ESXi | Get-AdvancedSetting UserVars.DcuiTimeOut | Set-AdvancedSetting -Value 600"
"ESXi","fu-06.epa.com","PASS","fu-06.epa.com: Syslog.global.logLevel configured correctly (error)","esxi-8.logs-level-global","P2","The ESXi host must log sufficient information for events.","error","ESXI-80-000235","10.2.1","Get-VMHost -Name $ESXi | Get-AdvancedSetting Syslog.global.logLevel | Set-AdvancedSetting -Value error"
"ESXi","fu-06.epa.com","FAIL","fu-06.epa.com: Syslog.global.auditRecord.storageCapacity not configured correctly (4)","esxi-8.logs-audit-local-capacity","P1","The ESXi host must store one week of audit records.","100","ESXI-80-000113","10.5.1","Get-VMHost -Name $ESXi | Get-AdvancedSetting Syslog.global.auditRecord.storageCapacity | Set-AdvancedSetting -Value 100"
"ESXi","fu-06.epa.com","PASS","fu-06.epa.com: Security.AccountLockFailures configured correctly (5)","esxi-8.account-lockout","P2","The ESXi host must lock an account after a specified number of failed login attempts.","5","ESXI-80-000005","8.3.4","Get-VMHost -Name $ESXi | Get-AdvancedSetting Security.AccountLockFailures | Set-AdvancedSetting -Value 5"
"ESXi","fu-06.epa.com","PASS","fu-06.epa.com: Syslog.global.certificate.checkSSLCerts configured correctly (True)","esxi-8.logs-remote-tls","P2","The ESXi host must verify certificates for TLS remote logging endpoints.","TRUE","ESXI-80-000224","2.2.7","Get-VMHost -Name $ESXi | Get-AdvancedSetting Syslog.global.certificate.checkSSLCerts | Set-AdvancedSetting -Value TRUE"
"ESXi","fu-06.epa.com","PASS","fu-06.epa.com: Mem.ShareForceSalting configured correctly (2)","esxi-8.transparent-page-sharing","P2","The ESXi host must restrict inter-VM transparent page sharing to VMs configured with sched.mem.pshare.salt.","2","ESXI-80-000213","N/A","Get-VMHost -Name $ESXi | Get-AdvancedSetting Mem.ShareForceSalting | Set-AdvancedSetting -Value 2"
"ESXi","fu-06.epa.com","PASS","fu-06.epa.com: DCUI.Access configured correctly (root)","esxi-8.lockdown-dcui-access","P2","The ESXi host must have an accurate DCUI.Access list.","root","ESXI-80-000189","2.2.4","Get-VMHost -Name $ESXi | Get-AdvancedSetting DCUI.Access | Set-AdvancedSetting -Value root"
"ESXi","fu-06.epa.com","FAIL","fu-06.epa.com: Syslog.global.auditRecord.storageEnable not configured correctly (False)","esxi-8.logs-audit-local","P0","The ESXi host must enable audit record logging.","TRUE","ESXI-80-000232","10.2.1","Get-VMHost -Name $ESXi | Get-AdvancedSetting Syslog.global.auditRecord.storageEnable | Set-AdvancedSetting -Value TRUE"
"ESXi","fu-06.epa.com","FAIL","fu-06.epa.com: Config.HostAgent.vmacore.soap.sessionTimeout not configured correctly (30)","esxi-8.api-soap-timeout","P1","The ESXi host must configure a session timeout for the vSphere API.","10","ESXI-80-000226","8.2.8","Get-VMHost -Name $ESXi | Get-AdvancedSetting Config.HostAgent.vmacore.soap.sessionTimeout | Set-AdvancedSetting -Value 10"
"ESXi","fu-06.epa.com","FAIL","fu-06.epa.com: Syslog.global.auditRecord.remoteEnable not configured correctly (False)","esxi-8.logs-audit-remote","P0","The ESXi host must transmit audit records to a remote host.","TRUE","ESXI-80-000233","10.2.1
10.3.3","Get-VMHost -Name $ESXi | Get-AdvancedSetting Syslog.global.auditRecord.remoteEnable | Set-AdvancedSetting -Value TRUE"
"ESXi","fu-06.epa.com","PASS","fu-06.epa.com: Config.HostAgent.log.level configured correctly (info)","esxi-8.logs-level","P2","Set the ESXi host logging informational level to info.","info","ESXI-80-000015
ESXI-80-000030","10.2.1","Get-VMHost -Name $ESXi | Get-AdvancedSetting Config.HostAgent.log.level | Set-AdvancedSetting -Value info"
"ESXi","fu-06.epa.com","PASS","fu-06.epa.com: Config.HostAgent.plugins.solo.enableMob configured correctly (False)","esxi-8.deactivate-mob","P2","The ESXi Managed Object Browser (MOB) must be deactivated.","False","ESXI-80-000047","2.2.4","Get-VMHost -Name $ESXi | Get-AdvancedSetting Config.HostAgent.plugins.solo.enableMob | Set-AdvancedSetting -Value False"
"ESXi","fu-06.epa.com","FAIL","fu-06.epa.com: Security.PasswordQualityControl not configured correctly (retry=3 min=disabled,disabled,disabled,7,7)","esxi-8.account-password-policies","P0","The ESXI host must enforce password complexity.","""similar=deny retry=3 min=disabled,disabled,disabled,disabled,15 max=64""","ESXI-80-000035
ESXI-80-000044","8.3.1
8.3.6","Get-VMHost -Name $ESXi | Get-AdvancedSetting Security.PasswordQualityControl | Set-AdvancedSetting -Value ""similar=deny retry=3 min=disabled,disabled,disabled,disabled,15 max=64"""
"ESXi","fu-06.epa.com","FAIL","fu-06.epa.com: Syslog.global.logHost not configured correctly ()","esxi-8.logs-remote","P0","Configure a remote log server for the ESXi host.","Site-Specific Log Server","ESXI-80-000114","10.2.1
10.3.3","Get-VMHost -Name $ESXi | Get-AdvancedSetting Syslog.global.logHost | Set-AdvancedSetting -Value ""<log collector>"""
"ESXi","fu-06.epa.com","FAIL","fu-06.epa.com: Annotations.WelcomeMessage not configured correctly ()","esxi-8.annotations-welcomemessage","P1","Configure the ESXi host login banner for the DCUI and Host Client.","Consult your organization's legal advisors for text that is applicable to your environment.

An example is: ""Authorized users only. Actual or attempted unauthorized use of this system is prohibited and may result in criminal, civil, security, or administrative proceedings and/or penalties. Use of this information system indicates consent to monitoring and recording, without notice or permission. Users have no expectation of privacy in any use of this system. Any information stored on, or transiting this system, or obtained by monitoring and/or recording, may be disclosed to law enforcement and/or used in accordance with Federal law, State statute, and organization policy. If you are not an authorized user of this system, exit the system at this time.""","ESXI-80-000006
ESXI-80-000007","N/A","Get-VMHost -Name $ESXi | Get-AdvancedSetting Annotations.WelcomeMessage | Set-AdvancedSetting -Value ""Authorized users only. Actual or attempted unauthorized use of this system is prohibited and may result in criminal, civil, security, or administrative proceedings and/or penalties. Use of this information system indicates consent to monitoring and recording, without notice or permission. Users have no expectation of privacy in any use of this system. Any information stored on, or transiting this system, or obtained by monitoring and/or recording, may be disclosed to law enforcement and/or used in accordance with Federal law, State statute, and organization policy. If you are not an authorized user of this system, exit the system at this time."""
"ESXi","fu-06.epa.com","FAIL","fu-06.epa.com: Config.Etc.Issue not configured correctly ()","esxi-8.etc-issue","P1","Configure the login banner for ESXi host SSH connections.","Consult your organization's legal advisors for text that is applicable to your environment.

An example is: ""Authorized users only. Actual or attempted unauthorized use of this system is prohibited and may result in criminal, civil, security, or administrative proceedings and/or penalties. Use of this information system indicates consent to monitoring and recording, without notice or permission. Users have no expectation of privacy in any use of this system. Any information stored on, or transiting this system, or obtained by monitoring and/or recording, may be disclosed to law enforcement and/or used in accordance with Federal law, State statute, and organization policy. If you are not an authorized user of this system, exit the system at this time.""","ESXI-80-000191","N/A","Get-VMHost -Name $ESXi | Get-AdvancedSetting Config.Etc.issue | Set-AdvancedSetting -Value ""****************************************************************************`n* Authorized users only. Actual or attempted unauthorized use of this      *`n* system is prohibited and may result in criminal, civil, security, or     *`n* administrative proceedings and/or penalties. Use of this information     *`n* system indicates consent to monitoring and recording, without notice     *`n* or permission. Users have no expectation of privacy. Any information     *`n* stored on or transiting this system, or obtained by monitoring and/or    *`n* recording, may be disclosed to law enforcement and/or used in accordance *`n* with Federal law, State statute, and organization policy. If you are not *`n* an authorized user of this system, exit the system at this time.         *`n****************************************************************************`n"""
"ESXi","fu-06.epa.com","PASS","fu-06.epa.com: Local log location is persistent (/scratch/log)","esxi-8.logs-persistent","P0","Configure a persistent log location for all locally stored logs on the ESXi host.","Persistent Storage Location","ESXI-80-000243","10.5.1","Get-VMHost -Name $ESXi | Get-AdvancedSetting Syslog.global.logDir | Set-AdvancedSetting -Value ""<PERSISTENT LOCATION>"" "
"ESXi","fu-06.epa.com","PASS","fu-06.epa.com: Local audit log location is persistent (/scratch/log, /scratch/auditLog)","esxi-8.logs-audit-persistent","P0","Configure a persistent log location for all locally stored audit records on the ESXi host.","Persistent Storage Location","ESXI-80-000243","10.5.1","Get-VMHost -Name $ESXi | Get-AdvancedSetting Syslog.global.auditRecord.storageDirectory | Set-AdvancedSetting -Value ""<PERSISTENT LOCATION>/audit"""
"ESXi","fu-06.epa.com","PASS","fu-06.epa.com: Log filtering is deactivated (false)","esxi-8.logs-filter","P2","The ESXi host must not enable log filtering.","false","ESXI-80-000246","10.2.1","$ESXcli = Get-EsxCli -VMHost $ESXi -V2 $arguments = $esxcli.system.syslog.config.logfilter.set.CreateArgs() $arguments.logfilteringenabled = $false $ESXcli.system.syslog.config.logfilter.set.invoke($arguments)"
"ESXi","fu-06.epa.com","FAIL","fu-06.epa.com: DCUI user has shell access enabled (true)","esxi-8.account-dcui","P0","The ESXi host must deny shell access for the dcui account.","false","ESXI-80-000249","2.2.4","$ESXcli = Get-EsxCli -VMHost $ESXi -V2 $arguments = $ESXcli.system.account.set.CreateArgs() $arguments.id = ""dcui"" $arguments.shellaccess = ""false"" $ESXcli.system.account.set.Invoke($arguments)"
"ESXi","fu-06.epa.com","PASS","fu-06.epa.com: Entropy sources configured correctly (FALSE, 0)","esxi-8.entropy","P2","The ESXi host must use sufficient entropy for cryptographic operations.","disableHwrng = FALSE
entropySources = 0","ESXI-80-000245","2.2.7
3.3.2
3.3.3
8.3.2","$ESXcli = Get-EsxCli -VMHost $ESXi -V2 $arguments = $ESXcli.system.settings.kernel.set.CreateArgs() $arguments.setting = ""disableHwrng"" $arguments.value = ""FALSE"" $ESXcli.system.settings.kernel.set.invoke($arguments) $arguments.setting = ""entropySources"" $arguments.value = ""0"" $ESXcli.system.settings.kernel.set.invoke($arguments)"
"ESXi","fu-06.epa.com","FAIL","fu-06.epa.com: Secure Boot is not enabled on the host (False)","esxi-8.secureboot","P0","The ESXi host must enable Secure Boot.","True","ESXI-80-000094","5.2.3","N/A (Enable in hardware firmware settings)"
"ESXi","fu-06.epa.com","FAIL","fu-06.epa.com: Secure Boot TPM-based enforcement is not enabled (false)","esxi-8.secureboot-enforcement","P0","The ESXi host must enable TPM-based Secure Boot enforcement.","True","ESXI-80-000085","5.2.3","$ESXcli = Get-EsxCli -VMHost $ESXi -V2 $arguments = $ESXcli.system.settings.encryption.set.CreateArgs() $arguments.requiresecureboot = $true $ESXcli.system.settings.encryption.set.Invoke($arguments)"
"ESXi","fu-06.epa.com","FAIL","fu-06.epa.com: TPM configuration encryption is not enabled (NONE)","esxi-8.tpm-configuration","P2 Upon Feature Enablement","The ESXi host must require TPM-based configuration encryption.","TPM","ESXI-80-000238","5.2.3","$ESXcli = Get-EsxCli -VMHost $ESXi -V2 $arguments = $ESXcli.system.settings.encryption.set.CreateArgs() $arguments.mode = ""TPM"" $ESXcli.system.settings.encryption.set.Invoke($arguments)"
"ESXi","fu-06.epa.com","PASS","fu-06.epa.com: Key persistence is not enabled (false)","esxi-8.key-persistence","P2 Upon Feature Enablement","The ESXi host must not store encryption keys on ESXi hosts without securing physical access to the hosts.","false","ESXI-80-000248","3.3.2
3.3.3
3.5.1","$ESXcli = Get-EsxCli -VMHost $ESXi -V2 $arguments = $ESXcli.system.security.keypersistence.disable.CreateArgs() $arguments.removeallstoredkeys = $true $ESXcli.system.security.keypersistence.disable.Invoke($arguments)"
"ESXi","fu-06.epa.com","FAIL","fu-06.epa.com: TLS profile is not configured correctly (COMPATIBLE)","esxi-8.tls-profile","P0","The ESXi host must maintain confidentiality and integrity of transmissions by enabling modern TLS ciphers.","NIST_2024","ESXI-80-000247","2.2.7
4.2.1
8.3.2","$ESXcli = Get-EsxCli -VMHost $ESXi -V2 $arguments = $ESXcli.system.tls.server.set.CreateArgs() $arguments.profile = ""NIST_2024"" $ESXcli.system.tls.server.set.invoke($arguments)"
"ESXi","fu-06.epa.com","PASS","fu-06.epa.com: Host Image Profile Acceptance Level is configured correctly (PartnerSupported)","esxi-8.vib-acceptance-level-supported","P2","The ESXi host image profile acceptance level must be PartnerSupported or higher.","PartnerSupported or Higher","ESXI-80-000133","5.2.3","$ESXcli = Get-EsxCli -VMHost $ESXi -V2 $arguments = $ESXcli.software.acceptance.set.CreateArgs() $arguments.level = ""PartnerSupported"" # VMwareCertified, VMwareAccepted, PartnerSupported, CommunitySupported $ESXcli.software.acceptance.set.Invoke($arguments)"
"ESXi","fu-06.epa.com","PASS","fu-06.epa.com: Active Directory integration is configured correctly ()","esxi-8.ad-auth-proxy","P0 Upon Feature Enablement","The vCenter Server must use the vSphere Authentication Proxy to avoid storing Active Directory credentials.","Configured If Feature In Use","ESXI-80-000240","N/A","N/A"
"ESXi","fu-06.epa.com","PASS","fu-06.epa.com: SSH has FIPS mode enabled (true)","esxi-8.ssh-fips","P2 Upon Feature Enablement","The ESXi host SSH daemon must use FIPS 140-2/140-3 validated cryptographic modules.","TRUE","ESXI-80-000014","2.2.7
8.3.2","$ESXcli = Get-EsxCli -VMHost $ESXi -V2 $arguments = $ESXcli.system.security.fips140.ssh.set.CreateArgs() $arguments.enable = $true $ESXcli.system.security.fips140.ssh.set.Invoke($arguments)"
"ESXi","fu-06.epa.com","PASS","fu-06.epa.com: SSH ciphers configured correctly (aes256-gcm@openssh.com,aes128-gcm@openssh.com,aes256-ctr,aes192-ctr,aes128-ctr)","esxi-8.ssh-fips-ciphers","P2 Upon Feature Enablement","The ESXi host Secure Shell (SSH) daemon must be configured to only use FIPS 140-2/140-3 validated ciphers.","aes256-gcm@openssh.com,aes128-gcm@openssh.com,aes256-ctr,aes192-ctr,aes128-ctr","ESXI-80-000187","2.2.7
8.3.2","$ESXcli = Get-EsxCli -VMHost $ESXi -V2 $arguments = $ESXcli.system.ssh.server.config.set.CreateArgs() $arguments.keyword = 'ciphers' $arguments.value = 'aes256-gcm@openssh.com,aes128-gcm@openssh.com,aes256-ctr,aes192-ctr,aes128-ctr' $ESXcli.system.ssh.server.config.set.Invoke($arguments)"
"ESXi","fu-06.epa.com","PASS","fu-06.epa.com: SSH gatewayports configured correctly (no)","esxi-8.ssh-gateway-ports","P2 Upon Feature Enablement","The ESXi host Secure Shell (SSH) daemon must be configured to not allow gateway ports.","no","ESXI-80-000207","N/A","$ESXcli = Get-EsxCli -VMHost $ESXi -V2 $arguments = $ESXcli.system.ssh.server.config.set.CreateArgs() $arguments.keyword = 'gatewayports' $arguments.value = 'no' $ESXcli.system.ssh.server.config.set.Invoke($arguments)"
"ESXi","fu-06.epa.com","PASS","fu-06.epa.com: SSH hostbasedauthentication configured correctly (no)","esxi-8.ssh-host-based-auth","P2 Upon Feature Enablement","The ESXi host Secure Shell (SSH) daemon must not allow host-based authentication.","no","ESXI-80-000202","N/A","$ESXcli = Get-EsxCli -VMHost $ESXi -V2 $arguments = $ESXcli.system.ssh.server.config.set.CreateArgs() $arguments.keyword = 'hostbasedauthentication' $arguments.value = 'no' $ESXcli.system.ssh.server.config.set.Invoke($arguments)"
"ESXi","fu-06.epa.com","PASS","fu-06.epa.com: SSH clientalivecountmax configured correctly (3)","esxi-8.ssh-idle-timeout-count","P2 Upon Feature Enablement","The ESXi host Secure Shell (SSH) daemon must set a timeout count on idle sessions.","3","ESXI-80-000210","8.2.8","$ESXcli = Get-EsxCli -VMHost $ESXi -V2 $arguments = $ESXcli.system.ssh.server.config.set.CreateArgs() $arguments.keyword = 'clientalivecountmax' $arguments.value = '3' $ESXcli.system.ssh.server.config.set.Invoke($arguments)"
"ESXi","fu-06.epa.com","PASS","fu-06.epa.com: SSH clientaliveinterval configured correctly (200)","esxi-8.ssh-idle-timeout-interval","P2 Upon Feature Enablement","The ESXi host Secure Shell (SSH) daemon must set a timeout interval on idle sessions.","200","ESXI-80-000211","8.2.8","$ESXcli = Get-EsxCli -VMHost $ESXi -V2 $arguments = $ESXcli.system.ssh.server.config.set.CreateArgs() $arguments.keyword = 'clientaliveinterval' $arguments.value = '200' $ESXcli.system.ssh.server.config.set.Invoke($arguments)"
"ESXi","fu-06.epa.com","PASS","fu-06.epa.com: SSH banner configured correctly (/etc/issue)","esxi-8.ssh-login-banner","P2 Upon Feature Enablement","The ESXi host Secure Shell (SSH) daemon must display the system login banner before granting access to the system.","/etc/issue","ESXI-80-000192","N/A","$ESXcli = Get-EsxCli -VMHost $ESXi -V2 $arguments = $ESXcli.system.ssh.server.config.set.CreateArgs() $arguments.keyword = 'banner' $arguments.value = '/etc/issue' $ESXcli.system.ssh.server.config.set.Invoke($arguments)"
"ESXi","fu-06.epa.com","PASS","fu-06.epa.com: SSH ignorerhosts configured correctly (yes)","esxi-8.ssh-rhosts","P2 Upon Feature Enablement","The ESXi host Secure Shell (SSH) daemon must ignore .rhosts files.","yes","ESXI-80-000052","N/A","$ESXcli = Get-EsxCli -VMHost $ESXi -V2 $arguments = $ESXcli.system.ssh.server.config.set.CreateArgs() $arguments.keyword = 'ignorerhosts' $arguments.value = 'yes' $ESXcli.system.ssh.server.config.set.Invoke($arguments)"
"ESXi","fu-06.epa.com","PASS","fu-06.epa.com: SSH allowstreamlocalforwarding configured correctly (no)","esxi-8.ssh-stream-local-forwarding","P2 Upon Feature Enablement","The ESXi host Secure Shell (SSH) daemon must disable stream local forwarding.","no","N/A","N/A","$ESXcli = Get-EsxCli -VMHost $ESXi -V2 $arguments = $ESXcli.system.ssh.server.config.set.CreateArgs() $arguments.keyword = 'allowstreamlocalforwarding' $arguments.value = 'no' $ESXcli.system.ssh.server.config.set.Invoke($arguments)"
"ESXi","fu-06.epa.com","PASS","fu-06.epa.com: SSH allowtcpforwarding configured correctly (no)","esxi-8.ssh-tcp-forwarding","P2 Upon Feature Enablement","The ESXi host Secure Shell (SSH) daemon must disable TCP forwarding.","no","ESXI-80-000230","N/A","$ESXcli = Get-EsxCli -VMHost $ESXi -V2 $arguments = $ESXcli.system.ssh.server.config.set.CreateArgs() $arguments.keyword = 'allowtcpforwarding' $arguments.value = 'no' $ESXcli.system.ssh.server.config.set.Invoke($arguments)"
"ESXi","fu-06.epa.com","PASS","fu-06.epa.com: SSH permittunnel configured correctly (no)","esxi-8.ssh-tunnels","P2 Upon Feature Enablement","The ESXi host Secure Shell (SSH) daemon must not permit tunnels.","no","ESXI-80-000209","N/A","$ESXcli = Get-EsxCli -VMHost $ESXi -V2 $arguments = $ESXcli.system.ssh.server.config.set.CreateArgs() $arguments.keyword = 'permittunnel' $arguments.value = 'no' $ESXcli.system.ssh.server.config.set.Invoke($arguments)"
"ESXi","fu-06.epa.com","PASS","fu-06.epa.com: SSH permituserenvironment configured correctly (no)","esxi-8.ssh-user-environment","P2 Upon Feature Enablement","The ESXi host Secure Shell (SSH) daemon must not permit user environment settings.","no","ESXI-80-000204","N/A","$ESXcli = Get-EsxCli -VMHost $ESXi -V2 $arguments = $ESXcli.system.ssh.server.config.set.CreateArgs() $arguments.keyword = 'permituserenvironment' $arguments.value = 'no' $ESXcli.system.ssh.server.config.set.Invoke($arguments)"
"ESXi","fu-06.epa.com","PASS","fu-06.epa.com: sfcbd-watchdog is not running (False)","esxi-8.deactivate-cim","P0","The ESXi CIM service should be deactivated.","Stopped,
Start and stop manually","ESXI-80-000228","2.2.4","Get-VMHostService -VMHost $ESXi | where {$_.Key -eq 'sfcbd-watchdog'} | Set-VMHostService -Policy Off Get-VMHostService -VMHost $ESXi | where {$_.Key -eq 'sfcbd-watchdog'} | Stop-VMHostService"
"ESXi","fu-06.epa.com","FAIL","fu-06.epa.com: sfcbd-watchdog is configured to start (on)","esxi-8.deactivate-cim","P0","The ESXi CIM service should be deactivated.","Stopped,
Start and stop manually","ESXI-80-000228","2.2.4","Get-VMHostService -VMHost $ESXi | where {$_.Key -eq 'sfcbd-watchdog'} | Set-VMHostService -Policy Off Get-VMHostService -VMHost $ESXi | where {$_.Key -eq 'sfcbd-watchdog'} | Stop-VMHostService"
"ESXi","fu-06.epa.com","PASS","fu-06.epa.com: TSM is not running (False)","esxi-8.deactivate-shell","P2","The ESXi shell should be deactivated.","Stopped,
Start and stop manually","ESXI-80-000194","2.2.4","Get-VMHostService -VMHost $ESXi | where {$_.Key -eq 'TSM'} | Set-VMHostService -Policy Off Get-VMHostService -VMHost $ESXi | where {$_.Key -eq 'TSM'} | Stop-VMHostService"
"ESXi","fu-06.epa.com","PASS","fu-06.epa.com: TSM is not configured to start (off)","esxi-8.deactivate-shell","P2","The ESXi shell should be deactivated.","Stopped,
Start and stop manually","ESXI-80-000194","2.2.4","Get-VMHostService -VMHost $ESXi | where {$_.Key -eq 'TSM'} | Set-VMHostService -Policy Off Get-VMHostService -VMHost $ESXi | where {$_.Key -eq 'TSM'} | Stop-VMHostService"
"ESXi","fu-06.epa.com","PASS","fu-06.epa.com: slpd is not running (False)","esxi-8.deactivate-slp","P2","The ESXi SLP service should be deactivated.","Stopped,
Start and stop manually","ESXI-80-000231","2.2.4","Get-VMHostService -VMHost $ESXi | where {$_.Key -eq 'slpd'} | Set-VMHostService -Policy Off Get-VMHostService -VMHost $ESXi | where {$_.Key -eq 'slpd'} | Stop-VMHostService"
"ESXi","fu-06.epa.com","PASS","fu-06.epa.com: slpd is not configured to start (off)","esxi-8.deactivate-slp","P2","The ESXi SLP service should be deactivated.","Stopped,
Start and stop manually","ESXI-80-000231","2.2.4","Get-VMHostService -VMHost $ESXi | where {$_.Key -eq 'slpd'} | Set-VMHostService -Policy Off Get-VMHostService -VMHost $ESXi | where {$_.Key -eq 'slpd'} | Stop-VMHostService"
"ESXi","fu-06.epa.com","PASS","fu-06.epa.com: snmpd is not running (False)","esxi-8.deactivate-snmp","P0","The ESXi SNMP service should be deactivated.","Stopped,
Start and stop manually","ESXI-80-000212","2.2.4
2.2.5","Get-VMHostService -VMHost $ESXi | where {$_.Key -eq 'snmpd'} | Set-VMHostService -Policy Off Get-VMHostService -VMHost $ESXi | where {$_.Key -eq 'snmpd'} | Stop-VMHostService"
"ESXi","fu-06.epa.com","FAIL","fu-06.epa.com: snmpd is configured to start (on)","esxi-8.deactivate-snmp","P0","The ESXi SNMP service should be deactivated.","Stopped,
Start and stop manually","ESXI-80-000212","2.2.4
2.2.5","Get-VMHostService -VMHost $ESXi | where {$_.Key -eq 'snmpd'} | Set-VMHostService -Policy Off Get-VMHostService -VMHost $ESXi | where {$_.Key -eq 'snmpd'} | Stop-VMHostService"
"ESXi","fu-06.epa.com","FAIL","fu-06.epa.com: TSM-SSH is running (True)","esxi-8.deactivate-ssh","P2","The ESXi SSH service should be deactivated.","Stopped,
Start and stop manually","ESXI-80-000193","2.2.4","Get-VMHostService -VMHost $ESXi | where {$_.Key -eq 'TSM-SSH'} | Set-VMHostService -Policy Off Get-VMHostService -VMHost $ESXi | where {$_.Key -eq 'TSM-SSH'} | Stop-VMHostService"
"ESXi","fu-06.epa.com","FAIL","fu-06.epa.com: TSM-SSH is configured to start (on)","esxi-8.deactivate-ssh","P2","The ESXi SSH service should be deactivated.","Stopped,
Start and stop manually","ESXI-80-000193","2.2.4","Get-VMHostService -VMHost $ESXi | where {$_.Key -eq 'TSM-SSH'} | Set-VMHostService -Policy Off Get-VMHostService -VMHost $ESXi | where {$_.Key -eq 'TSM-SSH'} | Stop-VMHostService"
"ESXi","fu-06.epa.com","PASS","fu-06.epa.com: ntpd is running (True)",,,,,,,
"ESXi","fu-06.epa.com","PASS","fu-06.epa.com: ntpd is configured to start (on)",,,,,,,
"ESXi","fu-06.epa.com","PASS","fu-06.epa.com: NTP client configured (172.17.10.101)",,,,,,,
"ESXi","fu-06.epa.com","FAIL","fu-06.epa.com: Lockdown Mode exception users not configured correctly (da-user mux_user nsx-user)","esxi-8.lockdown-mode","P0","Enable normal lockdown mode on the ESXi host.","lockdownNormal","ESXI-80-000008","2.2.4","(Get-View (Get-VMHost -Name $ESXi | Get-View).ConfigManager.HostAccessManager).ChangeLockdownMode('lockdownNormal')"
"ESXi","fu-06.epa.com","FAIL","fu-06.epa.com: Lockdown Mode is not configured correctly (lockdownDisabled)","esxi-8.lockdown-mode","P0","Enable normal lockdown mode on the ESXi host.","lockdownNormal","ESXI-80-000008","2.2.4","(Get-View (Get-VMHost -Name $ESXi | Get-View).ConfigManager.HostAccessManager).ChangeLockdownMode('lockdownNormal')"
"ESXi","fu-06.epa.com","PASS","fu-06.epa.com: Standard switch 'Management' is not configured to allow promiscuous mode (False)","esxi-8.network-reject-promiscuous-mode-standardswitch","P0 Upon Feature Enablement","All standard switches and their port groups must be configured to reject guest promiscuous mode requests.","Reject","ESXI-80-000218","1.4.5","Get-VMHost -Name $ESXi | Get-VirtualSwitch -Standard | Get-SecurityPolicy | Set-SecurityPolicy -AllowPromiscuous $false Get-VMHost -Name $ESXi | Get-VirtualPortGroup -Standard | Get-SecurityPolicy | Set-SecurityPolicy -AllowPromiscuousInherited $true"
"ESXi","fu-06.epa.com","PASS","fu-06.epa.com: Standard switch 'Management' is not configured to allow MAC address changes (False)","esxi-8.network-reject-mac-changes-standardswitch","P0 Upon Feature Enablement","All standard switches and their port groups must be configured to reject guest MAC address changes.","Reject","ESXI-80-000217","1.4.3","Get-VMHost -Name $ESXi | Get-VirtualSwitch -Standard | Get-SecurityPolicy | Set-SecurityPolicy -MacChanges $false Get-VMHost -Name $ESXi | Get-VirtualPortGroup -Standard | Get-SecurityPolicy | Set-SecurityPolicy -MacChangesInherited $true"
"ESXi","fu-06.epa.com","PASS","fu-06.epa.com: Standard switch 'Management' is not configured to allow forged transmits (False)","esxi-8.network-reject-forged-transmit-standardswitch","P1 Upon Feature Enablement","All standard switches and their port groups must be configured to reject forged transmits.","Reject","ESXI-80-000216","1.4.3","Get-VMHost -Name $ESXi | Get-VirtualSwitch -Standard | Get-SecurityPolicy | Set-SecurityPolicy -ForgedTransmits $false  Get-VMHost -Name $ESXi | Get-VirtualPortGroup -Standard | Get-SecurityPolicy | Set-SecurityPolicy -ForgedTransmitsInherited $true"
"ESXi","fu-06.epa.com","PASS","fu-06.epa.com: Standard portgroup 'Management Network' is not configured to allow promiscuous mode (False)","esxi-8.network-reject-promiscuous-mode-standardswitch","P0 Upon Feature Enablement","All standard switches and their port groups must be configured to reject guest promiscuous mode requests.","Reject","ESXI-80-000218","1.4.5","Get-VMHost -Name $ESXi | Get-VirtualSwitch -Standard | Get-SecurityPolicy | Set-SecurityPolicy -AllowPromiscuous $false Get-VMHost -Name $ESXi | Get-VirtualPortGroup -Standard | Get-SecurityPolicy | Set-SecurityPolicy -AllowPromiscuousInherited $true"
"ESXi","fu-06.epa.com","PASS","fu-06.epa.com: Standard portgroup 'Management Network' is not configured to allow MAC address changes (False)","esxi-8.network-reject-mac-changes-standardswitch","P0 Upon Feature Enablement","All standard switches and their port groups must be configured to reject guest MAC address changes.","Reject","ESXI-80-000217","1.4.3","Get-VMHost -Name $ESXi | Get-VirtualSwitch -Standard | Get-SecurityPolicy | Set-SecurityPolicy -MacChanges $false Get-VMHost -Name $ESXi | Get-VirtualPortGroup -Standard | Get-SecurityPolicy | Set-SecurityPolicy -MacChangesInherited $true"
"ESXi","fu-06.epa.com","PASS","fu-06.epa.com: Standard portgroup 'Management Network' is not configured to allow forged transmits (False)","esxi-8.network-reject-forged-transmit-standardswitch","P1 Upon Feature Enablement","All standard switches and their port groups must be configured to reject forged transmits.","Reject","ESXI-80-000216","1.4.3","Get-VMHost -Name $ESXi | Get-VirtualSwitch -Standard | Get-SecurityPolicy | Set-SecurityPolicy -ForgedTransmits $false  Get-VMHost -Name $ESXi | Get-VirtualPortGroup -Standard | Get-SecurityPolicy | Set-SecurityPolicy -ForgedTransmitsInherited $true"
"ESXi","fu-06.epa.com","PASS","fu-06.epa.com: Standard portgroup 'Management Network' is not configured to allow VLAN 4095 (1810)",,,,,,,
"ESXi","fu-06.epa.com","PASS","fu-06.epa.com: Standard portgroup 'Management Network' does not appear to be configured to use a default VLAN (1810)",,,,,,,
"ESXi","fu-06.epa.com","PASS","fu-06.epa.com: Standard portgroup 'VM Network' is not configured to allow promiscuous mode (False)","esxi-8.network-reject-promiscuous-mode-standardswitch","P0 Upon Feature Enablement","All standard switches and their port groups must be configured to reject guest promiscuous mode requests.","Reject","ESXI-80-000218","1.4.5","Get-VMHost -Name $ESXi | Get-VirtualSwitch -Standard | Get-SecurityPolicy | Set-SecurityPolicy -AllowPromiscuous $false Get-VMHost -Name $ESXi | Get-VirtualPortGroup -Standard | Get-SecurityPolicy | Set-SecurityPolicy -AllowPromiscuousInherited $true"
"ESXi","fu-06.epa.com","PASS","fu-06.epa.com: Standard portgroup 'VM Network' is not configured to allow MAC address changes (False)","esxi-8.network-reject-mac-changes-standardswitch","P0 Upon Feature Enablement","All standard switches and their port groups must be configured to reject guest MAC address changes.","Reject","ESXI-80-000217","1.4.3","Get-VMHost -Name $ESXi | Get-VirtualSwitch -Standard | Get-SecurityPolicy | Set-SecurityPolicy -MacChanges $false Get-VMHost -Name $ESXi | Get-VirtualPortGroup -Standard | Get-SecurityPolicy | Set-SecurityPolicy -MacChangesInherited $true"
"ESXi","fu-06.epa.com","PASS","fu-06.epa.com: Standard portgroup 'VM Network' is not configured to allow forged transmits (False)","esxi-8.network-reject-forged-transmit-standardswitch","P1 Upon Feature Enablement","All standard switches and their port groups must be configured to reject forged transmits.","Reject","ESXI-80-000216","1.4.3","Get-VMHost -Name $ESXi | Get-VirtualSwitch -Standard | Get-SecurityPolicy | Set-SecurityPolicy -ForgedTransmits $false  Get-VMHost -Name $ESXi | Get-VirtualPortGroup -Standard | Get-SecurityPolicy | Set-SecurityPolicy -ForgedTransmitsInherited $true"
"ESXi","fu-06.epa.com","PASS","fu-06.epa.com: Standard portgroup 'VM Network' is not configured to allow VLAN 4095 (1810)",,,,,,,
"ESXi","fu-06.epa.com","PASS","fu-06.epa.com: Standard portgroup 'VM Network' does not appear to be configured to use a default VLAN (1810)",,,,,,,
"ESXi","fu-06.epa.com","PASS","fu-06.epa.com: Standard portgroup 'vMotion' is not configured to allow promiscuous mode (False)","esxi-8.network-reject-promiscuous-mode-standardswitch","P0 Upon Feature Enablement","All standard switches and their port groups must be configured to reject guest promiscuous mode requests.","Reject","ESXI-80-000218","1.4.5","Get-VMHost -Name $ESXi | Get-VirtualSwitch -Standard | Get-SecurityPolicy | Set-SecurityPolicy -AllowPromiscuous $false Get-VMHost -Name $ESXi | Get-VirtualPortGroup -Standard | Get-SecurityPolicy | Set-SecurityPolicy -AllowPromiscuousInherited $true"
"ESXi","fu-06.epa.com","PASS","fu-06.epa.com: Standard portgroup 'vMotion' is not configured to allow MAC address changes (False)","esxi-8.network-reject-mac-changes-standardswitch","P0 Upon Feature Enablement","All standard switches and their port groups must be configured to reject guest MAC address changes.","Reject","ESXI-80-000217","1.4.3","Get-VMHost -Name $ESXi | Get-VirtualSwitch -Standard | Get-SecurityPolicy | Set-SecurityPolicy -MacChanges $false Get-VMHost -Name $ESXi | Get-VirtualPortGroup -Standard | Get-SecurityPolicy | Set-SecurityPolicy -MacChangesInherited $true"
"ESXi","fu-06.epa.com","PASS","fu-06.epa.com: Standard portgroup 'vMotion' is not configured to allow forged transmits (False)","esxi-8.network-reject-forged-transmit-standardswitch","P1 Upon Feature Enablement","All standard switches and their port groups must be configured to reject forged transmits.","Reject","ESXI-80-000216","1.4.3","Get-VMHost -Name $ESXi | Get-VirtualSwitch -Standard | Get-SecurityPolicy | Set-SecurityPolicy -ForgedTransmits $false  Get-VMHost -Name $ESXi | Get-VirtualPortGroup -Standard | Get-SecurityPolicy | Set-SecurityPolicy -ForgedTransmitsInherited $true"
"ESXi","fu-06.epa.com","PASS","fu-06.epa.com: Standard portgroup 'vMotion' is not configured to allow VLAN 4095 (1820)",,,,,,,
"ESXi","fu-06.epa.com","PASS","fu-06.epa.com: Standard portgroup 'vMotion' does not appear to be configured to use a default VLAN (1820)",,,,,,,
"ESXi","fu-06.epa.com","PASS","fu-06.epa.com: Standard portgroup 'vSAN' is not configured to allow promiscuous mode (False)","esxi-8.network-reject-promiscuous-mode-standardswitch","P0 Upon Feature Enablement","All standard switches and their port groups must be configured to reject guest promiscuous mode requests.","Reject","ESXI-80-000218","1.4.5","Get-VMHost -Name $ESXi | Get-VirtualSwitch -Standard | Get-SecurityPolicy | Set-SecurityPolicy -AllowPromiscuous $false Get-VMHost -Name $ESXi | Get-VirtualPortGroup -Standard | Get-SecurityPolicy | Set-SecurityPolicy -AllowPromiscuousInherited $true"
"ESXi","fu-06.epa.com","PASS","fu-06.epa.com: Standard portgroup 'vSAN' is not configured to allow MAC address changes (False)","esxi-8.network-reject-mac-changes-standardswitch","P0 Upon Feature Enablement","All standard switches and their port groups must be configured to reject guest MAC address changes.","Reject","ESXI-80-000217","1.4.3","Get-VMHost -Name $ESXi | Get-VirtualSwitch -Standard | Get-SecurityPolicy | Set-SecurityPolicy -MacChanges $false Get-VMHost -Name $ESXi | Get-VirtualPortGroup -Standard | Get-SecurityPolicy | Set-SecurityPolicy -MacChangesInherited $true"
"ESXi","fu-06.epa.com","PASS","fu-06.epa.com: Standard portgroup 'vSAN' is not configured to allow forged transmits (False)","esxi-8.network-reject-forged-transmit-standardswitch","P1 Upon Feature Enablement","All standard switches and their port groups must be configured to reject forged transmits.","Reject","ESXI-80-000216","1.4.3","Get-VMHost -Name $ESXi | Get-VirtualSwitch -Standard | Get-SecurityPolicy | Set-SecurityPolicy -ForgedTransmits $false  Get-VMHost -Name $ESXi | Get-VirtualPortGroup -Standard | Get-SecurityPolicy | Set-SecurityPolicy -ForgedTransmitsInherited $true"
"ESXi","fu-06.epa.com","PASS","fu-06.epa.com: Standard portgroup 'vSAN' is not configured to allow VLAN 4095 (1830)",,,,,,,
"ESXi","fu-06.epa.com","PASS","fu-06.epa.com: Standard portgroup 'vSAN' does not appear to be configured to use a default VLAN (1830)",,,,,,,
"ESXi","fu-06.epa.com","PASS","fu-06.epa.com: VMkernel NIC 'vmk0' has only management configured (ManagementTrafficEnabled: True, VMotionEnabled: False, FaultToleranceLoggingEnabled: False, VsanTrafficEnabled: False, ProvisioningEnabled: False, VSphereReplicationEnabled: False, VSphereReplicationNFCEnabled: False, VSphereBackupNFCEnabled: False)",,,,,,,
"ESXi","fu-06.epa.com","PASS","fu-06.epa.com: VMkernel NIC 'vmk2' is not configured for management (ManagementTrafficEnabled: False, VMotionEnabled: False, FaultToleranceLoggingEnabled: False, VsanTrafficEnabled: True, ProvisioningEnabled: False, VSphereReplicationEnabled: False, VSphereReplicationNFCEnabled: False, VSphereBackupNFCEnabled: False)",,,,,,,
"ESXi","fu-06.epa.com","PASS","fu-06.epa.com: VMkernel NIC 'vmk1' is not configured for management (ManagementTrafficEnabled: False, VMotionEnabled: True, FaultToleranceLoggingEnabled: False, VsanTrafficEnabled: False, ProvisioningEnabled: False, VSphereReplicationEnabled: False, VSphereReplicationNFCEnabled: False, VSphereBackupNFCEnabled: False)",,,,,,,
"ESXi","fu-06.epa.com","PASS","fu-06.epa.com: VMkernel NIC 'vmk10' is not configured for management (ManagementTrafficEnabled: False, VMotionEnabled: False, FaultToleranceLoggingEnabled: False, VsanTrafficEnabled: False, ProvisioningEnabled: False, VSphereReplicationEnabled: False, VSphereReplicationNFCEnabled: False, VSphereBackupNFCEnabled: False)",,,,,,,
"ESXi","fu-06.epa.com","PASS","fu-06.epa.com: VMkernel NIC 'vmk11' is not configured for management (ManagementTrafficEnabled: False, VMotionEnabled: False, FaultToleranceLoggingEnabled: False, VsanTrafficEnabled: False, ProvisioningEnabled: False, VSphereReplicationEnabled: False, VSphereReplicationNFCEnabled: False, VSphereBackupNFCEnabled: False)",,,,,,,
"ESXi","fu-06.epa.com","PASS","fu-06.epa.com: VMkernel NIC 'vmk50' is not configured for management (ManagementTrafficEnabled: False, VMotionEnabled: False, FaultToleranceLoggingEnabled: False, VsanTrafficEnabled: False, ProvisioningEnabled: False, VSphereReplicationEnabled: False, VSphereReplicationNFCEnabled: False, VSphereBackupNFCEnabled: False)",,,,,,,
"ESXi","fu-06.epa.com","INFO","fu-06.epa.com: Audit of fu-06.epa.com completed at 2026-09-07 09:02:55",,,,,,,
"VM","avi-lb-insung","INFO","VMware Virtual Machine Security Settings Audit Utility 8.0.3",,,,,,,
"VM","avi-lb-insung","INFO","Audit of avi-lb-insung started at 2026-09-07 09:01:34 from HCSVDI-28 by broadcom",,,,,,,
"VM","avi-lb-insung","INFO","EULA accepted.",,,,,,,
"VM","avi-lb-insung","FAIL","avi-lb-insung: VM does not have Secure Boot configured (False)","guest-8.secure-boot","P0","The guest OS must enable Secure Boot.","TRUE","N/A","5.2.3","$VMobj = (Get-VM -Name $VM) $ConfigSpec = New-Object VMware.Vim.VirtualMachineConfigSpec $bootOptions = New-Object VMware.Vim.VirtualMachineBootOptions $bootOptions.EfiSecureBootEnabled = $true $ConfigSpec.BootOptions = $bootOptions $task = $VMobj.ExtensionData.ReconfigVM_Task($ConfigSpec)"
"VM","avi-lb-insung","PASS","avi-lb-insung: VM is VM Hardware 21 (vSphere 8) (vmx-21)",,,,,,,
"VM","avi-lb-insung","PASS","avi-lb-insung: tools.guestlib.enableHostInfo not configured and is using secure defaults ()","vm-8.restrict-host-info","P2","Virtual machines must not be able to obtain host information from the hypervisor.","FALSE or Undefined","VMCH-80-000198","1.4.5","Get-VM -Name $VM | Get-AdvancedSetting tools.guestlib.enableHostInfo | Remove-AdvancedSetting"
"VM","avi-lb-insung","PASS","avi-lb-insung: tools.guest.desktop.autolock not configured and is using secure defaults ()","vm-8.vmrc-lock","P0","Virtual machines must be configured to lock when the last console connection is closed.","TRUE","VMCH-80-000201","N/A","Get-VM -Name $VM | Get-AdvancedSetting -Name tools.guest.desktop.autolock | Set-AdvancedSetting -Value $true"
"VM","avi-lb-insung","PASS","avi-lb-insung: isolation.tools.paste.disable not configured and is using secure defaults ()","vm-8.deactivate-console-paste","P2","Virtual machines must have console paste operations deactivated.","TRUE or Undefined","VMCH-80-000192","3.4.2","Get-VM -Name $VM | Get-AdvancedSetting -Name isolation.tools.paste.disable | Remove-AdvancedSetting"
"VM","avi-lb-insung","PASS","avi-lb-insung: isolation.device.connectable.disable not configured and is using secure defaults ()","vm-8.isolation-device-connectable-deactivate","P2","Virtual machines must prevent unauthorized removal, connection and modification of devices.","TRUE or Undefined","VMCH-80-000197","N/A","Get-VM -Name $VM | Get-AdvancedSetting -Name isolation.device.connectable.disable | Remove-AdvancedSetting"
"VM","avi-lb-insung","PASS","avi-lb-insung: isolation.tools.diskWiper.disable not configured and is using secure defaults ()","vm-8.deactivate-disk-shrinking-wiper","P2","Virtual machines must have virtual disk wiping operations deactivated.","TRUE or Undefined","VMCH-80-000194","N/A","Get-VM -Name $VM | Get-AdvancedSetting -Name isolation.tools.diskWiper.disable | Remove-AdvancedSetting"
"VM","avi-lb-insung","PASS","avi-lb-insung: mks.enable3d not configured and is using secure defaults ()","vm-8.deactivate-non-essential-3d-features","P2","Virtual machines must have 3D graphics features deactivated when not required.","FALSE","VMCH-80-000202","N/A","Get-VM -Name $VM | Get-AdvancedSetting mks.enable3d | Set-AdvancedSetting -Value $false"
"VM","avi-lb-insung","PASS","avi-lb-insung: isolation.tools.diskShrink.disable not configured and is using secure defaults ()","vm-8.deactivate-disk-shrinking-shrink","P2","Virtual machines must have virtual disk shrinking operations deactivated.","TRUE or Undefined","VMCH-80-000193","N/A","Get-VM -Name $VM | Get-AdvancedSetting -Name isolation.tools.diskShrink.disable | Remove-AdvancedSetting"
"VM","avi-lb-insung","PASS","avi-lb-insung: isolation.tools.copy.disable not configured and is using secure defaults ()","vm-8.deactivate-console-copy","P2","Virtual machines must have console copy operations deactivated.","TRUE or Undefined","VMCH-80-000189","3.4.2","Get-VM -Name $VM | Get-AdvancedSetting -Name isolation.tools.copy.disable | Remove-AdvancedSetting"
"VM","avi-lb-insung","PASS","avi-lb-insung: sched.mem.pshare.salt not configured ().","vm-8.transparentpagesharing-inter-vm-enabled","P2","Virtual machines must restrict sharing of memory pages between VMs.","Not Present","VMCH-80-000199","N/A","Get-VM -Name $VM | Get-AdvancedSetting -Name sched.mem.pshare.salt | Remove-AdvancedSetting"
"VM","avi-lb-insung","PASS","avi-lb-insung: isolation.tools.dnd.disable not configured and is using secure defaults ()","vm-8.isolation-tools-dnd-deactivate","P2","Virtual machines must have console drag and drop operations deactivated.","TRUE or Undefined","VMCH-80-000191","N/A","Get-VM -Name $VM | Get-AdvancedSetting -Name isolation.tools.dnd.disable | Remove-AdvancedSetting"
"VM","avi-lb-insung","PASS","avi-lb-insung: log.keepOld not configured and is using secure defaults","vm-8.log-retention","P2","Virtual machines must limit the number of retained diagnostic logs.","10 or Undefined","VMCH-80-000206","10.5.1","Get-VM -Name $VM | Get-AdvancedSetting -Name log.keepOld | Remove-AdvancedSetting"
"VM","avi-lb-insung","PASS","avi-lb-insung: tools.setInfo.sizeLimit not configured and is using secure defaults","vm-8.limit-setinfo-size","P2","Virtual machines must limit informational messages from the virtual machine to the VMX file.","1048576 or Undefined","VMCH-80-000196","N/A","Get-VM -Name $VM | Get-AdvancedSetting -Name tools.setInfo.sizeLimit | Remove-AdvancedSetting"
"VM","avi-lb-insung","PASS","avi-lb-insung: log.rotateSize not configured and is using secure defaults","vm-8.log-rotation-size","P2","Virtual machines must limit the size of diagnostic logs.","2048000 or Undefined","VMCH-80-000205","10.5.1","Get-VM -Name $VM | Get-AdvancedSetting -Name log.rotateSize | Remove-AdvancedSetting"
"VM","avi-lb-insung","FAIL","avi-lb-insung: RemoteDisplay.maxConnections not configured","vm-8.limit-console-connections","P0","Virtual machines must limit console sharing.","1","VMCH-80-000195","N/A","Get-VM -Name $VM | Get-AdvancedSetting RemoteDisplay.maxConnections | Set-AdvancedSetting -Value 1"
"VM","avi-lb-insung","FAIL","avi-lb-insung: Encrypted vMotion defaults configured (opportunistic).","vm-8.vmotion-encrypted","P1","Virtual machines must require encryption for vMotion.","required","VMCH-80-000203","2.2.7
4.2.1","$VMview = Get-VM -Name $VM | Get-View  $ConfigSpec = New-Object VMware.Vim.VirtualMachineConfigSpec $ConfigSpec.MigrateEncryption = New-Object VMware.Vim.VirtualMachineConfigSpecEncryptedVMotionModes $ConfigSpec.MigrateEncryption = ""required"" $VMview.ReconfigVM_Task($ConfigSpec)"
"VM","avi-lb-insung","FAIL","avi-lb-insung: Encrypted Fault Tolerance defaults configured (ftEncryptionOpportunistic)","vm-8.ft-encrypted","P1","Virtual machines must require encryption for Fault Tolerance.","ftEncryptionRequired","VMCH-80-000204","2.2.7
4.2.1","$VMview = Get-VM -Name $VM | Get-View  $ConfigSpec = New-Object VMware.Vim.VirtualMachineConfigSpec $ConfigSpec.FtEncryptionMode = New-object VMware.Vim.VirtualMachineConfigSpecEncryptedFtModes $ConfigSpec.FtEncryptionMode = ""ftEncryptionRequired""  $VMview.ReconfigVM_Task($ConfigSpec)"
"VM","avi-lb-insung","PASS","avi-lb-insung: Diagnostic logging configured correctly (True)","vm-8.log-enable","P2","Virtual machines must enable diagnostic logging.","TRUE","VMCH-80-000207","10.5.1","$VMview = Get-VM -Name $VM | Get-View  $ConfigSpec = New-Object VMware.Vim.VirtualMachineConfigSpec $ConfigSpec.Flags = New-Object VMware.Vim.VirtualMachineFlagInfo $ConfigSpec.Flags.EnableLogging = $true $VMview.ReconfigVM_Task($ConfigSpec)"
"VM","avi-lb-insung","PASS","avi-lb-insung: dvFilters not configured ()","vm-8.dvfilter","P2","Virtual machines must limit access through the ""dvfilter"" network Application Programming Interface (API).","Not Present","VMCH-80-000200","N/A","Get-VM -Name $VM | Get-AdvancedSetting ""ethernet*.filter*.name*"" | Remove-AdvancedSetting"
"VM","avi-lb-insung","PASS","avi-lb-insung: Passthrough hardware devices not configured","vm-8.pci-passthrough","P0","Virtual machines must limit PCI device passthrough functionality.","Not Present","VMCH-80-000214","N/A","Get-VM -Name $VM | Get-PassthroughDevice | Remove-PassthroughDevice"
"VM","avi-lb-insung","FAIL","avi-lb-insung: VM permitted to boot from all possible sources. ()",,,,,,,
"VM","avi-lb-insung","INFO","avi-lb-insung: Audit of avi-lb-insung completed at 2026-09-07 09:01:34",,,,,,,
"VM","Avi-se-jeaxv","INFO","VMware Virtual Machine Security Settings Audit Utility 8.0.3",,,,,,,
"VM","Avi-se-jeaxv","INFO","Audit of Avi-se-jeaxv started at 2026-09-07 09:01:34 from HCSVDI-28 by broadcom",,,,,,,
"VM","Avi-se-jeaxv","INFO","EULA accepted.",,,,,,,
"VM","Avi-se-jeaxv","FAIL","Avi-se-jeaxv: VM does not have Secure Boot configured (False)","guest-8.secure-boot","P0","The guest OS must enable Secure Boot.","TRUE","N/A","5.2.3","$VMobj = (Get-VM -Name $VM) $ConfigSpec = New-Object VMware.Vim.VirtualMachineConfigSpec $bootOptions = New-Object VMware.Vim.VirtualMachineBootOptions $bootOptions.EfiSecureBootEnabled = $true $ConfigSpec.BootOptions = $bootOptions $task = $VMobj.ExtensionData.ReconfigVM_Task($ConfigSpec)"
"VM","Avi-se-jeaxv","PASS","Avi-se-jeaxv: VM is VM Hardware 21 (vSphere 8) (vmx-21)",,,,,,,
"VM","Avi-se-jeaxv","PASS","Avi-se-jeaxv: tools.guestlib.enableHostInfo not configured and is using secure defaults ()","vm-8.restrict-host-info","P2","Virtual machines must not be able to obtain host information from the hypervisor.","FALSE or Undefined","VMCH-80-000198","1.4.5","Get-VM -Name $VM | Get-AdvancedSetting tools.guestlib.enableHostInfo | Remove-AdvancedSetting"
"VM","Avi-se-jeaxv","PASS","Avi-se-jeaxv: tools.guest.desktop.autolock not configured and is using secure defaults ()","vm-8.vmrc-lock","P0","Virtual machines must be configured to lock when the last console connection is closed.","TRUE","VMCH-80-000201","N/A","Get-VM -Name $VM | Get-AdvancedSetting -Name tools.guest.desktop.autolock | Set-AdvancedSetting -Value $true"
"VM","Avi-se-jeaxv","PASS","Avi-se-jeaxv: isolation.tools.paste.disable not configured and is using secure defaults ()","vm-8.deactivate-console-paste","P2","Virtual machines must have console paste operations deactivated.","TRUE or Undefined","VMCH-80-000192","3.4.2","Get-VM -Name $VM | Get-AdvancedSetting -Name isolation.tools.paste.disable | Remove-AdvancedSetting"
"VM","Avi-se-jeaxv","PASS","Avi-se-jeaxv: isolation.device.connectable.disable not configured and is using secure defaults ()","vm-8.isolation-device-connectable-deactivate","P2","Virtual machines must prevent unauthorized removal, connection and modification of devices.","TRUE or Undefined","VMCH-80-000197","N/A","Get-VM -Name $VM | Get-AdvancedSetting -Name isolation.device.connectable.disable | Remove-AdvancedSetting"
"VM","Avi-se-jeaxv","PASS","Avi-se-jeaxv: isolation.tools.diskWiper.disable not configured and is using secure defaults ()","vm-8.deactivate-disk-shrinking-wiper","P2","Virtual machines must have virtual disk wiping operations deactivated.","TRUE or Undefined","VMCH-80-000194","N/A","Get-VM -Name $VM | Get-AdvancedSetting -Name isolation.tools.diskWiper.disable | Remove-AdvancedSetting"
"VM","Avi-se-jeaxv","PASS","Avi-se-jeaxv: mks.enable3d not configured and is using secure defaults ()","vm-8.deactivate-non-essential-3d-features","P2","Virtual machines must have 3D graphics features deactivated when not required.","FALSE","VMCH-80-000202","N/A","Get-VM -Name $VM | Get-AdvancedSetting mks.enable3d | Set-AdvancedSetting -Value $false"
"VM","Avi-se-jeaxv","PASS","Avi-se-jeaxv: isolation.tools.diskShrink.disable not configured and is using secure defaults ()","vm-8.deactivate-disk-shrinking-shrink","P2","Virtual machines must have virtual disk shrinking operations deactivated.","TRUE or Undefined","VMCH-80-000193","N/A","Get-VM -Name $VM | Get-AdvancedSetting -Name isolation.tools.diskShrink.disable | Remove-AdvancedSetting"
"VM","Avi-se-jeaxv","PASS","Avi-se-jeaxv: isolation.tools.copy.disable not configured and is using secure defaults ()","vm-8.deactivate-console-copy","P2","Virtual machines must have console copy operations deactivated.","TRUE or Undefined","VMCH-80-000189","3.4.2","Get-VM -Name $VM | Get-AdvancedSetting -Name isolation.tools.copy.disable | Remove-AdvancedSetting"
"VM","Avi-se-jeaxv","PASS","Avi-se-jeaxv: sched.mem.pshare.salt not configured ().","vm-8.transparentpagesharing-inter-vm-enabled","P2","Virtual machines must restrict sharing of memory pages between VMs.","Not Present","VMCH-80-000199","N/A","Get-VM -Name $VM | Get-AdvancedSetting -Name sched.mem.pshare.salt | Remove-AdvancedSetting"
"VM","Avi-se-jeaxv","PASS","Avi-se-jeaxv: isolation.tools.dnd.disable not configured and is using secure defaults ()","vm-8.isolation-tools-dnd-deactivate","P2","Virtual machines must have console drag and drop operations deactivated.","TRUE or Undefined","VMCH-80-000191","N/A","Get-VM -Name $VM | Get-AdvancedSetting -Name isolation.tools.dnd.disable | Remove-AdvancedSetting"
"VM","Avi-se-jeaxv","PASS","Avi-se-jeaxv: log.keepOld not configured and is using secure defaults","vm-8.log-retention","P2","Virtual machines must limit the number of retained diagnostic logs.","10 or Undefined","VMCH-80-000206","10.5.1","Get-VM -Name $VM | Get-AdvancedSetting -Name log.keepOld | Remove-AdvancedSetting"
"VM","Avi-se-jeaxv","PASS","Avi-se-jeaxv: tools.setInfo.sizeLimit not configured and is using secure defaults","vm-8.limit-setinfo-size","P2","Virtual machines must limit informational messages from the virtual machine to the VMX file.","1048576 or Undefined","VMCH-80-000196","N/A","Get-VM -Name $VM | Get-AdvancedSetting -Name tools.setInfo.sizeLimit | Remove-AdvancedSetting"
"VM","Avi-se-jeaxv","PASS","Avi-se-jeaxv: log.rotateSize not configured and is using secure defaults","vm-8.log-rotation-size","P2","Virtual machines must limit the size of diagnostic logs.","2048000 or Undefined","VMCH-80-000205","10.5.1","Get-VM -Name $VM | Get-AdvancedSetting -Name log.rotateSize | Remove-AdvancedSetting"
"VM","Avi-se-jeaxv","FAIL","Avi-se-jeaxv: RemoteDisplay.maxConnections not configured","vm-8.limit-console-connections","P0","Virtual machines must limit console sharing.","1","VMCH-80-000195","N/A","Get-VM -Name $VM | Get-AdvancedSetting RemoteDisplay.maxConnections | Set-AdvancedSetting -Value 1"
"VM","Avi-se-jeaxv","FAIL","Avi-se-jeaxv: Encrypted vMotion defaults configured (opportunistic).","vm-8.vmotion-encrypted","P1","Virtual machines must require encryption for vMotion.","required","VMCH-80-000203","2.2.7
4.2.1","$VMview = Get-VM -Name $VM | Get-View  $ConfigSpec = New-Object VMware.Vim.VirtualMachineConfigSpec $ConfigSpec.MigrateEncryption = New-Object VMware.Vim.VirtualMachineConfigSpecEncryptedVMotionModes $ConfigSpec.MigrateEncryption = ""required"" $VMview.ReconfigVM_Task($ConfigSpec)"
"VM","Avi-se-jeaxv","FAIL","Avi-se-jeaxv: Encrypted Fault Tolerance defaults configured (ftEncryptionOpportunistic)","vm-8.ft-encrypted","P1","Virtual machines must require encryption for Fault Tolerance.","ftEncryptionRequired","VMCH-80-000204","2.2.7
4.2.1","$VMview = Get-VM -Name $VM | Get-View  $ConfigSpec = New-Object VMware.Vim.VirtualMachineConfigSpec $ConfigSpec.FtEncryptionMode = New-object VMware.Vim.VirtualMachineConfigSpecEncryptedFtModes $ConfigSpec.FtEncryptionMode = ""ftEncryptionRequired""  $VMview.ReconfigVM_Task($ConfigSpec)"
"VM","Avi-se-jeaxv","PASS","Avi-se-jeaxv: Diagnostic logging configured correctly (True)","vm-8.log-enable","P2","Virtual machines must enable diagnostic logging.","TRUE","VMCH-80-000207","10.5.1","$VMview = Get-VM -Name $VM | Get-View  $ConfigSpec = New-Object VMware.Vim.VirtualMachineConfigSpec $ConfigSpec.Flags = New-Object VMware.Vim.VirtualMachineFlagInfo $ConfigSpec.Flags.EnableLogging = $true $VMview.ReconfigVM_Task($ConfigSpec)"
"VM","Avi-se-jeaxv","PASS","Avi-se-jeaxv: dvFilters not configured ()","vm-8.dvfilter","P2","Virtual machines must limit access through the ""dvfilter"" network Application Programming Interface (API).","Not Present","VMCH-80-000200","N/A","Get-VM -Name $VM | Get-AdvancedSetting ""ethernet*.filter*.name*"" | Remove-AdvancedSetting"
"VM","Avi-se-jeaxv","PASS","Avi-se-jeaxv: Passthrough hardware devices not configured","vm-8.pci-passthrough","P0","Virtual machines must limit PCI device passthrough functionality.","Not Present","VMCH-80-000214","N/A","Get-VM -Name $VM | Get-PassthroughDevice | Remove-PassthroughDevice"
"VM","Avi-se-jeaxv","FAIL","Avi-se-jeaxv: VirtualCdrom device present. Evaluate and remove if not necessary.",,,,,,,
"VM","Avi-se-jeaxv","FAIL","Avi-se-jeaxv: VM permitted to boot from all possible sources. ()",,,,,,,
"VM","Avi-se-jeaxv","INFO","Avi-se-jeaxv: Audit of Avi-se-jeaxv completed at 2026-09-07 09:01:36",,,,,,,
"VM","edge01","INFO","VMware Virtual Machine Security Settings Audit Utility 8.0.3",,,,,,,
"VM","edge01","INFO","Audit of edge01 started at 2026-09-07 09:01:36 from HCSVDI-28 by broadcom",,,,,,,
"VM","edge01","INFO","EULA accepted.",,,,,,,
"VM","edge01","FAIL","edge01: VM does not have Secure Boot configured (False)","guest-8.secure-boot","P0","The guest OS must enable Secure Boot.","TRUE","N/A","5.2.3","$VMobj = (Get-VM -Name $VM) $ConfigSpec = New-Object VMware.Vim.VirtualMachineConfigSpec $bootOptions = New-Object VMware.Vim.VirtualMachineBootOptions $bootOptions.EfiSecureBootEnabled = $true $ConfigSpec.BootOptions = $bootOptions $task = $VMobj.ExtensionData.ReconfigVM_Task($ConfigSpec)"
"VM","edge01","PASS","edge01: VM is VM Hardware 21 (vSphere 8) (vmx-21)",,,,,,,
"VM","edge01","PASS","edge01: tools.guestlib.enableHostInfo not configured and is using secure defaults ()","vm-8.restrict-host-info","P2","Virtual machines must not be able to obtain host information from the hypervisor.","FALSE or Undefined","VMCH-80-000198","1.4.5","Get-VM -Name $VM | Get-AdvancedSetting tools.guestlib.enableHostInfo | Remove-AdvancedSetting"
"VM","edge01","PASS","edge01: tools.guest.desktop.autolock not configured and is using secure defaults ()","vm-8.vmrc-lock","P0","Virtual machines must be configured to lock when the last console connection is closed.","TRUE","VMCH-80-000201","N/A","Get-VM -Name $VM | Get-AdvancedSetting -Name tools.guest.desktop.autolock | Set-AdvancedSetting -Value $true"
"VM","edge01","PASS","edge01: isolation.tools.paste.disable not configured and is using secure defaults ()","vm-8.deactivate-console-paste","P2","Virtual machines must have console paste operations deactivated.","TRUE or Undefined","VMCH-80-000192","3.4.2","Get-VM -Name $VM | Get-AdvancedSetting -Name isolation.tools.paste.disable | Remove-AdvancedSetting"
"VM","edge01","PASS","edge01: isolation.device.connectable.disable not configured and is using secure defaults ()","vm-8.isolation-device-connectable-deactivate","P2","Virtual machines must prevent unauthorized removal, connection and modification of devices.","TRUE or Undefined","VMCH-80-000197","N/A","Get-VM -Name $VM | Get-AdvancedSetting -Name isolation.device.connectable.disable | Remove-AdvancedSetting"
"VM","edge01","PASS","edge01: isolation.tools.diskWiper.disable configured correctly (true)","vm-8.deactivate-disk-shrinking-wiper","P2","Virtual machines must have virtual disk wiping operations deactivated.","TRUE or Undefined","VMCH-80-000194","N/A","Get-VM -Name $VM | Get-AdvancedSetting -Name isolation.tools.diskWiper.disable | Remove-AdvancedSetting"
"VM","edge01","PASS","edge01: mks.enable3d not configured and is using secure defaults ()","vm-8.deactivate-non-essential-3d-features","P2","Virtual machines must have 3D graphics features deactivated when not required.","FALSE","VMCH-80-000202","N/A","Get-VM -Name $VM | Get-AdvancedSetting mks.enable3d | Set-AdvancedSetting -Value $false"
"VM","edge01","PASS","edge01: isolation.tools.diskShrink.disable configured correctly (true)","vm-8.deactivate-disk-shrinking-shrink","P2","Virtual machines must have virtual disk shrinking operations deactivated.","TRUE or Undefined","VMCH-80-000193","N/A","Get-VM -Name $VM | Get-AdvancedSetting -Name isolation.tools.diskShrink.disable | Remove-AdvancedSetting"
"VM","edge01","PASS","edge01: isolation.tools.copy.disable not configured and is using secure defaults ()","vm-8.deactivate-console-copy","P2","Virtual machines must have console copy operations deactivated.","TRUE or Undefined","VMCH-80-000189","3.4.2","Get-VM -Name $VM | Get-AdvancedSetting -Name isolation.tools.copy.disable | Remove-AdvancedSetting"
"VM","edge01","PASS","edge01: sched.mem.pshare.salt not configured ().","vm-8.transparentpagesharing-inter-vm-enabled","P2","Virtual machines must restrict sharing of memory pages between VMs.","Not Present","VMCH-80-000199","N/A","Get-VM -Name $VM | Get-AdvancedSetting -Name sched.mem.pshare.salt | Remove-AdvancedSetting"
"VM","edge01","PASS","edge01: isolation.tools.dnd.disable not configured and is using secure defaults ()","vm-8.isolation-tools-dnd-deactivate","P2","Virtual machines must have console drag and drop operations deactivated.","TRUE or Undefined","VMCH-80-000191","N/A","Get-VM -Name $VM | Get-AdvancedSetting -Name isolation.tools.dnd.disable | Remove-AdvancedSetting"
"VM","edge01","PASS","edge01: log.keepOld not configured and is using secure defaults","vm-8.log-retention","P2","Virtual machines must limit the number of retained diagnostic logs.","10 or Undefined","VMCH-80-000206","10.5.1","Get-VM -Name $VM | Get-AdvancedSetting -Name log.keepOld | Remove-AdvancedSetting"
"VM","edge01","PASS","edge01: tools.setInfo.sizeLimit not configured and is using secure defaults","vm-8.limit-setinfo-size","P2","Virtual machines must limit informational messages from the virtual machine to the VMX file.","1048576 or Undefined","VMCH-80-000196","N/A","Get-VM -Name $VM | Get-AdvancedSetting -Name tools.setInfo.sizeLimit | Remove-AdvancedSetting"
"VM","edge01","PASS","edge01: log.rotateSize not configured and is using secure defaults","vm-8.log-rotation-size","P2","Virtual machines must limit the size of diagnostic logs.","2048000 or Undefined","VMCH-80-000205","10.5.1","Get-VM -Name $VM | Get-AdvancedSetting -Name log.rotateSize | Remove-AdvancedSetting"
"VM","edge01","PASS","edge01: RemoteDisplay.maxConnections configured correctly (1)","vm-8.limit-console-connections","P0","Virtual machines must limit console sharing.","1","VMCH-80-000195","N/A","Get-VM -Name $VM | Get-AdvancedSetting RemoteDisplay.maxConnections | Set-AdvancedSetting -Value 1"
"VM","edge01","FAIL","edge01: Encrypted vMotion defaults configured (opportunistic).","vm-8.vmotion-encrypted","P1","Virtual machines must require encryption for vMotion.","required","VMCH-80-000203","2.2.7
4.2.1","$VMview = Get-VM -Name $VM | Get-View  $ConfigSpec = New-Object VMware.Vim.VirtualMachineConfigSpec $ConfigSpec.MigrateEncryption = New-Object VMware.Vim.VirtualMachineConfigSpecEncryptedVMotionModes $ConfigSpec.MigrateEncryption = ""required"" $VMview.ReconfigVM_Task($ConfigSpec)"
"VM","edge01","FAIL","edge01: Encrypted Fault Tolerance defaults configured (ftEncryptionOpportunistic)","vm-8.ft-encrypted","P1","Virtual machines must require encryption for Fault Tolerance.","ftEncryptionRequired","VMCH-80-000204","2.2.7
4.2.1","$VMview = Get-VM -Name $VM | Get-View  $ConfigSpec = New-Object VMware.Vim.VirtualMachineConfigSpec $ConfigSpec.FtEncryptionMode = New-object VMware.Vim.VirtualMachineConfigSpecEncryptedFtModes $ConfigSpec.FtEncryptionMode = ""ftEncryptionRequired""  $VMview.ReconfigVM_Task($ConfigSpec)"
"VM","edge01","PASS","edge01: Diagnostic logging configured correctly (True)","vm-8.log-enable","P2","Virtual machines must enable diagnostic logging.","TRUE","VMCH-80-000207","10.5.1","$VMview = Get-VM -Name $VM | Get-View  $ConfigSpec = New-Object VMware.Vim.VirtualMachineConfigSpec $ConfigSpec.Flags = New-Object VMware.Vim.VirtualMachineFlagInfo $ConfigSpec.Flags.EnableLogging = $true $VMview.ReconfigVM_Task($ConfigSpec)"
"VM","edge01","PASS","edge01: dvFilters not configured ()","vm-8.dvfilter","P2","Virtual machines must limit access through the ""dvfilter"" network Application Programming Interface (API).","Not Present","VMCH-80-000200","N/A","Get-VM -Name $VM | Get-AdvancedSetting ""ethernet*.filter*.name*"" | Remove-AdvancedSetting"
"VM","edge01","PASS","edge01: Passthrough hardware devices not configured","vm-8.pci-passthrough","P0","Virtual machines must limit PCI device passthrough functionality.","Not Present","VMCH-80-000214","N/A","Get-VM -Name $VM | Get-PassthroughDevice | Remove-PassthroughDevice"
"VM","edge01","FAIL","edge01: VM permitted to boot from all possible sources. ()",,,,,,,
"VM","edge01","INFO","edge01: Audit of edge01 completed at 2026-09-07 09:01:36",,,,,,,
"VM","edge02","INFO","VMware Virtual Machine Security Settings Audit Utility 8.0.3",,,,,,,
"VM","edge02","INFO","Audit of edge02 started at 2026-09-07 09:01:36 from HCSVDI-28 by broadcom",,,,,,,
"VM","edge02","INFO","EULA accepted.",,,,,,,
"VM","edge02","FAIL","edge02: VM does not have Secure Boot configured (False)","guest-8.secure-boot","P0","The guest OS must enable Secure Boot.","TRUE","N/A","5.2.3","$VMobj = (Get-VM -Name $VM) $ConfigSpec = New-Object VMware.Vim.VirtualMachineConfigSpec $bootOptions = New-Object VMware.Vim.VirtualMachineBootOptions $bootOptions.EfiSecureBootEnabled = $true $ConfigSpec.BootOptions = $bootOptions $task = $VMobj.ExtensionData.ReconfigVM_Task($ConfigSpec)"
"VM","edge02","PASS","edge02: VM is VM Hardware 21 (vSphere 8) (vmx-21)",,,,,,,
"VM","edge02","PASS","edge02: tools.guestlib.enableHostInfo not configured and is using secure defaults ()","vm-8.restrict-host-info","P2","Virtual machines must not be able to obtain host information from the hypervisor.","FALSE or Undefined","VMCH-80-000198","1.4.5","Get-VM -Name $VM | Get-AdvancedSetting tools.guestlib.enableHostInfo | Remove-AdvancedSetting"
"VM","edge02","PASS","edge02: tools.guest.desktop.autolock not configured and is using secure defaults ()","vm-8.vmrc-lock","P0","Virtual machines must be configured to lock when the last console connection is closed.","TRUE","VMCH-80-000201","N/A","Get-VM -Name $VM | Get-AdvancedSetting -Name tools.guest.desktop.autolock | Set-AdvancedSetting -Value $true"
"VM","edge02","PASS","edge02: isolation.tools.paste.disable not configured and is using secure defaults ()","vm-8.deactivate-console-paste","P2","Virtual machines must have console paste operations deactivated.","TRUE or Undefined","VMCH-80-000192","3.4.2","Get-VM -Name $VM | Get-AdvancedSetting -Name isolation.tools.paste.disable | Remove-AdvancedSetting"
"VM","edge02","PASS","edge02: isolation.device.connectable.disable not configured and is using secure defaults ()","vm-8.isolation-device-connectable-deactivate","P2","Virtual machines must prevent unauthorized removal, connection and modification of devices.","TRUE or Undefined","VMCH-80-000197","N/A","Get-VM -Name $VM | Get-AdvancedSetting -Name isolation.device.connectable.disable | Remove-AdvancedSetting"
"VM","edge02","PASS","edge02: isolation.tools.diskWiper.disable configured correctly (true)","vm-8.deactivate-disk-shrinking-wiper","P2","Virtual machines must have virtual disk wiping operations deactivated.","TRUE or Undefined","VMCH-80-000194","N/A","Get-VM -Name $VM | Get-AdvancedSetting -Name isolation.tools.diskWiper.disable | Remove-AdvancedSetting"
"VM","edge02","PASS","edge02: mks.enable3d not configured and is using secure defaults ()","vm-8.deactivate-non-essential-3d-features","P2","Virtual machines must have 3D graphics features deactivated when not required.","FALSE","VMCH-80-000202","N/A","Get-VM -Name $VM | Get-AdvancedSetting mks.enable3d | Set-AdvancedSetting -Value $false"
"VM","edge02","PASS","edge02: isolation.tools.diskShrink.disable configured correctly (true)","vm-8.deactivate-disk-shrinking-shrink","P2","Virtual machines must have virtual disk shrinking operations deactivated.","TRUE or Undefined","VMCH-80-000193","N/A","Get-VM -Name $VM | Get-AdvancedSetting -Name isolation.tools.diskShrink.disable | Remove-AdvancedSetting"
"VM","edge02","PASS","edge02: isolation.tools.copy.disable not configured and is using secure defaults ()","vm-8.deactivate-console-copy","P2","Virtual machines must have console copy operations deactivated.","TRUE or Undefined","VMCH-80-000189","3.4.2","Get-VM -Name $VM | Get-AdvancedSetting -Name isolation.tools.copy.disable | Remove-AdvancedSetting"
"VM","edge02","PASS","edge02: sched.mem.pshare.salt not configured ().","vm-8.transparentpagesharing-inter-vm-enabled","P2","Virtual machines must restrict sharing of memory pages between VMs.","Not Present","VMCH-80-000199","N/A","Get-VM -Name $VM | Get-AdvancedSetting -Name sched.mem.pshare.salt | Remove-AdvancedSetting"
"VM","edge02","PASS","edge02: isolation.tools.dnd.disable not configured and is using secure defaults ()","vm-8.isolation-tools-dnd-deactivate","P2","Virtual machines must have console drag and drop operations deactivated.","TRUE or Undefined","VMCH-80-000191","N/A","Get-VM -Name $VM | Get-AdvancedSetting -Name isolation.tools.dnd.disable | Remove-AdvancedSetting"
"VM","edge02","PASS","edge02: log.keepOld not configured and is using secure defaults","vm-8.log-retention","P2","Virtual machines must limit the number of retained diagnostic logs.","10 or Undefined","VMCH-80-000206","10.5.1","Get-VM -Name $VM | Get-AdvancedSetting -Name log.keepOld | Remove-AdvancedSetting"
"VM","edge02","PASS","edge02: tools.setInfo.sizeLimit not configured and is using secure defaults","vm-8.limit-setinfo-size","P2","Virtual machines must limit informational messages from the virtual machine to the VMX file.","1048576 or Undefined","VMCH-80-000196","N/A","Get-VM -Name $VM | Get-AdvancedSetting -Name tools.setInfo.sizeLimit | Remove-AdvancedSetting"
"VM","edge02","PASS","edge02: log.rotateSize not configured and is using secure defaults","vm-8.log-rotation-size","P2","Virtual machines must limit the size of diagnostic logs.","2048000 or Undefined","VMCH-80-000205","10.5.1","Get-VM -Name $VM | Get-AdvancedSetting -Name log.rotateSize | Remove-AdvancedSetting"
"VM","edge02","PASS","edge02: RemoteDisplay.maxConnections configured correctly (1)","vm-8.limit-console-connections","P0","Virtual machines must limit console sharing.","1","VMCH-80-000195","N/A","Get-VM -Name $VM | Get-AdvancedSetting RemoteDisplay.maxConnections | Set-AdvancedSetting -Value 1"
"VM","edge02","FAIL","edge02: Encrypted vMotion defaults configured (opportunistic).","vm-8.vmotion-encrypted","P1","Virtual machines must require encryption for vMotion.","required","VMCH-80-000203","2.2.7
4.2.1","$VMview = Get-VM -Name $VM | Get-View  $ConfigSpec = New-Object VMware.Vim.VirtualMachineConfigSpec $ConfigSpec.MigrateEncryption = New-Object VMware.Vim.VirtualMachineConfigSpecEncryptedVMotionModes $ConfigSpec.MigrateEncryption = ""required"" $VMview.ReconfigVM_Task($ConfigSpec)"
"VM","edge02","FAIL","edge02: Encrypted Fault Tolerance defaults configured (ftEncryptionOpportunistic)","vm-8.ft-encrypted","P1","Virtual machines must require encryption for Fault Tolerance.","ftEncryptionRequired","VMCH-80-000204","2.2.7
4.2.1","$VMview = Get-VM -Name $VM | Get-View  $ConfigSpec = New-Object VMware.Vim.VirtualMachineConfigSpec $ConfigSpec.FtEncryptionMode = New-object VMware.Vim.VirtualMachineConfigSpecEncryptedFtModes $ConfigSpec.FtEncryptionMode = ""ftEncryptionRequired""  $VMview.ReconfigVM_Task($ConfigSpec)"
"VM","edge02","PASS","edge02: Diagnostic logging configured correctly (True)","vm-8.log-enable","P2","Virtual machines must enable diagnostic logging.","TRUE","VMCH-80-000207","10.5.1","$VMview = Get-VM -Name $VM | Get-View  $ConfigSpec = New-Object VMware.Vim.VirtualMachineConfigSpec $ConfigSpec.Flags = New-Object VMware.Vim.VirtualMachineFlagInfo $ConfigSpec.Flags.EnableLogging = $true $VMview.ReconfigVM_Task($ConfigSpec)"
"VM","edge02","PASS","edge02: dvFilters not configured ()","vm-8.dvfilter","P2","Virtual machines must limit access through the ""dvfilter"" network Application Programming Interface (API).","Not Present","VMCH-80-000200","N/A","Get-VM -Name $VM | Get-AdvancedSetting ""ethernet*.filter*.name*"" | Remove-AdvancedSetting"
"VM","edge02","PASS","edge02: Passthrough hardware devices not configured","vm-8.pci-passthrough","P0","Virtual machines must limit PCI device passthrough functionality.","Not Present","VMCH-80-000214","N/A","Get-VM -Name $VM | Get-PassthroughDevice | Remove-PassthroughDevice"
"VM","edge02","FAIL","edge02: VM permitted to boot from all possible sources. ()",,,,,,,
"VM","edge02","INFO","edge02: Audit of edge02 completed at 2026-09-07 09:01:37",,,,,,,
"VM","epa-dns","INFO","VMware Virtual Machine Security Settings Audit Utility 8.0.3",,,,,,,
"VM","epa-dns","INFO","Audit of epa-dns started at 2026-09-07 09:01:37 from HCSVDI-28 by broadcom",,,,,,,
"VM","epa-dns","INFO","EULA accepted.",,,,,,,
"VM","epa-dns","PASS","epa-dns: Secure Boot configured (True)",,,,,,,
"VM","epa-dns","PASS","epa-dns: VM is VM Hardware 21 (vSphere 8) (vmx-21)",,,,,,,
"VM","epa-dns","PASS","epa-dns: tools.guestlib.enableHostInfo not configured and is using secure defaults ()","vm-8.restrict-host-info","P2","Virtual machines must not be able to obtain host information from the hypervisor.","FALSE or Undefined","VMCH-80-000198","1.4.5","Get-VM -Name $VM | Get-AdvancedSetting tools.guestlib.enableHostInfo | Remove-AdvancedSetting"
"VM","epa-dns","PASS","epa-dns: tools.guest.desktop.autolock configured correctly (TRUE)","vm-8.vmrc-lock","P0","Virtual machines must be configured to lock when the last console connection is closed.","TRUE","VMCH-80-000201","N/A","Get-VM -Name $VM | Get-AdvancedSetting -Name tools.guest.desktop.autolock | Set-AdvancedSetting -Value $true"
"VM","epa-dns","PASS","epa-dns: isolation.tools.paste.disable not configured and is using secure defaults ()","vm-8.deactivate-console-paste","P2","Virtual machines must have console paste operations deactivated.","TRUE or Undefined","VMCH-80-000192","3.4.2","Get-VM -Name $VM | Get-AdvancedSetting -Name isolation.tools.paste.disable | Remove-AdvancedSetting"
"VM","epa-dns","PASS","epa-dns: isolation.device.connectable.disable not configured and is using secure defaults ()","vm-8.isolation-device-connectable-deactivate","P2","Virtual machines must prevent unauthorized removal, connection and modification of devices.","TRUE or Undefined","VMCH-80-000197","N/A","Get-VM -Name $VM | Get-AdvancedSetting -Name isolation.device.connectable.disable | Remove-AdvancedSetting"
"VM","epa-dns","PASS","epa-dns: isolation.tools.diskWiper.disable not configured and is using secure defaults ()","vm-8.deactivate-disk-shrinking-wiper","P2","Virtual machines must have virtual disk wiping operations deactivated.","TRUE or Undefined","VMCH-80-000194","N/A","Get-VM -Name $VM | Get-AdvancedSetting -Name isolation.tools.diskWiper.disable | Remove-AdvancedSetting"
"VM","epa-dns","PASS","epa-dns: mks.enable3d not configured and is using secure defaults ()","vm-8.deactivate-non-essential-3d-features","P2","Virtual machines must have 3D graphics features deactivated when not required.","FALSE","VMCH-80-000202","N/A","Get-VM -Name $VM | Get-AdvancedSetting mks.enable3d | Set-AdvancedSetting -Value $false"
"VM","epa-dns","PASS","epa-dns: isolation.tools.diskShrink.disable not configured and is using secure defaults ()","vm-8.deactivate-disk-shrinking-shrink","P2","Virtual machines must have virtual disk shrinking operations deactivated.","TRUE or Undefined","VMCH-80-000193","N/A","Get-VM -Name $VM | Get-AdvancedSetting -Name isolation.tools.diskShrink.disable | Remove-AdvancedSetting"
"VM","epa-dns","PASS","epa-dns: isolation.tools.copy.disable not configured and is using secure defaults ()","vm-8.deactivate-console-copy","P2","Virtual machines must have console copy operations deactivated.","TRUE or Undefined","VMCH-80-000189","3.4.2","Get-VM -Name $VM | Get-AdvancedSetting -Name isolation.tools.copy.disable | Remove-AdvancedSetting"
"VM","epa-dns","PASS","epa-dns: sched.mem.pshare.salt not configured ().","vm-8.transparentpagesharing-inter-vm-enabled","P2","Virtual machines must restrict sharing of memory pages between VMs.","Not Present","VMCH-80-000199","N/A","Get-VM -Name $VM | Get-AdvancedSetting -Name sched.mem.pshare.salt | Remove-AdvancedSetting"
"VM","epa-dns","PASS","epa-dns: isolation.tools.dnd.disable not configured and is using secure defaults ()","vm-8.isolation-tools-dnd-deactivate","P2","Virtual machines must have console drag and drop operations deactivated.","TRUE or Undefined","VMCH-80-000191","N/A","Get-VM -Name $VM | Get-AdvancedSetting -Name isolation.tools.dnd.disable | Remove-AdvancedSetting"
"VM","epa-dns","PASS","epa-dns: log.keepOld not configured and is using secure defaults","vm-8.log-retention","P2","Virtual machines must limit the number of retained diagnostic logs.","10 or Undefined","VMCH-80-000206","10.5.1","Get-VM -Name $VM | Get-AdvancedSetting -Name log.keepOld | Remove-AdvancedSetting"
"VM","epa-dns","PASS","epa-dns: tools.setInfo.sizeLimit not configured and is using secure defaults","vm-8.limit-setinfo-size","P2","Virtual machines must limit informational messages from the virtual machine to the VMX file.","1048576 or Undefined","VMCH-80-000196","N/A","Get-VM -Name $VM | Get-AdvancedSetting -Name tools.setInfo.sizeLimit | Remove-AdvancedSetting"
"VM","epa-dns","PASS","epa-dns: log.rotateSize not configured and is using secure defaults","vm-8.log-rotation-size","P2","Virtual machines must limit the size of diagnostic logs.","2048000 or Undefined","VMCH-80-000205","10.5.1","Get-VM -Name $VM | Get-AdvancedSetting -Name log.rotateSize | Remove-AdvancedSetting"
"VM","epa-dns","FAIL","epa-dns: RemoteDisplay.maxConnections configured incorrectly (-1, expected eq 1)","vm-8.limit-console-connections","P0","Virtual machines must limit console sharing.","1","VMCH-80-000195","N/A","Get-VM -Name $VM | Get-AdvancedSetting RemoteDisplay.maxConnections | Set-AdvancedSetting -Value 1"
"VM","epa-dns","FAIL","epa-dns: Encrypted vMotion defaults configured (opportunistic).","vm-8.vmotion-encrypted","P1","Virtual machines must require encryption for vMotion.","required","VMCH-80-000203","2.2.7
4.2.1","$VMview = Get-VM -Name $VM | Get-View  $ConfigSpec = New-Object VMware.Vim.VirtualMachineConfigSpec $ConfigSpec.MigrateEncryption = New-Object VMware.Vim.VirtualMachineConfigSpecEncryptedVMotionModes $ConfigSpec.MigrateEncryption = ""required"" $VMview.ReconfigVM_Task($ConfigSpec)"
"VM","epa-dns","FAIL","epa-dns: Encrypted Fault Tolerance defaults configured (ftEncryptionOpportunistic)","vm-8.ft-encrypted","P1","Virtual machines must require encryption for Fault Tolerance.","ftEncryptionRequired","VMCH-80-000204","2.2.7
4.2.1","$VMview = Get-VM -Name $VM | Get-View  $ConfigSpec = New-Object VMware.Vim.VirtualMachineConfigSpec $ConfigSpec.FtEncryptionMode = New-object VMware.Vim.VirtualMachineConfigSpecEncryptedFtModes $ConfigSpec.FtEncryptionMode = ""ftEncryptionRequired""  $VMview.ReconfigVM_Task($ConfigSpec)"
"VM","epa-dns","PASS","epa-dns: Diagnostic logging configured correctly (True)","vm-8.log-enable","P2","Virtual machines must enable diagnostic logging.","TRUE","VMCH-80-000207","10.5.1","$VMview = Get-VM -Name $VM | Get-View  $ConfigSpec = New-Object VMware.Vim.VirtualMachineConfigSpec $ConfigSpec.Flags = New-Object VMware.Vim.VirtualMachineFlagInfo $ConfigSpec.Flags.EnableLogging = $true $VMview.ReconfigVM_Task($ConfigSpec)"
"VM","epa-dns","PASS","epa-dns: dvFilters not configured ()","vm-8.dvfilter","P2","Virtual machines must limit access through the ""dvfilter"" network Application Programming Interface (API).","Not Present","VMCH-80-000200","N/A","Get-VM -Name $VM | Get-AdvancedSetting ""ethernet*.filter*.name*"" | Remove-AdvancedSetting"
"VM","epa-dns","PASS","epa-dns: Passthrough hardware devices not configured","vm-8.pci-passthrough","P0","Virtual machines must limit PCI device passthrough functionality.","Not Present","VMCH-80-000214","N/A","Get-VM -Name $VM | Get-PassthroughDevice | Remove-PassthroughDevice"
"VM","epa-dns","FAIL","epa-dns: VirtualAHCIController device present. Evaluate and remove if not necessary.",,,,,,,
"VM","epa-dns","FAIL","epa-dns: VirtualCdrom device present. Evaluate and remove if not necessary.",,,,,,,
"VM","epa-dns","FAIL","epa-dns: VM permitted to boot from all possible sources. ()",,,,,,,
"VM","epa-dns","INFO","epa-dns: Audit of epa-dns completed at 2026-09-07 09:01:38",,,,,,,
"VM","epa-harbor","INFO","VMware Virtual Machine Security Settings Audit Utility 8.0.3",,,,,,,
"VM","epa-harbor","INFO","Audit of epa-harbor started at 2026-09-07 09:01:38 from HCSVDI-28 by broadcom",,,,,,,
"VM","epa-harbor","INFO","EULA accepted.",,,,,,,
"VM","epa-harbor","ERROR","epa-harbor: The specified object may be a VMware virtual appliance or vCLS container.",,,,,,,
"VM","epa-harbor","ERROR","epa-harbor: Altering these types of objects is not supported and may result in operational issues.",,,,,,,
"VM","epa-harbor","ERROR","epa-harbor: vCLS Containers are managed by the vSphere Cluster Service and cannot be altered.",,,,,,,
"VM","epa-harbor","ERROR","epa-harbor: If you wish to audit this component anyhow consider the -NoSafetyChecks",,,,,,,
"VM","epa-harbor","ERROR","epa-harbor: or the -NoSafetyChecksExceptAppliances flag.",,,,,,,
"VM","epa-nsx-01","INFO","VMware Virtual Machine Security Settings Audit Utility 8.0.3",,,,,,,
"VM","epa-nsx-01","INFO","Audit of epa-nsx-01 started at 2026-09-07 09:01:38 from HCSVDI-28 by broadcom",,,,,,,
"VM","epa-nsx-01","INFO","EULA accepted.",,,,,,,
"VM","epa-nsx-01","FAIL","epa-nsx-01: VM does not have Secure Boot configured (False)","guest-8.secure-boot","P0","The guest OS must enable Secure Boot.","TRUE","N/A","5.2.3","$VMobj = (Get-VM -Name $VM) $ConfigSpec = New-Object VMware.Vim.VirtualMachineConfigSpec $bootOptions = New-Object VMware.Vim.VirtualMachineBootOptions $bootOptions.EfiSecureBootEnabled = $true $ConfigSpec.BootOptions = $bootOptions $task = $VMobj.ExtensionData.ReconfigVM_Task($ConfigSpec)"
"VM","epa-nsx-01","FAIL","epa-nsx-01: VM Hardware version should be version 19 or later (vmx-13)",,,,,,,
"VM","epa-nsx-01","PASS","epa-nsx-01: tools.guestlib.enableHostInfo not configured and is using secure defaults ()","vm-8.restrict-host-info","P2","Virtual machines must not be able to obtain host information from the hypervisor.","FALSE or Undefined","VMCH-80-000198","1.4.5","Get-VM -Name $VM | Get-AdvancedSetting tools.guestlib.enableHostInfo | Remove-AdvancedSetting"
"VM","epa-nsx-01","PASS","epa-nsx-01: tools.guest.desktop.autolock not configured and is using secure defaults ()","vm-8.vmrc-lock","P0","Virtual machines must be configured to lock when the last console connection is closed.","TRUE","VMCH-80-000201","N/A","Get-VM -Name $VM | Get-AdvancedSetting -Name tools.guest.desktop.autolock | Set-AdvancedSetting -Value $true"
"VM","epa-nsx-01","PASS","epa-nsx-01: isolation.tools.paste.disable not configured and is using secure defaults ()","vm-8.deactivate-console-paste","P2","Virtual machines must have console paste operations deactivated.","TRUE or Undefined","VMCH-80-000192","3.4.2","Get-VM -Name $VM | Get-AdvancedSetting -Name isolation.tools.paste.disable | Remove-AdvancedSetting"
"VM","epa-nsx-01","PASS","epa-nsx-01: isolation.device.connectable.disable not configured and is using secure defaults ()","vm-8.isolation-device-connectable-deactivate","P2","Virtual machines must prevent unauthorized removal, connection and modification of devices.","TRUE or Undefined","VMCH-80-000197","N/A","Get-VM -Name $VM | Get-AdvancedSetting -Name isolation.device.connectable.disable | Remove-AdvancedSetting"
"VM","epa-nsx-01","PASS","epa-nsx-01: isolation.tools.diskWiper.disable configured correctly (true)","vm-8.deactivate-disk-shrinking-wiper","P2","Virtual machines must have virtual disk wiping operations deactivated.","TRUE or Undefined","VMCH-80-000194","N/A","Get-VM -Name $VM | Get-AdvancedSetting -Name isolation.tools.diskWiper.disable | Remove-AdvancedSetting"
"VM","epa-nsx-01","PASS","epa-nsx-01: mks.enable3d not configured and is using secure defaults ()","vm-8.deactivate-non-essential-3d-features","P2","Virtual machines must have 3D graphics features deactivated when not required.","FALSE","VMCH-80-000202","N/A","Get-VM -Name $VM | Get-AdvancedSetting mks.enable3d | Set-AdvancedSetting -Value $false"
"VM","epa-nsx-01","PASS","epa-nsx-01: isolation.tools.diskShrink.disable configured correctly (true)","vm-8.deactivate-disk-shrinking-shrink","P2","Virtual machines must have virtual disk shrinking operations deactivated.","TRUE or Undefined","VMCH-80-000193","N/A","Get-VM -Name $VM | Get-AdvancedSetting -Name isolation.tools.diskShrink.disable | Remove-AdvancedSetting"
"VM","epa-nsx-01","PASS","epa-nsx-01: isolation.tools.copy.disable not configured and is using secure defaults ()","vm-8.deactivate-console-copy","P2","Virtual machines must have console copy operations deactivated.","TRUE or Undefined","VMCH-80-000189","3.4.2","Get-VM -Name $VM | Get-AdvancedSetting -Name isolation.tools.copy.disable | Remove-AdvancedSetting"
"VM","epa-nsx-01","PASS","epa-nsx-01: sched.mem.pshare.salt not configured ().","vm-8.transparentpagesharing-inter-vm-enabled","P2","Virtual machines must restrict sharing of memory pages between VMs.","Not Present","VMCH-80-000199","N/A","Get-VM -Name $VM | Get-AdvancedSetting -Name sched.mem.pshare.salt | Remove-AdvancedSetting"
"VM","epa-nsx-01","PASS","epa-nsx-01: isolation.tools.dnd.disable not configured and is using secure defaults ()","vm-8.isolation-tools-dnd-deactivate","P2","Virtual machines must have console drag and drop operations deactivated.","TRUE or Undefined","VMCH-80-000191","N/A","Get-VM -Name $VM | Get-AdvancedSetting -Name isolation.tools.dnd.disable | Remove-AdvancedSetting"
"VM","epa-nsx-01","PASS","epa-nsx-01: log.keepOld not configured and is using secure defaults","vm-8.log-retention","P2","Virtual machines must limit the number of retained diagnostic logs.","10 or Undefined","VMCH-80-000206","10.5.1","Get-VM -Name $VM | Get-AdvancedSetting -Name log.keepOld | Remove-AdvancedSetting"
"VM","epa-nsx-01","PASS","epa-nsx-01: tools.setInfo.sizeLimit not configured and is using secure defaults","vm-8.limit-setinfo-size","P2","Virtual machines must limit informational messages from the virtual machine to the VMX file.","1048576 or Undefined","VMCH-80-000196","N/A","Get-VM -Name $VM | Get-AdvancedSetting -Name tools.setInfo.sizeLimit | Remove-AdvancedSetting"
"VM","epa-nsx-01","PASS","epa-nsx-01: log.rotateSize not configured and is using secure defaults","vm-8.log-rotation-size","P2","Virtual machines must limit the size of diagnostic logs.","2048000 or Undefined","VMCH-80-000205","10.5.1","Get-VM -Name $VM | Get-AdvancedSetting -Name log.rotateSize | Remove-AdvancedSetting"
"VM","epa-nsx-01","PASS","epa-nsx-01: RemoteDisplay.maxConnections configured correctly (1)","vm-8.limit-console-connections","P0","Virtual machines must limit console sharing.","1","VMCH-80-000195","N/A","Get-VM -Name $VM | Get-AdvancedSetting RemoteDisplay.maxConnections | Set-AdvancedSetting -Value 1"
"VM","epa-nsx-01","FAIL","epa-nsx-01: Encrypted vMotion defaults configured (opportunistic).","vm-8.vmotion-encrypted","P1","Virtual machines must require encryption for vMotion.","required","VMCH-80-000203","2.2.7
4.2.1","$VMview = Get-VM -Name $VM | Get-View  $ConfigSpec = New-Object VMware.Vim.VirtualMachineConfigSpec $ConfigSpec.MigrateEncryption = New-Object VMware.Vim.VirtualMachineConfigSpecEncryptedVMotionModes $ConfigSpec.MigrateEncryption = ""required"" $VMview.ReconfigVM_Task($ConfigSpec)"
"VM","epa-nsx-01","FAIL","epa-nsx-01: Encrypted Fault Tolerance defaults configured (ftEncryptionOpportunistic)","vm-8.ft-encrypted","P1","Virtual machines must require encryption for Fault Tolerance.","ftEncryptionRequired","VMCH-80-000204","2.2.7
4.2.1","$VMview = Get-VM -Name $VM | Get-View  $ConfigSpec = New-Object VMware.Vim.VirtualMachineConfigSpec $ConfigSpec.FtEncryptionMode = New-object VMware.Vim.VirtualMachineConfigSpecEncryptedFtModes $ConfigSpec.FtEncryptionMode = ""ftEncryptionRequired""  $VMview.ReconfigVM_Task($ConfigSpec)"
"VM","epa-nsx-01","PASS","epa-nsx-01: Diagnostic logging configured correctly (True)","vm-8.log-enable","P2","Virtual machines must enable diagnostic logging.","TRUE","VMCH-80-000207","10.5.1","$VMview = Get-VM -Name $VM | Get-View  $ConfigSpec = New-Object VMware.Vim.VirtualMachineConfigSpec $ConfigSpec.Flags = New-Object VMware.Vim.VirtualMachineFlagInfo $ConfigSpec.Flags.EnableLogging = $true $VMview.ReconfigVM_Task($ConfigSpec)"
"VM","epa-nsx-01","PASS","epa-nsx-01: dvFilters not configured ()","vm-8.dvfilter","P2","Virtual machines must limit access through the ""dvfilter"" network Application Programming Interface (API).","Not Present","VMCH-80-000200","N/A","Get-VM -Name $VM | Get-AdvancedSetting ""ethernet*.filter*.name*"" | Remove-AdvancedSetting"
"VM","epa-nsx-01","PASS","epa-nsx-01: Passthrough hardware devices not configured","vm-8.pci-passthrough","P0","Virtual machines must limit PCI device passthrough functionality.","Not Present","VMCH-80-000214","N/A","Get-VM -Name $VM | Get-PassthroughDevice | Remove-PassthroughDevice"
"VM","epa-nsx-01","FAIL","epa-nsx-01: VM permitted to boot from all possible sources. ()",,,,,,,
"VM","epa-nsx-01","INFO","epa-nsx-01: Audit of epa-nsx-01 completed at 2026-09-07 09:01:39",,,,,,,
"VM","epa-nsx-02","INFO","VMware Virtual Machine Security Settings Audit Utility 8.0.3",,,,,,,
"VM","epa-nsx-02","INFO","Audit of epa-nsx-02 started at 2026-09-07 09:01:39 from HCSVDI-28 by broadcom",,,,,,,
"VM","epa-nsx-02","INFO","EULA accepted.",,,,,,,
"VM","epa-nsx-02","FAIL","epa-nsx-02: VM does not have Secure Boot configured (False)","guest-8.secure-boot","P0","The guest OS must enable Secure Boot.","TRUE","N/A","5.2.3","$VMobj = (Get-VM -Name $VM) $ConfigSpec = New-Object VMware.Vim.VirtualMachineConfigSpec $bootOptions = New-Object VMware.Vim.VirtualMachineBootOptions $bootOptions.EfiSecureBootEnabled = $true $ConfigSpec.BootOptions = $bootOptions $task = $VMobj.ExtensionData.ReconfigVM_Task($ConfigSpec)"
"VM","epa-nsx-02","FAIL","epa-nsx-02: VM Hardware version should be version 19 or later (vmx-13)",,,,,,,
"VM","epa-nsx-02","PASS","epa-nsx-02: tools.guestlib.enableHostInfo not configured and is using secure defaults ()","vm-8.restrict-host-info","P2","Virtual machines must not be able to obtain host information from the hypervisor.","FALSE or Undefined","VMCH-80-000198","1.4.5","Get-VM -Name $VM | Get-AdvancedSetting tools.guestlib.enableHostInfo | Remove-AdvancedSetting"
"VM","epa-nsx-02","PASS","epa-nsx-02: tools.guest.desktop.autolock configured correctly (TRUE)","vm-8.vmrc-lock","P0","Virtual machines must be configured to lock when the last console connection is closed.","TRUE","VMCH-80-000201","N/A","Get-VM -Name $VM | Get-AdvancedSetting -Name tools.guest.desktop.autolock | Set-AdvancedSetting -Value $true"
"VM","epa-nsx-02","PASS","epa-nsx-02: isolation.tools.paste.disable not configured and is using secure defaults ()","vm-8.deactivate-console-paste","P2","Virtual machines must have console paste operations deactivated.","TRUE or Undefined","VMCH-80-000192","3.4.2","Get-VM -Name $VM | Get-AdvancedSetting -Name isolation.tools.paste.disable | Remove-AdvancedSetting"
"VM","epa-nsx-02","PASS","epa-nsx-02: isolation.device.connectable.disable not configured and is using secure defaults ()","vm-8.isolation-device-connectable-deactivate","P2","Virtual machines must prevent unauthorized removal, connection and modification of devices.","TRUE or Undefined","VMCH-80-000197","N/A","Get-VM -Name $VM | Get-AdvancedSetting -Name isolation.device.connectable.disable | Remove-AdvancedSetting"
"VM","epa-nsx-02","PASS","epa-nsx-02: isolation.tools.diskWiper.disable configured correctly (true)","vm-8.deactivate-disk-shrinking-wiper","P2","Virtual machines must have virtual disk wiping operations deactivated.","TRUE or Undefined","VMCH-80-000194","N/A","Get-VM -Name $VM | Get-AdvancedSetting -Name isolation.tools.diskWiper.disable | Remove-AdvancedSetting"
"VM","epa-nsx-02","PASS","epa-nsx-02: mks.enable3d not configured and is using secure defaults ()","vm-8.deactivate-non-essential-3d-features","P2","Virtual machines must have 3D graphics features deactivated when not required.","FALSE","VMCH-80-000202","N/A","Get-VM -Name $VM | Get-AdvancedSetting mks.enable3d | Set-AdvancedSetting -Value $false"
"VM","epa-nsx-02","PASS","epa-nsx-02: isolation.tools.diskShrink.disable configured correctly (true)","vm-8.deactivate-disk-shrinking-shrink","P2","Virtual machines must have virtual disk shrinking operations deactivated.","TRUE or Undefined","VMCH-80-000193","N/A","Get-VM -Name $VM | Get-AdvancedSetting -Name isolation.tools.diskShrink.disable | Remove-AdvancedSetting"
"VM","epa-nsx-02","PASS","epa-nsx-02: isolation.tools.copy.disable not configured and is using secure defaults ()","vm-8.deactivate-console-copy","P2","Virtual machines must have console copy operations deactivated.","TRUE or Undefined","VMCH-80-000189","3.4.2","Get-VM -Name $VM | Get-AdvancedSetting -Name isolation.tools.copy.disable | Remove-AdvancedSetting"
"VM","epa-nsx-02","PASS","epa-nsx-02: sched.mem.pshare.salt not configured ().","vm-8.transparentpagesharing-inter-vm-enabled","P2","Virtual machines must restrict sharing of memory pages between VMs.","Not Present","VMCH-80-000199","N/A","Get-VM -Name $VM | Get-AdvancedSetting -Name sched.mem.pshare.salt | Remove-AdvancedSetting"
"VM","epa-nsx-02","PASS","epa-nsx-02: isolation.tools.dnd.disable not configured and is using secure defaults ()","vm-8.isolation-tools-dnd-deactivate","P2","Virtual machines must have console drag and drop operations deactivated.","TRUE or Undefined","VMCH-80-000191","N/A","Get-VM -Name $VM | Get-AdvancedSetting -Name isolation.tools.dnd.disable | Remove-AdvancedSetting"
"VM","epa-nsx-02","PASS","epa-nsx-02: log.keepOld not configured and is using secure defaults","vm-8.log-retention","P2","Virtual machines must limit the number of retained diagnostic logs.","10 or Undefined","VMCH-80-000206","10.5.1","Get-VM -Name $VM | Get-AdvancedSetting -Name log.keepOld | Remove-AdvancedSetting"
"VM","epa-nsx-02","PASS","epa-nsx-02: tools.setInfo.sizeLimit not configured and is using secure defaults","vm-8.limit-setinfo-size","P2","Virtual machines must limit informational messages from the virtual machine to the VMX file.","1048576 or Undefined","VMCH-80-000196","N/A","Get-VM -Name $VM | Get-AdvancedSetting -Name tools.setInfo.sizeLimit | Remove-AdvancedSetting"
"VM","epa-nsx-02","PASS","epa-nsx-02: log.rotateSize not configured and is using secure defaults","vm-8.log-rotation-size","P2","Virtual machines must limit the size of diagnostic logs.","2048000 or Undefined","VMCH-80-000205","10.5.1","Get-VM -Name $VM | Get-AdvancedSetting -Name log.rotateSize | Remove-AdvancedSetting"
"VM","epa-nsx-02","PASS","epa-nsx-02: RemoteDisplay.maxConnections configured correctly (1)","vm-8.limit-console-connections","P0","Virtual machines must limit console sharing.","1","VMCH-80-000195","N/A","Get-VM -Name $VM | Get-AdvancedSetting RemoteDisplay.maxConnections | Set-AdvancedSetting -Value 1"
"VM","epa-nsx-02","FAIL","epa-nsx-02: Encrypted vMotion defaults configured (opportunistic).","vm-8.vmotion-encrypted","P1","Virtual machines must require encryption for vMotion.","required","VMCH-80-000203","2.2.7
4.2.1","$VMview = Get-VM -Name $VM | Get-View  $ConfigSpec = New-Object VMware.Vim.VirtualMachineConfigSpec $ConfigSpec.MigrateEncryption = New-Object VMware.Vim.VirtualMachineConfigSpecEncryptedVMotionModes $ConfigSpec.MigrateEncryption = ""required"" $VMview.ReconfigVM_Task($ConfigSpec)"
"VM","epa-nsx-02","FAIL","epa-nsx-02: Encrypted Fault Tolerance defaults configured (ftEncryptionOpportunistic)","vm-8.ft-encrypted","P1","Virtual machines must require encryption for Fault Tolerance.","ftEncryptionRequired","VMCH-80-000204","2.2.7
4.2.1","$VMview = Get-VM -Name $VM | Get-View  $ConfigSpec = New-Object VMware.Vim.VirtualMachineConfigSpec $ConfigSpec.FtEncryptionMode = New-object VMware.Vim.VirtualMachineConfigSpecEncryptedFtModes $ConfigSpec.FtEncryptionMode = ""ftEncryptionRequired""  $VMview.ReconfigVM_Task($ConfigSpec)"
"VM","epa-nsx-02","PASS","epa-nsx-02: Diagnostic logging configured correctly (True)","vm-8.log-enable","P2","Virtual machines must enable diagnostic logging.","TRUE","VMCH-80-000207","10.5.1","$VMview = Get-VM -Name $VM | Get-View  $ConfigSpec = New-Object VMware.Vim.VirtualMachineConfigSpec $ConfigSpec.Flags = New-Object VMware.Vim.VirtualMachineFlagInfo $ConfigSpec.Flags.EnableLogging = $true $VMview.ReconfigVM_Task($ConfigSpec)"
"VM","epa-nsx-02","PASS","epa-nsx-02: dvFilters not configured ()","vm-8.dvfilter","P2","Virtual machines must limit access through the ""dvfilter"" network Application Programming Interface (API).","Not Present","VMCH-80-000200","N/A","Get-VM -Name $VM | Get-AdvancedSetting ""ethernet*.filter*.name*"" | Remove-AdvancedSetting"
"VM","epa-nsx-02","PASS","epa-nsx-02: Passthrough hardware devices not configured","vm-8.pci-passthrough","P0","Virtual machines must limit PCI device passthrough functionality.","Not Present","VMCH-80-000214","N/A","Get-VM -Name $VM | Get-PassthroughDevice | Remove-PassthroughDevice"
"VM","epa-nsx-02","FAIL","epa-nsx-02: VM permitted to boot from all possible sources. ()",,,,,,,
"VM","epa-nsx-02","INFO","epa-nsx-02: Audit of epa-nsx-02 completed at 2026-09-07 09:01:40",,,,,,,
"VM","epa-nsx-03","INFO","VMware Virtual Machine Security Settings Audit Utility 8.0.3",,,,,,,
"VM","epa-nsx-03","INFO","Audit of epa-nsx-03 started at 2026-09-07 09:01:40 from HCSVDI-28 by broadcom",,,,,,,
"VM","epa-nsx-03","INFO","EULA accepted.",,,,,,,
"VM","epa-nsx-03","FAIL","epa-nsx-03: VM does not have Secure Boot configured (False)","guest-8.secure-boot","P0","The guest OS must enable Secure Boot.","TRUE","N/A","5.2.3","$VMobj = (Get-VM -Name $VM) $ConfigSpec = New-Object VMware.Vim.VirtualMachineConfigSpec $bootOptions = New-Object VMware.Vim.VirtualMachineBootOptions $bootOptions.EfiSecureBootEnabled = $true $ConfigSpec.BootOptions = $bootOptions $task = $VMobj.ExtensionData.ReconfigVM_Task($ConfigSpec)"
"VM","epa-nsx-03","FAIL","epa-nsx-03: VM Hardware version should be version 19 or later (vmx-13)",,,,,,,
"VM","epa-nsx-03","PASS","epa-nsx-03: tools.guestlib.enableHostInfo not configured and is using secure defaults ()","vm-8.restrict-host-info","P2","Virtual machines must not be able to obtain host information from the hypervisor.","FALSE or Undefined","VMCH-80-000198","1.4.5","Get-VM -Name $VM | Get-AdvancedSetting tools.guestlib.enableHostInfo | Remove-AdvancedSetting"
"VM","epa-nsx-03","PASS","epa-nsx-03: tools.guest.desktop.autolock configured correctly (TRUE)","vm-8.vmrc-lock","P0","Virtual machines must be configured to lock when the last console connection is closed.","TRUE","VMCH-80-000201","N/A","Get-VM -Name $VM | Get-AdvancedSetting -Name tools.guest.desktop.autolock | Set-AdvancedSetting -Value $true"
"VM","epa-nsx-03","PASS","epa-nsx-03: isolation.tools.paste.disable not configured and is using secure defaults ()","vm-8.deactivate-console-paste","P2","Virtual machines must have console paste operations deactivated.","TRUE or Undefined","VMCH-80-000192","3.4.2","Get-VM -Name $VM | Get-AdvancedSetting -Name isolation.tools.paste.disable | Remove-AdvancedSetting"
"VM","epa-nsx-03","PASS","epa-nsx-03: isolation.device.connectable.disable not configured and is using secure defaults ()","vm-8.isolation-device-connectable-deactivate","P2","Virtual machines must prevent unauthorized removal, connection and modification of devices.","TRUE or Undefined","VMCH-80-000197","N/A","Get-VM -Name $VM | Get-AdvancedSetting -Name isolation.device.connectable.disable | Remove-AdvancedSetting"
"VM","epa-nsx-03","PASS","epa-nsx-03: isolation.tools.diskWiper.disable configured correctly (true)","vm-8.deactivate-disk-shrinking-wiper","P2","Virtual machines must have virtual disk wiping operations deactivated.","TRUE or Undefined","VMCH-80-000194","N/A","Get-VM -Name $VM | Get-AdvancedSetting -Name isolation.tools.diskWiper.disable | Remove-AdvancedSetting"
"VM","epa-nsx-03","PASS","epa-nsx-03: mks.enable3d not configured and is using secure defaults ()","vm-8.deactivate-non-essential-3d-features","P2","Virtual machines must have 3D graphics features deactivated when not required.","FALSE","VMCH-80-000202","N/A","Get-VM -Name $VM | Get-AdvancedSetting mks.enable3d | Set-AdvancedSetting -Value $false"
"VM","epa-nsx-03","PASS","epa-nsx-03: isolation.tools.diskShrink.disable configured correctly (true)","vm-8.deactivate-disk-shrinking-shrink","P2","Virtual machines must have virtual disk shrinking operations deactivated.","TRUE or Undefined","VMCH-80-000193","N/A","Get-VM -Name $VM | Get-AdvancedSetting -Name isolation.tools.diskShrink.disable | Remove-AdvancedSetting"
"VM","epa-nsx-03","PASS","epa-nsx-03: isolation.tools.copy.disable not configured and is using secure defaults ()","vm-8.deactivate-console-copy","P2","Virtual machines must have console copy operations deactivated.","TRUE or Undefined","VMCH-80-000189","3.4.2","Get-VM -Name $VM | Get-AdvancedSetting -Name isolation.tools.copy.disable | Remove-AdvancedSetting"
"VM","epa-nsx-03","PASS","epa-nsx-03: sched.mem.pshare.salt not configured ().","vm-8.transparentpagesharing-inter-vm-enabled","P2","Virtual machines must restrict sharing of memory pages between VMs.","Not Present","VMCH-80-000199","N/A","Get-VM -Name $VM | Get-AdvancedSetting -Name sched.mem.pshare.salt | Remove-AdvancedSetting"
"VM","epa-nsx-03","PASS","epa-nsx-03: isolation.tools.dnd.disable not configured and is using secure defaults ()","vm-8.isolation-tools-dnd-deactivate","P2","Virtual machines must have console drag and drop operations deactivated.","TRUE or Undefined","VMCH-80-000191","N/A","Get-VM -Name $VM | Get-AdvancedSetting -Name isolation.tools.dnd.disable | Remove-AdvancedSetting"
"VM","epa-nsx-03","PASS","epa-nsx-03: log.keepOld not configured and is using secure defaults","vm-8.log-retention","P2","Virtual machines must limit the number of retained diagnostic logs.","10 or Undefined","VMCH-80-000206","10.5.1","Get-VM -Name $VM | Get-AdvancedSetting -Name log.keepOld | Remove-AdvancedSetting"
"VM","epa-nsx-03","PASS","epa-nsx-03: tools.setInfo.sizeLimit not configured and is using secure defaults","vm-8.limit-setinfo-size","P2","Virtual machines must limit informational messages from the virtual machine to the VMX file.","1048576 or Undefined","VMCH-80-000196","N/A","Get-VM -Name $VM | Get-AdvancedSetting -Name tools.setInfo.sizeLimit | Remove-AdvancedSetting"
"VM","epa-nsx-03","PASS","epa-nsx-03: log.rotateSize not configured and is using secure defaults","vm-8.log-rotation-size","P2","Virtual machines must limit the size of diagnostic logs.","2048000 or Undefined","VMCH-80-000205","10.5.1","Get-VM -Name $VM | Get-AdvancedSetting -Name log.rotateSize | Remove-AdvancedSetting"
"VM","epa-nsx-03","PASS","epa-nsx-03: RemoteDisplay.maxConnections configured correctly (1)","vm-8.limit-console-connections","P0","Virtual machines must limit console sharing.","1","VMCH-80-000195","N/A","Get-VM -Name $VM | Get-AdvancedSetting RemoteDisplay.maxConnections | Set-AdvancedSetting -Value 1"
"VM","epa-nsx-03","FAIL","epa-nsx-03: Encrypted vMotion defaults configured (opportunistic).","vm-8.vmotion-encrypted","P1","Virtual machines must require encryption for vMotion.","required","VMCH-80-000203","2.2.7
4.2.1","$VMview = Get-VM -Name $VM | Get-View  $ConfigSpec = New-Object VMware.Vim.VirtualMachineConfigSpec $ConfigSpec.MigrateEncryption = New-Object VMware.Vim.VirtualMachineConfigSpecEncryptedVMotionModes $ConfigSpec.MigrateEncryption = ""required"" $VMview.ReconfigVM_Task($ConfigSpec)"
"VM","epa-nsx-03","FAIL","epa-nsx-03: Encrypted Fault Tolerance defaults configured (ftEncryptionOpportunistic)","vm-8.ft-encrypted","P1","Virtual machines must require encryption for Fault Tolerance.","ftEncryptionRequired","VMCH-80-000204","2.2.7
4.2.1","$VMview = Get-VM -Name $VM | Get-View  $ConfigSpec = New-Object VMware.Vim.VirtualMachineConfigSpec $ConfigSpec.FtEncryptionMode = New-object VMware.Vim.VirtualMachineConfigSpecEncryptedFtModes $ConfigSpec.FtEncryptionMode = ""ftEncryptionRequired""  $VMview.ReconfigVM_Task($ConfigSpec)"
"VM","epa-nsx-03","PASS","epa-nsx-03: Diagnostic logging configured correctly (True)","vm-8.log-enable","P2","Virtual machines must enable diagnostic logging.","TRUE","VMCH-80-000207","10.5.1","$VMview = Get-VM -Name $VM | Get-View  $ConfigSpec = New-Object VMware.Vim.VirtualMachineConfigSpec $ConfigSpec.Flags = New-Object VMware.Vim.VirtualMachineFlagInfo $ConfigSpec.Flags.EnableLogging = $true $VMview.ReconfigVM_Task($ConfigSpec)"
"VM","epa-nsx-03","PASS","epa-nsx-03: dvFilters not configured ()","vm-8.dvfilter","P2","Virtual machines must limit access through the ""dvfilter"" network Application Programming Interface (API).","Not Present","VMCH-80-000200","N/A","Get-VM -Name $VM | Get-AdvancedSetting ""ethernet*.filter*.name*"" | Remove-AdvancedSetting"
"VM","epa-nsx-03","PASS","epa-nsx-03: Passthrough hardware devices not configured","vm-8.pci-passthrough","P0","Virtual machines must limit PCI device passthrough functionality.","Not Present","VMCH-80-000214","N/A","Get-VM -Name $VM | Get-PassthroughDevice | Remove-PassthroughDevice"
"VM","epa-nsx-03","FAIL","epa-nsx-03: VM permitted to boot from all possible sources. ()",,,,,,,
"VM","epa-nsx-03","INFO","epa-nsx-03: Audit of epa-nsx-03 completed at 2026-09-07 09:01:40",,,,,,,
"VM","inha-esx01-10.200.91.x","INFO","VMware Virtual Machine Security Settings Audit Utility 8.0.3",,,,,,,
"VM","inha-esx01-10.200.91.x","INFO","Audit of inha-esx01-10.200.91.x started at 2026-09-07 09:01:40 from HCSVDI-28 by broadcom",,,,,,,
"VM","inha-esx01-10.200.91.x","INFO","EULA accepted.",,,,,,,
"VM","inha-esx01-10.200.91.x","FAIL","inha-esx01-10.200.91.x: VM does not have Secure Boot configured (False)","guest-8.secure-boot","P0","The guest OS must enable Secure Boot.","TRUE","N/A","5.2.3","$VMobj = (Get-VM -Name $VM) $ConfigSpec = New-Object VMware.Vim.VirtualMachineConfigSpec $bootOptions = New-Object VMware.Vim.VirtualMachineBootOptions $bootOptions.EfiSecureBootEnabled = $true $ConfigSpec.BootOptions = $bootOptions $task = $VMobj.ExtensionData.ReconfigVM_Task($ConfigSpec)"
"VM","inha-esx01-10.200.91.x","PASS","inha-esx01-10.200.91.x: VM is VM Hardware 21 (vSphere 8) (vmx-21)",,,,,,,
"VM","inha-esx01-10.200.91.x","PASS","inha-esx01-10.200.91.x: tools.guestlib.enableHostInfo not configured and is using secure defaults ()","vm-8.restrict-host-info","P2","Virtual machines must not be able to obtain host information from the hypervisor.","FALSE or Undefined","VMCH-80-000198","1.4.5","Get-VM -Name $VM | Get-AdvancedSetting tools.guestlib.enableHostInfo | Remove-AdvancedSetting"
"VM","inha-esx01-10.200.91.x","PASS","inha-esx01-10.200.91.x: tools.guest.desktop.autolock configured correctly (TRUE)","vm-8.vmrc-lock","P0","Virtual machines must be configured to lock when the last console connection is closed.","TRUE","VMCH-80-000201","N/A","Get-VM -Name $VM | Get-AdvancedSetting -Name tools.guest.desktop.autolock | Set-AdvancedSetting -Value $true"
"VM","inha-esx01-10.200.91.x","PASS","inha-esx01-10.200.91.x: isolation.tools.paste.disable not configured and is using secure defaults ()","vm-8.deactivate-console-paste","P2","Virtual machines must have console paste operations deactivated.","TRUE or Undefined","VMCH-80-000192","3.4.2","Get-VM -Name $VM | Get-AdvancedSetting -Name isolation.tools.paste.disable | Remove-AdvancedSetting"
"VM","inha-esx01-10.200.91.x","PASS","inha-esx01-10.200.91.x: isolation.device.connectable.disable not configured and is using secure defaults ()","vm-8.isolation-device-connectable-deactivate","P2","Virtual machines must prevent unauthorized removal, connection and modification of devices.","TRUE or Undefined","VMCH-80-000197","N/A","Get-VM -Name $VM | Get-AdvancedSetting -Name isolation.device.connectable.disable | Remove-AdvancedSetting"
"VM","inha-esx01-10.200.91.x","PASS","inha-esx01-10.200.91.x: isolation.tools.diskWiper.disable not configured and is using secure defaults ()","vm-8.deactivate-disk-shrinking-wiper","P2","Virtual machines must have virtual disk wiping operations deactivated.","TRUE or Undefined","VMCH-80-000194","N/A","Get-VM -Name $VM | Get-AdvancedSetting -Name isolation.tools.diskWiper.disable | Remove-AdvancedSetting"
"VM","inha-esx01-10.200.91.x","PASS","inha-esx01-10.200.91.x: mks.enable3d not configured and is using secure defaults ()","vm-8.deactivate-non-essential-3d-features","P2","Virtual machines must have 3D graphics features deactivated when not required.","FALSE","VMCH-80-000202","N/A","Get-VM -Name $VM | Get-AdvancedSetting mks.enable3d | Set-AdvancedSetting -Value $false"
"VM","inha-esx01-10.200.91.x","PASS","inha-esx01-10.200.91.x: isolation.tools.diskShrink.disable not configured and is using secure defaults ()","vm-8.deactivate-disk-shrinking-shrink","P2","Virtual machines must have virtual disk shrinking operations deactivated.","TRUE or Undefined","VMCH-80-000193","N/A","Get-VM -Name $VM | Get-AdvancedSetting -Name isolation.tools.diskShrink.disable | Remove-AdvancedSetting"
"VM","inha-esx01-10.200.91.x","PASS","inha-esx01-10.200.91.x: isolation.tools.copy.disable not configured and is using secure defaults ()","vm-8.deactivate-console-copy","P2","Virtual machines must have console copy operations deactivated.","TRUE or Undefined","VMCH-80-000189","3.4.2","Get-VM -Name $VM | Get-AdvancedSetting -Name isolation.tools.copy.disable | Remove-AdvancedSetting"
"VM","inha-esx01-10.200.91.x","PASS","inha-esx01-10.200.91.x: sched.mem.pshare.salt not configured ().","vm-8.transparentpagesharing-inter-vm-enabled","P2","Virtual machines must restrict sharing of memory pages between VMs.","Not Present","VMCH-80-000199","N/A","Get-VM -Name $VM | Get-AdvancedSetting -Name sched.mem.pshare.salt | Remove-AdvancedSetting"
"VM","inha-esx01-10.200.91.x","PASS","inha-esx01-10.200.91.x: isolation.tools.dnd.disable not configured and is using secure defaults ()","vm-8.isolation-tools-dnd-deactivate","P2","Virtual machines must have console drag and drop operations deactivated.","TRUE or Undefined","VMCH-80-000191","N/A","Get-VM -Name $VM | Get-AdvancedSetting -Name isolation.tools.dnd.disable | Remove-AdvancedSetting"
"VM","inha-esx01-10.200.91.x","PASS","inha-esx01-10.200.91.x: log.keepOld not configured and is using secure defaults","vm-8.log-retention","P2","Virtual machines must limit the number of retained diagnostic logs.","10 or Undefined","VMCH-80-000206","10.5.1","Get-VM -Name $VM | Get-AdvancedSetting -Name log.keepOld | Remove-AdvancedSetting"
"VM","inha-esx01-10.200.91.x","PASS","inha-esx01-10.200.91.x: tools.setInfo.sizeLimit not configured and is using secure defaults","vm-8.limit-setinfo-size","P2","Virtual machines must limit informational messages from the virtual machine to the VMX file.","1048576 or Undefined","VMCH-80-000196","N/A","Get-VM -Name $VM | Get-AdvancedSetting -Name tools.setInfo.sizeLimit | Remove-AdvancedSetting"
"VM","inha-esx01-10.200.91.x","PASS","inha-esx01-10.200.91.x: log.rotateSize not configured and is using secure defaults","vm-8.log-rotation-size","P2","Virtual machines must limit the size of diagnostic logs.","2048000 or Undefined","VMCH-80-000205","10.5.1","Get-VM -Name $VM | Get-AdvancedSetting -Name log.rotateSize | Remove-AdvancedSetting"
"VM","inha-esx01-10.200.91.x","FAIL","inha-esx01-10.200.91.x: RemoteDisplay.maxConnections configured incorrectly (-1, expected eq 1)","vm-8.limit-console-connections","P0","Virtual machines must limit console sharing.","1","VMCH-80-000195","N/A","Get-VM -Name $VM | Get-AdvancedSetting RemoteDisplay.maxConnections | Set-AdvancedSetting -Value 1"
"VM","inha-esx01-10.200.91.x","FAIL","inha-esx01-10.200.91.x: Encrypted vMotion defaults configured (opportunistic).","vm-8.vmotion-encrypted","P1","Virtual machines must require encryption for vMotion.","required","VMCH-80-000203","2.2.7
4.2.1","$VMview = Get-VM -Name $VM | Get-View  $ConfigSpec = New-Object VMware.Vim.VirtualMachineConfigSpec $ConfigSpec.MigrateEncryption = New-Object VMware.Vim.VirtualMachineConfigSpecEncryptedVMotionModes $ConfigSpec.MigrateEncryption = ""required"" $VMview.ReconfigVM_Task($ConfigSpec)"
"VM","inha-esx01-10.200.91.x","FAIL","inha-esx01-10.200.91.x: Encrypted Fault Tolerance defaults configured (ftEncryptionOpportunistic)","vm-8.ft-encrypted","P1","Virtual machines must require encryption for Fault Tolerance.","ftEncryptionRequired","VMCH-80-000204","2.2.7
4.2.1","$VMview = Get-VM -Name $VM | Get-View  $ConfigSpec = New-Object VMware.Vim.VirtualMachineConfigSpec $ConfigSpec.FtEncryptionMode = New-object VMware.Vim.VirtualMachineConfigSpecEncryptedFtModes $ConfigSpec.FtEncryptionMode = ""ftEncryptionRequired""  $VMview.ReconfigVM_Task($ConfigSpec)"
"VM","inha-esx01-10.200.91.x","PASS","inha-esx01-10.200.91.x: Diagnostic logging configured correctly (True)","vm-8.log-enable","P2","Virtual machines must enable diagnostic logging.","TRUE","VMCH-80-000207","10.5.1","$VMview = Get-VM -Name $VM | Get-View  $ConfigSpec = New-Object VMware.Vim.VirtualMachineConfigSpec $ConfigSpec.Flags = New-Object VMware.Vim.VirtualMachineFlagInfo $ConfigSpec.Flags.EnableLogging = $true $VMview.ReconfigVM_Task($ConfigSpec)"
"VM","inha-esx01-10.200.91.x","PASS","inha-esx01-10.200.91.x: dvFilters not configured ()","vm-8.dvfilter","P2","Virtual machines must limit access through the ""dvfilter"" network Application Programming Interface (API).","Not Present","VMCH-80-000200","N/A","Get-VM -Name $VM | Get-AdvancedSetting ""ethernet*.filter*.name*"" | Remove-AdvancedSetting"
"VM","inha-esx01-10.200.91.x","PASS","inha-esx01-10.200.91.x: Passthrough hardware devices not configured","vm-8.pci-passthrough","P0","Virtual machines must limit PCI device passthrough functionality.","Not Present","VMCH-80-000214","N/A","Get-VM -Name $VM | Get-PassthroughDevice | Remove-PassthroughDevice"
"VM","inha-esx01-10.200.91.x","FAIL","inha-esx01-10.200.91.x: VirtualCdrom device present. Evaluate and remove if not necessary.",,,,,,,
"VM","inha-esx01-10.200.91.x","FAIL","inha-esx01-10.200.91.x: VM permitted to boot from all possible sources. ()",,,,,,,
"VM","inha-esx01-10.200.91.x","INFO","inha-esx01-10.200.91.x: Audit of inha-esx01-10.200.91.x completed at 2026-09-07 09:01:41",,,,,,,
"VM","inha-esx02","INFO","VMware Virtual Machine Security Settings Audit Utility 8.0.3",,,,,,,
"VM","inha-esx02","INFO","Audit of inha-esx02 started at 2026-09-07 09:01:41 from HCSVDI-28 by broadcom",,,,,,,
"VM","inha-esx02","INFO","EULA accepted.",,,,,,,
"VM","inha-esx02","FAIL","inha-esx02: VM does not have Secure Boot configured (False)","guest-8.secure-boot","P0","The guest OS must enable Secure Boot.","TRUE","N/A","5.2.3","$VMobj = (Get-VM -Name $VM) $ConfigSpec = New-Object VMware.Vim.VirtualMachineConfigSpec $bootOptions = New-Object VMware.Vim.VirtualMachineBootOptions $bootOptions.EfiSecureBootEnabled = $true $ConfigSpec.BootOptions = $bootOptions $task = $VMobj.ExtensionData.ReconfigVM_Task($ConfigSpec)"
"VM","inha-esx02","PASS","inha-esx02: VM is VM Hardware 21 (vSphere 8) (vmx-21)",,,,,,,
"VM","inha-esx02","PASS","inha-esx02: tools.guestlib.enableHostInfo not configured and is using secure defaults ()","vm-8.restrict-host-info","P2","Virtual machines must not be able to obtain host information from the hypervisor.","FALSE or Undefined","VMCH-80-000198","1.4.5","Get-VM -Name $VM | Get-AdvancedSetting tools.guestlib.enableHostInfo | Remove-AdvancedSetting"
"VM","inha-esx02","PASS","inha-esx02: tools.guest.desktop.autolock configured correctly (TRUE)","vm-8.vmrc-lock","P0","Virtual machines must be configured to lock when the last console connection is closed.","TRUE","VMCH-80-000201","N/A","Get-VM -Name $VM | Get-AdvancedSetting -Name tools.guest.desktop.autolock | Set-AdvancedSetting -Value $true"
"VM","inha-esx02","PASS","inha-esx02: isolation.tools.paste.disable not configured and is using secure defaults ()","vm-8.deactivate-console-paste","P2","Virtual machines must have console paste operations deactivated.","TRUE or Undefined","VMCH-80-000192","3.4.2","Get-VM -Name $VM | Get-AdvancedSetting -Name isolation.tools.paste.disable | Remove-AdvancedSetting"
"VM","inha-esx02","PASS","inha-esx02: isolation.device.connectable.disable not configured and is using secure defaults ()","vm-8.isolation-device-connectable-deactivate","P2","Virtual machines must prevent unauthorized removal, connection and modification of devices.","TRUE or Undefined","VMCH-80-000197","N/A","Get-VM -Name $VM | Get-AdvancedSetting -Name isolation.device.connectable.disable | Remove-AdvancedSetting"
"VM","inha-esx02","PASS","inha-esx02: isolation.tools.diskWiper.disable not configured and is using secure defaults ()","vm-8.deactivate-disk-shrinking-wiper","P2","Virtual machines must have virtual disk wiping operations deactivated.","TRUE or Undefined","VMCH-80-000194","N/A","Get-VM -Name $VM | Get-AdvancedSetting -Name isolation.tools.diskWiper.disable | Remove-AdvancedSetting"
"VM","inha-esx02","PASS","inha-esx02: mks.enable3d not configured and is using secure defaults ()","vm-8.deactivate-non-essential-3d-features","P2","Virtual machines must have 3D graphics features deactivated when not required.","FALSE","VMCH-80-000202","N/A","Get-VM -Name $VM | Get-AdvancedSetting mks.enable3d | Set-AdvancedSetting -Value $false"
"VM","inha-esx02","PASS","inha-esx02: isolation.tools.diskShrink.disable not configured and is using secure defaults ()","vm-8.deactivate-disk-shrinking-shrink","P2","Virtual machines must have virtual disk shrinking operations deactivated.","TRUE or Undefined","VMCH-80-000193","N/A","Get-VM -Name $VM | Get-AdvancedSetting -Name isolation.tools.diskShrink.disable | Remove-AdvancedSetting"
"VM","inha-esx02","PASS","inha-esx02: isolation.tools.copy.disable not configured and is using secure defaults ()","vm-8.deactivate-console-copy","P2","Virtual machines must have console copy operations deactivated.","TRUE or Undefined","VMCH-80-000189","3.4.2","Get-VM -Name $VM | Get-AdvancedSetting -Name isolation.tools.copy.disable | Remove-AdvancedSetting"
"VM","inha-esx02","PASS","inha-esx02: sched.mem.pshare.salt not configured ().","vm-8.transparentpagesharing-inter-vm-enabled","P2","Virtual machines must restrict sharing of memory pages between VMs.","Not Present","VMCH-80-000199","N/A","Get-VM -Name $VM | Get-AdvancedSetting -Name sched.mem.pshare.salt | Remove-AdvancedSetting"
"VM","inha-esx02","PASS","inha-esx02: isolation.tools.dnd.disable not configured and is using secure defaults ()","vm-8.isolation-tools-dnd-deactivate","P2","Virtual machines must have console drag and drop operations deactivated.","TRUE or Undefined","VMCH-80-000191","N/A","Get-VM -Name $VM | Get-AdvancedSetting -Name isolation.tools.dnd.disable | Remove-AdvancedSetting"
"VM","inha-esx02","PASS","inha-esx02: log.keepOld not configured and is using secure defaults","vm-8.log-retention","P2","Virtual machines must limit the number of retained diagnostic logs.","10 or Undefined","VMCH-80-000206","10.5.1","Get-VM -Name $VM | Get-AdvancedSetting -Name log.keepOld | Remove-AdvancedSetting"
"VM","inha-esx02","PASS","inha-esx02: tools.setInfo.sizeLimit not configured and is using secure defaults","vm-8.limit-setinfo-size","P2","Virtual machines must limit informational messages from the virtual machine to the VMX file.","1048576 or Undefined","VMCH-80-000196","N/A","Get-VM -Name $VM | Get-AdvancedSetting -Name tools.setInfo.sizeLimit | Remove-AdvancedSetting"
"VM","inha-esx02","PASS","inha-esx02: log.rotateSize not configured and is using secure defaults","vm-8.log-rotation-size","P2","Virtual machines must limit the size of diagnostic logs.","2048000 or Undefined","VMCH-80-000205","10.5.1","Get-VM -Name $VM | Get-AdvancedSetting -Name log.rotateSize | Remove-AdvancedSetting"
"VM","inha-esx02","FAIL","inha-esx02: RemoteDisplay.maxConnections configured incorrectly (-1, expected eq 1)","vm-8.limit-console-connections","P0","Virtual machines must limit console sharing.","1","VMCH-80-000195","N/A","Get-VM -Name $VM | Get-AdvancedSetting RemoteDisplay.maxConnections | Set-AdvancedSetting -Value 1"
"VM","inha-esx02","FAIL","inha-esx02: Encrypted vMotion defaults configured (opportunistic).","vm-8.vmotion-encrypted","P1","Virtual machines must require encryption for vMotion.","required","VMCH-80-000203","2.2.7
4.2.1","$VMview = Get-VM -Name $VM | Get-View  $ConfigSpec = New-Object VMware.Vim.VirtualMachineConfigSpec $ConfigSpec.MigrateEncryption = New-Object VMware.Vim.VirtualMachineConfigSpecEncryptedVMotionModes $ConfigSpec.MigrateEncryption = ""required"" $VMview.ReconfigVM_Task($ConfigSpec)"
"VM","inha-esx02","FAIL","inha-esx02: Encrypted Fault Tolerance defaults configured (ftEncryptionOpportunistic)","vm-8.ft-encrypted","P1","Virtual machines must require encryption for Fault Tolerance.","ftEncryptionRequired","VMCH-80-000204","2.2.7
4.2.1","$VMview = Get-VM -Name $VM | Get-View  $ConfigSpec = New-Object VMware.Vim.VirtualMachineConfigSpec $ConfigSpec.FtEncryptionMode = New-object VMware.Vim.VirtualMachineConfigSpecEncryptedFtModes $ConfigSpec.FtEncryptionMode = ""ftEncryptionRequired""  $VMview.ReconfigVM_Task($ConfigSpec)"
"VM","inha-esx02","PASS","inha-esx02: Diagnostic logging configured correctly (True)","vm-8.log-enable","P2","Virtual machines must enable diagnostic logging.","TRUE","VMCH-80-000207","10.5.1","$VMview = Get-VM -Name $VM | Get-View  $ConfigSpec = New-Object VMware.Vim.VirtualMachineConfigSpec $ConfigSpec.Flags = New-Object VMware.Vim.VirtualMachineFlagInfo $ConfigSpec.Flags.EnableLogging = $true $VMview.ReconfigVM_Task($ConfigSpec)"
"VM","inha-esx02","PASS","inha-esx02: dvFilters not configured ()","vm-8.dvfilter","P2","Virtual machines must limit access through the ""dvfilter"" network Application Programming Interface (API).","Not Present","VMCH-80-000200","N/A","Get-VM -Name $VM | Get-AdvancedSetting ""ethernet*.filter*.name*"" | Remove-AdvancedSetting"
"VM","inha-esx02","PASS","inha-esx02: Passthrough hardware devices not configured","vm-8.pci-passthrough","P0","Virtual machines must limit PCI device passthrough functionality.","Not Present","VMCH-80-000214","N/A","Get-VM -Name $VM | Get-PassthroughDevice | Remove-PassthroughDevice"
"VM","inha-esx02","FAIL","inha-esx02: VirtualCdrom device present. Evaluate and remove if not necessary.",,,,,,,
"VM","inha-esx02","FAIL","inha-esx02: VM permitted to boot from all possible sources. ()",,,,,,,
"VM","inha-esx02","INFO","inha-esx02: Audit of inha-esx02 completed at 2026-09-07 09:01:42",,,,,,,
"VM","inha-esx03","INFO","VMware Virtual Machine Security Settings Audit Utility 8.0.3",,,,,,,
"VM","inha-esx03","INFO","Audit of inha-esx03 started at 2026-09-07 09:01:42 from HCSVDI-28 by broadcom",,,,,,,
"VM","inha-esx03","INFO","EULA accepted.",,,,,,,
"VM","inha-esx03","FAIL","inha-esx03: VM does not have Secure Boot configured (False)","guest-8.secure-boot","P0","The guest OS must enable Secure Boot.","TRUE","N/A","5.2.3","$VMobj = (Get-VM -Name $VM) $ConfigSpec = New-Object VMware.Vim.VirtualMachineConfigSpec $bootOptions = New-Object VMware.Vim.VirtualMachineBootOptions $bootOptions.EfiSecureBootEnabled = $true $ConfigSpec.BootOptions = $bootOptions $task = $VMobj.ExtensionData.ReconfigVM_Task($ConfigSpec)"
"VM","inha-esx03","PASS","inha-esx03: VM is VM Hardware 21 (vSphere 8) (vmx-21)",,,,,,,
"VM","inha-esx03","PASS","inha-esx03: tools.guestlib.enableHostInfo not configured and is using secure defaults ()","vm-8.restrict-host-info","P2","Virtual machines must not be able to obtain host information from the hypervisor.","FALSE or Undefined","VMCH-80-000198","1.4.5","Get-VM -Name $VM | Get-AdvancedSetting tools.guestlib.enableHostInfo | Remove-AdvancedSetting"
"VM","inha-esx03","PASS","inha-esx03: tools.guest.desktop.autolock configured correctly (TRUE)","vm-8.vmrc-lock","P0","Virtual machines must be configured to lock when the last console connection is closed.","TRUE","VMCH-80-000201","N/A","Get-VM -Name $VM | Get-AdvancedSetting -Name tools.guest.desktop.autolock | Set-AdvancedSetting -Value $true"
"VM","inha-esx03","PASS","inha-esx03: isolation.tools.paste.disable not configured and is using secure defaults ()","vm-8.deactivate-console-paste","P2","Virtual machines must have console paste operations deactivated.","TRUE or Undefined","VMCH-80-000192","3.4.2","Get-VM -Name $VM | Get-AdvancedSetting -Name isolation.tools.paste.disable | Remove-AdvancedSetting"
"VM","inha-esx03","PASS","inha-esx03: isolation.device.connectable.disable not configured and is using secure defaults ()","vm-8.isolation-device-connectable-deactivate","P2","Virtual machines must prevent unauthorized removal, connection and modification of devices.","TRUE or Undefined","VMCH-80-000197","N/A","Get-VM -Name $VM | Get-AdvancedSetting -Name isolation.device.connectable.disable | Remove-AdvancedSetting"
"VM","inha-esx03","PASS","inha-esx03: isolation.tools.diskWiper.disable not configured and is using secure defaults ()","vm-8.deactivate-disk-shrinking-wiper","P2","Virtual machines must have virtual disk wiping operations deactivated.","TRUE or Undefined","VMCH-80-000194","N/A","Get-VM -Name $VM | Get-AdvancedSetting -Name isolation.tools.diskWiper.disable | Remove-AdvancedSetting"
"VM","inha-esx03","PASS","inha-esx03: mks.enable3d not configured and is using secure defaults ()","vm-8.deactivate-non-essential-3d-features","P2","Virtual machines must have 3D graphics features deactivated when not required.","FALSE","VMCH-80-000202","N/A","Get-VM -Name $VM | Get-AdvancedSetting mks.enable3d | Set-AdvancedSetting -Value $false"
"VM","inha-esx03","PASS","inha-esx03: isolation.tools.diskShrink.disable not configured and is using secure defaults ()","vm-8.deactivate-disk-shrinking-shrink","P2","Virtual machines must have virtual disk shrinking operations deactivated.","TRUE or Undefined","VMCH-80-000193","N/A","Get-VM -Name $VM | Get-AdvancedSetting -Name isolation.tools.diskShrink.disable | Remove-AdvancedSetting"
"VM","inha-esx03","PASS","inha-esx03: isolation.tools.copy.disable not configured and is using secure defaults ()","vm-8.deactivate-console-copy","P2","Virtual machines must have console copy operations deactivated.","TRUE or Undefined","VMCH-80-000189","3.4.2","Get-VM -Name $VM | Get-AdvancedSetting -Name isolation.tools.copy.disable | Remove-AdvancedSetting"
"VM","inha-esx03","PASS","inha-esx03: sched.mem.pshare.salt not configured ().","vm-8.transparentpagesharing-inter-vm-enabled","P2","Virtual machines must restrict sharing of memory pages between VMs.","Not Present","VMCH-80-000199","N/A","Get-VM -Name $VM | Get-AdvancedSetting -Name sched.mem.pshare.salt | Remove-AdvancedSetting"
"VM","inha-esx03","PASS","inha-esx03: isolation.tools.dnd.disable not configured and is using secure defaults ()","vm-8.isolation-tools-dnd-deactivate","P2","Virtual machines must have console drag and drop operations deactivated.","TRUE or Undefined","VMCH-80-000191","N/A","Get-VM -Name $VM | Get-AdvancedSetting -Name isolation.tools.dnd.disable | Remove-AdvancedSetting"
"VM","inha-esx03","PASS","inha-esx03: log.keepOld not configured and is using secure defaults","vm-8.log-retention","P2","Virtual machines must limit the number of retained diagnostic logs.","10 or Undefined","VMCH-80-000206","10.5.1","Get-VM -Name $VM | Get-AdvancedSetting -Name log.keepOld | Remove-AdvancedSetting"
"VM","inha-esx03","PASS","inha-esx03: tools.setInfo.sizeLimit not configured and is using secure defaults","vm-8.limit-setinfo-size","P2","Virtual machines must limit informational messages from the virtual machine to the VMX file.","1048576 or Undefined","VMCH-80-000196","N/A","Get-VM -Name $VM | Get-AdvancedSetting -Name tools.setInfo.sizeLimit | Remove-AdvancedSetting"
"VM","inha-esx03","PASS","inha-esx03: log.rotateSize not configured and is using secure defaults","vm-8.log-rotation-size","P2","Virtual machines must limit the size of diagnostic logs.","2048000 or Undefined","VMCH-80-000205","10.5.1","Get-VM -Name $VM | Get-AdvancedSetting -Name log.rotateSize | Remove-AdvancedSetting"
"VM","inha-esx03","FAIL","inha-esx03: RemoteDisplay.maxConnections configured incorrectly (-1, expected eq 1)","vm-8.limit-console-connections","P0","Virtual machines must limit console sharing.","1","VMCH-80-000195","N/A","Get-VM -Name $VM | Get-AdvancedSetting RemoteDisplay.maxConnections | Set-AdvancedSetting -Value 1"
"VM","inha-esx03","FAIL","inha-esx03: Encrypted vMotion defaults configured (opportunistic).","vm-8.vmotion-encrypted","P1","Virtual machines must require encryption for vMotion.","required","VMCH-80-000203","2.2.7
4.2.1","$VMview = Get-VM -Name $VM | Get-View  $ConfigSpec = New-Object VMware.Vim.VirtualMachineConfigSpec $ConfigSpec.MigrateEncryption = New-Object VMware.Vim.VirtualMachineConfigSpecEncryptedVMotionModes $ConfigSpec.MigrateEncryption = ""required"" $VMview.ReconfigVM_Task($ConfigSpec)"
"VM","inha-esx03","FAIL","inha-esx03: Encrypted Fault Tolerance defaults configured (ftEncryptionOpportunistic)","vm-8.ft-encrypted","P1","Virtual machines must require encryption for Fault Tolerance.","ftEncryptionRequired","VMCH-80-000204","2.2.7
4.2.1","$VMview = Get-VM -Name $VM | Get-View  $ConfigSpec = New-Object VMware.Vim.VirtualMachineConfigSpec $ConfigSpec.FtEncryptionMode = New-object VMware.Vim.VirtualMachineConfigSpecEncryptedFtModes $ConfigSpec.FtEncryptionMode = ""ftEncryptionRequired""  $VMview.ReconfigVM_Task($ConfigSpec)"
"VM","inha-esx03","PASS","inha-esx03: Diagnostic logging configured correctly (True)","vm-8.log-enable","P2","Virtual machines must enable diagnostic logging.","TRUE","VMCH-80-000207","10.5.1","$VMview = Get-VM -Name $VM | Get-View  $ConfigSpec = New-Object VMware.Vim.VirtualMachineConfigSpec $ConfigSpec.Flags = New-Object VMware.Vim.VirtualMachineFlagInfo $ConfigSpec.Flags.EnableLogging = $true $VMview.ReconfigVM_Task($ConfigSpec)"
"VM","inha-esx03","PASS","inha-esx03: dvFilters not configured ()","vm-8.dvfilter","P2","Virtual machines must limit access through the ""dvfilter"" network Application Programming Interface (API).","Not Present","VMCH-80-000200","N/A","Get-VM -Name $VM | Get-AdvancedSetting ""ethernet*.filter*.name*"" | Remove-AdvancedSetting"
"VM","inha-esx03","PASS","inha-esx03: Passthrough hardware devices not configured","vm-8.pci-passthrough","P0","Virtual machines must limit PCI device passthrough functionality.","Not Present","VMCH-80-000214","N/A","Get-VM -Name $VM | Get-PassthroughDevice | Remove-PassthroughDevice"
"VM","inha-esx03","FAIL","inha-esx03: VirtualCdrom device present. Evaluate and remove if not necessary.",,,,,,,
"VM","inha-esx03","FAIL","inha-esx03: VM permitted to boot from all possible sources. ()",,,,,,,
"VM","inha-esx03","INFO","inha-esx03: Audit of inha-esx03 completed at 2026-09-07 09:01:42",,,,,,,
"VM","inha-vc-10.200.91.x","INFO","VMware Virtual Machine Security Settings Audit Utility 8.0.3",,,,,,,
"VM","inha-vc-10.200.91.x","INFO","Audit of inha-vc-10.200.91.x started at 2026-09-07 09:01:42 from HCSVDI-28 by broadcom",,,,,,,
"VM","inha-vc-10.200.91.x","INFO","EULA accepted.",,,,,,,
"VM","inha-vc-10.200.91.x","ERROR","inha-vc-10.200.91.x: The specified object may be a VMware virtual appliance or vCLS container.",,,,,,,
"VM","inha-vc-10.200.91.x","ERROR","inha-vc-10.200.91.x: Altering these types of objects is not supported and may result in operational issues.",,,,,,,
"VM","inha-vc-10.200.91.x","ERROR","inha-vc-10.200.91.x: vCLS Containers are managed by the vSphere Cluster Service and cannot be altered.",,,,,,,
"VM","inha-vc-10.200.91.x","ERROR","inha-vc-10.200.91.x: If you wish to audit this component anyhow consider the -NoSafetyChecks",,,,,,,
"VM","inha-vc-10.200.91.x","ERROR","inha-vc-10.200.91.x: or the -NoSafetyChecksExceptAppliances flag.",,,,,,,
"VM","insung-linuxhost","INFO","VMware Virtual Machine Security Settings Audit Utility 8.0.3",,,,,,,
"VM","insung-linuxhost","INFO","Audit of insung-linuxhost started at 2026-09-07 09:01:43 from HCSVDI-28 by broadcom",,,,,,,
"VM","insung-linuxhost","INFO","EULA accepted.",,,,,,,
"VM","insung-linuxhost","FAIL","insung-linuxhost: VM does not have Secure Boot configured (False)","guest-8.secure-boot","P0","The guest OS must enable Secure Boot.","TRUE","N/A","5.2.3","$VMobj = (Get-VM -Name $VM) $ConfigSpec = New-Object VMware.Vim.VirtualMachineConfigSpec $bootOptions = New-Object VMware.Vim.VirtualMachineBootOptions $bootOptions.EfiSecureBootEnabled = $true $ConfigSpec.BootOptions = $bootOptions $task = $VMobj.ExtensionData.ReconfigVM_Task($ConfigSpec)"
"VM","insung-linuxhost","PASS","insung-linuxhost: VM is VM Hardware 21 (vSphere 8) (vmx-21)",,,,,,,
"VM","insung-linuxhost","PASS","insung-linuxhost: tools.guestlib.enableHostInfo not configured and is using secure defaults ()","vm-8.restrict-host-info","P2","Virtual machines must not be able to obtain host information from the hypervisor.","FALSE or Undefined","VMCH-80-000198","1.4.5","Get-VM -Name $VM | Get-AdvancedSetting tools.guestlib.enableHostInfo | Remove-AdvancedSetting"
"VM","insung-linuxhost","PASS","insung-linuxhost: tools.guest.desktop.autolock configured correctly (TRUE)","vm-8.vmrc-lock","P0","Virtual machines must be configured to lock when the last console connection is closed.","TRUE","VMCH-80-000201","N/A","Get-VM -Name $VM | Get-AdvancedSetting -Name tools.guest.desktop.autolock | Set-AdvancedSetting -Value $true"
"VM","insung-linuxhost","PASS","insung-linuxhost: isolation.tools.paste.disable not configured and is using secure defaults ()","vm-8.deactivate-console-paste","P2","Virtual machines must have console paste operations deactivated.","TRUE or Undefined","VMCH-80-000192","3.4.2","Get-VM -Name $VM | Get-AdvancedSetting -Name isolation.tools.paste.disable | Remove-AdvancedSetting"
"VM","insung-linuxhost","PASS","insung-linuxhost: isolation.device.connectable.disable not configured and is using secure defaults ()","vm-8.isolation-device-connectable-deactivate","P2","Virtual machines must prevent unauthorized removal, connection and modification of devices.","TRUE or Undefined","VMCH-80-000197","N/A","Get-VM -Name $VM | Get-AdvancedSetting -Name isolation.device.connectable.disable | Remove-AdvancedSetting"
"VM","insung-linuxhost","PASS","insung-linuxhost: isolation.tools.diskWiper.disable not configured and is using secure defaults ()","vm-8.deactivate-disk-shrinking-wiper","P2","Virtual machines must have virtual disk wiping operations deactivated.","TRUE or Undefined","VMCH-80-000194","N/A","Get-VM -Name $VM | Get-AdvancedSetting -Name isolation.tools.diskWiper.disable | Remove-AdvancedSetting"
"VM","insung-linuxhost","PASS","insung-linuxhost: mks.enable3d not configured and is using secure defaults ()","vm-8.deactivate-non-essential-3d-features","P2","Virtual machines must have 3D graphics features deactivated when not required.","FALSE","VMCH-80-000202","N/A","Get-VM -Name $VM | Get-AdvancedSetting mks.enable3d | Set-AdvancedSetting -Value $false"
"VM","insung-linuxhost","PASS","insung-linuxhost: isolation.tools.diskShrink.disable not configured and is using secure defaults ()","vm-8.deactivate-disk-shrinking-shrink","P2","Virtual machines must have virtual disk shrinking operations deactivated.","TRUE or Undefined","VMCH-80-000193","N/A","Get-VM -Name $VM | Get-AdvancedSetting -Name isolation.tools.diskShrink.disable | Remove-AdvancedSetting"
"VM","insung-linuxhost","PASS","insung-linuxhost: isolation.tools.copy.disable not configured and is using secure defaults ()","vm-8.deactivate-console-copy","P2","Virtual machines must have console copy operations deactivated.","TRUE or Undefined","VMCH-80-000189","3.4.2","Get-VM -Name $VM | Get-AdvancedSetting -Name isolation.tools.copy.disable | Remove-AdvancedSetting"
"VM","insung-linuxhost","PASS","insung-linuxhost: sched.mem.pshare.salt not configured ().","vm-8.transparentpagesharing-inter-vm-enabled","P2","Virtual machines must restrict sharing of memory pages between VMs.","Not Present","VMCH-80-000199","N/A","Get-VM -Name $VM | Get-AdvancedSetting -Name sched.mem.pshare.salt | Remove-AdvancedSetting"
"VM","insung-linuxhost","PASS","insung-linuxhost: isolation.tools.dnd.disable not configured and is using secure defaults ()","vm-8.isolation-tools-dnd-deactivate","P2","Virtual machines must have console drag and drop operations deactivated.","TRUE or Undefined","VMCH-80-000191","N/A","Get-VM -Name $VM | Get-AdvancedSetting -Name isolation.tools.dnd.disable | Remove-AdvancedSetting"
"VM","insung-linuxhost","PASS","insung-linuxhost: log.keepOld not configured and is using secure defaults","vm-8.log-retention","P2","Virtual machines must limit the number of retained diagnostic logs.","10 or Undefined","VMCH-80-000206","10.5.1","Get-VM -Name $VM | Get-AdvancedSetting -Name log.keepOld | Remove-AdvancedSetting"
"VM","insung-linuxhost","PASS","insung-linuxhost: tools.setInfo.sizeLimit not configured and is using secure defaults","vm-8.limit-setinfo-size","P2","Virtual machines must limit informational messages from the virtual machine to the VMX file.","1048576 or Undefined","VMCH-80-000196","N/A","Get-VM -Name $VM | Get-AdvancedSetting -Name tools.setInfo.sizeLimit | Remove-AdvancedSetting"
"VM","insung-linuxhost","PASS","insung-linuxhost: log.rotateSize not configured and is using secure defaults","vm-8.log-rotation-size","P2","Virtual machines must limit the size of diagnostic logs.","2048000 or Undefined","VMCH-80-000205","10.5.1","Get-VM -Name $VM | Get-AdvancedSetting -Name log.rotateSize | Remove-AdvancedSetting"
"VM","insung-linuxhost","FAIL","insung-linuxhost: RemoteDisplay.maxConnections configured incorrectly (-1, expected eq 1)","vm-8.limit-console-connections","P0","Virtual machines must limit console sharing.","1","VMCH-80-000195","N/A","Get-VM -Name $VM | Get-AdvancedSetting RemoteDisplay.maxConnections | Set-AdvancedSetting -Value 1"
"VM","insung-linuxhost","FAIL","insung-linuxhost: Encrypted vMotion defaults configured (opportunistic).","vm-8.vmotion-encrypted","P1","Virtual machines must require encryption for vMotion.","required","VMCH-80-000203","2.2.7
4.2.1","$VMview = Get-VM -Name $VM | Get-View  $ConfigSpec = New-Object VMware.Vim.VirtualMachineConfigSpec $ConfigSpec.MigrateEncryption = New-Object VMware.Vim.VirtualMachineConfigSpecEncryptedVMotionModes $ConfigSpec.MigrateEncryption = ""required"" $VMview.ReconfigVM_Task($ConfigSpec)"
"VM","insung-linuxhost","FAIL","insung-linuxhost: Encrypted Fault Tolerance defaults configured (ftEncryptionOpportunistic)","vm-8.ft-encrypted","P1","Virtual machines must require encryption for Fault Tolerance.","ftEncryptionRequired","VMCH-80-000204","2.2.7
4.2.1","$VMview = Get-VM -Name $VM | Get-View  $ConfigSpec = New-Object VMware.Vim.VirtualMachineConfigSpec $ConfigSpec.FtEncryptionMode = New-object VMware.Vim.VirtualMachineConfigSpecEncryptedFtModes $ConfigSpec.FtEncryptionMode = ""ftEncryptionRequired""  $VMview.ReconfigVM_Task($ConfigSpec)"
"VM","insung-linuxhost","PASS","insung-linuxhost: Diagnostic logging configured correctly (True)","vm-8.log-enable","P2","Virtual machines must enable diagnostic logging.","TRUE","VMCH-80-000207","10.5.1","$VMview = Get-VM -Name $VM | Get-View  $ConfigSpec = New-Object VMware.Vim.VirtualMachineConfigSpec $ConfigSpec.Flags = New-Object VMware.Vim.VirtualMachineFlagInfo $ConfigSpec.Flags.EnableLogging = $true $VMview.ReconfigVM_Task($ConfigSpec)"
"VM","insung-linuxhost","PASS","insung-linuxhost: dvFilters not configured ()","vm-8.dvfilter","P2","Virtual machines must limit access through the ""dvfilter"" network Application Programming Interface (API).","Not Present","VMCH-80-000200","N/A","Get-VM -Name $VM | Get-AdvancedSetting ""ethernet*.filter*.name*"" | Remove-AdvancedSetting"
"VM","insung-linuxhost","PASS","insung-linuxhost: Passthrough hardware devices not configured","vm-8.pci-passthrough","P0","Virtual machines must limit PCI device passthrough functionality.","Not Present","VMCH-80-000214","N/A","Get-VM -Name $VM | Get-PassthroughDevice | Remove-PassthroughDevice"
"VM","insung-linuxhost","FAIL","insung-linuxhost: VirtualAHCIController device present. Evaluate and remove if not necessary.",,,,,,,
"VM","insung-linuxhost","FAIL","insung-linuxhost: VirtualCdrom device present. Evaluate and remove if not necessary.",,,,,,,
"VM","insung-linuxhost","FAIL","insung-linuxhost: VM permitted to boot from all possible sources. ()",,,,,,,
"VM","insung-linuxhost","INFO","insung-linuxhost: Audit of insung-linuxhost completed at 2026-09-07 09:01:43",,,,,,,
"VM","k1mes-vc01-10.200.92.x","INFO","VMware Virtual Machine Security Settings Audit Utility 8.0.3",,,,,,,
"VM","k1mes-vc01-10.200.92.x","INFO","Audit of k1mes-vc01-10.200.92.x started at 2026-09-07 09:01:43 from HCSVDI-28 by broadcom",,,,,,,
"VM","k1mes-vc01-10.200.92.x","INFO","EULA accepted.",,,,,,,
"VM","k1mes-vc01-10.200.92.x","ERROR","k1mes-vc01-10.200.92.x: The specified object may be a VMware virtual appliance or vCLS container.",,,,,,,
"VM","k1mes-vc01-10.200.92.x","ERROR","k1mes-vc01-10.200.92.x: Altering these types of objects is not supported and may result in operational issues.",,,,,,,
"VM","k1mes-vc01-10.200.92.x","ERROR","k1mes-vc01-10.200.92.x: vCLS Containers are managed by the vSphere Cluster Service and cannot be altered.",,,,,,,
"VM","k1mes-vc01-10.200.92.x","ERROR","k1mes-vc01-10.200.92.x: If you wish to audit this component anyhow consider the -NoSafetyChecks",,,,,,,
"VM","k1mes-vc01-10.200.92.x","ERROR","k1mes-vc01-10.200.92.x: or the -NoSafetyChecksExceptAppliances flag.",,,,,,,
"VM","k2mes-vc01","INFO","VMware Virtual Machine Security Settings Audit Utility 8.0.3",,,,,,,
"VM","k2mes-vc01","INFO","Audit of k2mes-vc01 started at 2026-09-07 09:01:44 from HCSVDI-28 by broadcom",,,,,,,
"VM","k2mes-vc01","INFO","EULA accepted.",,,,,,,
"VM","k2mes-vc01","ERROR","k2mes-vc01: The specified object may be a VMware virtual appliance or vCLS container.",,,,,,,
"VM","k2mes-vc01","ERROR","k2mes-vc01: Altering these types of objects is not supported and may result in operational issues.",,,,,,,
"VM","k2mes-vc01","ERROR","k2mes-vc01: vCLS Containers are managed by the vSphere Cluster Service and cannot be altered.",,,,,,,
"VM","k2mes-vc01","ERROR","k2mes-vc01: If you wish to audit this component anyhow consider the -NoSafetyChecks",,,,,,,
"VM","k2mes-vc01","ERROR","k2mes-vc01: or the -NoSafetyChecksExceptAppliances flag.",,,,,,,
"VM","k3mes-vc01","INFO","VMware Virtual Machine Security Settings Audit Utility 8.0.3",,,,,,,
"VM","k3mes-vc01","INFO","Audit of k3mes-vc01 started at 2026-09-07 09:01:44 from HCSVDI-28 by broadcom",,,,,,,
"VM","k3mes-vc01","INFO","EULA accepted.",,,,,,,
"VM","k3mes-vc01","ERROR","k3mes-vc01: The specified object may be a VMware virtual appliance or vCLS container.",,,,,,,
"VM","k3mes-vc01","ERROR","k3mes-vc01: Altering these types of objects is not supported and may result in operational issues.",,,,,,,
"VM","k3mes-vc01","ERROR","k3mes-vc01: vCLS Containers are managed by the vSphere Cluster Service and cannot be altered.",,,,,,,
"VM","k3mes-vc01","ERROR","k3mes-vc01: If you wish to audit this component anyhow consider the -NoSafetyChecks",,,,,,,
"VM","k3mes-vc01","ERROR","k3mes-vc01: or the -NoSafetyChecksExceptAppliances flag.",,,,,,,
"VM","kdw-jumpbox","INFO","VMware Virtual Machine Security Settings Audit Utility 8.0.3",,,,,,,
"VM","kdw-jumpbox","INFO","Audit of kdw-jumpbox started at 2026-09-07 09:01:44 from HCSVDI-28 by broadcom",,,,,,,
"VM","kdw-jumpbox","INFO","EULA accepted.",,,,,,,
"VM","kdw-jumpbox","FAIL","kdw-jumpbox: VM does not have Secure Boot configured (False)","guest-8.secure-boot","P0","The guest OS must enable Secure Boot.","TRUE","N/A","5.2.3","$VMobj = (Get-VM -Name $VM) $ConfigSpec = New-Object VMware.Vim.VirtualMachineConfigSpec $bootOptions = New-Object VMware.Vim.VirtualMachineBootOptions $bootOptions.EfiSecureBootEnabled = $true $ConfigSpec.BootOptions = $bootOptions $task = $VMobj.ExtensionData.ReconfigVM_Task($ConfigSpec)"
"VM","kdw-jumpbox","PASS","kdw-jumpbox: VM is VM Hardware 21 (vSphere 8) (vmx-21)",,,,,,,
"VM","kdw-jumpbox","PASS","kdw-jumpbox: tools.guestlib.enableHostInfo not configured and is using secure defaults ()","vm-8.restrict-host-info","P2","Virtual machines must not be able to obtain host information from the hypervisor.","FALSE or Undefined","VMCH-80-000198","1.4.5","Get-VM -Name $VM | Get-AdvancedSetting tools.guestlib.enableHostInfo | Remove-AdvancedSetting"
"VM","kdw-jumpbox","PASS","kdw-jumpbox: tools.guest.desktop.autolock configured correctly (TRUE)","vm-8.vmrc-lock","P0","Virtual machines must be configured to lock when the last console connection is closed.","TRUE","VMCH-80-000201","N/A","Get-VM -Name $VM | Get-AdvancedSetting -Name tools.guest.desktop.autolock | Set-AdvancedSetting -Value $true"
"VM","kdw-jumpbox","PASS","kdw-jumpbox: isolation.tools.paste.disable not configured and is using secure defaults ()","vm-8.deactivate-console-paste","P2","Virtual machines must have console paste operations deactivated.","TRUE or Undefined","VMCH-80-000192","3.4.2","Get-VM -Name $VM | Get-AdvancedSetting -Name isolation.tools.paste.disable | Remove-AdvancedSetting"
"VM","kdw-jumpbox","PASS","kdw-jumpbox: isolation.device.connectable.disable not configured and is using secure defaults ()","vm-8.isolation-device-connectable-deactivate","P2","Virtual machines must prevent unauthorized removal, connection and modification of devices.","TRUE or Undefined","VMCH-80-000197","N/A","Get-VM -Name $VM | Get-AdvancedSetting -Name isolation.device.connectable.disable | Remove-AdvancedSetting"
"VM","kdw-jumpbox","PASS","kdw-jumpbox: isolation.tools.diskWiper.disable not configured and is using secure defaults ()","vm-8.deactivate-disk-shrinking-wiper","P2","Virtual machines must have virtual disk wiping operations deactivated.","TRUE or Undefined","VMCH-80-000194","N/A","Get-VM -Name $VM | Get-AdvancedSetting -Name isolation.tools.diskWiper.disable | Remove-AdvancedSetting"
"VM","kdw-jumpbox","PASS","kdw-jumpbox: mks.enable3d not configured and is using secure defaults ()","vm-8.deactivate-non-essential-3d-features","P2","Virtual machines must have 3D graphics features deactivated when not required.","FALSE","VMCH-80-000202","N/A","Get-VM -Name $VM | Get-AdvancedSetting mks.enable3d | Set-AdvancedSetting -Value $false"
"VM","kdw-jumpbox","PASS","kdw-jumpbox: isolation.tools.diskShrink.disable not configured and is using secure defaults ()","vm-8.deactivate-disk-shrinking-shrink","P2","Virtual machines must have virtual disk shrinking operations deactivated.","TRUE or Undefined","VMCH-80-000193","N/A","Get-VM -Name $VM | Get-AdvancedSetting -Name isolation.tools.diskShrink.disable | Remove-AdvancedSetting"
"VM","kdw-jumpbox","PASS","kdw-jumpbox: isolation.tools.copy.disable not configured and is using secure defaults ()","vm-8.deactivate-console-copy","P2","Virtual machines must have console copy operations deactivated.","TRUE or Undefined","VMCH-80-000189","3.4.2","Get-VM -Name $VM | Get-AdvancedSetting -Name isolation.tools.copy.disable | Remove-AdvancedSetting"
"VM","kdw-jumpbox","PASS","kdw-jumpbox: sched.mem.pshare.salt not configured ().","vm-8.transparentpagesharing-inter-vm-enabled","P2","Virtual machines must restrict sharing of memory pages between VMs.","Not Present","VMCH-80-000199","N/A","Get-VM -Name $VM | Get-AdvancedSetting -Name sched.mem.pshare.salt | Remove-AdvancedSetting"
"VM","kdw-jumpbox","PASS","kdw-jumpbox: isolation.tools.dnd.disable not configured and is using secure defaults ()","vm-8.isolation-tools-dnd-deactivate","P2","Virtual machines must have console drag and drop operations deactivated.","TRUE or Undefined","VMCH-80-000191","N/A","Get-VM -Name $VM | Get-AdvancedSetting -Name isolation.tools.dnd.disable | Remove-AdvancedSetting"
"VM","kdw-jumpbox","PASS","kdw-jumpbox: log.keepOld not configured and is using secure defaults","vm-8.log-retention","P2","Virtual machines must limit the number of retained diagnostic logs.","10 or Undefined","VMCH-80-000206","10.5.1","Get-VM -Name $VM | Get-AdvancedSetting -Name log.keepOld | Remove-AdvancedSetting"
"VM","kdw-jumpbox","PASS","kdw-jumpbox: tools.setInfo.sizeLimit not configured and is using secure defaults","vm-8.limit-setinfo-size","P2","Virtual machines must limit informational messages from the virtual machine to the VMX file.","1048576 or Undefined","VMCH-80-000196","N/A","Get-VM -Name $VM | Get-AdvancedSetting -Name tools.setInfo.sizeLimit | Remove-AdvancedSetting"
"VM","kdw-jumpbox","PASS","kdw-jumpbox: log.rotateSize not configured and is using secure defaults","vm-8.log-rotation-size","P2","Virtual machines must limit the size of diagnostic logs.","2048000 or Undefined","VMCH-80-000205","10.5.1","Get-VM -Name $VM | Get-AdvancedSetting -Name log.rotateSize | Remove-AdvancedSetting"
"VM","kdw-jumpbox","FAIL","kdw-jumpbox: RemoteDisplay.maxConnections configured incorrectly (-1, expected eq 1)","vm-8.limit-console-connections","P0","Virtual machines must limit console sharing.","1","VMCH-80-000195","N/A","Get-VM -Name $VM | Get-AdvancedSetting RemoteDisplay.maxConnections | Set-AdvancedSetting -Value 1"
"VM","kdw-jumpbox","FAIL","kdw-jumpbox: Encrypted vMotion defaults configured (opportunistic).","vm-8.vmotion-encrypted","P1","Virtual machines must require encryption for vMotion.","required","VMCH-80-000203","2.2.7
4.2.1","$VMview = Get-VM -Name $VM | Get-View  $ConfigSpec = New-Object VMware.Vim.VirtualMachineConfigSpec $ConfigSpec.MigrateEncryption = New-Object VMware.Vim.VirtualMachineConfigSpecEncryptedVMotionModes $ConfigSpec.MigrateEncryption = ""required"" $VMview.ReconfigVM_Task($ConfigSpec)"
"VM","kdw-jumpbox","FAIL","kdw-jumpbox: Encrypted Fault Tolerance defaults configured (ftEncryptionOpportunistic)","vm-8.ft-encrypted","P1","Virtual machines must require encryption for Fault Tolerance.","ftEncryptionRequired","VMCH-80-000204","2.2.7
4.2.1","$VMview = Get-VM -Name $VM | Get-View  $ConfigSpec = New-Object VMware.Vim.VirtualMachineConfigSpec $ConfigSpec.FtEncryptionMode = New-object VMware.Vim.VirtualMachineConfigSpecEncryptedFtModes $ConfigSpec.FtEncryptionMode = ""ftEncryptionRequired""  $VMview.ReconfigVM_Task($ConfigSpec)"
"VM","kdw-jumpbox","PASS","kdw-jumpbox: Diagnostic logging configured correctly (True)","vm-8.log-enable","P2","Virtual machines must enable diagnostic logging.","TRUE","VMCH-80-000207","10.5.1","$VMview = Get-VM -Name $VM | Get-View  $ConfigSpec = New-Object VMware.Vim.VirtualMachineConfigSpec $ConfigSpec.Flags = New-Object VMware.Vim.VirtualMachineFlagInfo $ConfigSpec.Flags.EnableLogging = $true $VMview.ReconfigVM_Task($ConfigSpec)"
"VM","kdw-jumpbox","PASS","kdw-jumpbox: dvFilters not configured ()","vm-8.dvfilter","P2","Virtual machines must limit access through the ""dvfilter"" network Application Programming Interface (API).","Not Present","VMCH-80-000200","N/A","Get-VM -Name $VM | Get-AdvancedSetting ""ethernet*.filter*.name*"" | Remove-AdvancedSetting"
"VM","kdw-jumpbox","PASS","kdw-jumpbox: Passthrough hardware devices not configured","vm-8.pci-passthrough","P0","Virtual machines must limit PCI device passthrough functionality.","Not Present","VMCH-80-000214","N/A","Get-VM -Name $VM | Get-PassthroughDevice | Remove-PassthroughDevice"
"VM","kdw-jumpbox","FAIL","kdw-jumpbox: VirtualAHCIController device present. Evaluate and remove if not necessary.",,,,,,,
"VM","kdw-jumpbox","FAIL","kdw-jumpbox: VirtualCdrom device present. Evaluate and remove if not necessary.",,,,,,,
"VM","kdw-jumpbox","FAIL","kdw-jumpbox: VM permitted to boot from all possible sources. ()",,,,,,,
"VM","kdw-jumpbox","INFO","kdw-jumpbox: Audit of kdw-jumpbox completed at 2026-09-07 09:01:45",,,,,,,
"VM","krxcs01","INFO","VMware Virtual Machine Security Settings Audit Utility 8.0.3",,,,,,,
"VM","krxcs01","INFO","Audit of krxcs01 started at 2026-09-07 09:01:45 from HCSVDI-28 by broadcom",,,,,,,
"VM","krxcs01","INFO","EULA accepted.",,,,,,,
"VM","krxcs01","PASS","krxcs01: Secure Boot configured (True)",,,,,,,
"VM","krxcs01","PASS","krxcs01: VM is VM Hardware 21 (vSphere 8) (vmx-21)",,,,,,,
"VM","krxcs01","PASS","krxcs01: tools.guestlib.enableHostInfo not configured and is using secure defaults ()","vm-8.restrict-host-info","P2","Virtual machines must not be able to obtain host information from the hypervisor.","FALSE or Undefined","VMCH-80-000198","1.4.5","Get-VM -Name $VM | Get-AdvancedSetting tools.guestlib.enableHostInfo | Remove-AdvancedSetting"
"VM","krxcs01","PASS","krxcs01: tools.guest.desktop.autolock configured correctly (TRUE)","vm-8.vmrc-lock","P0","Virtual machines must be configured to lock when the last console connection is closed.","TRUE","VMCH-80-000201","N/A","Get-VM -Name $VM | Get-AdvancedSetting -Name tools.guest.desktop.autolock | Set-AdvancedSetting -Value $true"
"VM","krxcs01","PASS","krxcs01: isolation.tools.paste.disable not configured and is using secure defaults ()","vm-8.deactivate-console-paste","P2","Virtual machines must have console paste operations deactivated.","TRUE or Undefined","VMCH-80-000192","3.4.2","Get-VM -Name $VM | Get-AdvancedSetting -Name isolation.tools.paste.disable | Remove-AdvancedSetting"
"VM","krxcs01","PASS","krxcs01: isolation.device.connectable.disable not configured and is using secure defaults ()","vm-8.isolation-device-connectable-deactivate","P2","Virtual machines must prevent unauthorized removal, connection and modification of devices.","TRUE or Undefined","VMCH-80-000197","N/A","Get-VM -Name $VM | Get-AdvancedSetting -Name isolation.device.connectable.disable | Remove-AdvancedSetting"
"VM","krxcs01","PASS","krxcs01: isolation.tools.diskWiper.disable not configured and is using secure defaults ()","vm-8.deactivate-disk-shrinking-wiper","P2","Virtual machines must have virtual disk wiping operations deactivated.","TRUE or Undefined","VMCH-80-000194","N/A","Get-VM -Name $VM | Get-AdvancedSetting -Name isolation.tools.diskWiper.disable | Remove-AdvancedSetting"
"VM","krxcs01","PASS","krxcs01: mks.enable3d not configured and is using secure defaults ()","vm-8.deactivate-non-essential-3d-features","P2","Virtual machines must have 3D graphics features deactivated when not required.","FALSE","VMCH-80-000202","N/A","Get-VM -Name $VM | Get-AdvancedSetting mks.enable3d | Set-AdvancedSetting -Value $false"
"VM","krxcs01","PASS","krxcs01: isolation.tools.diskShrink.disable not configured and is using secure defaults ()","vm-8.deactivate-disk-shrinking-shrink","P2","Virtual machines must have virtual disk shrinking operations deactivated.","TRUE or Undefined","VMCH-80-000193","N/A","Get-VM -Name $VM | Get-AdvancedSetting -Name isolation.tools.diskShrink.disable | Remove-AdvancedSetting"
"VM","krxcs01","PASS","krxcs01: isolation.tools.copy.disable not configured and is using secure defaults ()","vm-8.deactivate-console-copy","P2","Virtual machines must have console copy operations deactivated.","TRUE or Undefined","VMCH-80-000189","3.4.2","Get-VM -Name $VM | Get-AdvancedSetting -Name isolation.tools.copy.disable | Remove-AdvancedSetting"
"VM","krxcs01","PASS","krxcs01: sched.mem.pshare.salt not configured ().","vm-8.transparentpagesharing-inter-vm-enabled","P2","Virtual machines must restrict sharing of memory pages between VMs.","Not Present","VMCH-80-000199","N/A","Get-VM -Name $VM | Get-AdvancedSetting -Name sched.mem.pshare.salt | Remove-AdvancedSetting"
"VM","krxcs01","PASS","krxcs01: isolation.tools.dnd.disable not configured and is using secure defaults ()","vm-8.isolation-tools-dnd-deactivate","P2","Virtual machines must have console drag and drop operations deactivated.","TRUE or Undefined","VMCH-80-000191","N/A","Get-VM -Name $VM | Get-AdvancedSetting -Name isolation.tools.dnd.disable | Remove-AdvancedSetting"
"VM","krxcs01","PASS","krxcs01: log.keepOld not configured and is using secure defaults","vm-8.log-retention","P2","Virtual machines must limit the number of retained diagnostic logs.","10 or Undefined","VMCH-80-000206","10.5.1","Get-VM -Name $VM | Get-AdvancedSetting -Name log.keepOld | Remove-AdvancedSetting"
"VM","krxcs01","PASS","krxcs01: tools.setInfo.sizeLimit not configured and is using secure defaults","vm-8.limit-setinfo-size","P2","Virtual machines must limit informational messages from the virtual machine to the VMX file.","1048576 or Undefined","VMCH-80-000196","N/A","Get-VM -Name $VM | Get-AdvancedSetting -Name tools.setInfo.sizeLimit | Remove-AdvancedSetting"
"VM","krxcs01","PASS","krxcs01: log.rotateSize not configured and is using secure defaults","vm-8.log-rotation-size","P2","Virtual machines must limit the size of diagnostic logs.","2048000 or Undefined","VMCH-80-000205","10.5.1","Get-VM -Name $VM | Get-AdvancedSetting -Name log.rotateSize | Remove-AdvancedSetting"
"VM","krxcs01","FAIL","krxcs01: RemoteDisplay.maxConnections configured incorrectly (-1, expected eq 1)","vm-8.limit-console-connections","P0","Virtual machines must limit console sharing.","1","VMCH-80-000195","N/A","Get-VM -Name $VM | Get-AdvancedSetting RemoteDisplay.maxConnections | Set-AdvancedSetting -Value 1"
"VM","krxcs01","FAIL","krxcs01: Encrypted vMotion defaults configured (opportunistic).","vm-8.vmotion-encrypted","P1","Virtual machines must require encryption for vMotion.","required","VMCH-80-000203","2.2.7
4.2.1","$VMview = Get-VM -Name $VM | Get-View  $ConfigSpec = New-Object VMware.Vim.VirtualMachineConfigSpec $ConfigSpec.MigrateEncryption = New-Object VMware.Vim.VirtualMachineConfigSpecEncryptedVMotionModes $ConfigSpec.MigrateEncryption = ""required"" $VMview.ReconfigVM_Task($ConfigSpec)"
"VM","krxcs01","FAIL","krxcs01: Encrypted Fault Tolerance defaults configured (ftEncryptionOpportunistic)","vm-8.ft-encrypted","P1","Virtual machines must require encryption for Fault Tolerance.","ftEncryptionRequired","VMCH-80-000204","2.2.7
4.2.1","$VMview = Get-VM -Name $VM | Get-View  $ConfigSpec = New-Object VMware.Vim.VirtualMachineConfigSpec $ConfigSpec.FtEncryptionMode = New-object VMware.Vim.VirtualMachineConfigSpecEncryptedFtModes $ConfigSpec.FtEncryptionMode = ""ftEncryptionRequired""  $VMview.ReconfigVM_Task($ConfigSpec)"
"VM","krxcs01","PASS","krxcs01: Diagnostic logging configured correctly (True)","vm-8.log-enable","P2","Virtual machines must enable diagnostic logging.","TRUE","VMCH-80-000207","10.5.1","$VMview = Get-VM -Name $VM | Get-View  $ConfigSpec = New-Object VMware.Vim.VirtualMachineConfigSpec $ConfigSpec.Flags = New-Object VMware.Vim.VirtualMachineFlagInfo $ConfigSpec.Flags.EnableLogging = $true $VMview.ReconfigVM_Task($ConfigSpec)"
"VM","krxcs01","PASS","krxcs01: dvFilters not configured ()","vm-8.dvfilter","P2","Virtual machines must limit access through the ""dvfilter"" network Application Programming Interface (API).","Not Present","VMCH-80-000200","N/A","Get-VM -Name $VM | Get-AdvancedSetting ""ethernet*.filter*.name*"" | Remove-AdvancedSetting"
"VM","krxcs01","PASS","krxcs01: Passthrough hardware devices not configured","vm-8.pci-passthrough","P0","Virtual machines must limit PCI device passthrough functionality.","Not Present","VMCH-80-000214","N/A","Get-VM -Name $VM | Get-PassthroughDevice | Remove-PassthroughDevice"
"VM","krxcs01","FAIL","krxcs01: VirtualUSBXHCIController device present. Evaluate and remove if not necessary.",,,,,,,
"VM","krxcs01","FAIL","krxcs01: VirtualAHCIController device present. Evaluate and remove if not necessary.",,,,,,,
"VM","krxcs01","FAIL","krxcs01: VirtualCdrom device present. Evaluate and remove if not necessary.",,,,,,,
"VM","krxcs01","FAIL","krxcs01: VM permitted to boot from all possible sources. ()",,,,,,,
"VM","krxcs01","INFO","krxcs01: Audit of krxcs01 completed at 2026-09-07 09:01:45",,,,,,,
"VM","ksb-nfs-storage","INFO","VMware Virtual Machine Security Settings Audit Utility 8.0.3",,,,,,,
"VM","ksb-nfs-storage","INFO","Audit of ksb-nfs-storage started at 2026-09-07 09:01:46 from HCSVDI-28 by broadcom",,,,,,,
"VM","ksb-nfs-storage","INFO","EULA accepted.",,,,,,,
"VM","ksb-nfs-storage","PASS","ksb-nfs-storage: Secure Boot configured (True)",,,,,,,
"VM","ksb-nfs-storage","PASS","ksb-nfs-storage: VM is VM Hardware 21 (vSphere 8) (vmx-21)",,,,,,,
"VM","ksb-nfs-storage","PASS","ksb-nfs-storage: tools.guestlib.enableHostInfo not configured and is using secure defaults ()","vm-8.restrict-host-info","P2","Virtual machines must not be able to obtain host information from the hypervisor.","FALSE or Undefined","VMCH-80-000198","1.4.5","Get-VM -Name $VM | Get-AdvancedSetting tools.guestlib.enableHostInfo | Remove-AdvancedSetting"
"VM","ksb-nfs-storage","PASS","ksb-nfs-storage: tools.guest.desktop.autolock configured correctly (TRUE)","vm-8.vmrc-lock","P0","Virtual machines must be configured to lock when the last console connection is closed.","TRUE","VMCH-80-000201","N/A","Get-VM -Name $VM | Get-AdvancedSetting -Name tools.guest.desktop.autolock | Set-AdvancedSetting -Value $true"
"VM","ksb-nfs-storage","PASS","ksb-nfs-storage: isolation.tools.paste.disable not configured and is using secure defaults ()","vm-8.deactivate-console-paste","P2","Virtual machines must have console paste operations deactivated.","TRUE or Undefined","VMCH-80-000192","3.4.2","Get-VM -Name $VM | Get-AdvancedSetting -Name isolation.tools.paste.disable | Remove-AdvancedSetting"
"VM","ksb-nfs-storage","PASS","ksb-nfs-storage: isolation.device.connectable.disable not configured and is using secure defaults ()","vm-8.isolation-device-connectable-deactivate","P2","Virtual machines must prevent unauthorized removal, connection and modification of devices.","TRUE or Undefined","VMCH-80-000197","N/A","Get-VM -Name $VM | Get-AdvancedSetting -Name isolation.device.connectable.disable | Remove-AdvancedSetting"
"VM","ksb-nfs-storage","PASS","ksb-nfs-storage: isolation.tools.diskWiper.disable not configured and is using secure defaults ()","vm-8.deactivate-disk-shrinking-wiper","P2","Virtual machines must have virtual disk wiping operations deactivated.","TRUE or Undefined","VMCH-80-000194","N/A","Get-VM -Name $VM | Get-AdvancedSetting -Name isolation.tools.diskWiper.disable | Remove-AdvancedSetting"
"VM","ksb-nfs-storage","PASS","ksb-nfs-storage: mks.enable3d not configured and is using secure defaults ()","vm-8.deactivate-non-essential-3d-features","P2","Virtual machines must have 3D graphics features deactivated when not required.","FALSE","VMCH-80-000202","N/A","Get-VM -Name $VM | Get-AdvancedSetting mks.enable3d | Set-AdvancedSetting -Value $false"
"VM","ksb-nfs-storage","PASS","ksb-nfs-storage: isolation.tools.diskShrink.disable not configured and is using secure defaults ()","vm-8.deactivate-disk-shrinking-shrink","P2","Virtual machines must have virtual disk shrinking operations deactivated.","TRUE or Undefined","VMCH-80-000193","N/A","Get-VM -Name $VM | Get-AdvancedSetting -Name isolation.tools.diskShrink.disable | Remove-AdvancedSetting"
"VM","ksb-nfs-storage","PASS","ksb-nfs-storage: isolation.tools.copy.disable not configured and is using secure defaults ()","vm-8.deactivate-console-copy","P2","Virtual machines must have console copy operations deactivated.","TRUE or Undefined","VMCH-80-000189","3.4.2","Get-VM -Name $VM | Get-AdvancedSetting -Name isolation.tools.copy.disable | Remove-AdvancedSetting"
"VM","ksb-nfs-storage","PASS","ksb-nfs-storage: sched.mem.pshare.salt not configured ().","vm-8.transparentpagesharing-inter-vm-enabled","P2","Virtual machines must restrict sharing of memory pages between VMs.","Not Present","VMCH-80-000199","N/A","Get-VM -Name $VM | Get-AdvancedSetting -Name sched.mem.pshare.salt | Remove-AdvancedSetting"
"VM","ksb-nfs-storage","PASS","ksb-nfs-storage: isolation.tools.dnd.disable not configured and is using secure defaults ()","vm-8.isolation-tools-dnd-deactivate","P2","Virtual machines must have console drag and drop operations deactivated.","TRUE or Undefined","VMCH-80-000191","N/A","Get-VM -Name $VM | Get-AdvancedSetting -Name isolation.tools.dnd.disable | Remove-AdvancedSetting"
"VM","ksb-nfs-storage","PASS","ksb-nfs-storage: log.keepOld not configured and is using secure defaults","vm-8.log-retention","P2","Virtual machines must limit the number of retained diagnostic logs.","10 or Undefined","VMCH-80-000206","10.5.1","Get-VM -Name $VM | Get-AdvancedSetting -Name log.keepOld | Remove-AdvancedSetting"
"VM","ksb-nfs-storage","PASS","ksb-nfs-storage: tools.setInfo.sizeLimit not configured and is using secure defaults","vm-8.limit-setinfo-size","P2","Virtual machines must limit informational messages from the virtual machine to the VMX file.","1048576 or Undefined","VMCH-80-000196","N/A","Get-VM -Name $VM | Get-AdvancedSetting -Name tools.setInfo.sizeLimit | Remove-AdvancedSetting"
"VM","ksb-nfs-storage","PASS","ksb-nfs-storage: log.rotateSize not configured and is using secure defaults","vm-8.log-rotation-size","P2","Virtual machines must limit the size of diagnostic logs.","2048000 or Undefined","VMCH-80-000205","10.5.1","Get-VM -Name $VM | Get-AdvancedSetting -Name log.rotateSize | Remove-AdvancedSetting"
"VM","ksb-nfs-storage","FAIL","ksb-nfs-storage: RemoteDisplay.maxConnections configured incorrectly (-1, expected eq 1)","vm-8.limit-console-connections","P0","Virtual machines must limit console sharing.","1","VMCH-80-000195","N/A","Get-VM -Name $VM | Get-AdvancedSetting RemoteDisplay.maxConnections | Set-AdvancedSetting -Value 1"
"VM","ksb-nfs-storage","FAIL","ksb-nfs-storage: Encrypted vMotion defaults configured (opportunistic).","vm-8.vmotion-encrypted","P1","Virtual machines must require encryption for vMotion.","required","VMCH-80-000203","2.2.7
4.2.1","$VMview = Get-VM -Name $VM | Get-View  $ConfigSpec = New-Object VMware.Vim.VirtualMachineConfigSpec $ConfigSpec.MigrateEncryption = New-Object VMware.Vim.VirtualMachineConfigSpecEncryptedVMotionModes $ConfigSpec.MigrateEncryption = ""required"" $VMview.ReconfigVM_Task($ConfigSpec)"
"VM","ksb-nfs-storage","FAIL","ksb-nfs-storage: Encrypted Fault Tolerance defaults configured (ftEncryptionOpportunistic)","vm-8.ft-encrypted","P1","Virtual machines must require encryption for Fault Tolerance.","ftEncryptionRequired","VMCH-80-000204","2.2.7
4.2.1","$VMview = Get-VM -Name $VM | Get-View  $ConfigSpec = New-Object VMware.Vim.VirtualMachineConfigSpec $ConfigSpec.FtEncryptionMode = New-object VMware.Vim.VirtualMachineConfigSpecEncryptedFtModes $ConfigSpec.FtEncryptionMode = ""ftEncryptionRequired""  $VMview.ReconfigVM_Task($ConfigSpec)"
"VM","ksb-nfs-storage","PASS","ksb-nfs-storage: Diagnostic logging configured correctly (True)","vm-8.log-enable","P2","Virtual machines must enable diagnostic logging.","TRUE","VMCH-80-000207","10.5.1","$VMview = Get-VM -Name $VM | Get-View  $ConfigSpec = New-Object VMware.Vim.VirtualMachineConfigSpec $ConfigSpec.Flags = New-Object VMware.Vim.VirtualMachineFlagInfo $ConfigSpec.Flags.EnableLogging = $true $VMview.ReconfigVM_Task($ConfigSpec)"
"VM","ksb-nfs-storage","PASS","ksb-nfs-storage: dvFilters not configured ()","vm-8.dvfilter","P2","Virtual machines must limit access through the ""dvfilter"" network Application Programming Interface (API).","Not Present","VMCH-80-000200","N/A","Get-VM -Name $VM | Get-AdvancedSetting ""ethernet*.filter*.name*"" | Remove-AdvancedSetting"
"VM","ksb-nfs-storage","PASS","ksb-nfs-storage: Passthrough hardware devices not configured","vm-8.pci-passthrough","P0","Virtual machines must limit PCI device passthrough functionality.","Not Present","VMCH-80-000214","N/A","Get-VM -Name $VM | Get-PassthroughDevice | Remove-PassthroughDevice"
"VM","ksb-nfs-storage","FAIL","ksb-nfs-storage: VirtualAHCIController device present. Evaluate and remove if not necessary.",,,,,,,
"VM","ksb-nfs-storage","FAIL","ksb-nfs-storage: VirtualCdrom device present. Evaluate and remove if not necessary.",,,,,,,
"VM","ksb-nfs-storage","FAIL","ksb-nfs-storage: VM permitted to boot from all possible sources. ()",,,,,,,
"VM","ksb-nfs-storage","INFO","ksb-nfs-storage: Audit of ksb-nfs-storage completed at 2026-09-07 09:01:46",,,,,,,
"VM","kyk-centos7","INFO","VMware Virtual Machine Security Settings Audit Utility 8.0.3",,,,,,,
"VM","kyk-centos7","INFO","Audit of kyk-centos7 started at 2026-09-07 09:01:46 from HCSVDI-28 by broadcom",,,,,,,
"VM","kyk-centos7","INFO","EULA accepted.",,,,,,,
"VM","kyk-centos7","FAIL","kyk-centos7: VM does not have Secure Boot configured (False)","guest-8.secure-boot","P0","The guest OS must enable Secure Boot.","TRUE","N/A","5.2.3","$VMobj = (Get-VM -Name $VM) $ConfigSpec = New-Object VMware.Vim.VirtualMachineConfigSpec $bootOptions = New-Object VMware.Vim.VirtualMachineBootOptions $bootOptions.EfiSecureBootEnabled = $true $ConfigSpec.BootOptions = $bootOptions $task = $VMobj.ExtensionData.ReconfigVM_Task($ConfigSpec)"
"VM","kyk-centos7","PASS","kyk-centos7: VM is VM Hardware 21 (vSphere 8) (vmx-21)",,,,,,,
"VM","kyk-centos7","PASS","kyk-centos7: tools.guestlib.enableHostInfo not configured and is using secure defaults ()","vm-8.restrict-host-info","P2","Virtual machines must not be able to obtain host information from the hypervisor.","FALSE or Undefined","VMCH-80-000198","1.4.5","Get-VM -Name $VM | Get-AdvancedSetting tools.guestlib.enableHostInfo | Remove-AdvancedSetting"
"VM","kyk-centos7","FAIL","kyk-centos7: tools.guest.desktop.autolock configured incorrectly (FALSE)","vm-8.vmrc-lock","P0","Virtual machines must be configured to lock when the last console connection is closed.","TRUE","VMCH-80-000201","N/A","Get-VM -Name $VM | Get-AdvancedSetting -Name tools.guest.desktop.autolock | Set-AdvancedSetting -Value $true"
"VM","kyk-centos7","PASS","kyk-centos7: isolation.tools.paste.disable not configured and is using secure defaults ()","vm-8.deactivate-console-paste","P2","Virtual machines must have console paste operations deactivated.","TRUE or Undefined","VMCH-80-000192","3.4.2","Get-VM -Name $VM | Get-AdvancedSetting -Name isolation.tools.paste.disable | Remove-AdvancedSetting"
"VM","kyk-centos7","PASS","kyk-centos7: isolation.device.connectable.disable not configured and is using secure defaults ()","vm-8.isolation-device-connectable-deactivate","P2","Virtual machines must prevent unauthorized removal, connection and modification of devices.","TRUE or Undefined","VMCH-80-000197","N/A","Get-VM -Name $VM | Get-AdvancedSetting -Name isolation.device.connectable.disable | Remove-AdvancedSetting"
"VM","kyk-centos7","PASS","kyk-centos7: isolation.tools.diskWiper.disable not configured and is using secure defaults ()","vm-8.deactivate-disk-shrinking-wiper","P2","Virtual machines must have virtual disk wiping operations deactivated.","TRUE or Undefined","VMCH-80-000194","N/A","Get-VM -Name $VM | Get-AdvancedSetting -Name isolation.tools.diskWiper.disable | Remove-AdvancedSetting"
"VM","kyk-centos7","PASS","kyk-centos7: mks.enable3d not configured and is using secure defaults ()","vm-8.deactivate-non-essential-3d-features","P2","Virtual machines must have 3D graphics features deactivated when not required.","FALSE","VMCH-80-000202","N/A","Get-VM -Name $VM | Get-AdvancedSetting mks.enable3d | Set-AdvancedSetting -Value $false"
"VM","kyk-centos7","PASS","kyk-centos7: isolation.tools.diskShrink.disable not configured and is using secure defaults ()","vm-8.deactivate-disk-shrinking-shrink","P2","Virtual machines must have virtual disk shrinking operations deactivated.","TRUE or Undefined","VMCH-80-000193","N/A","Get-VM -Name $VM | Get-AdvancedSetting -Name isolation.tools.diskShrink.disable | Remove-AdvancedSetting"
"VM","kyk-centos7","PASS","kyk-centos7: isolation.tools.copy.disable not configured and is using secure defaults ()","vm-8.deactivate-console-copy","P2","Virtual machines must have console copy operations deactivated.","TRUE or Undefined","VMCH-80-000189","3.4.2","Get-VM -Name $VM | Get-AdvancedSetting -Name isolation.tools.copy.disable | Remove-AdvancedSetting"
"VM","kyk-centos7","PASS","kyk-centos7: sched.mem.pshare.salt not configured ().","vm-8.transparentpagesharing-inter-vm-enabled","P2","Virtual machines must restrict sharing of memory pages between VMs.","Not Present","VMCH-80-000199","N/A","Get-VM -Name $VM | Get-AdvancedSetting -Name sched.mem.pshare.salt | Remove-AdvancedSetting"
"VM","kyk-centos7","PASS","kyk-centos7: isolation.tools.dnd.disable not configured and is using secure defaults ()","vm-8.isolation-tools-dnd-deactivate","P2","Virtual machines must have console drag and drop operations deactivated.","TRUE or Undefined","VMCH-80-000191","N/A","Get-VM -Name $VM | Get-AdvancedSetting -Name isolation.tools.dnd.disable | Remove-AdvancedSetting"
"VM","kyk-centos7","PASS","kyk-centos7: log.keepOld not configured and is using secure defaults","vm-8.log-retention","P2","Virtual machines must limit the number of retained diagnostic logs.","10 or Undefined","VMCH-80-000206","10.5.1","Get-VM -Name $VM | Get-AdvancedSetting -Name log.keepOld | Remove-AdvancedSetting"
"VM","kyk-centos7","PASS","kyk-centos7: tools.setInfo.sizeLimit not configured and is using secure defaults","vm-8.limit-setinfo-size","P2","Virtual machines must limit informational messages from the virtual machine to the VMX file.","1048576 or Undefined","VMCH-80-000196","N/A","Get-VM -Name $VM | Get-AdvancedSetting -Name tools.setInfo.sizeLimit | Remove-AdvancedSetting"
"VM","kyk-centos7","PASS","kyk-centos7: log.rotateSize not configured and is using secure defaults","vm-8.log-rotation-size","P2","Virtual machines must limit the size of diagnostic logs.","2048000 or Undefined","VMCH-80-000205","10.5.1","Get-VM -Name $VM | Get-AdvancedSetting -Name log.rotateSize | Remove-AdvancedSetting"
"VM","kyk-centos7","FAIL","kyk-centos7: RemoteDisplay.maxConnections configured incorrectly (2, expected eq 1)","vm-8.limit-console-connections","P0","Virtual machines must limit console sharing.","1","VMCH-80-000195","N/A","Get-VM -Name $VM | Get-AdvancedSetting RemoteDisplay.maxConnections | Set-AdvancedSetting -Value 1"
"VM","kyk-centos7","FAIL","kyk-centos7: Encrypted vMotion defaults configured (opportunistic).","vm-8.vmotion-encrypted","P1","Virtual machines must require encryption for vMotion.","required","VMCH-80-000203","2.2.7
4.2.1","$VMview = Get-VM -Name $VM | Get-View  $ConfigSpec = New-Object VMware.Vim.VirtualMachineConfigSpec $ConfigSpec.MigrateEncryption = New-Object VMware.Vim.VirtualMachineConfigSpecEncryptedVMotionModes $ConfigSpec.MigrateEncryption = ""required"" $VMview.ReconfigVM_Task($ConfigSpec)"
"VM","kyk-centos7","FAIL","kyk-centos7: Encrypted Fault Tolerance defaults configured (ftEncryptionOpportunistic)","vm-8.ft-encrypted","P1","Virtual machines must require encryption for Fault Tolerance.","ftEncryptionRequired","VMCH-80-000204","2.2.7
4.2.1","$VMview = Get-VM -Name $VM | Get-View  $ConfigSpec = New-Object VMware.Vim.VirtualMachineConfigSpec $ConfigSpec.FtEncryptionMode = New-object VMware.Vim.VirtualMachineConfigSpecEncryptedFtModes $ConfigSpec.FtEncryptionMode = ""ftEncryptionRequired""  $VMview.ReconfigVM_Task($ConfigSpec)"
"VM","kyk-centos7","FAIL","kyk-centos7: Diagnostic logging not configured (False)","vm-8.log-enable","P2","Virtual machines must enable diagnostic logging.","TRUE","VMCH-80-000207","10.5.1","$VMview = Get-VM -Name $VM | Get-View  $ConfigSpec = New-Object VMware.Vim.VirtualMachineConfigSpec $ConfigSpec.Flags = New-Object VMware.Vim.VirtualMachineFlagInfo $ConfigSpec.Flags.EnableLogging = $true $VMview.ReconfigVM_Task($ConfigSpec)"
"VM","kyk-centos7","PASS","kyk-centos7: dvFilters not configured ()","vm-8.dvfilter","P2","Virtual machines must limit access through the ""dvfilter"" network Application Programming Interface (API).","Not Present","VMCH-80-000200","N/A","Get-VM -Name $VM | Get-AdvancedSetting ""ethernet*.filter*.name*"" | Remove-AdvancedSetting"
"VM","kyk-centos7","PASS","kyk-centos7: Passthrough hardware devices not configured","vm-8.pci-passthrough","P0","Virtual machines must limit PCI device passthrough functionality.","Not Present","VMCH-80-000214","N/A","Get-VM -Name $VM | Get-PassthroughDevice | Remove-PassthroughDevice"
"VM","kyk-centos7","FAIL","kyk-centos7: VirtualAHCIController device present. Evaluate and remove if not necessary.",,,,,,,
"VM","kyk-centos7","FAIL","kyk-centos7: VirtualCdrom device present. Evaluate and remove if not necessary.",,,,,,,
"VM","kyk-centos7","FAIL","kyk-centos7: VM permitted to boot from all possible sources. ()",,,,,,,
"VM","kyk-centos7","INFO","kyk-centos7: Audit of kyk-centos7 completed at 2026-09-07 09:01:47",,,,,,,
"VM","kyk-dns","INFO","VMware Virtual Machine Security Settings Audit Utility 8.0.3",,,,,,,
"VM","kyk-dns","INFO","Audit of kyk-dns started at 2026-09-07 09:01:47 from HCSVDI-28 by broadcom",,,,,,,
"VM","kyk-dns","INFO","EULA accepted.",,,,,,,
"VM","kyk-dns","PASS","kyk-dns: Secure Boot configured (True)",,,,,,,
"VM","kyk-dns","PASS","kyk-dns: VM is VM Hardware 21 (vSphere 8) (vmx-21)",,,,,,,
"VM","kyk-dns","PASS","kyk-dns: tools.guestlib.enableHostInfo not configured and is using secure defaults ()","vm-8.restrict-host-info","P2","Virtual machines must not be able to obtain host information from the hypervisor.","FALSE or Undefined","VMCH-80-000198","1.4.5","Get-VM -Name $VM | Get-AdvancedSetting tools.guestlib.enableHostInfo | Remove-AdvancedSetting"
"VM","kyk-dns","FAIL","kyk-dns: tools.guest.desktop.autolock configured incorrectly (FALSE)","vm-8.vmrc-lock","P0","Virtual machines must be configured to lock when the last console connection is closed.","TRUE","VMCH-80-000201","N/A","Get-VM -Name $VM | Get-AdvancedSetting -Name tools.guest.desktop.autolock | Set-AdvancedSetting -Value $true"
"VM","kyk-dns","PASS","kyk-dns: isolation.tools.paste.disable not configured and is using secure defaults ()","vm-8.deactivate-console-paste","P2","Virtual machines must have console paste operations deactivated.","TRUE or Undefined","VMCH-80-000192","3.4.2","Get-VM -Name $VM | Get-AdvancedSetting -Name isolation.tools.paste.disable | Remove-AdvancedSetting"
"VM","kyk-dns","PASS","kyk-dns: isolation.device.connectable.disable not configured and is using secure defaults ()","vm-8.isolation-device-connectable-deactivate","P2","Virtual machines must prevent unauthorized removal, connection and modification of devices.","TRUE or Undefined","VMCH-80-000197","N/A","Get-VM -Name $VM | Get-AdvancedSetting -Name isolation.device.connectable.disable | Remove-AdvancedSetting"
"VM","kyk-dns","PASS","kyk-dns: isolation.tools.diskWiper.disable not configured and is using secure defaults ()","vm-8.deactivate-disk-shrinking-wiper","P2","Virtual machines must have virtual disk wiping operations deactivated.","TRUE or Undefined","VMCH-80-000194","N/A","Get-VM -Name $VM | Get-AdvancedSetting -Name isolation.tools.diskWiper.disable | Remove-AdvancedSetting"
"VM","kyk-dns","PASS","kyk-dns: mks.enable3d not configured and is using secure defaults ()","vm-8.deactivate-non-essential-3d-features","P2","Virtual machines must have 3D graphics features deactivated when not required.","FALSE","VMCH-80-000202","N/A","Get-VM -Name $VM | Get-AdvancedSetting mks.enable3d | Set-AdvancedSetting -Value $false"
"VM","kyk-dns","PASS","kyk-dns: isolation.tools.diskShrink.disable not configured and is using secure defaults ()","vm-8.deactivate-disk-shrinking-shrink","P2","Virtual machines must have virtual disk shrinking operations deactivated.","TRUE or Undefined","VMCH-80-000193","N/A","Get-VM -Name $VM | Get-AdvancedSetting -Name isolation.tools.diskShrink.disable | Remove-AdvancedSetting"
"VM","kyk-dns","PASS","kyk-dns: isolation.tools.copy.disable not configured and is using secure defaults ()","vm-8.deactivate-console-copy","P2","Virtual machines must have console copy operations deactivated.","TRUE or Undefined","VMCH-80-000189","3.4.2","Get-VM -Name $VM | Get-AdvancedSetting -Name isolation.tools.copy.disable | Remove-AdvancedSetting"
"VM","kyk-dns","PASS","kyk-dns: sched.mem.pshare.salt not configured ().","vm-8.transparentpagesharing-inter-vm-enabled","P2","Virtual machines must restrict sharing of memory pages between VMs.","Not Present","VMCH-80-000199","N/A","Get-VM -Name $VM | Get-AdvancedSetting -Name sched.mem.pshare.salt | Remove-AdvancedSetting"
"VM","kyk-dns","PASS","kyk-dns: isolation.tools.dnd.disable not configured and is using secure defaults ()","vm-8.isolation-tools-dnd-deactivate","P2","Virtual machines must have console drag and drop operations deactivated.","TRUE or Undefined","VMCH-80-000191","N/A","Get-VM -Name $VM | Get-AdvancedSetting -Name isolation.tools.dnd.disable | Remove-AdvancedSetting"
"VM","kyk-dns","PASS","kyk-dns: log.keepOld not configured and is using secure defaults","vm-8.log-retention","P2","Virtual machines must limit the number of retained diagnostic logs.","10 or Undefined","VMCH-80-000206","10.5.1","Get-VM -Name $VM | Get-AdvancedSetting -Name log.keepOld | Remove-AdvancedSetting"
"VM","kyk-dns","PASS","kyk-dns: tools.setInfo.sizeLimit not configured and is using secure defaults","vm-8.limit-setinfo-size","P2","Virtual machines must limit informational messages from the virtual machine to the VMX file.","1048576 or Undefined","VMCH-80-000196","N/A","Get-VM -Name $VM | Get-AdvancedSetting -Name tools.setInfo.sizeLimit | Remove-AdvancedSetting"
"VM","kyk-dns","PASS","kyk-dns: log.rotateSize not configured and is using secure defaults","vm-8.log-rotation-size","P2","Virtual machines must limit the size of diagnostic logs.","2048000 or Undefined","VMCH-80-000205","10.5.1","Get-VM -Name $VM | Get-AdvancedSetting -Name log.rotateSize | Remove-AdvancedSetting"
"VM","kyk-dns","FAIL","kyk-dns: RemoteDisplay.maxConnections configured incorrectly (2, expected eq 1)","vm-8.limit-console-connections","P0","Virtual machines must limit console sharing.","1","VMCH-80-000195","N/A","Get-VM -Name $VM | Get-AdvancedSetting RemoteDisplay.maxConnections | Set-AdvancedSetting -Value 1"
"VM","kyk-dns","FAIL","kyk-dns: Encrypted vMotion defaults configured (opportunistic).","vm-8.vmotion-encrypted","P1","Virtual machines must require encryption for vMotion.","required","VMCH-80-000203","2.2.7
4.2.1","$VMview = Get-VM -Name $VM | Get-View  $ConfigSpec = New-Object VMware.Vim.VirtualMachineConfigSpec $ConfigSpec.MigrateEncryption = New-Object VMware.Vim.VirtualMachineConfigSpecEncryptedVMotionModes $ConfigSpec.MigrateEncryption = ""required"" $VMview.ReconfigVM_Task($ConfigSpec)"
"VM","kyk-dns","FAIL","kyk-dns: Encrypted Fault Tolerance defaults configured (ftEncryptionOpportunistic)","vm-8.ft-encrypted","P1","Virtual machines must require encryption for Fault Tolerance.","ftEncryptionRequired","VMCH-80-000204","2.2.7
4.2.1","$VMview = Get-VM -Name $VM | Get-View  $ConfigSpec = New-Object VMware.Vim.VirtualMachineConfigSpec $ConfigSpec.FtEncryptionMode = New-object VMware.Vim.VirtualMachineConfigSpecEncryptedFtModes $ConfigSpec.FtEncryptionMode = ""ftEncryptionRequired""  $VMview.ReconfigVM_Task($ConfigSpec)"
"VM","kyk-dns","FAIL","kyk-dns: Diagnostic logging not configured (False)","vm-8.log-enable","P2","Virtual machines must enable diagnostic logging.","TRUE","VMCH-80-000207","10.5.1","$VMview = Get-VM -Name $VM | Get-View  $ConfigSpec = New-Object VMware.Vim.VirtualMachineConfigSpec $ConfigSpec.Flags = New-Object VMware.Vim.VirtualMachineFlagInfo $ConfigSpec.Flags.EnableLogging = $true $VMview.ReconfigVM_Task($ConfigSpec)"
"VM","kyk-dns","PASS","kyk-dns: dvFilters not configured ()","vm-8.dvfilter","P2","Virtual machines must limit access through the ""dvfilter"" network Application Programming Interface (API).","Not Present","VMCH-80-000200","N/A","Get-VM -Name $VM | Get-AdvancedSetting ""ethernet*.filter*.name*"" | Remove-AdvancedSetting"
"VM","kyk-dns","PASS","kyk-dns: Passthrough hardware devices not configured","vm-8.pci-passthrough","P0","Virtual machines must limit PCI device passthrough functionality.","Not Present","VMCH-80-000214","N/A","Get-VM -Name $VM | Get-PassthroughDevice | Remove-PassthroughDevice"
"VM","kyk-dns","FAIL","kyk-dns: VirtualAHCIController device present. Evaluate and remove if not necessary.",,,,,,,
"VM","kyk-dns","FAIL","kyk-dns: VirtualCdrom device present. Evaluate and remove if not necessary.",,,,,,,
"VM","kyk-dns","FAIL","kyk-dns: VM permitted to boot from all possible sources. ()",,,,,,,
"VM","kyk-dns","INFO","kyk-dns: Audit of kyk-dns completed at 2026-09-07 09:01:47",,,,,,,
"VM","kyk-pve01","INFO","VMware Virtual Machine Security Settings Audit Utility 8.0.3",,,,,,,
"VM","kyk-pve01","INFO","Audit of kyk-pve01 started at 2026-09-07 09:01:47 from HCSVDI-28 by broadcom",,,,,,,
"VM","kyk-pve01","INFO","EULA accepted.",,,,,,,
"VM","kyk-pve01","FAIL","kyk-pve01: VM does not have Secure Boot configured (False)","guest-8.secure-boot","P0","The guest OS must enable Secure Boot.","TRUE","N/A","5.2.3","$VMobj = (Get-VM -Name $VM) $ConfigSpec = New-Object VMware.Vim.VirtualMachineConfigSpec $bootOptions = New-Object VMware.Vim.VirtualMachineBootOptions $bootOptions.EfiSecureBootEnabled = $true $ConfigSpec.BootOptions = $bootOptions $task = $VMobj.ExtensionData.ReconfigVM_Task($ConfigSpec)"
"VM","kyk-pve01","PASS","kyk-pve01: VM is VM Hardware 21 (vSphere 8) (vmx-21)",,,,,,,
"VM","kyk-pve01","PASS","kyk-pve01: tools.guestlib.enableHostInfo not configured and is using secure defaults ()","vm-8.restrict-host-info","P2","Virtual machines must not be able to obtain host information from the hypervisor.","FALSE or Undefined","VMCH-80-000198","1.4.5","Get-VM -Name $VM | Get-AdvancedSetting tools.guestlib.enableHostInfo | Remove-AdvancedSetting"
"VM","kyk-pve01","PASS","kyk-pve01: tools.guest.desktop.autolock configured correctly (TRUE)","vm-8.vmrc-lock","P0","Virtual machines must be configured to lock when the last console connection is closed.","TRUE","VMCH-80-000201","N/A","Get-VM -Name $VM | Get-AdvancedSetting -Name tools.guest.desktop.autolock | Set-AdvancedSetting -Value $true"
"VM","kyk-pve01","PASS","kyk-pve01: isolation.tools.paste.disable not configured and is using secure defaults ()","vm-8.deactivate-console-paste","P2","Virtual machines must have console paste operations deactivated.","TRUE or Undefined","VMCH-80-000192","3.4.2","Get-VM -Name $VM | Get-AdvancedSetting -Name isolation.tools.paste.disable | Remove-AdvancedSetting"
"VM","kyk-pve01","PASS","kyk-pve01: isolation.device.connectable.disable not configured and is using secure defaults ()","vm-8.isolation-device-connectable-deactivate","P2","Virtual machines must prevent unauthorized removal, connection and modification of devices.","TRUE or Undefined","VMCH-80-000197","N/A","Get-VM -Name $VM | Get-AdvancedSetting -Name isolation.device.connectable.disable | Remove-AdvancedSetting"
"VM","kyk-pve01","PASS","kyk-pve01: isolation.tools.diskWiper.disable not configured and is using secure defaults ()","vm-8.deactivate-disk-shrinking-wiper","P2","Virtual machines must have virtual disk wiping operations deactivated.","TRUE or Undefined","VMCH-80-000194","N/A","Get-VM -Name $VM | Get-AdvancedSetting -Name isolation.tools.diskWiper.disable | Remove-AdvancedSetting"
"VM","kyk-pve01","PASS","kyk-pve01: mks.enable3d not configured and is using secure defaults ()","vm-8.deactivate-non-essential-3d-features","P2","Virtual machines must have 3D graphics features deactivated when not required.","FALSE","VMCH-80-000202","N/A","Get-VM -Name $VM | Get-AdvancedSetting mks.enable3d | Set-AdvancedSetting -Value $false"
"VM","kyk-pve01","PASS","kyk-pve01: isolation.tools.diskShrink.disable not configured and is using secure defaults ()","vm-8.deactivate-disk-shrinking-shrink","P2","Virtual machines must have virtual disk shrinking operations deactivated.","TRUE or Undefined","VMCH-80-000193","N/A","Get-VM -Name $VM | Get-AdvancedSetting -Name isolation.tools.diskShrink.disable | Remove-AdvancedSetting"
"VM","kyk-pve01","PASS","kyk-pve01: isolation.tools.copy.disable not configured and is using secure defaults ()","vm-8.deactivate-console-copy","P2","Virtual machines must have console copy operations deactivated.","TRUE or Undefined","VMCH-80-000189","3.4.2","Get-VM -Name $VM | Get-AdvancedSetting -Name isolation.tools.copy.disable | Remove-AdvancedSetting"
"VM","kyk-pve01","PASS","kyk-pve01: sched.mem.pshare.salt not configured ().","vm-8.transparentpagesharing-inter-vm-enabled","P2","Virtual machines must restrict sharing of memory pages between VMs.","Not Present","VMCH-80-000199","N/A","Get-VM -Name $VM | Get-AdvancedSetting -Name sched.mem.pshare.salt | Remove-AdvancedSetting"
"VM","kyk-pve01","PASS","kyk-pve01: isolation.tools.dnd.disable not configured and is using secure defaults ()","vm-8.isolation-tools-dnd-deactivate","P2","Virtual machines must have console drag and drop operations deactivated.","TRUE or Undefined","VMCH-80-000191","N/A","Get-VM -Name $VM | Get-AdvancedSetting -Name isolation.tools.dnd.disable | Remove-AdvancedSetting"
"VM","kyk-pve01","PASS","kyk-pve01: log.keepOld not configured and is using secure defaults","vm-8.log-retention","P2","Virtual machines must limit the number of retained diagnostic logs.","10 or Undefined","VMCH-80-000206","10.5.1","Get-VM -Name $VM | Get-AdvancedSetting -Name log.keepOld | Remove-AdvancedSetting"
"VM","kyk-pve01","PASS","kyk-pve01: tools.setInfo.sizeLimit not configured and is using secure defaults","vm-8.limit-setinfo-size","P2","Virtual machines must limit informational messages from the virtual machine to the VMX file.","1048576 or Undefined","VMCH-80-000196","N/A","Get-VM -Name $VM | Get-AdvancedSetting -Name tools.setInfo.sizeLimit | Remove-AdvancedSetting"
"VM","kyk-pve01","PASS","kyk-pve01: log.rotateSize not configured and is using secure defaults","vm-8.log-rotation-size","P2","Virtual machines must limit the size of diagnostic logs.","2048000 or Undefined","VMCH-80-000205","10.5.1","Get-VM -Name $VM | Get-AdvancedSetting -Name log.rotateSize | Remove-AdvancedSetting"
"VM","kyk-pve01","FAIL","kyk-pve01: RemoteDisplay.maxConnections configured incorrectly (-1, expected eq 1)","vm-8.limit-console-connections","P0","Virtual machines must limit console sharing.","1","VMCH-80-000195","N/A","Get-VM -Name $VM | Get-AdvancedSetting RemoteDisplay.maxConnections | Set-AdvancedSetting -Value 1"
"VM","kyk-pve01","FAIL","kyk-pve01: Encrypted vMotion defaults configured (opportunistic).","vm-8.vmotion-encrypted","P1","Virtual machines must require encryption for vMotion.","required","VMCH-80-000203","2.2.7
4.2.1","$VMview = Get-VM -Name $VM | Get-View  $ConfigSpec = New-Object VMware.Vim.VirtualMachineConfigSpec $ConfigSpec.MigrateEncryption = New-Object VMware.Vim.VirtualMachineConfigSpecEncryptedVMotionModes $ConfigSpec.MigrateEncryption = ""required"" $VMview.ReconfigVM_Task($ConfigSpec)"
"VM","kyk-pve01","FAIL","kyk-pve01: Encrypted Fault Tolerance defaults configured (ftEncryptionOpportunistic)","vm-8.ft-encrypted","P1","Virtual machines must require encryption for Fault Tolerance.","ftEncryptionRequired","VMCH-80-000204","2.2.7
4.2.1","$VMview = Get-VM -Name $VM | Get-View  $ConfigSpec = New-Object VMware.Vim.VirtualMachineConfigSpec $ConfigSpec.FtEncryptionMode = New-object VMware.Vim.VirtualMachineConfigSpecEncryptedFtModes $ConfigSpec.FtEncryptionMode = ""ftEncryptionRequired""  $VMview.ReconfigVM_Task($ConfigSpec)"
"VM","kyk-pve01","PASS","kyk-pve01: Diagnostic logging configured correctly (True)","vm-8.log-enable","P2","Virtual machines must enable diagnostic logging.","TRUE","VMCH-80-000207","10.5.1","$VMview = Get-VM -Name $VM | Get-View  $ConfigSpec = New-Object VMware.Vim.VirtualMachineConfigSpec $ConfigSpec.Flags = New-Object VMware.Vim.VirtualMachineFlagInfo $ConfigSpec.Flags.EnableLogging = $true $VMview.ReconfigVM_Task($ConfigSpec)"
"VM","kyk-pve01","PASS","kyk-pve01: dvFilters not configured ()","vm-8.dvfilter","P2","Virtual machines must limit access through the ""dvfilter"" network Application Programming Interface (API).","Not Present","VMCH-80-000200","N/A","Get-VM -Name $VM | Get-AdvancedSetting ""ethernet*.filter*.name*"" | Remove-AdvancedSetting"
"VM","kyk-pve01","PASS","kyk-pve01: Passthrough hardware devices not configured","vm-8.pci-passthrough","P0","Virtual machines must limit PCI device passthrough functionality.","Not Present","VMCH-80-000214","N/A","Get-VM -Name $VM | Get-PassthroughDevice | Remove-PassthroughDevice"
"VM","kyk-pve01","FAIL","kyk-pve01: VirtualAHCIController device present. Evaluate and remove if not necessary.",,,,,,,
"VM","kyk-pve01","FAIL","kyk-pve01: VirtualCdrom device present. Evaluate and remove if not necessary.",,,,,,,
"VM","kyk-pve01","FAIL","kyk-pve01: VM permitted to boot from all possible sources. ()",,,,,,,
"VM","kyk-pve01","INFO","kyk-pve01: Audit of kyk-pve01 completed at 2026-09-07 09:01:48",,,,,,,
"VM","kyk-pve02","INFO","VMware Virtual Machine Security Settings Audit Utility 8.0.3",,,,,,,
"VM","kyk-pve02","INFO","Audit of kyk-pve02 started at 2026-09-07 09:01:48 from HCSVDI-28 by broadcom",,,,,,,
"VM","kyk-pve02","INFO","EULA accepted.",,,,,,,
"VM","kyk-pve02","FAIL","kyk-pve02: VM does not have Secure Boot configured (False)","guest-8.secure-boot","P0","The guest OS must enable Secure Boot.","TRUE","N/A","5.2.3","$VMobj = (Get-VM -Name $VM) $ConfigSpec = New-Object VMware.Vim.VirtualMachineConfigSpec $bootOptions = New-Object VMware.Vim.VirtualMachineBootOptions $bootOptions.EfiSecureBootEnabled = $true $ConfigSpec.BootOptions = $bootOptions $task = $VMobj.ExtensionData.ReconfigVM_Task($ConfigSpec)"
"VM","kyk-pve02","PASS","kyk-pve02: VM is VM Hardware 21 (vSphere 8) (vmx-21)",,,,,,,
"VM","kyk-pve02","PASS","kyk-pve02: tools.guestlib.enableHostInfo not configured and is using secure defaults ()","vm-8.restrict-host-info","P2","Virtual machines must not be able to obtain host information from the hypervisor.","FALSE or Undefined","VMCH-80-000198","1.4.5","Get-VM -Name $VM | Get-AdvancedSetting tools.guestlib.enableHostInfo | Remove-AdvancedSetting"
"VM","kyk-pve02","PASS","kyk-pve02: tools.guest.desktop.autolock configured correctly (TRUE)","vm-8.vmrc-lock","P0","Virtual machines must be configured to lock when the last console connection is closed.","TRUE","VMCH-80-000201","N/A","Get-VM -Name $VM | Get-AdvancedSetting -Name tools.guest.desktop.autolock | Set-AdvancedSetting -Value $true"
"VM","kyk-pve02","PASS","kyk-pve02: isolation.tools.paste.disable not configured and is using secure defaults ()","vm-8.deactivate-console-paste","P2","Virtual machines must have console paste operations deactivated.","TRUE or Undefined","VMCH-80-000192","3.4.2","Get-VM -Name $VM | Get-AdvancedSetting -Name isolation.tools.paste.disable | Remove-AdvancedSetting"
"VM","kyk-pve02","PASS","kyk-pve02: isolation.device.connectable.disable not configured and is using secure defaults ()","vm-8.isolation-device-connectable-deactivate","P2","Virtual machines must prevent unauthorized removal, connection and modification of devices.","TRUE or Undefined","VMCH-80-000197","N/A","Get-VM -Name $VM | Get-AdvancedSetting -Name isolation.device.connectable.disable | Remove-AdvancedSetting"
"VM","kyk-pve02","PASS","kyk-pve02: isolation.tools.diskWiper.disable not configured and is using secure defaults ()","vm-8.deactivate-disk-shrinking-wiper","P2","Virtual machines must have virtual disk wiping operations deactivated.","TRUE or Undefined","VMCH-80-000194","N/A","Get-VM -Name $VM | Get-AdvancedSetting -Name isolation.tools.diskWiper.disable | Remove-AdvancedSetting"
"VM","kyk-pve02","PASS","kyk-pve02: mks.enable3d not configured and is using secure defaults ()","vm-8.deactivate-non-essential-3d-features","P2","Virtual machines must have 3D graphics features deactivated when not required.","FALSE","VMCH-80-000202","N/A","Get-VM -Name $VM | Get-AdvancedSetting mks.enable3d | Set-AdvancedSetting -Value $false"
"VM","kyk-pve02","PASS","kyk-pve02: isolation.tools.diskShrink.disable not configured and is using secure defaults ()","vm-8.deactivate-disk-shrinking-shrink","P2","Virtual machines must have virtual disk shrinking operations deactivated.","TRUE or Undefined","VMCH-80-000193","N/A","Get-VM -Name $VM | Get-AdvancedSetting -Name isolation.tools.diskShrink.disable | Remove-AdvancedSetting"
"VM","kyk-pve02","PASS","kyk-pve02: isolation.tools.copy.disable not configured and is using secure defaults ()","vm-8.deactivate-console-copy","P2","Virtual machines must have console copy operations deactivated.","TRUE or Undefined","VMCH-80-000189","3.4.2","Get-VM -Name $VM | Get-AdvancedSetting -Name isolation.tools.copy.disable | Remove-AdvancedSetting"
"VM","kyk-pve02","PASS","kyk-pve02: sched.mem.pshare.salt not configured ().","vm-8.transparentpagesharing-inter-vm-enabled","P2","Virtual machines must restrict sharing of memory pages between VMs.","Not Present","VMCH-80-000199","N/A","Get-VM -Name $VM | Get-AdvancedSetting -Name sched.mem.pshare.salt | Remove-AdvancedSetting"
"VM","kyk-pve02","PASS","kyk-pve02: isolation.tools.dnd.disable not configured and is using secure defaults ()","vm-8.isolation-tools-dnd-deactivate","P2","Virtual machines must have console drag and drop operations deactivated.","TRUE or Undefined","VMCH-80-000191","N/A","Get-VM -Name $VM | Get-AdvancedSetting -Name isolation.tools.dnd.disable | Remove-AdvancedSetting"
"VM","kyk-pve02","PASS","kyk-pve02: log.keepOld not configured and is using secure defaults","vm-8.log-retention","P2","Virtual machines must limit the number of retained diagnostic logs.","10 or Undefined","VMCH-80-000206","10.5.1","Get-VM -Name $VM | Get-AdvancedSetting -Name log.keepOld | Remove-AdvancedSetting"
"VM","kyk-pve02","PASS","kyk-pve02: tools.setInfo.sizeLimit not configured and is using secure defaults","vm-8.limit-setinfo-size","P2","Virtual machines must limit informational messages from the virtual machine to the VMX file.","1048576 or Undefined","VMCH-80-000196","N/A","Get-VM -Name $VM | Get-AdvancedSetting -Name tools.setInfo.sizeLimit | Remove-AdvancedSetting"
"VM","kyk-pve02","PASS","kyk-pve02: log.rotateSize not configured and is using secure defaults","vm-8.log-rotation-size","P2","Virtual machines must limit the size of diagnostic logs.","2048000 or Undefined","VMCH-80-000205","10.5.1","Get-VM -Name $VM | Get-AdvancedSetting -Name log.rotateSize | Remove-AdvancedSetting"
"VM","kyk-pve02","FAIL","kyk-pve02: RemoteDisplay.maxConnections configured incorrectly (-1, expected eq 1)","vm-8.limit-console-connections","P0","Virtual machines must limit console sharing.","1","VMCH-80-000195","N/A","Get-VM -Name $VM | Get-AdvancedSetting RemoteDisplay.maxConnections | Set-AdvancedSetting -Value 1"
"VM","kyk-pve02","FAIL","kyk-pve02: Encrypted vMotion defaults configured (opportunistic).","vm-8.vmotion-encrypted","P1","Virtual machines must require encryption for vMotion.","required","VMCH-80-000203","2.2.7
4.2.1","$VMview = Get-VM -Name $VM | Get-View  $ConfigSpec = New-Object VMware.Vim.VirtualMachineConfigSpec $ConfigSpec.MigrateEncryption = New-Object VMware.Vim.VirtualMachineConfigSpecEncryptedVMotionModes $ConfigSpec.MigrateEncryption = ""required"" $VMview.ReconfigVM_Task($ConfigSpec)"
"VM","kyk-pve02","FAIL","kyk-pve02: Encrypted Fault Tolerance defaults configured (ftEncryptionOpportunistic)","vm-8.ft-encrypted","P1","Virtual machines must require encryption for Fault Tolerance.","ftEncryptionRequired","VMCH-80-000204","2.2.7
4.2.1","$VMview = Get-VM -Name $VM | Get-View  $ConfigSpec = New-Object VMware.Vim.VirtualMachineConfigSpec $ConfigSpec.FtEncryptionMode = New-object VMware.Vim.VirtualMachineConfigSpecEncryptedFtModes $ConfigSpec.FtEncryptionMode = ""ftEncryptionRequired""  $VMview.ReconfigVM_Task($ConfigSpec)"
"VM","kyk-pve02","PASS","kyk-pve02: Diagnostic logging configured correctly (True)","vm-8.log-enable","P2","Virtual machines must enable diagnostic logging.","TRUE","VMCH-80-000207","10.5.1","$VMview = Get-VM -Name $VM | Get-View  $ConfigSpec = New-Object VMware.Vim.VirtualMachineConfigSpec $ConfigSpec.Flags = New-Object VMware.Vim.VirtualMachineFlagInfo $ConfigSpec.Flags.EnableLogging = $true $VMview.ReconfigVM_Task($ConfigSpec)"
"VM","kyk-pve02","PASS","kyk-pve02: dvFilters not configured ()","vm-8.dvfilter","P2","Virtual machines must limit access through the ""dvfilter"" network Application Programming Interface (API).","Not Present","VMCH-80-000200","N/A","Get-VM -Name $VM | Get-AdvancedSetting ""ethernet*.filter*.name*"" | Remove-AdvancedSetting"
"VM","kyk-pve02","PASS","kyk-pve02: Passthrough hardware devices not configured","vm-8.pci-passthrough","P0","Virtual machines must limit PCI device passthrough functionality.","Not Present","VMCH-80-000214","N/A","Get-VM -Name $VM | Get-PassthroughDevice | Remove-PassthroughDevice"
"VM","kyk-pve02","FAIL","kyk-pve02: VirtualAHCIController device present. Evaluate and remove if not necessary.",,,,,,,
"VM","kyk-pve02","FAIL","kyk-pve02: VirtualCdrom device present. Evaluate and remove if not necessary.",,,,,,,
"VM","kyk-pve02","FAIL","kyk-pve02: VM permitted to boot from all possible sources. ()",,,,,,,
"VM","kyk-pve02","INFO","kyk-pve02: Audit of kyk-pve02 completed at 2026-09-07 09:01:49",,,,,,,
"VM","kyk-pve03","INFO","VMware Virtual Machine Security Settings Audit Utility 8.0.3",,,,,,,
"VM","kyk-pve03","INFO","Audit of kyk-pve03 started at 2026-09-07 09:01:49 from HCSVDI-28 by broadcom",,,,,,,
"VM","kyk-pve03","INFO","EULA accepted.",,,,,,,
"VM","kyk-pve03","FAIL","kyk-pve03: VM does not have Secure Boot configured (False)","guest-8.secure-boot","P0","The guest OS must enable Secure Boot.","TRUE","N/A","5.2.3","$VMobj = (Get-VM -Name $VM) $ConfigSpec = New-Object VMware.Vim.VirtualMachineConfigSpec $bootOptions = New-Object VMware.Vim.VirtualMachineBootOptions $bootOptions.EfiSecureBootEnabled = $true $ConfigSpec.BootOptions = $bootOptions $task = $VMobj.ExtensionData.ReconfigVM_Task($ConfigSpec)"
"VM","kyk-pve03","PASS","kyk-pve03: VM is VM Hardware 21 (vSphere 8) (vmx-21)",,,,,,,
"VM","kyk-pve03","PASS","kyk-pve03: tools.guestlib.enableHostInfo not configured and is using secure defaults ()","vm-8.restrict-host-info","P2","Virtual machines must not be able to obtain host information from the hypervisor.","FALSE or Undefined","VMCH-80-000198","1.4.5","Get-VM -Name $VM | Get-AdvancedSetting tools.guestlib.enableHostInfo | Remove-AdvancedSetting"
"VM","kyk-pve03","PASS","kyk-pve03: tools.guest.desktop.autolock configured correctly (TRUE)","vm-8.vmrc-lock","P0","Virtual machines must be configured to lock when the last console connection is closed.","TRUE","VMCH-80-000201","N/A","Get-VM -Name $VM | Get-AdvancedSetting -Name tools.guest.desktop.autolock | Set-AdvancedSetting -Value $true"
"VM","kyk-pve03","PASS","kyk-pve03: isolation.tools.paste.disable not configured and is using secure defaults ()","vm-8.deactivate-console-paste","P2","Virtual machines must have console paste operations deactivated.","TRUE or Undefined","VMCH-80-000192","3.4.2","Get-VM -Name $VM | Get-AdvancedSetting -Name isolation.tools.paste.disable | Remove-AdvancedSetting"
"VM","kyk-pve03","PASS","kyk-pve03: isolation.device.connectable.disable not configured and is using secure defaults ()","vm-8.isolation-device-connectable-deactivate","P2","Virtual machines must prevent unauthorized removal, connection and modification of devices.","TRUE or Undefined","VMCH-80-000197","N/A","Get-VM -Name $VM | Get-AdvancedSetting -Name isolation.device.connectable.disable | Remove-AdvancedSetting"
"VM","kyk-pve03","PASS","kyk-pve03: isolation.tools.diskWiper.disable not configured and is using secure defaults ()","vm-8.deactivate-disk-shrinking-wiper","P2","Virtual machines must have virtual disk wiping operations deactivated.","TRUE or Undefined","VMCH-80-000194","N/A","Get-VM -Name $VM | Get-AdvancedSetting -Name isolation.tools.diskWiper.disable | Remove-AdvancedSetting"
"VM","kyk-pve03","PASS","kyk-pve03: mks.enable3d not configured and is using secure defaults ()","vm-8.deactivate-non-essential-3d-features","P2","Virtual machines must have 3D graphics features deactivated when not required.","FALSE","VMCH-80-000202","N/A","Get-VM -Name $VM | Get-AdvancedSetting mks.enable3d | Set-AdvancedSetting -Value $false"
"VM","kyk-pve03","PASS","kyk-pve03: isolation.tools.diskShrink.disable not configured and is using secure defaults ()","vm-8.deactivate-disk-shrinking-shrink","P2","Virtual machines must have virtual disk shrinking operations deactivated.","TRUE or Undefined","VMCH-80-000193","N/A","Get-VM -Name $VM | Get-AdvancedSetting -Name isolation.tools.diskShrink.disable | Remove-AdvancedSetting"
"VM","kyk-pve03","PASS","kyk-pve03: isolation.tools.copy.disable not configured and is using secure defaults ()","vm-8.deactivate-console-copy","P2","Virtual machines must have console copy operations deactivated.","TRUE or Undefined","VMCH-80-000189","3.4.2","Get-VM -Name $VM | Get-AdvancedSetting -Name isolation.tools.copy.disable | Remove-AdvancedSetting"
"VM","kyk-pve03","PASS","kyk-pve03: sched.mem.pshare.salt not configured ().","vm-8.transparentpagesharing-inter-vm-enabled","P2","Virtual machines must restrict sharing of memory pages between VMs.","Not Present","VMCH-80-000199","N/A","Get-VM -Name $VM | Get-AdvancedSetting -Name sched.mem.pshare.salt | Remove-AdvancedSetting"
"VM","kyk-pve03","PASS","kyk-pve03: isolation.tools.dnd.disable not configured and is using secure defaults ()","vm-8.isolation-tools-dnd-deactivate","P2","Virtual machines must have console drag and drop operations deactivated.","TRUE or Undefined","VMCH-80-000191","N/A","Get-VM -Name $VM | Get-AdvancedSetting -Name isolation.tools.dnd.disable | Remove-AdvancedSetting"
"VM","kyk-pve03","PASS","kyk-pve03: log.keepOld not configured and is using secure defaults","vm-8.log-retention","P2","Virtual machines must limit the number of retained diagnostic logs.","10 or Undefined","VMCH-80-000206","10.5.1","Get-VM -Name $VM | Get-AdvancedSetting -Name log.keepOld | Remove-AdvancedSetting"
"VM","kyk-pve03","PASS","kyk-pve03: tools.setInfo.sizeLimit not configured and is using secure defaults","vm-8.limit-setinfo-size","P2","Virtual machines must limit informational messages from the virtual machine to the VMX file.","1048576 or Undefined","VMCH-80-000196","N/A","Get-VM -Name $VM | Get-AdvancedSetting -Name tools.setInfo.sizeLimit | Remove-AdvancedSetting"
"VM","kyk-pve03","PASS","kyk-pve03: log.rotateSize not configured and is using secure defaults","vm-8.log-rotation-size","P2","Virtual machines must limit the size of diagnostic logs.","2048000 or Undefined","VMCH-80-000205","10.5.1","Get-VM -Name $VM | Get-AdvancedSetting -Name log.rotateSize | Remove-AdvancedSetting"
"VM","kyk-pve03","FAIL","kyk-pve03: RemoteDisplay.maxConnections configured incorrectly (-1, expected eq 1)","vm-8.limit-console-connections","P0","Virtual machines must limit console sharing.","1","VMCH-80-000195","N/A","Get-VM -Name $VM | Get-AdvancedSetting RemoteDisplay.maxConnections | Set-AdvancedSetting -Value 1"
"VM","kyk-pve03","FAIL","kyk-pve03: Encrypted vMotion defaults configured (opportunistic).","vm-8.vmotion-encrypted","P1","Virtual machines must require encryption for vMotion.","required","VMCH-80-000203","2.2.7
4.2.1","$VMview = Get-VM -Name $VM | Get-View  $ConfigSpec = New-Object VMware.Vim.VirtualMachineConfigSpec $ConfigSpec.MigrateEncryption = New-Object VMware.Vim.VirtualMachineConfigSpecEncryptedVMotionModes $ConfigSpec.MigrateEncryption = ""required"" $VMview.ReconfigVM_Task($ConfigSpec)"
"VM","kyk-pve03","FAIL","kyk-pve03: Encrypted Fault Tolerance defaults configured (ftEncryptionOpportunistic)","vm-8.ft-encrypted","P1","Virtual machines must require encryption for Fault Tolerance.","ftEncryptionRequired","VMCH-80-000204","2.2.7
4.2.1","$VMview = Get-VM -Name $VM | Get-View  $ConfigSpec = New-Object VMware.Vim.VirtualMachineConfigSpec $ConfigSpec.FtEncryptionMode = New-object VMware.Vim.VirtualMachineConfigSpecEncryptedFtModes $ConfigSpec.FtEncryptionMode = ""ftEncryptionRequired""  $VMview.ReconfigVM_Task($ConfigSpec)"
"VM","kyk-pve03","PASS","kyk-pve03: Diagnostic logging configured correctly (True)","vm-8.log-enable","P2","Virtual machines must enable diagnostic logging.","TRUE","VMCH-80-000207","10.5.1","$VMview = Get-VM -Name $VM | Get-View  $ConfigSpec = New-Object VMware.Vim.VirtualMachineConfigSpec $ConfigSpec.Flags = New-Object VMware.Vim.VirtualMachineFlagInfo $ConfigSpec.Flags.EnableLogging = $true $VMview.ReconfigVM_Task($ConfigSpec)"
"VM","kyk-pve03","PASS","kyk-pve03: dvFilters not configured ()","vm-8.dvfilter","P2","Virtual machines must limit access through the ""dvfilter"" network Application Programming Interface (API).","Not Present","VMCH-80-000200","N/A","Get-VM -Name $VM | Get-AdvancedSetting ""ethernet*.filter*.name*"" | Remove-AdvancedSetting"
"VM","kyk-pve03","PASS","kyk-pve03: Passthrough hardware devices not configured","vm-8.pci-passthrough","P0","Virtual machines must limit PCI device passthrough functionality.","Not Present","VMCH-80-000214","N/A","Get-VM -Name $VM | Get-PassthroughDevice | Remove-PassthroughDevice"
"VM","kyk-pve03","FAIL","kyk-pve03: VirtualAHCIController device present. Evaluate and remove if not necessary.",,,,,,,
"VM","kyk-pve03","FAIL","kyk-pve03: VirtualCdrom device present. Evaluate and remove if not necessary.",,,,,,,
"VM","kyk-pve03","FAIL","kyk-pve03: VM permitted to boot from all possible sources. ()",,,,,,,
"VM","kyk-pve03","INFO","kyk-pve03: Audit of kyk-pve03 completed at 2026-09-07 09:01:49",,,,,,,
"VM","kyk-rocky9","INFO","VMware Virtual Machine Security Settings Audit Utility 8.0.3",,,,,,,
"VM","kyk-rocky9","INFO","Audit of kyk-rocky9 started at 2026-09-07 09:01:49 from HCSVDI-28 by broadcom",,,,,,,
"VM","kyk-rocky9","INFO","EULA accepted.",,,,,,,
"VM","kyk-rocky9","PASS","kyk-rocky9: Secure Boot configured (True)",,,,,,,
"VM","kyk-rocky9","PASS","kyk-rocky9: VM is VM Hardware 21 (vSphere 8) (vmx-21)",,,,,,,
"VM","kyk-rocky9","PASS","kyk-rocky9: tools.guestlib.enableHostInfo not configured and is using secure defaults ()","vm-8.restrict-host-info","P2","Virtual machines must not be able to obtain host information from the hypervisor.","FALSE or Undefined","VMCH-80-000198","1.4.5","Get-VM -Name $VM | Get-AdvancedSetting tools.guestlib.enableHostInfo | Remove-AdvancedSetting"
"VM","kyk-rocky9","FAIL","kyk-rocky9: tools.guest.desktop.autolock configured incorrectly (FALSE)","vm-8.vmrc-lock","P0","Virtual machines must be configured to lock when the last console connection is closed.","TRUE","VMCH-80-000201","N/A","Get-VM -Name $VM | Get-AdvancedSetting -Name tools.guest.desktop.autolock | Set-AdvancedSetting -Value $true"
"VM","kyk-rocky9","PASS","kyk-rocky9: isolation.tools.paste.disable not configured and is using secure defaults ()","vm-8.deactivate-console-paste","P2","Virtual machines must have console paste operations deactivated.","TRUE or Undefined","VMCH-80-000192","3.4.2","Get-VM -Name $VM | Get-AdvancedSetting -Name isolation.tools.paste.disable | Remove-AdvancedSetting"
"VM","kyk-rocky9","PASS","kyk-rocky9: isolation.device.connectable.disable not configured and is using secure defaults ()","vm-8.isolation-device-connectable-deactivate","P2","Virtual machines must prevent unauthorized removal, connection and modification of devices.","TRUE or Undefined","VMCH-80-000197","N/A","Get-VM -Name $VM | Get-AdvancedSetting -Name isolation.device.connectable.disable | Remove-AdvancedSetting"
"VM","kyk-rocky9","PASS","kyk-rocky9: isolation.tools.diskWiper.disable not configured and is using secure defaults ()","vm-8.deactivate-disk-shrinking-wiper","P2","Virtual machines must have virtual disk wiping operations deactivated.","TRUE or Undefined","VMCH-80-000194","N/A","Get-VM -Name $VM | Get-AdvancedSetting -Name isolation.tools.diskWiper.disable | Remove-AdvancedSetting"
"VM","kyk-rocky9","PASS","kyk-rocky9: mks.enable3d not configured and is using secure defaults ()","vm-8.deactivate-non-essential-3d-features","P2","Virtual machines must have 3D graphics features deactivated when not required.","FALSE","VMCH-80-000202","N/A","Get-VM -Name $VM | Get-AdvancedSetting mks.enable3d | Set-AdvancedSetting -Value $false"
"VM","kyk-rocky9","PASS","kyk-rocky9: isolation.tools.diskShrink.disable not configured and is using secure defaults ()","vm-8.deactivate-disk-shrinking-shrink","P2","Virtual machines must have virtual disk shrinking operations deactivated.","TRUE or Undefined","VMCH-80-000193","N/A","Get-VM -Name $VM | Get-AdvancedSetting -Name isolation.tools.diskShrink.disable | Remove-AdvancedSetting"
"VM","kyk-rocky9","PASS","kyk-rocky9: isolation.tools.copy.disable not configured and is using secure defaults ()","vm-8.deactivate-console-copy","P2","Virtual machines must have console copy operations deactivated.","TRUE or Undefined","VMCH-80-000189","3.4.2","Get-VM -Name $VM | Get-AdvancedSetting -Name isolation.tools.copy.disable | Remove-AdvancedSetting"
"VM","kyk-rocky9","PASS","kyk-rocky9: sched.mem.pshare.salt not configured ().","vm-8.transparentpagesharing-inter-vm-enabled","P2","Virtual machines must restrict sharing of memory pages between VMs.","Not Present","VMCH-80-000199","N/A","Get-VM -Name $VM | Get-AdvancedSetting -Name sched.mem.pshare.salt | Remove-AdvancedSetting"
"VM","kyk-rocky9","PASS","kyk-rocky9: isolation.tools.dnd.disable not configured and is using secure defaults ()","vm-8.isolation-tools-dnd-deactivate","P2","Virtual machines must have console drag and drop operations deactivated.","TRUE or Undefined","VMCH-80-000191","N/A","Get-VM -Name $VM | Get-AdvancedSetting -Name isolation.tools.dnd.disable | Remove-AdvancedSetting"
"VM","kyk-rocky9","PASS","kyk-rocky9: log.keepOld not configured and is using secure defaults","vm-8.log-retention","P2","Virtual machines must limit the number of retained diagnostic logs.","10 or Undefined","VMCH-80-000206","10.5.1","Get-VM -Name $VM | Get-AdvancedSetting -Name log.keepOld | Remove-AdvancedSetting"
"VM","kyk-rocky9","PASS","kyk-rocky9: tools.setInfo.sizeLimit not configured and is using secure defaults","vm-8.limit-setinfo-size","P2","Virtual machines must limit informational messages from the virtual machine to the VMX file.","1048576 or Undefined","VMCH-80-000196","N/A","Get-VM -Name $VM | Get-AdvancedSetting -Name tools.setInfo.sizeLimit | Remove-AdvancedSetting"
"VM","kyk-rocky9","PASS","kyk-rocky9: log.rotateSize not configured and is using secure defaults","vm-8.log-rotation-size","P2","Virtual machines must limit the size of diagnostic logs.","2048000 or Undefined","VMCH-80-000205","10.5.1","Get-VM -Name $VM | Get-AdvancedSetting -Name log.rotateSize | Remove-AdvancedSetting"
"VM","kyk-rocky9","FAIL","kyk-rocky9: RemoteDisplay.maxConnections configured incorrectly (2, expected eq 1)","vm-8.limit-console-connections","P0","Virtual machines must limit console sharing.","1","VMCH-80-000195","N/A","Get-VM -Name $VM | Get-AdvancedSetting RemoteDisplay.maxConnections | Set-AdvancedSetting -Value 1"
"VM","kyk-rocky9","FAIL","kyk-rocky9: Encrypted vMotion defaults configured (opportunistic).","vm-8.vmotion-encrypted","P1","Virtual machines must require encryption for vMotion.","required","VMCH-80-000203","2.2.7
4.2.1","$VMview = Get-VM -Name $VM | Get-View  $ConfigSpec = New-Object VMware.Vim.VirtualMachineConfigSpec $ConfigSpec.MigrateEncryption = New-Object VMware.Vim.VirtualMachineConfigSpecEncryptedVMotionModes $ConfigSpec.MigrateEncryption = ""required"" $VMview.ReconfigVM_Task($ConfigSpec)"
"VM","kyk-rocky9","FAIL","kyk-rocky9: Encrypted Fault Tolerance defaults configured (ftEncryptionOpportunistic)","vm-8.ft-encrypted","P1","Virtual machines must require encryption for Fault Tolerance.","ftEncryptionRequired","VMCH-80-000204","2.2.7
4.2.1","$VMview = Get-VM -Name $VM | Get-View  $ConfigSpec = New-Object VMware.Vim.VirtualMachineConfigSpec $ConfigSpec.FtEncryptionMode = New-object VMware.Vim.VirtualMachineConfigSpecEncryptedFtModes $ConfigSpec.FtEncryptionMode = ""ftEncryptionRequired""  $VMview.ReconfigVM_Task($ConfigSpec)"
"VM","kyk-rocky9","FAIL","kyk-rocky9: Diagnostic logging not configured (False)","vm-8.log-enable","P2","Virtual machines must enable diagnostic logging.","TRUE","VMCH-80-000207","10.5.1","$VMview = Get-VM -Name $VM | Get-View  $ConfigSpec = New-Object VMware.Vim.VirtualMachineConfigSpec $ConfigSpec.Flags = New-Object VMware.Vim.VirtualMachineFlagInfo $ConfigSpec.Flags.EnableLogging = $true $VMview.ReconfigVM_Task($ConfigSpec)"
"VM","kyk-rocky9","PASS","kyk-rocky9: dvFilters not configured ()","vm-8.dvfilter","P2","Virtual machines must limit access through the ""dvfilter"" network Application Programming Interface (API).","Not Present","VMCH-80-000200","N/A","Get-VM -Name $VM | Get-AdvancedSetting ""ethernet*.filter*.name*"" | Remove-AdvancedSetting"
"VM","kyk-rocky9","PASS","kyk-rocky9: Passthrough hardware devices not configured","vm-8.pci-passthrough","P0","Virtual machines must limit PCI device passthrough functionality.","Not Present","VMCH-80-000214","N/A","Get-VM -Name $VM | Get-PassthroughDevice | Remove-PassthroughDevice"
"VM","kyk-rocky9","FAIL","kyk-rocky9: VirtualAHCIController device present. Evaluate and remove if not necessary.",,,,,,,
"VM","kyk-rocky9","FAIL","kyk-rocky9: VirtualCdrom device present. Evaluate and remove if not necessary.",,,,,,,
"VM","kyk-rocky9","FAIL","kyk-rocky9: VM permitted to boot from all possible sources. ()",,,,,,,
"VM","kyk-rocky9","INFO","kyk-rocky9: Audit of kyk-rocky9 completed at 2026-09-07 09:01:50",,,,,,,
"VM","kyk-truenas","INFO","VMware Virtual Machine Security Settings Audit Utility 8.0.3",,,,,,,
"VM","kyk-truenas","INFO","Audit of kyk-truenas started at 2026-09-07 09:01:50 from HCSVDI-28 by broadcom",,,,,,,
"VM","kyk-truenas","INFO","EULA accepted.",,,,,,,
"VM","kyk-truenas","FAIL","kyk-truenas: VM does not have Secure Boot configured (False)","guest-8.secure-boot","P0","The guest OS must enable Secure Boot.","TRUE","N/A","5.2.3","$VMobj = (Get-VM -Name $VM) $ConfigSpec = New-Object VMware.Vim.VirtualMachineConfigSpec $bootOptions = New-Object VMware.Vim.VirtualMachineBootOptions $bootOptions.EfiSecureBootEnabled = $true $ConfigSpec.BootOptions = $bootOptions $task = $VMobj.ExtensionData.ReconfigVM_Task($ConfigSpec)"
"VM","kyk-truenas","PASS","kyk-truenas: VM is VM Hardware 21 (vSphere 8) (vmx-21)",,,,,,,
"VM","kyk-truenas","PASS","kyk-truenas: tools.guestlib.enableHostInfo not configured and is using secure defaults ()","vm-8.restrict-host-info","P2","Virtual machines must not be able to obtain host information from the hypervisor.","FALSE or Undefined","VMCH-80-000198","1.4.5","Get-VM -Name $VM | Get-AdvancedSetting tools.guestlib.enableHostInfo | Remove-AdvancedSetting"
"VM","kyk-truenas","FAIL","kyk-truenas: tools.guest.desktop.autolock configured incorrectly (FALSE)","vm-8.vmrc-lock","P0","Virtual machines must be configured to lock when the last console connection is closed.","TRUE","VMCH-80-000201","N/A","Get-VM -Name $VM | Get-AdvancedSetting -Name tools.guest.desktop.autolock | Set-AdvancedSetting -Value $true"
"VM","kyk-truenas","PASS","kyk-truenas: isolation.tools.paste.disable not configured and is using secure defaults ()","vm-8.deactivate-console-paste","P2","Virtual machines must have console paste operations deactivated.","TRUE or Undefined","VMCH-80-000192","3.4.2","Get-VM -Name $VM | Get-AdvancedSetting -Name isolation.tools.paste.disable | Remove-AdvancedSetting"
"VM","kyk-truenas","PASS","kyk-truenas: isolation.device.connectable.disable not configured and is using secure defaults ()","vm-8.isolation-device-connectable-deactivate","P2","Virtual machines must prevent unauthorized removal, connection and modification of devices.","TRUE or Undefined","VMCH-80-000197","N/A","Get-VM -Name $VM | Get-AdvancedSetting -Name isolation.device.connectable.disable | Remove-AdvancedSetting"
"VM","kyk-truenas","PASS","kyk-truenas: isolation.tools.diskWiper.disable not configured and is using secure defaults ()","vm-8.deactivate-disk-shrinking-wiper","P2","Virtual machines must have virtual disk wiping operations deactivated.","TRUE or Undefined","VMCH-80-000194","N/A","Get-VM -Name $VM | Get-AdvancedSetting -Name isolation.tools.diskWiper.disable | Remove-AdvancedSetting"
"VM","kyk-truenas","PASS","kyk-truenas: mks.enable3d not configured and is using secure defaults ()","vm-8.deactivate-non-essential-3d-features","P2","Virtual machines must have 3D graphics features deactivated when not required.","FALSE","VMCH-80-000202","N/A","Get-VM -Name $VM | Get-AdvancedSetting mks.enable3d | Set-AdvancedSetting -Value $false"
"VM","kyk-truenas","PASS","kyk-truenas: isolation.tools.diskShrink.disable not configured and is using secure defaults ()","vm-8.deactivate-disk-shrinking-shrink","P2","Virtual machines must have virtual disk shrinking operations deactivated.","TRUE or Undefined","VMCH-80-000193","N/A","Get-VM -Name $VM | Get-AdvancedSetting -Name isolation.tools.diskShrink.disable | Remove-AdvancedSetting"
"VM","kyk-truenas","PASS","kyk-truenas: isolation.tools.copy.disable not configured and is using secure defaults ()","vm-8.deactivate-console-copy","P2","Virtual machines must have console copy operations deactivated.","TRUE or Undefined","VMCH-80-000189","3.4.2","Get-VM -Name $VM | Get-AdvancedSetting -Name isolation.tools.copy.disable | Remove-AdvancedSetting"
"VM","kyk-truenas","PASS","kyk-truenas: sched.mem.pshare.salt not configured ().","vm-8.transparentpagesharing-inter-vm-enabled","P2","Virtual machines must restrict sharing of memory pages between VMs.","Not Present","VMCH-80-000199","N/A","Get-VM -Name $VM | Get-AdvancedSetting -Name sched.mem.pshare.salt | Remove-AdvancedSetting"
"VM","kyk-truenas","PASS","kyk-truenas: isolation.tools.dnd.disable not configured and is using secure defaults ()","vm-8.isolation-tools-dnd-deactivate","P2","Virtual machines must have console drag and drop operations deactivated.","TRUE or Undefined","VMCH-80-000191","N/A","Get-VM -Name $VM | Get-AdvancedSetting -Name isolation.tools.dnd.disable | Remove-AdvancedSetting"
"VM","kyk-truenas","PASS","kyk-truenas: log.keepOld not configured and is using secure defaults","vm-8.log-retention","P2","Virtual machines must limit the number of retained diagnostic logs.","10 or Undefined","VMCH-80-000206","10.5.1","Get-VM -Name $VM | Get-AdvancedSetting -Name log.keepOld | Remove-AdvancedSetting"
"VM","kyk-truenas","PASS","kyk-truenas: tools.setInfo.sizeLimit not configured and is using secure defaults","vm-8.limit-setinfo-size","P2","Virtual machines must limit informational messages from the virtual machine to the VMX file.","1048576 or Undefined","VMCH-80-000196","N/A","Get-VM -Name $VM | Get-AdvancedSetting -Name tools.setInfo.sizeLimit | Remove-AdvancedSetting"
"VM","kyk-truenas","PASS","kyk-truenas: log.rotateSize not configured and is using secure defaults","vm-8.log-rotation-size","P2","Virtual machines must limit the size of diagnostic logs.","2048000 or Undefined","VMCH-80-000205","10.5.1","Get-VM -Name $VM | Get-AdvancedSetting -Name log.rotateSize | Remove-AdvancedSetting"
"VM","kyk-truenas","FAIL","kyk-truenas: RemoteDisplay.maxConnections configured incorrectly (2, expected eq 1)","vm-8.limit-console-connections","P0","Virtual machines must limit console sharing.","1","VMCH-80-000195","N/A","Get-VM -Name $VM | Get-AdvancedSetting RemoteDisplay.maxConnections | Set-AdvancedSetting -Value 1"
"VM","kyk-truenas","FAIL","kyk-truenas: Encrypted vMotion defaults configured (opportunistic).","vm-8.vmotion-encrypted","P1","Virtual machines must require encryption for vMotion.","required","VMCH-80-000203","2.2.7
4.2.1","$VMview = Get-VM -Name $VM | Get-View  $ConfigSpec = New-Object VMware.Vim.VirtualMachineConfigSpec $ConfigSpec.MigrateEncryption = New-Object VMware.Vim.VirtualMachineConfigSpecEncryptedVMotionModes $ConfigSpec.MigrateEncryption = ""required"" $VMview.ReconfigVM_Task($ConfigSpec)"
"VM","kyk-truenas","FAIL","kyk-truenas: Encrypted Fault Tolerance defaults configured (ftEncryptionOpportunistic)","vm-8.ft-encrypted","P1","Virtual machines must require encryption for Fault Tolerance.","ftEncryptionRequired","VMCH-80-000204","2.2.7
4.2.1","$VMview = Get-VM -Name $VM | Get-View  $ConfigSpec = New-Object VMware.Vim.VirtualMachineConfigSpec $ConfigSpec.FtEncryptionMode = New-object VMware.Vim.VirtualMachineConfigSpecEncryptedFtModes $ConfigSpec.FtEncryptionMode = ""ftEncryptionRequired""  $VMview.ReconfigVM_Task($ConfigSpec)"
"VM","kyk-truenas","FAIL","kyk-truenas: Diagnostic logging not configured (False)","vm-8.log-enable","P2","Virtual machines must enable diagnostic logging.","TRUE","VMCH-80-000207","10.5.1","$VMview = Get-VM -Name $VM | Get-View  $ConfigSpec = New-Object VMware.Vim.VirtualMachineConfigSpec $ConfigSpec.Flags = New-Object VMware.Vim.VirtualMachineFlagInfo $ConfigSpec.Flags.EnableLogging = $true $VMview.ReconfigVM_Task($ConfigSpec)"
"VM","kyk-truenas","PASS","kyk-truenas: dvFilters not configured ()","vm-8.dvfilter","P2","Virtual machines must limit access through the ""dvfilter"" network Application Programming Interface (API).","Not Present","VMCH-80-000200","N/A","Get-VM -Name $VM | Get-AdvancedSetting ""ethernet*.filter*.name*"" | Remove-AdvancedSetting"
"VM","kyk-truenas","PASS","kyk-truenas: Passthrough hardware devices not configured","vm-8.pci-passthrough","P0","Virtual machines must limit PCI device passthrough functionality.","Not Present","VMCH-80-000214","N/A","Get-VM -Name $VM | Get-PassthroughDevice | Remove-PassthroughDevice"
"VM","kyk-truenas","FAIL","kyk-truenas: VirtualAHCIController device present. Evaluate and remove if not necessary.",,,,,,,
"VM","kyk-truenas","FAIL","kyk-truenas: VirtualCdrom device present. Evaluate and remove if not necessary.",,,,,,,
"VM","kyk-truenas","FAIL","kyk-truenas: VM permitted to boot from all possible sources. ()",,,,,,,
"VM","kyk-truenas","INFO","kyk-truenas: Audit of kyk-truenas completed at 2026-09-07 09:01:50",,,,,,,
"VM","kyk-window11","INFO","VMware Virtual Machine Security Settings Audit Utility 8.0.3",,,,,,,
"VM","kyk-window11","INFO","Audit of kyk-window11 started at 2026-09-07 09:01:50 from HCSVDI-28 by broadcom",,,,,,,
"VM","kyk-window11","INFO","EULA accepted.",,,,,,,
"VM","kyk-window11","PASS","kyk-window11: Secure Boot configured (True)",,,,,,,
"VM","kyk-window11","PASS","kyk-window11: VM is VM Hardware 21 (vSphere 8) (vmx-21)",,,,,,,
"VM","kyk-window11","PASS","kyk-window11: tools.guestlib.enableHostInfo not configured and is using secure defaults ()","vm-8.restrict-host-info","P2","Virtual machines must not be able to obtain host information from the hypervisor.","FALSE or Undefined","VMCH-80-000198","1.4.5","Get-VM -Name $VM | Get-AdvancedSetting tools.guestlib.enableHostInfo | Remove-AdvancedSetting"
"VM","kyk-window11","FAIL","kyk-window11: tools.guest.desktop.autolock configured incorrectly (FALSE)","vm-8.vmrc-lock","P0","Virtual machines must be configured to lock when the last console connection is closed.","TRUE","VMCH-80-000201","N/A","Get-VM -Name $VM | Get-AdvancedSetting -Name tools.guest.desktop.autolock | Set-AdvancedSetting -Value $true"
"VM","kyk-window11","PASS","kyk-window11: isolation.tools.paste.disable not configured and is using secure defaults ()","vm-8.deactivate-console-paste","P2","Virtual machines must have console paste operations deactivated.","TRUE or Undefined","VMCH-80-000192","3.4.2","Get-VM -Name $VM | Get-AdvancedSetting -Name isolation.tools.paste.disable | Remove-AdvancedSetting"
"VM","kyk-window11","PASS","kyk-window11: isolation.device.connectable.disable not configured and is using secure defaults ()","vm-8.isolation-device-connectable-deactivate","P2","Virtual machines must prevent unauthorized removal, connection and modification of devices.","TRUE or Undefined","VMCH-80-000197","N/A","Get-VM -Name $VM | Get-AdvancedSetting -Name isolation.device.connectable.disable | Remove-AdvancedSetting"
"VM","kyk-window11","PASS","kyk-window11: isolation.tools.diskWiper.disable not configured and is using secure defaults ()","vm-8.deactivate-disk-shrinking-wiper","P2","Virtual machines must have virtual disk wiping operations deactivated.","TRUE or Undefined","VMCH-80-000194","N/A","Get-VM -Name $VM | Get-AdvancedSetting -Name isolation.tools.diskWiper.disable | Remove-AdvancedSetting"
"VM","kyk-window11","PASS","kyk-window11: mks.enable3d not configured and is using secure defaults ()","vm-8.deactivate-non-essential-3d-features","P2","Virtual machines must have 3D graphics features deactivated when not required.","FALSE","VMCH-80-000202","N/A","Get-VM -Name $VM | Get-AdvancedSetting mks.enable3d | Set-AdvancedSetting -Value $false"
"VM","kyk-window11","PASS","kyk-window11: isolation.tools.diskShrink.disable not configured and is using secure defaults ()","vm-8.deactivate-disk-shrinking-shrink","P2","Virtual machines must have virtual disk shrinking operations deactivated.","TRUE or Undefined","VMCH-80-000193","N/A","Get-VM -Name $VM | Get-AdvancedSetting -Name isolation.tools.diskShrink.disable | Remove-AdvancedSetting"
"VM","kyk-window11","PASS","kyk-window11: isolation.tools.copy.disable not configured and is using secure defaults ()","vm-8.deactivate-console-copy","P2","Virtual machines must have console copy operations deactivated.","TRUE or Undefined","VMCH-80-000189","3.4.2","Get-VM -Name $VM | Get-AdvancedSetting -Name isolation.tools.copy.disable | Remove-AdvancedSetting"
"VM","kyk-window11","PASS","kyk-window11: sched.mem.pshare.salt not configured ().","vm-8.transparentpagesharing-inter-vm-enabled","P2","Virtual machines must restrict sharing of memory pages between VMs.","Not Present","VMCH-80-000199","N/A","Get-VM -Name $VM | Get-AdvancedSetting -Name sched.mem.pshare.salt | Remove-AdvancedSetting"
"VM","kyk-window11","PASS","kyk-window11: isolation.tools.dnd.disable not configured and is using secure defaults ()","vm-8.isolation-tools-dnd-deactivate","P2","Virtual machines must have console drag and drop operations deactivated.","TRUE or Undefined","VMCH-80-000191","N/A","Get-VM -Name $VM | Get-AdvancedSetting -Name isolation.tools.dnd.disable | Remove-AdvancedSetting"
"VM","kyk-window11","PASS","kyk-window11: log.keepOld not configured and is using secure defaults","vm-8.log-retention","P2","Virtual machines must limit the number of retained diagnostic logs.","10 or Undefined","VMCH-80-000206","10.5.1","Get-VM -Name $VM | Get-AdvancedSetting -Name log.keepOld | Remove-AdvancedSetting"
"VM","kyk-window11","PASS","kyk-window11: tools.setInfo.sizeLimit not configured and is using secure defaults","vm-8.limit-setinfo-size","P2","Virtual machines must limit informational messages from the virtual machine to the VMX file.","1048576 or Undefined","VMCH-80-000196","N/A","Get-VM -Name $VM | Get-AdvancedSetting -Name tools.setInfo.sizeLimit | Remove-AdvancedSetting"
"VM","kyk-window11","PASS","kyk-window11: log.rotateSize not configured and is using secure defaults","vm-8.log-rotation-size","P2","Virtual machines must limit the size of diagnostic logs.","2048000 or Undefined","VMCH-80-000205","10.5.1","Get-VM -Name $VM | Get-AdvancedSetting -Name log.rotateSize | Remove-AdvancedSetting"
"VM","kyk-window11","FAIL","kyk-window11: RemoteDisplay.maxConnections configured incorrectly (2, expected eq 1)","vm-8.limit-console-connections","P0","Virtual machines must limit console sharing.","1","VMCH-80-000195","N/A","Get-VM -Name $VM | Get-AdvancedSetting RemoteDisplay.maxConnections | Set-AdvancedSetting -Value 1"
"VM","kyk-window11","PASS","kyk-window11: Encrypted vMotion configured correctly (required)",,,,,,,
"VM","kyk-window11","PASS","kyk-window11: Encrypted Fault Tolerance configured correctly (ftEncryptionRequired)",,,,,,,
"VM","kyk-window11","FAIL","kyk-window11: Diagnostic logging not configured (False)","vm-8.log-enable","P2","Virtual machines must enable diagnostic logging.","TRUE","VMCH-80-000207","10.5.1","$VMview = Get-VM -Name $VM | Get-View  $ConfigSpec = New-Object VMware.Vim.VirtualMachineConfigSpec $ConfigSpec.Flags = New-Object VMware.Vim.VirtualMachineFlagInfo $ConfigSpec.Flags.EnableLogging = $true $VMview.ReconfigVM_Task($ConfigSpec)"
"VM","kyk-window11","PASS","kyk-window11: dvFilters not configured ()","vm-8.dvfilter","P2","Virtual machines must limit access through the ""dvfilter"" network Application Programming Interface (API).","Not Present","VMCH-80-000200","N/A","Get-VM -Name $VM | Get-AdvancedSetting ""ethernet*.filter*.name*"" | Remove-AdvancedSetting"
"VM","kyk-window11","PASS","kyk-window11: Passthrough hardware devices not configured","vm-8.pci-passthrough","P0","Virtual machines must limit PCI device passthrough functionality.","Not Present","VMCH-80-000214","N/A","Get-VM -Name $VM | Get-PassthroughDevice | Remove-PassthroughDevice"
"VM","kyk-window11","FAIL","kyk-window11: VirtualUSBXHCIController device present. Evaluate and remove if not necessary.",,,,,,,
"VM","kyk-window11","FAIL","kyk-window11: VirtualAHCIController device present. Evaluate and remove if not necessary.",,,,,,,
"VM","kyk-window11","FAIL","kyk-window11: VirtualCdrom device present. Evaluate and remove if not necessary.",,,,,,,
"VM","kyk-window11","FAIL","kyk-window11: VM permitted to boot from all possible sources. ()",,,,,,,
"VM","kyk-window11","INFO","kyk-window11: Audit of kyk-window11 completed at 2026-09-07 09:01:51",,,,,,,
"VM","md-esxi01","INFO","VMware Virtual Machine Security Settings Audit Utility 8.0.3",,,,,,,
"VM","md-esxi01","INFO","Audit of md-esxi01 started at 2026-09-07 09:01:51 from HCSVDI-28 by broadcom",,,,,,,
"VM","md-esxi01","INFO","EULA accepted.",,,,,,,
"VM","md-esxi01","FAIL","md-esxi01: VM does not have Secure Boot configured (False)","guest-8.secure-boot","P0","The guest OS must enable Secure Boot.","TRUE","N/A","5.2.3","$VMobj = (Get-VM -Name $VM) $ConfigSpec = New-Object VMware.Vim.VirtualMachineConfigSpec $bootOptions = New-Object VMware.Vim.VirtualMachineBootOptions $bootOptions.EfiSecureBootEnabled = $true $ConfigSpec.BootOptions = $bootOptions $task = $VMobj.ExtensionData.ReconfigVM_Task($ConfigSpec)"
"VM","md-esxi01","PASS","md-esxi01: VM is VM Hardware 21 (vSphere 8) (vmx-21)",,,,,,,
"VM","md-esxi01","PASS","md-esxi01: tools.guestlib.enableHostInfo not configured and is using secure defaults ()","vm-8.restrict-host-info","P2","Virtual machines must not be able to obtain host information from the hypervisor.","FALSE or Undefined","VMCH-80-000198","1.4.5","Get-VM -Name $VM | Get-AdvancedSetting tools.guestlib.enableHostInfo | Remove-AdvancedSetting"
"VM","md-esxi01","PASS","md-esxi01: tools.guest.desktop.autolock configured correctly (TRUE)","vm-8.vmrc-lock","P0","Virtual machines must be configured to lock when the last console connection is closed.","TRUE","VMCH-80-000201","N/A","Get-VM -Name $VM | Get-AdvancedSetting -Name tools.guest.desktop.autolock | Set-AdvancedSetting -Value $true"
"VM","md-esxi01","PASS","md-esxi01: isolation.tools.paste.disable not configured and is using secure defaults ()","vm-8.deactivate-console-paste","P2","Virtual machines must have console paste operations deactivated.","TRUE or Undefined","VMCH-80-000192","3.4.2","Get-VM -Name $VM | Get-AdvancedSetting -Name isolation.tools.paste.disable | Remove-AdvancedSetting"
"VM","md-esxi01","PASS","md-esxi01: isolation.device.connectable.disable not configured and is using secure defaults ()","vm-8.isolation-device-connectable-deactivate","P2","Virtual machines must prevent unauthorized removal, connection and modification of devices.","TRUE or Undefined","VMCH-80-000197","N/A","Get-VM -Name $VM | Get-AdvancedSetting -Name isolation.device.connectable.disable | Remove-AdvancedSetting"
"VM","md-esxi01","PASS","md-esxi01: isolation.tools.diskWiper.disable not configured and is using secure defaults ()","vm-8.deactivate-disk-shrinking-wiper","P2","Virtual machines must have virtual disk wiping operations deactivated.","TRUE or Undefined","VMCH-80-000194","N/A","Get-VM -Name $VM | Get-AdvancedSetting -Name isolation.tools.diskWiper.disable | Remove-AdvancedSetting"
"VM","md-esxi01","PASS","md-esxi01: mks.enable3d not configured and is using secure defaults ()","vm-8.deactivate-non-essential-3d-features","P2","Virtual machines must have 3D graphics features deactivated when not required.","FALSE","VMCH-80-000202","N/A","Get-VM -Name $VM | Get-AdvancedSetting mks.enable3d | Set-AdvancedSetting -Value $false"
"VM","md-esxi01","PASS","md-esxi01: isolation.tools.diskShrink.disable not configured and is using secure defaults ()","vm-8.deactivate-disk-shrinking-shrink","P2","Virtual machines must have virtual disk shrinking operations deactivated.","TRUE or Undefined","VMCH-80-000193","N/A","Get-VM -Name $VM | Get-AdvancedSetting -Name isolation.tools.diskShrink.disable | Remove-AdvancedSetting"
"VM","md-esxi01","PASS","md-esxi01: isolation.tools.copy.disable not configured and is using secure defaults ()","vm-8.deactivate-console-copy","P2","Virtual machines must have console copy operations deactivated.","TRUE or Undefined","VMCH-80-000189","3.4.2","Get-VM -Name $VM | Get-AdvancedSetting -Name isolation.tools.copy.disable | Remove-AdvancedSetting"
"VM","md-esxi01","PASS","md-esxi01: sched.mem.pshare.salt not configured ().","vm-8.transparentpagesharing-inter-vm-enabled","P2","Virtual machines must restrict sharing of memory pages between VMs.","Not Present","VMCH-80-000199","N/A","Get-VM -Name $VM | Get-AdvancedSetting -Name sched.mem.pshare.salt | Remove-AdvancedSetting"
"VM","md-esxi01","PASS","md-esxi01: isolation.tools.dnd.disable not configured and is using secure defaults ()","vm-8.isolation-tools-dnd-deactivate","P2","Virtual machines must have console drag and drop operations deactivated.","TRUE or Undefined","VMCH-80-000191","N/A","Get-VM -Name $VM | Get-AdvancedSetting -Name isolation.tools.dnd.disable | Remove-AdvancedSetting"
"VM","md-esxi01","PASS","md-esxi01: log.keepOld not configured and is using secure defaults","vm-8.log-retention","P2","Virtual machines must limit the number of retained diagnostic logs.","10 or Undefined","VMCH-80-000206","10.5.1","Get-VM -Name $VM | Get-AdvancedSetting -Name log.keepOld | Remove-AdvancedSetting"
"VM","md-esxi01","PASS","md-esxi01: tools.setInfo.sizeLimit not configured and is using secure defaults","vm-8.limit-setinfo-size","P2","Virtual machines must limit informational messages from the virtual machine to the VMX file.","1048576 or Undefined","VMCH-80-000196","N/A","Get-VM -Name $VM | Get-AdvancedSetting -Name tools.setInfo.sizeLimit | Remove-AdvancedSetting"
"VM","md-esxi01","PASS","md-esxi01: log.rotateSize not configured and is using secure defaults","vm-8.log-rotation-size","P2","Virtual machines must limit the size of diagnostic logs.","2048000 or Undefined","VMCH-80-000205","10.5.1","Get-VM -Name $VM | Get-AdvancedSetting -Name log.rotateSize | Remove-AdvancedSetting"
"VM","md-esxi01","FAIL","md-esxi01: RemoteDisplay.maxConnections configured incorrectly (-1, expected eq 1)","vm-8.limit-console-connections","P0","Virtual machines must limit console sharing.","1","VMCH-80-000195","N/A","Get-VM -Name $VM | Get-AdvancedSetting RemoteDisplay.maxConnections | Set-AdvancedSetting -Value 1"
"VM","md-esxi01","FAIL","md-esxi01: Encrypted vMotion defaults configured (opportunistic).","vm-8.vmotion-encrypted","P1","Virtual machines must require encryption for vMotion.","required","VMCH-80-000203","2.2.7
4.2.1","$VMview = Get-VM -Name $VM | Get-View  $ConfigSpec = New-Object VMware.Vim.VirtualMachineConfigSpec $ConfigSpec.MigrateEncryption = New-Object VMware.Vim.VirtualMachineConfigSpecEncryptedVMotionModes $ConfigSpec.MigrateEncryption = ""required"" $VMview.ReconfigVM_Task($ConfigSpec)"
"VM","md-esxi01","FAIL","md-esxi01: Encrypted Fault Tolerance defaults configured (ftEncryptionOpportunistic)","vm-8.ft-encrypted","P1","Virtual machines must require encryption for Fault Tolerance.","ftEncryptionRequired","VMCH-80-000204","2.2.7
4.2.1","$VMview = Get-VM -Name $VM | Get-View  $ConfigSpec = New-Object VMware.Vim.VirtualMachineConfigSpec $ConfigSpec.FtEncryptionMode = New-object VMware.Vim.VirtualMachineConfigSpecEncryptedFtModes $ConfigSpec.FtEncryptionMode = ""ftEncryptionRequired""  $VMview.ReconfigVM_Task($ConfigSpec)"
"VM","md-esxi01","PASS","md-esxi01: Diagnostic logging configured correctly (True)","vm-8.log-enable","P2","Virtual machines must enable diagnostic logging.","TRUE","VMCH-80-000207","10.5.1","$VMview = Get-VM -Name $VM | Get-View  $ConfigSpec = New-Object VMware.Vim.VirtualMachineConfigSpec $ConfigSpec.Flags = New-Object VMware.Vim.VirtualMachineFlagInfo $ConfigSpec.Flags.EnableLogging = $true $VMview.ReconfigVM_Task($ConfigSpec)"
"VM","md-esxi01","PASS","md-esxi01: dvFilters not configured ()","vm-8.dvfilter","P2","Virtual machines must limit access through the ""dvfilter"" network Application Programming Interface (API).","Not Present","VMCH-80-000200","N/A","Get-VM -Name $VM | Get-AdvancedSetting ""ethernet*.filter*.name*"" | Remove-AdvancedSetting"
"VM","md-esxi01","PASS","md-esxi01: Passthrough hardware devices not configured","vm-8.pci-passthrough","P0","Virtual machines must limit PCI device passthrough functionality.","Not Present","VMCH-80-000214","N/A","Get-VM -Name $VM | Get-PassthroughDevice | Remove-PassthroughDevice"
"VM","md-esxi01","FAIL","md-esxi01: VirtualCdrom device present. Evaluate and remove if not necessary.",,,,,,,
"VM","md-esxi01","FAIL","md-esxi01: VM permitted to boot from all possible sources. ()",,,,,,,
"VM","md-esxi01","INFO","md-esxi01: Audit of md-esxi01 completed at 2026-09-07 09:01:52",,,,,,,
"VM","md-esxi02","INFO","VMware Virtual Machine Security Settings Audit Utility 8.0.3",,,,,,,
"VM","md-esxi02","INFO","Audit of md-esxi02 started at 2026-09-07 09:01:52 from HCSVDI-28 by broadcom",,,,,,,
"VM","md-esxi02","INFO","EULA accepted.",,,,,,,
"VM","md-esxi02","FAIL","md-esxi02: VM does not have Secure Boot configured (False)","guest-8.secure-boot","P0","The guest OS must enable Secure Boot.","TRUE","N/A","5.2.3","$VMobj = (Get-VM -Name $VM) $ConfigSpec = New-Object VMware.Vim.VirtualMachineConfigSpec $bootOptions = New-Object VMware.Vim.VirtualMachineBootOptions $bootOptions.EfiSecureBootEnabled = $true $ConfigSpec.BootOptions = $bootOptions $task = $VMobj.ExtensionData.ReconfigVM_Task($ConfigSpec)"
"VM","md-esxi02","PASS","md-esxi02: VM is VM Hardware 21 (vSphere 8) (vmx-21)",,,,,,,
"VM","md-esxi02","PASS","md-esxi02: tools.guestlib.enableHostInfo not configured and is using secure defaults ()","vm-8.restrict-host-info","P2","Virtual machines must not be able to obtain host information from the hypervisor.","FALSE or Undefined","VMCH-80-000198","1.4.5","Get-VM -Name $VM | Get-AdvancedSetting tools.guestlib.enableHostInfo | Remove-AdvancedSetting"
"VM","md-esxi02","PASS","md-esxi02: tools.guest.desktop.autolock configured correctly (TRUE)","vm-8.vmrc-lock","P0","Virtual machines must be configured to lock when the last console connection is closed.","TRUE","VMCH-80-000201","N/A","Get-VM -Name $VM | Get-AdvancedSetting -Name tools.guest.desktop.autolock | Set-AdvancedSetting -Value $true"
"VM","md-esxi02","PASS","md-esxi02: isolation.tools.paste.disable not configured and is using secure defaults ()","vm-8.deactivate-console-paste","P2","Virtual machines must have console paste operations deactivated.","TRUE or Undefined","VMCH-80-000192","3.4.2","Get-VM -Name $VM | Get-AdvancedSetting -Name isolation.tools.paste.disable | Remove-AdvancedSetting"
"VM","md-esxi02","PASS","md-esxi02: isolation.device.connectable.disable not configured and is using secure defaults ()","vm-8.isolation-device-connectable-deactivate","P2","Virtual machines must prevent unauthorized removal, connection and modification of devices.","TRUE or Undefined","VMCH-80-000197","N/A","Get-VM -Name $VM | Get-AdvancedSetting -Name isolation.device.connectable.disable | Remove-AdvancedSetting"
"VM","md-esxi02","PASS","md-esxi02: isolation.tools.diskWiper.disable not configured and is using secure defaults ()","vm-8.deactivate-disk-shrinking-wiper","P2","Virtual machines must have virtual disk wiping operations deactivated.","TRUE or Undefined","VMCH-80-000194","N/A","Get-VM -Name $VM | Get-AdvancedSetting -Name isolation.tools.diskWiper.disable | Remove-AdvancedSetting"
"VM","md-esxi02","PASS","md-esxi02: mks.enable3d not configured and is using secure defaults ()","vm-8.deactivate-non-essential-3d-features","P2","Virtual machines must have 3D graphics features deactivated when not required.","FALSE","VMCH-80-000202","N/A","Get-VM -Name $VM | Get-AdvancedSetting mks.enable3d | Set-AdvancedSetting -Value $false"
"VM","md-esxi02","PASS","md-esxi02: isolation.tools.diskShrink.disable not configured and is using secure defaults ()","vm-8.deactivate-disk-shrinking-shrink","P2","Virtual machines must have virtual disk shrinking operations deactivated.","TRUE or Undefined","VMCH-80-000193","N/A","Get-VM -Name $VM | Get-AdvancedSetting -Name isolation.tools.diskShrink.disable | Remove-AdvancedSetting"
"VM","md-esxi02","PASS","md-esxi02: isolation.tools.copy.disable not configured and is using secure defaults ()","vm-8.deactivate-console-copy","P2","Virtual machines must have console copy operations deactivated.","TRUE or Undefined","VMCH-80-000189","3.4.2","Get-VM -Name $VM | Get-AdvancedSetting -Name isolation.tools.copy.disable | Remove-AdvancedSetting"
"VM","md-esxi02","PASS","md-esxi02: sched.mem.pshare.salt not configured ().","vm-8.transparentpagesharing-inter-vm-enabled","P2","Virtual machines must restrict sharing of memory pages between VMs.","Not Present","VMCH-80-000199","N/A","Get-VM -Name $VM | Get-AdvancedSetting -Name sched.mem.pshare.salt | Remove-AdvancedSetting"
"VM","md-esxi02","PASS","md-esxi02: isolation.tools.dnd.disable not configured and is using secure defaults ()","vm-8.isolation-tools-dnd-deactivate","P2","Virtual machines must have console drag and drop operations deactivated.","TRUE or Undefined","VMCH-80-000191","N/A","Get-VM -Name $VM | Get-AdvancedSetting -Name isolation.tools.dnd.disable | Remove-AdvancedSetting"
"VM","md-esxi02","PASS","md-esxi02: log.keepOld not configured and is using secure defaults","vm-8.log-retention","P2","Virtual machines must limit the number of retained diagnostic logs.","10 or Undefined","VMCH-80-000206","10.5.1","Get-VM -Name $VM | Get-AdvancedSetting -Name log.keepOld | Remove-AdvancedSetting"
"VM","md-esxi02","PASS","md-esxi02: tools.setInfo.sizeLimit not configured and is using secure defaults","vm-8.limit-setinfo-size","P2","Virtual machines must limit informational messages from the virtual machine to the VMX file.","1048576 or Undefined","VMCH-80-000196","N/A","Get-VM -Name $VM | Get-AdvancedSetting -Name tools.setInfo.sizeLimit | Remove-AdvancedSetting"
"VM","md-esxi02","PASS","md-esxi02: log.rotateSize not configured and is using secure defaults","vm-8.log-rotation-size","P2","Virtual machines must limit the size of diagnostic logs.","2048000 or Undefined","VMCH-80-000205","10.5.1","Get-VM -Name $VM | Get-AdvancedSetting -Name log.rotateSize | Remove-AdvancedSetting"
"VM","md-esxi02","FAIL","md-esxi02: RemoteDisplay.maxConnections configured incorrectly (-1, expected eq 1)","vm-8.limit-console-connections","P0","Virtual machines must limit console sharing.","1","VMCH-80-000195","N/A","Get-VM -Name $VM | Get-AdvancedSetting RemoteDisplay.maxConnections | Set-AdvancedSetting -Value 1"
"VM","md-esxi02","FAIL","md-esxi02: Encrypted vMotion defaults configured (opportunistic).","vm-8.vmotion-encrypted","P1","Virtual machines must require encryption for vMotion.","required","VMCH-80-000203","2.2.7
4.2.1","$VMview = Get-VM -Name $VM | Get-View  $ConfigSpec = New-Object VMware.Vim.VirtualMachineConfigSpec $ConfigSpec.MigrateEncryption = New-Object VMware.Vim.VirtualMachineConfigSpecEncryptedVMotionModes $ConfigSpec.MigrateEncryption = ""required"" $VMview.ReconfigVM_Task($ConfigSpec)"
"VM","md-esxi02","FAIL","md-esxi02: Encrypted Fault Tolerance defaults configured (ftEncryptionOpportunistic)","vm-8.ft-encrypted","P1","Virtual machines must require encryption for Fault Tolerance.","ftEncryptionRequired","VMCH-80-000204","2.2.7
4.2.1","$VMview = Get-VM -Name $VM | Get-View  $ConfigSpec = New-Object VMware.Vim.VirtualMachineConfigSpec $ConfigSpec.FtEncryptionMode = New-object VMware.Vim.VirtualMachineConfigSpecEncryptedFtModes $ConfigSpec.FtEncryptionMode = ""ftEncryptionRequired""  $VMview.ReconfigVM_Task($ConfigSpec)"
"VM","md-esxi02","PASS","md-esxi02: Diagnostic logging configured correctly (True)","vm-8.log-enable","P2","Virtual machines must enable diagnostic logging.","TRUE","VMCH-80-000207","10.5.1","$VMview = Get-VM -Name $VM | Get-View  $ConfigSpec = New-Object VMware.Vim.VirtualMachineConfigSpec $ConfigSpec.Flags = New-Object VMware.Vim.VirtualMachineFlagInfo $ConfigSpec.Flags.EnableLogging = $true $VMview.ReconfigVM_Task($ConfigSpec)"
"VM","md-esxi02","PASS","md-esxi02: dvFilters not configured ()","vm-8.dvfilter","P2","Virtual machines must limit access through the ""dvfilter"" network Application Programming Interface (API).","Not Present","VMCH-80-000200","N/A","Get-VM -Name $VM | Get-AdvancedSetting ""ethernet*.filter*.name*"" | Remove-AdvancedSetting"
"VM","md-esxi02","PASS","md-esxi02: Passthrough hardware devices not configured","vm-8.pci-passthrough","P0","Virtual machines must limit PCI device passthrough functionality.","Not Present","VMCH-80-000214","N/A","Get-VM -Name $VM | Get-PassthroughDevice | Remove-PassthroughDevice"
"VM","md-esxi02","FAIL","md-esxi02: VirtualCdrom device present. Evaluate and remove if not necessary.",,,,,,,
"VM","md-esxi02","FAIL","md-esxi02: VM permitted to boot from all possible sources. ()",,,,,,,
"VM","md-esxi02","INFO","md-esxi02: Audit of md-esxi02 completed at 2026-09-07 09:01:52",,,,,,,
"VM","md-esxi03","INFO","VMware Virtual Machine Security Settings Audit Utility 8.0.3",,,,,,,
"VM","md-esxi03","INFO","Audit of md-esxi03 started at 2026-09-07 09:01:52 from HCSVDI-28 by broadcom",,,,,,,
"VM","md-esxi03","INFO","EULA accepted.",,,,,,,
"VM","md-esxi03","FAIL","md-esxi03: VM does not have Secure Boot configured (False)","guest-8.secure-boot","P0","The guest OS must enable Secure Boot.","TRUE","N/A","5.2.3","$VMobj = (Get-VM -Name $VM) $ConfigSpec = New-Object VMware.Vim.VirtualMachineConfigSpec $bootOptions = New-Object VMware.Vim.VirtualMachineBootOptions $bootOptions.EfiSecureBootEnabled = $true $ConfigSpec.BootOptions = $bootOptions $task = $VMobj.ExtensionData.ReconfigVM_Task($ConfigSpec)"
"VM","md-esxi03","PASS","md-esxi03: VM is VM Hardware 21 (vSphere 8) (vmx-21)",,,,,,,
"VM","md-esxi03","PASS","md-esxi03: tools.guestlib.enableHostInfo not configured and is using secure defaults ()","vm-8.restrict-host-info","P2","Virtual machines must not be able to obtain host information from the hypervisor.","FALSE or Undefined","VMCH-80-000198","1.4.5","Get-VM -Name $VM | Get-AdvancedSetting tools.guestlib.enableHostInfo | Remove-AdvancedSetting"
"VM","md-esxi03","PASS","md-esxi03: tools.guest.desktop.autolock configured correctly (TRUE)","vm-8.vmrc-lock","P0","Virtual machines must be configured to lock when the last console connection is closed.","TRUE","VMCH-80-000201","N/A","Get-VM -Name $VM | Get-AdvancedSetting -Name tools.guest.desktop.autolock | Set-AdvancedSetting -Value $true"
"VM","md-esxi03","PASS","md-esxi03: isolation.tools.paste.disable not configured and is using secure defaults ()","vm-8.deactivate-console-paste","P2","Virtual machines must have console paste operations deactivated.","TRUE or Undefined","VMCH-80-000192","3.4.2","Get-VM -Name $VM | Get-AdvancedSetting -Name isolation.tools.paste.disable | Remove-AdvancedSetting"
"VM","md-esxi03","PASS","md-esxi03: isolation.device.connectable.disable not configured and is using secure defaults ()","vm-8.isolation-device-connectable-deactivate","P2","Virtual machines must prevent unauthorized removal, connection and modification of devices.","TRUE or Undefined","VMCH-80-000197","N/A","Get-VM -Name $VM | Get-AdvancedSetting -Name isolation.device.connectable.disable | Remove-AdvancedSetting"
"VM","md-esxi03","PASS","md-esxi03: isolation.tools.diskWiper.disable not configured and is using secure defaults ()","vm-8.deactivate-disk-shrinking-wiper","P2","Virtual machines must have virtual disk wiping operations deactivated.","TRUE or Undefined","VMCH-80-000194","N/A","Get-VM -Name $VM | Get-AdvancedSetting -Name isolation.tools.diskWiper.disable | Remove-AdvancedSetting"
"VM","md-esxi03","PASS","md-esxi03: mks.enable3d not configured and is using secure defaults ()","vm-8.deactivate-non-essential-3d-features","P2","Virtual machines must have 3D graphics features deactivated when not required.","FALSE","VMCH-80-000202","N/A","Get-VM -Name $VM | Get-AdvancedSetting mks.enable3d | Set-AdvancedSetting -Value $false"
"VM","md-esxi03","PASS","md-esxi03: isolation.tools.diskShrink.disable not configured and is using secure defaults ()","vm-8.deactivate-disk-shrinking-shrink","P2","Virtual machines must have virtual disk shrinking operations deactivated.","TRUE or Undefined","VMCH-80-000193","N/A","Get-VM -Name $VM | Get-AdvancedSetting -Name isolation.tools.diskShrink.disable | Remove-AdvancedSetting"
"VM","md-esxi03","PASS","md-esxi03: isolation.tools.copy.disable not configured and is using secure defaults ()","vm-8.deactivate-console-copy","P2","Virtual machines must have console copy operations deactivated.","TRUE or Undefined","VMCH-80-000189","3.4.2","Get-VM -Name $VM | Get-AdvancedSetting -Name isolation.tools.copy.disable | Remove-AdvancedSetting"
"VM","md-esxi03","PASS","md-esxi03: sched.mem.pshare.salt not configured ().","vm-8.transparentpagesharing-inter-vm-enabled","P2","Virtual machines must restrict sharing of memory pages between VMs.","Not Present","VMCH-80-000199","N/A","Get-VM -Name $VM | Get-AdvancedSetting -Name sched.mem.pshare.salt | Remove-AdvancedSetting"
"VM","md-esxi03","PASS","md-esxi03: isolation.tools.dnd.disable not configured and is using secure defaults ()","vm-8.isolation-tools-dnd-deactivate","P2","Virtual machines must have console drag and drop operations deactivated.","TRUE or Undefined","VMCH-80-000191","N/A","Get-VM -Name $VM | Get-AdvancedSetting -Name isolation.tools.dnd.disable | Remove-AdvancedSetting"
"VM","md-esxi03","PASS","md-esxi03: log.keepOld not configured and is using secure defaults","vm-8.log-retention","P2","Virtual machines must limit the number of retained diagnostic logs.","10 or Undefined","VMCH-80-000206","10.5.1","Get-VM -Name $VM | Get-AdvancedSetting -Name log.keepOld | Remove-AdvancedSetting"
"VM","md-esxi03","PASS","md-esxi03: tools.setInfo.sizeLimit not configured and is using secure defaults","vm-8.limit-setinfo-size","P2","Virtual machines must limit informational messages from the virtual machine to the VMX file.","1048576 or Undefined","VMCH-80-000196","N/A","Get-VM -Name $VM | Get-AdvancedSetting -Name tools.setInfo.sizeLimit | Remove-AdvancedSetting"
"VM","md-esxi03","PASS","md-esxi03: log.rotateSize not configured and is using secure defaults","vm-8.log-rotation-size","P2","Virtual machines must limit the size of diagnostic logs.","2048000 or Undefined","VMCH-80-000205","10.5.1","Get-VM -Name $VM | Get-AdvancedSetting -Name log.rotateSize | Remove-AdvancedSetting"
"VM","md-esxi03","FAIL","md-esxi03: RemoteDisplay.maxConnections configured incorrectly (-1, expected eq 1)","vm-8.limit-console-connections","P0","Virtual machines must limit console sharing.","1","VMCH-80-000195","N/A","Get-VM -Name $VM | Get-AdvancedSetting RemoteDisplay.maxConnections | Set-AdvancedSetting -Value 1"
"VM","md-esxi03","FAIL","md-esxi03: Encrypted vMotion defaults configured (opportunistic).","vm-8.vmotion-encrypted","P1","Virtual machines must require encryption for vMotion.","required","VMCH-80-000203","2.2.7
4.2.1","$VMview = Get-VM -Name $VM | Get-View  $ConfigSpec = New-Object VMware.Vim.VirtualMachineConfigSpec $ConfigSpec.MigrateEncryption = New-Object VMware.Vim.VirtualMachineConfigSpecEncryptedVMotionModes $ConfigSpec.MigrateEncryption = ""required"" $VMview.ReconfigVM_Task($ConfigSpec)"
"VM","md-esxi03","FAIL","md-esxi03: Encrypted Fault Tolerance defaults configured (ftEncryptionOpportunistic)","vm-8.ft-encrypted","P1","Virtual machines must require encryption for Fault Tolerance.","ftEncryptionRequired","VMCH-80-000204","2.2.7
4.2.1","$VMview = Get-VM -Name $VM | Get-View  $ConfigSpec = New-Object VMware.Vim.VirtualMachineConfigSpec $ConfigSpec.FtEncryptionMode = New-object VMware.Vim.VirtualMachineConfigSpecEncryptedFtModes $ConfigSpec.FtEncryptionMode = ""ftEncryptionRequired""  $VMview.ReconfigVM_Task($ConfigSpec)"
"VM","md-esxi03","PASS","md-esxi03: Diagnostic logging configured correctly (True)","vm-8.log-enable","P2","Virtual machines must enable diagnostic logging.","TRUE","VMCH-80-000207","10.5.1","$VMview = Get-VM -Name $VM | Get-View  $ConfigSpec = New-Object VMware.Vim.VirtualMachineConfigSpec $ConfigSpec.Flags = New-Object VMware.Vim.VirtualMachineFlagInfo $ConfigSpec.Flags.EnableLogging = $true $VMview.ReconfigVM_Task($ConfigSpec)"
"VM","md-esxi03","PASS","md-esxi03: dvFilters not configured ()","vm-8.dvfilter","P2","Virtual machines must limit access through the ""dvfilter"" network Application Programming Interface (API).","Not Present","VMCH-80-000200","N/A","Get-VM -Name $VM | Get-AdvancedSetting ""ethernet*.filter*.name*"" | Remove-AdvancedSetting"
"VM","md-esxi03","PASS","md-esxi03: Passthrough hardware devices not configured","vm-8.pci-passthrough","P0","Virtual machines must limit PCI device passthrough functionality.","Not Present","VMCH-80-000214","N/A","Get-VM -Name $VM | Get-PassthroughDevice | Remove-PassthroughDevice"
"VM","md-esxi03","FAIL","md-esxi03: VirtualCdrom device present. Evaluate and remove if not necessary.",,,,,,,
"VM","md-esxi03","FAIL","md-esxi03: VM permitted to boot from all possible sources. ()",,,,,,,
"VM","md-esxi03","INFO","md-esxi03: Audit of md-esxi03 completed at 2026-09-07 09:01:53",,,,,,,
"VM","md-esxi04","INFO","VMware Virtual Machine Security Settings Audit Utility 8.0.3",,,,,,,
"VM","md-esxi04","INFO","Audit of md-esxi04 started at 2026-09-07 09:01:53 from HCSVDI-28 by broadcom",,,,,,,
"VM","md-esxi04","INFO","EULA accepted.",,,,,,,
"VM","md-esxi04","FAIL","md-esxi04: VM does not have Secure Boot configured (False)","guest-8.secure-boot","P0","The guest OS must enable Secure Boot.","TRUE","N/A","5.2.3","$VMobj = (Get-VM -Name $VM) $ConfigSpec = New-Object VMware.Vim.VirtualMachineConfigSpec $bootOptions = New-Object VMware.Vim.VirtualMachineBootOptions $bootOptions.EfiSecureBootEnabled = $true $ConfigSpec.BootOptions = $bootOptions $task = $VMobj.ExtensionData.ReconfigVM_Task($ConfigSpec)"
"VM","md-esxi04","PASS","md-esxi04: VM is VM Hardware 21 (vSphere 8) (vmx-21)",,,,,,,
"VM","md-esxi04","PASS","md-esxi04: tools.guestlib.enableHostInfo not configured and is using secure defaults ()","vm-8.restrict-host-info","P2","Virtual machines must not be able to obtain host information from the hypervisor.","FALSE or Undefined","VMCH-80-000198","1.4.5","Get-VM -Name $VM | Get-AdvancedSetting tools.guestlib.enableHostInfo | Remove-AdvancedSetting"
"VM","md-esxi04","PASS","md-esxi04: tools.guest.desktop.autolock configured correctly (TRUE)","vm-8.vmrc-lock","P0","Virtual machines must be configured to lock when the last console connection is closed.","TRUE","VMCH-80-000201","N/A","Get-VM -Name $VM | Get-AdvancedSetting -Name tools.guest.desktop.autolock | Set-AdvancedSetting -Value $true"
"VM","md-esxi04","PASS","md-esxi04: isolation.tools.paste.disable not configured and is using secure defaults ()","vm-8.deactivate-console-paste","P2","Virtual machines must have console paste operations deactivated.","TRUE or Undefined","VMCH-80-000192","3.4.2","Get-VM -Name $VM | Get-AdvancedSetting -Name isolation.tools.paste.disable | Remove-AdvancedSetting"
"VM","md-esxi04","PASS","md-esxi04: isolation.device.connectable.disable not configured and is using secure defaults ()","vm-8.isolation-device-connectable-deactivate","P2","Virtual machines must prevent unauthorized removal, connection and modification of devices.","TRUE or Undefined","VMCH-80-000197","N/A","Get-VM -Name $VM | Get-AdvancedSetting -Name isolation.device.connectable.disable | Remove-AdvancedSetting"
"VM","md-esxi04","PASS","md-esxi04: isolation.tools.diskWiper.disable not configured and is using secure defaults ()","vm-8.deactivate-disk-shrinking-wiper","P2","Virtual machines must have virtual disk wiping operations deactivated.","TRUE or Undefined","VMCH-80-000194","N/A","Get-VM -Name $VM | Get-AdvancedSetting -Name isolation.tools.diskWiper.disable | Remove-AdvancedSetting"
"VM","md-esxi04","PASS","md-esxi04: mks.enable3d not configured and is using secure defaults ()","vm-8.deactivate-non-essential-3d-features","P2","Virtual machines must have 3D graphics features deactivated when not required.","FALSE","VMCH-80-000202","N/A","Get-VM -Name $VM | Get-AdvancedSetting mks.enable3d | Set-AdvancedSetting -Value $false"
"VM","md-esxi04","PASS","md-esxi04: isolation.tools.diskShrink.disable not configured and is using secure defaults ()","vm-8.deactivate-disk-shrinking-shrink","P2","Virtual machines must have virtual disk shrinking operations deactivated.","TRUE or Undefined","VMCH-80-000193","N/A","Get-VM -Name $VM | Get-AdvancedSetting -Name isolation.tools.diskShrink.disable | Remove-AdvancedSetting"
"VM","md-esxi04","PASS","md-esxi04: isolation.tools.copy.disable not configured and is using secure defaults ()","vm-8.deactivate-console-copy","P2","Virtual machines must have console copy operations deactivated.","TRUE or Undefined","VMCH-80-000189","3.4.2","Get-VM -Name $VM | Get-AdvancedSetting -Name isolation.tools.copy.disable | Remove-AdvancedSetting"
"VM","md-esxi04","PASS","md-esxi04: sched.mem.pshare.salt not configured ().","vm-8.transparentpagesharing-inter-vm-enabled","P2","Virtual machines must restrict sharing of memory pages between VMs.","Not Present","VMCH-80-000199","N/A","Get-VM -Name $VM | Get-AdvancedSetting -Name sched.mem.pshare.salt | Remove-AdvancedSetting"
"VM","md-esxi04","PASS","md-esxi04: isolation.tools.dnd.disable not configured and is using secure defaults ()","vm-8.isolation-tools-dnd-deactivate","P2","Virtual machines must have console drag and drop operations deactivated.","TRUE or Undefined","VMCH-80-000191","N/A","Get-VM -Name $VM | Get-AdvancedSetting -Name isolation.tools.dnd.disable | Remove-AdvancedSetting"
"VM","md-esxi04","PASS","md-esxi04: log.keepOld not configured and is using secure defaults","vm-8.log-retention","P2","Virtual machines must limit the number of retained diagnostic logs.","10 or Undefined","VMCH-80-000206","10.5.1","Get-VM -Name $VM | Get-AdvancedSetting -Name log.keepOld | Remove-AdvancedSetting"
"VM","md-esxi04","PASS","md-esxi04: tools.setInfo.sizeLimit not configured and is using secure defaults","vm-8.limit-setinfo-size","P2","Virtual machines must limit informational messages from the virtual machine to the VMX file.","1048576 or Undefined","VMCH-80-000196","N/A","Get-VM -Name $VM | Get-AdvancedSetting -Name tools.setInfo.sizeLimit | Remove-AdvancedSetting"
"VM","md-esxi04","PASS","md-esxi04: log.rotateSize not configured and is using secure defaults","vm-8.log-rotation-size","P2","Virtual machines must limit the size of diagnostic logs.","2048000 or Undefined","VMCH-80-000205","10.5.1","Get-VM -Name $VM | Get-AdvancedSetting -Name log.rotateSize | Remove-AdvancedSetting"
"VM","md-esxi04","FAIL","md-esxi04: RemoteDisplay.maxConnections configured incorrectly (-1, expected eq 1)","vm-8.limit-console-connections","P0","Virtual machines must limit console sharing.","1","VMCH-80-000195","N/A","Get-VM -Name $VM | Get-AdvancedSetting RemoteDisplay.maxConnections | Set-AdvancedSetting -Value 1"
"VM","md-esxi04","FAIL","md-esxi04: Encrypted vMotion defaults configured (opportunistic).","vm-8.vmotion-encrypted","P1","Virtual machines must require encryption for vMotion.","required","VMCH-80-000203","2.2.7
4.2.1","$VMview = Get-VM -Name $VM | Get-View  $ConfigSpec = New-Object VMware.Vim.VirtualMachineConfigSpec $ConfigSpec.MigrateEncryption = New-Object VMware.Vim.VirtualMachineConfigSpecEncryptedVMotionModes $ConfigSpec.MigrateEncryption = ""required"" $VMview.ReconfigVM_Task($ConfigSpec)"
"VM","md-esxi04","FAIL","md-esxi04: Encrypted Fault Tolerance defaults configured (ftEncryptionOpportunistic)","vm-8.ft-encrypted","P1","Virtual machines must require encryption for Fault Tolerance.","ftEncryptionRequired","VMCH-80-000204","2.2.7
4.2.1","$VMview = Get-VM -Name $VM | Get-View  $ConfigSpec = New-Object VMware.Vim.VirtualMachineConfigSpec $ConfigSpec.FtEncryptionMode = New-object VMware.Vim.VirtualMachineConfigSpecEncryptedFtModes $ConfigSpec.FtEncryptionMode = ""ftEncryptionRequired""  $VMview.ReconfigVM_Task($ConfigSpec)"
"VM","md-esxi04","PASS","md-esxi04: Diagnostic logging configured correctly (True)","vm-8.log-enable","P2","Virtual machines must enable diagnostic logging.","TRUE","VMCH-80-000207","10.5.1","$VMview = Get-VM -Name $VM | Get-View  $ConfigSpec = New-Object VMware.Vim.VirtualMachineConfigSpec $ConfigSpec.Flags = New-Object VMware.Vim.VirtualMachineFlagInfo $ConfigSpec.Flags.EnableLogging = $true $VMview.ReconfigVM_Task($ConfigSpec)"
"VM","md-esxi04","PASS","md-esxi04: dvFilters not configured ()","vm-8.dvfilter","P2","Virtual machines must limit access through the ""dvfilter"" network Application Programming Interface (API).","Not Present","VMCH-80-000200","N/A","Get-VM -Name $VM | Get-AdvancedSetting ""ethernet*.filter*.name*"" | Remove-AdvancedSetting"
"VM","md-esxi04","PASS","md-esxi04: Passthrough hardware devices not configured","vm-8.pci-passthrough","P0","Virtual machines must limit PCI device passthrough functionality.","Not Present","VMCH-80-000214","N/A","Get-VM -Name $VM | Get-PassthroughDevice | Remove-PassthroughDevice"
"VM","md-esxi04","FAIL","md-esxi04: VirtualCdrom device present. Evaluate and remove if not necessary.",,,,,,,
"VM","md-esxi04","FAIL","md-esxi04: VM permitted to boot from all possible sources. ()",,,,,,,
"VM","md-esxi04","INFO","md-esxi04: Audit of md-esxi04 completed at 2026-09-07 09:01:54",,,,,,,
"VM","NC-ESXi01","INFO","VMware Virtual Machine Security Settings Audit Utility 8.0.3",,,,,,,
"VM","NC-ESXi01","INFO","Audit of NC-ESXi01 started at 2026-09-07 09:01:54 from HCSVDI-28 by broadcom",,,,,,,
"VM","NC-ESXi01","INFO","EULA accepted.",,,,,,,
"VM","NC-ESXi01","FAIL","NC-ESXi01: VM does not have Secure Boot configured (False)","guest-8.secure-boot","P0","The guest OS must enable Secure Boot.","TRUE","N/A","5.2.3","$VMobj = (Get-VM -Name $VM) $ConfigSpec = New-Object VMware.Vim.VirtualMachineConfigSpec $bootOptions = New-Object VMware.Vim.VirtualMachineBootOptions $bootOptions.EfiSecureBootEnabled = $true $ConfigSpec.BootOptions = $bootOptions $task = $VMobj.ExtensionData.ReconfigVM_Task($ConfigSpec)"
"VM","NC-ESXi01","PASS","NC-ESXi01: VM is VM Hardware 21 (vSphere 8) (vmx-21)",,,,,,,
"VM","NC-ESXi01","PASS","NC-ESXi01: tools.guestlib.enableHostInfo not configured and is using secure defaults ()","vm-8.restrict-host-info","P2","Virtual machines must not be able to obtain host information from the hypervisor.","FALSE or Undefined","VMCH-80-000198","1.4.5","Get-VM -Name $VM | Get-AdvancedSetting tools.guestlib.enableHostInfo | Remove-AdvancedSetting"
"VM","NC-ESXi01","PASS","NC-ESXi01: tools.guest.desktop.autolock configured correctly (TRUE)","vm-8.vmrc-lock","P0","Virtual machines must be configured to lock when the last console connection is closed.","TRUE","VMCH-80-000201","N/A","Get-VM -Name $VM | Get-AdvancedSetting -Name tools.guest.desktop.autolock | Set-AdvancedSetting -Value $true"
"VM","NC-ESXi01","PASS","NC-ESXi01: isolation.tools.paste.disable not configured and is using secure defaults ()","vm-8.deactivate-console-paste","P2","Virtual machines must have console paste operations deactivated.","TRUE or Undefined","VMCH-80-000192","3.4.2","Get-VM -Name $VM | Get-AdvancedSetting -Name isolation.tools.paste.disable | Remove-AdvancedSetting"
"VM","NC-ESXi01","PASS","NC-ESXi01: isolation.device.connectable.disable not configured and is using secure defaults ()","vm-8.isolation-device-connectable-deactivate","P2","Virtual machines must prevent unauthorized removal, connection and modification of devices.","TRUE or Undefined","VMCH-80-000197","N/A","Get-VM -Name $VM | Get-AdvancedSetting -Name isolation.device.connectable.disable | Remove-AdvancedSetting"
"VM","NC-ESXi01","PASS","NC-ESXi01: isolation.tools.diskWiper.disable not configured and is using secure defaults ()","vm-8.deactivate-disk-shrinking-wiper","P2","Virtual machines must have virtual disk wiping operations deactivated.","TRUE or Undefined","VMCH-80-000194","N/A","Get-VM -Name $VM | Get-AdvancedSetting -Name isolation.tools.diskWiper.disable | Remove-AdvancedSetting"
"VM","NC-ESXi01","PASS","NC-ESXi01: mks.enable3d not configured and is using secure defaults ()","vm-8.deactivate-non-essential-3d-features","P2","Virtual machines must have 3D graphics features deactivated when not required.","FALSE","VMCH-80-000202","N/A","Get-VM -Name $VM | Get-AdvancedSetting mks.enable3d | Set-AdvancedSetting -Value $false"
"VM","NC-ESXi01","PASS","NC-ESXi01: isolation.tools.diskShrink.disable not configured and is using secure defaults ()","vm-8.deactivate-disk-shrinking-shrink","P2","Virtual machines must have virtual disk shrinking operations deactivated.","TRUE or Undefined","VMCH-80-000193","N/A","Get-VM -Name $VM | Get-AdvancedSetting -Name isolation.tools.diskShrink.disable | Remove-AdvancedSetting"
"VM","NC-ESXi01","PASS","NC-ESXi01: isolation.tools.copy.disable not configured and is using secure defaults ()","vm-8.deactivate-console-copy","P2","Virtual machines must have console copy operations deactivated.","TRUE or Undefined","VMCH-80-000189","3.4.2","Get-VM -Name $VM | Get-AdvancedSetting -Name isolation.tools.copy.disable | Remove-AdvancedSetting"
"VM","NC-ESXi01","PASS","NC-ESXi01: sched.mem.pshare.salt not configured ().","vm-8.transparentpagesharing-inter-vm-enabled","P2","Virtual machines must restrict sharing of memory pages between VMs.","Not Present","VMCH-80-000199","N/A","Get-VM -Name $VM | Get-AdvancedSetting -Name sched.mem.pshare.salt | Remove-AdvancedSetting"
"VM","NC-ESXi01","PASS","NC-ESXi01: isolation.tools.dnd.disable not configured and is using secure defaults ()","vm-8.isolation-tools-dnd-deactivate","P2","Virtual machines must have console drag and drop operations deactivated.","TRUE or Undefined","VMCH-80-000191","N/A","Get-VM -Name $VM | Get-AdvancedSetting -Name isolation.tools.dnd.disable | Remove-AdvancedSetting"
"VM","NC-ESXi01","PASS","NC-ESXi01: log.keepOld not configured and is using secure defaults","vm-8.log-retention","P2","Virtual machines must limit the number of retained diagnostic logs.","10 or Undefined","VMCH-80-000206","10.5.1","Get-VM -Name $VM | Get-AdvancedSetting -Name log.keepOld | Remove-AdvancedSetting"
"VM","NC-ESXi01","PASS","NC-ESXi01: tools.setInfo.sizeLimit not configured and is using secure defaults","vm-8.limit-setinfo-size","P2","Virtual machines must limit informational messages from the virtual machine to the VMX file.","1048576 or Undefined","VMCH-80-000196","N/A","Get-VM -Name $VM | Get-AdvancedSetting -Name tools.setInfo.sizeLimit | Remove-AdvancedSetting"
"VM","NC-ESXi01","PASS","NC-ESXi01: log.rotateSize not configured and is using secure defaults","vm-8.log-rotation-size","P2","Virtual machines must limit the size of diagnostic logs.","2048000 or Undefined","VMCH-80-000205","10.5.1","Get-VM -Name $VM | Get-AdvancedSetting -Name log.rotateSize | Remove-AdvancedSetting"
"VM","NC-ESXi01","FAIL","NC-ESXi01: RemoteDisplay.maxConnections configured incorrectly (-1, expected eq 1)","vm-8.limit-console-connections","P0","Virtual machines must limit console sharing.","1","VMCH-80-000195","N/A","Get-VM -Name $VM | Get-AdvancedSetting RemoteDisplay.maxConnections | Set-AdvancedSetting -Value 1"
"VM","NC-ESXi01","FAIL","NC-ESXi01: Encrypted vMotion defaults configured (opportunistic).","vm-8.vmotion-encrypted","P1","Virtual machines must require encryption for vMotion.","required","VMCH-80-000203","2.2.7
4.2.1","$VMview = Get-VM -Name $VM | Get-View  $ConfigSpec = New-Object VMware.Vim.VirtualMachineConfigSpec $ConfigSpec.MigrateEncryption = New-Object VMware.Vim.VirtualMachineConfigSpecEncryptedVMotionModes $ConfigSpec.MigrateEncryption = ""required"" $VMview.ReconfigVM_Task($ConfigSpec)"
"VM","NC-ESXi01","FAIL","NC-ESXi01: Encrypted Fault Tolerance defaults configured (ftEncryptionOpportunistic)","vm-8.ft-encrypted","P1","Virtual machines must require encryption for Fault Tolerance.","ftEncryptionRequired","VMCH-80-000204","2.2.7
4.2.1","$VMview = Get-VM -Name $VM | Get-View  $ConfigSpec = New-Object VMware.Vim.VirtualMachineConfigSpec $ConfigSpec.FtEncryptionMode = New-object VMware.Vim.VirtualMachineConfigSpecEncryptedFtModes $ConfigSpec.FtEncryptionMode = ""ftEncryptionRequired""  $VMview.ReconfigVM_Task($ConfigSpec)"
"VM","NC-ESXi01","PASS","NC-ESXi01: Diagnostic logging configured correctly (True)","vm-8.log-enable","P2","Virtual machines must enable diagnostic logging.","TRUE","VMCH-80-000207","10.5.1","$VMview = Get-VM -Name $VM | Get-View  $ConfigSpec = New-Object VMware.Vim.VirtualMachineConfigSpec $ConfigSpec.Flags = New-Object VMware.Vim.VirtualMachineFlagInfo $ConfigSpec.Flags.EnableLogging = $true $VMview.ReconfigVM_Task($ConfigSpec)"
"VM","NC-ESXi01","PASS","NC-ESXi01: dvFilters not configured ()","vm-8.dvfilter","P2","Virtual machines must limit access through the ""dvfilter"" network Application Programming Interface (API).","Not Present","VMCH-80-000200","N/A","Get-VM -Name $VM | Get-AdvancedSetting ""ethernet*.filter*.name*"" | Remove-AdvancedSetting"
"VM","NC-ESXi01","PASS","NC-ESXi01: Passthrough hardware devices not configured","vm-8.pci-passthrough","P0","Virtual machines must limit PCI device passthrough functionality.","Not Present","VMCH-80-000214","N/A","Get-VM -Name $VM | Get-PassthroughDevice | Remove-PassthroughDevice"
"VM","NC-ESXi01","FAIL","NC-ESXi01: VirtualCdrom device present. Evaluate and remove if not necessary.",,,,,,,
"VM","NC-ESXi01","FAIL","NC-ESXi01: VM permitted to boot from all possible sources. ()",,,,,,,
"VM","NC-ESXi01","INFO","NC-ESXi01: Audit of NC-ESXi01 completed at 2026-09-07 09:01:54",,,,,,,
"VM","NC-ESXi02","INFO","VMware Virtual Machine Security Settings Audit Utility 8.0.3",,,,,,,
"VM","NC-ESXi02","INFO","Audit of NC-ESXi02 started at 2026-09-07 09:01:54 from HCSVDI-28 by broadcom",,,,,,,
"VM","NC-ESXi02","INFO","EULA accepted.",,,,,,,
"VM","NC-ESXi02","FAIL","NC-ESXi02: VM does not have Secure Boot configured (False)","guest-8.secure-boot","P0","The guest OS must enable Secure Boot.","TRUE","N/A","5.2.3","$VMobj = (Get-VM -Name $VM) $ConfigSpec = New-Object VMware.Vim.VirtualMachineConfigSpec $bootOptions = New-Object VMware.Vim.VirtualMachineBootOptions $bootOptions.EfiSecureBootEnabled = $true $ConfigSpec.BootOptions = $bootOptions $task = $VMobj.ExtensionData.ReconfigVM_Task($ConfigSpec)"
"VM","NC-ESXi02","PASS","NC-ESXi02: VM is VM Hardware 21 (vSphere 8) (vmx-21)",,,,,,,
"VM","NC-ESXi02","PASS","NC-ESXi02: tools.guestlib.enableHostInfo not configured and is using secure defaults ()","vm-8.restrict-host-info","P2","Virtual machines must not be able to obtain host information from the hypervisor.","FALSE or Undefined","VMCH-80-000198","1.4.5","Get-VM -Name $VM | Get-AdvancedSetting tools.guestlib.enableHostInfo | Remove-AdvancedSetting"
"VM","NC-ESXi02","PASS","NC-ESXi02: tools.guest.desktop.autolock configured correctly (TRUE)","vm-8.vmrc-lock","P0","Virtual machines must be configured to lock when the last console connection is closed.","TRUE","VMCH-80-000201","N/A","Get-VM -Name $VM | Get-AdvancedSetting -Name tools.guest.desktop.autolock | Set-AdvancedSetting -Value $true"
"VM","NC-ESXi02","PASS","NC-ESXi02: isolation.tools.paste.disable not configured and is using secure defaults ()","vm-8.deactivate-console-paste","P2","Virtual machines must have console paste operations deactivated.","TRUE or Undefined","VMCH-80-000192","3.4.2","Get-VM -Name $VM | Get-AdvancedSetting -Name isolation.tools.paste.disable | Remove-AdvancedSetting"
"VM","NC-ESXi02","PASS","NC-ESXi02: isolation.device.connectable.disable not configured and is using secure defaults ()","vm-8.isolation-device-connectable-deactivate","P2","Virtual machines must prevent unauthorized removal, connection and modification of devices.","TRUE or Undefined","VMCH-80-000197","N/A","Get-VM -Name $VM | Get-AdvancedSetting -Name isolation.device.connectable.disable | Remove-AdvancedSetting"
"VM","NC-ESXi02","PASS","NC-ESXi02: isolation.tools.diskWiper.disable not configured and is using secure defaults ()","vm-8.deactivate-disk-shrinking-wiper","P2","Virtual machines must have virtual disk wiping operations deactivated.","TRUE or Undefined","VMCH-80-000194","N/A","Get-VM -Name $VM | Get-AdvancedSetting -Name isolation.tools.diskWiper.disable | Remove-AdvancedSetting"
"VM","NC-ESXi02","PASS","NC-ESXi02: mks.enable3d not configured and is using secure defaults ()","vm-8.deactivate-non-essential-3d-features","P2","Virtual machines must have 3D graphics features deactivated when not required.","FALSE","VMCH-80-000202","N/A","Get-VM -Name $VM | Get-AdvancedSetting mks.enable3d | Set-AdvancedSetting -Value $false"
"VM","NC-ESXi02","PASS","NC-ESXi02: isolation.tools.diskShrink.disable not configured and is using secure defaults ()","vm-8.deactivate-disk-shrinking-shrink","P2","Virtual machines must have virtual disk shrinking operations deactivated.","TRUE or Undefined","VMCH-80-000193","N/A","Get-VM -Name $VM | Get-AdvancedSetting -Name isolation.tools.diskShrink.disable | Remove-AdvancedSetting"
"VM","NC-ESXi02","PASS","NC-ESXi02: isolation.tools.copy.disable not configured and is using secure defaults ()","vm-8.deactivate-console-copy","P2","Virtual machines must have console copy operations deactivated.","TRUE or Undefined","VMCH-80-000189","3.4.2","Get-VM -Name $VM | Get-AdvancedSetting -Name isolation.tools.copy.disable | Remove-AdvancedSetting"
"VM","NC-ESXi02","PASS","NC-ESXi02: sched.mem.pshare.salt not configured ().","vm-8.transparentpagesharing-inter-vm-enabled","P2","Virtual machines must restrict sharing of memory pages between VMs.","Not Present","VMCH-80-000199","N/A","Get-VM -Name $VM | Get-AdvancedSetting -Name sched.mem.pshare.salt | Remove-AdvancedSetting"
"VM","NC-ESXi02","PASS","NC-ESXi02: isolation.tools.dnd.disable not configured and is using secure defaults ()","vm-8.isolation-tools-dnd-deactivate","P2","Virtual machines must have console drag and drop operations deactivated.","TRUE or Undefined","VMCH-80-000191","N/A","Get-VM -Name $VM | Get-AdvancedSetting -Name isolation.tools.dnd.disable | Remove-AdvancedSetting"
"VM","NC-ESXi02","PASS","NC-ESXi02: log.keepOld not configured and is using secure defaults","vm-8.log-retention","P2","Virtual machines must limit the number of retained diagnostic logs.","10 or Undefined","VMCH-80-000206","10.5.1","Get-VM -Name $VM | Get-AdvancedSetting -Name log.keepOld | Remove-AdvancedSetting"
"VM","NC-ESXi02","PASS","NC-ESXi02: tools.setInfo.sizeLimit not configured and is using secure defaults","vm-8.limit-setinfo-size","P2","Virtual machines must limit informational messages from the virtual machine to the VMX file.","1048576 or Undefined","VMCH-80-000196","N/A","Get-VM -Name $VM | Get-AdvancedSetting -Name tools.setInfo.sizeLimit | Remove-AdvancedSetting"
"VM","NC-ESXi02","PASS","NC-ESXi02: log.rotateSize not configured and is using secure defaults","vm-8.log-rotation-size","P2","Virtual machines must limit the size of diagnostic logs.","2048000 or Undefined","VMCH-80-000205","10.5.1","Get-VM -Name $VM | Get-AdvancedSetting -Name log.rotateSize | Remove-AdvancedSetting"
"VM","NC-ESXi02","FAIL","NC-ESXi02: RemoteDisplay.maxConnections configured incorrectly (-1, expected eq 1)","vm-8.limit-console-connections","P0","Virtual machines must limit console sharing.","1","VMCH-80-000195","N/A","Get-VM -Name $VM | Get-AdvancedSetting RemoteDisplay.maxConnections | Set-AdvancedSetting -Value 1"
"VM","NC-ESXi02","FAIL","NC-ESXi02: Encrypted vMotion defaults configured (opportunistic).","vm-8.vmotion-encrypted","P1","Virtual machines must require encryption for vMotion.","required","VMCH-80-000203","2.2.7
4.2.1","$VMview = Get-VM -Name $VM | Get-View  $ConfigSpec = New-Object VMware.Vim.VirtualMachineConfigSpec $ConfigSpec.MigrateEncryption = New-Object VMware.Vim.VirtualMachineConfigSpecEncryptedVMotionModes $ConfigSpec.MigrateEncryption = ""required"" $VMview.ReconfigVM_Task($ConfigSpec)"
"VM","NC-ESXi02","FAIL","NC-ESXi02: Encrypted Fault Tolerance defaults configured (ftEncryptionOpportunistic)","vm-8.ft-encrypted","P1","Virtual machines must require encryption for Fault Tolerance.","ftEncryptionRequired","VMCH-80-000204","2.2.7
4.2.1","$VMview = Get-VM -Name $VM | Get-View  $ConfigSpec = New-Object VMware.Vim.VirtualMachineConfigSpec $ConfigSpec.FtEncryptionMode = New-object VMware.Vim.VirtualMachineConfigSpecEncryptedFtModes $ConfigSpec.FtEncryptionMode = ""ftEncryptionRequired""  $VMview.ReconfigVM_Task($ConfigSpec)"
"VM","NC-ESXi02","PASS","NC-ESXi02: Diagnostic logging configured correctly (True)","vm-8.log-enable","P2","Virtual machines must enable diagnostic logging.","TRUE","VMCH-80-000207","10.5.1","$VMview = Get-VM -Name $VM | Get-View  $ConfigSpec = New-Object VMware.Vim.VirtualMachineConfigSpec $ConfigSpec.Flags = New-Object VMware.Vim.VirtualMachineFlagInfo $ConfigSpec.Flags.EnableLogging = $true $VMview.ReconfigVM_Task($ConfigSpec)"
"VM","NC-ESXi02","PASS","NC-ESXi02: dvFilters not configured ()","vm-8.dvfilter","P2","Virtual machines must limit access through the ""dvfilter"" network Application Programming Interface (API).","Not Present","VMCH-80-000200","N/A","Get-VM -Name $VM | Get-AdvancedSetting ""ethernet*.filter*.name*"" | Remove-AdvancedSetting"
"VM","NC-ESXi02","PASS","NC-ESXi02: Passthrough hardware devices not configured","vm-8.pci-passthrough","P0","Virtual machines must limit PCI device passthrough functionality.","Not Present","VMCH-80-000214","N/A","Get-VM -Name $VM | Get-PassthroughDevice | Remove-PassthroughDevice"
"VM","NC-ESXi02","FAIL","NC-ESXi02: VirtualCdrom device present. Evaluate and remove if not necessary.",,,,,,,
"VM","NC-ESXi02","FAIL","NC-ESXi02: VM permitted to boot from all possible sources. ()",,,,,,,
"VM","NC-ESXi02","INFO","NC-ESXi02: Audit of NC-ESXi02 completed at 2026-09-07 09:01:55",,,,,,,
"VM","NC-ESXi03","INFO","VMware Virtual Machine Security Settings Audit Utility 8.0.3",,,,,,,
"VM","NC-ESXi03","INFO","Audit of NC-ESXi03 started at 2026-09-07 09:01:55 from HCSVDI-28 by broadcom",,,,,,,
"VM","NC-ESXi03","INFO","EULA accepted.",,,,,,,
"VM","NC-ESXi03","FAIL","NC-ESXi03: VM does not have Secure Boot configured (False)","guest-8.secure-boot","P0","The guest OS must enable Secure Boot.","TRUE","N/A","5.2.3","$VMobj = (Get-VM -Name $VM) $ConfigSpec = New-Object VMware.Vim.VirtualMachineConfigSpec $bootOptions = New-Object VMware.Vim.VirtualMachineBootOptions $bootOptions.EfiSecureBootEnabled = $true $ConfigSpec.BootOptions = $bootOptions $task = $VMobj.ExtensionData.ReconfigVM_Task($ConfigSpec)"
"VM","NC-ESXi03","PASS","NC-ESXi03: VM is VM Hardware 21 (vSphere 8) (vmx-21)",,,,,,,
"VM","NC-ESXi03","PASS","NC-ESXi03: tools.guestlib.enableHostInfo not configured and is using secure defaults ()","vm-8.restrict-host-info","P2","Virtual machines must not be able to obtain host information from the hypervisor.","FALSE or Undefined","VMCH-80-000198","1.4.5","Get-VM -Name $VM | Get-AdvancedSetting tools.guestlib.enableHostInfo | Remove-AdvancedSetting"
"VM","NC-ESXi03","PASS","NC-ESXi03: tools.guest.desktop.autolock configured correctly (TRUE)","vm-8.vmrc-lock","P0","Virtual machines must be configured to lock when the last console connection is closed.","TRUE","VMCH-80-000201","N/A","Get-VM -Name $VM | Get-AdvancedSetting -Name tools.guest.desktop.autolock | Set-AdvancedSetting -Value $true"
"VM","NC-ESXi03","PASS","NC-ESXi03: isolation.tools.paste.disable not configured and is using secure defaults ()","vm-8.deactivate-console-paste","P2","Virtual machines must have console paste operations deactivated.","TRUE or Undefined","VMCH-80-000192","3.4.2","Get-VM -Name $VM | Get-AdvancedSetting -Name isolation.tools.paste.disable | Remove-AdvancedSetting"
"VM","NC-ESXi03","PASS","NC-ESXi03: isolation.device.connectable.disable not configured and is using secure defaults ()","vm-8.isolation-device-connectable-deactivate","P2","Virtual machines must prevent unauthorized removal, connection and modification of devices.","TRUE or Undefined","VMCH-80-000197","N/A","Get-VM -Name $VM | Get-AdvancedSetting -Name isolation.device.connectable.disable | Remove-AdvancedSetting"
"VM","NC-ESXi03","PASS","NC-ESXi03: isolation.tools.diskWiper.disable not configured and is using secure defaults ()","vm-8.deactivate-disk-shrinking-wiper","P2","Virtual machines must have virtual disk wiping operations deactivated.","TRUE or Undefined","VMCH-80-000194","N/A","Get-VM -Name $VM | Get-AdvancedSetting -Name isolation.tools.diskWiper.disable | Remove-AdvancedSetting"
"VM","NC-ESXi03","PASS","NC-ESXi03: mks.enable3d not configured and is using secure defaults ()","vm-8.deactivate-non-essential-3d-features","P2","Virtual machines must have 3D graphics features deactivated when not required.","FALSE","VMCH-80-000202","N/A","Get-VM -Name $VM | Get-AdvancedSetting mks.enable3d | Set-AdvancedSetting -Value $false"
"VM","NC-ESXi03","PASS","NC-ESXi03: isolation.tools.diskShrink.disable not configured and is using secure defaults ()","vm-8.deactivate-disk-shrinking-shrink","P2","Virtual machines must have virtual disk shrinking operations deactivated.","TRUE or Undefined","VMCH-80-000193","N/A","Get-VM -Name $VM | Get-AdvancedSetting -Name isolation.tools.diskShrink.disable | Remove-AdvancedSetting"
"VM","NC-ESXi03","PASS","NC-ESXi03: isolation.tools.copy.disable not configured and is using secure defaults ()","vm-8.deactivate-console-copy","P2","Virtual machines must have console copy operations deactivated.","TRUE or Undefined","VMCH-80-000189","3.4.2","Get-VM -Name $VM | Get-AdvancedSetting -Name isolation.tools.copy.disable | Remove-AdvancedSetting"
"VM","NC-ESXi03","PASS","NC-ESXi03: sched.mem.pshare.salt not configured ().","vm-8.transparentpagesharing-inter-vm-enabled","P2","Virtual machines must restrict sharing of memory pages between VMs.","Not Present","VMCH-80-000199","N/A","Get-VM -Name $VM | Get-AdvancedSetting -Name sched.mem.pshare.salt | Remove-AdvancedSetting"
"VM","NC-ESXi03","PASS","NC-ESXi03: isolation.tools.dnd.disable not configured and is using secure defaults ()","vm-8.isolation-tools-dnd-deactivate","P2","Virtual machines must have console drag and drop operations deactivated.","TRUE or Undefined","VMCH-80-000191","N/A","Get-VM -Name $VM | Get-AdvancedSetting -Name isolation.tools.dnd.disable | Remove-AdvancedSetting"
"VM","NC-ESXi03","PASS","NC-ESXi03: log.keepOld not configured and is using secure defaults","vm-8.log-retention","P2","Virtual machines must limit the number of retained diagnostic logs.","10 or Undefined","VMCH-80-000206","10.5.1","Get-VM -Name $VM | Get-AdvancedSetting -Name log.keepOld | Remove-AdvancedSetting"
"VM","NC-ESXi03","PASS","NC-ESXi03: tools.setInfo.sizeLimit not configured and is using secure defaults","vm-8.limit-setinfo-size","P2","Virtual machines must limit informational messages from the virtual machine to the VMX file.","1048576 or Undefined","VMCH-80-000196","N/A","Get-VM -Name $VM | Get-AdvancedSetting -Name tools.setInfo.sizeLimit | Remove-AdvancedSetting"
"VM","NC-ESXi03","PASS","NC-ESXi03: log.rotateSize not configured and is using secure defaults","vm-8.log-rotation-size","P2","Virtual machines must limit the size of diagnostic logs.","2048000 or Undefined","VMCH-80-000205","10.5.1","Get-VM -Name $VM | Get-AdvancedSetting -Name log.rotateSize | Remove-AdvancedSetting"
"VM","NC-ESXi03","FAIL","NC-ESXi03: RemoteDisplay.maxConnections configured incorrectly (-1, expected eq 1)","vm-8.limit-console-connections","P0","Virtual machines must limit console sharing.","1","VMCH-80-000195","N/A","Get-VM -Name $VM | Get-AdvancedSetting RemoteDisplay.maxConnections | Set-AdvancedSetting -Value 1"
"VM","NC-ESXi03","FAIL","NC-ESXi03: Encrypted vMotion defaults configured (opportunistic).","vm-8.vmotion-encrypted","P1","Virtual machines must require encryption for vMotion.","required","VMCH-80-000203","2.2.7
4.2.1","$VMview = Get-VM -Name $VM | Get-View  $ConfigSpec = New-Object VMware.Vim.VirtualMachineConfigSpec $ConfigSpec.MigrateEncryption = New-Object VMware.Vim.VirtualMachineConfigSpecEncryptedVMotionModes $ConfigSpec.MigrateEncryption = ""required"" $VMview.ReconfigVM_Task($ConfigSpec)"
"VM","NC-ESXi03","FAIL","NC-ESXi03: Encrypted Fault Tolerance defaults configured (ftEncryptionOpportunistic)","vm-8.ft-encrypted","P1","Virtual machines must require encryption for Fault Tolerance.","ftEncryptionRequired","VMCH-80-000204","2.2.7
4.2.1","$VMview = Get-VM -Name $VM | Get-View  $ConfigSpec = New-Object VMware.Vim.VirtualMachineConfigSpec $ConfigSpec.FtEncryptionMode = New-object VMware.Vim.VirtualMachineConfigSpecEncryptedFtModes $ConfigSpec.FtEncryptionMode = ""ftEncryptionRequired""  $VMview.ReconfigVM_Task($ConfigSpec)"
"VM","NC-ESXi03","PASS","NC-ESXi03: Diagnostic logging configured correctly (True)","vm-8.log-enable","P2","Virtual machines must enable diagnostic logging.","TRUE","VMCH-80-000207","10.5.1","$VMview = Get-VM -Name $VM | Get-View  $ConfigSpec = New-Object VMware.Vim.VirtualMachineConfigSpec $ConfigSpec.Flags = New-Object VMware.Vim.VirtualMachineFlagInfo $ConfigSpec.Flags.EnableLogging = $true $VMview.ReconfigVM_Task($ConfigSpec)"
"VM","NC-ESXi03","PASS","NC-ESXi03: dvFilters not configured ()","vm-8.dvfilter","P2","Virtual machines must limit access through the ""dvfilter"" network Application Programming Interface (API).","Not Present","VMCH-80-000200","N/A","Get-VM -Name $VM | Get-AdvancedSetting ""ethernet*.filter*.name*"" | Remove-AdvancedSetting"
"VM","NC-ESXi03","PASS","NC-ESXi03: Passthrough hardware devices not configured","vm-8.pci-passthrough","P0","Virtual machines must limit PCI device passthrough functionality.","Not Present","VMCH-80-000214","N/A","Get-VM -Name $VM | Get-PassthroughDevice | Remove-PassthroughDevice"
"VM","NC-ESXi03","FAIL","NC-ESXi03: VirtualCdrom device present. Evaluate and remove if not necessary.",,,,,,,
"VM","NC-ESXi03","FAIL","NC-ESXi03: VM permitted to boot from all possible sources. ()",,,,,,,
"VM","NC-ESXi03","INFO","NC-ESXi03: Audit of NC-ESXi03 completed at 2026-09-07 09:01:56",,,,,,,
"VM","NC-ESXi04","INFO","VMware Virtual Machine Security Settings Audit Utility 8.0.3",,,,,,,
"VM","NC-ESXi04","INFO","Audit of NC-ESXi04 started at 2026-09-07 09:01:56 from HCSVDI-28 by broadcom",,,,,,,
"VM","NC-ESXi04","INFO","EULA accepted.",,,,,,,
"VM","NC-ESXi04","FAIL","NC-ESXi04: VM does not have Secure Boot configured (False)","guest-8.secure-boot","P0","The guest OS must enable Secure Boot.","TRUE","N/A","5.2.3","$VMobj = (Get-VM -Name $VM) $ConfigSpec = New-Object VMware.Vim.VirtualMachineConfigSpec $bootOptions = New-Object VMware.Vim.VirtualMachineBootOptions $bootOptions.EfiSecureBootEnabled = $true $ConfigSpec.BootOptions = $bootOptions $task = $VMobj.ExtensionData.ReconfigVM_Task($ConfigSpec)"
"VM","NC-ESXi04","PASS","NC-ESXi04: VM is VM Hardware 21 (vSphere 8) (vmx-21)",,,,,,,
"VM","NC-ESXi04","PASS","NC-ESXi04: tools.guestlib.enableHostInfo not configured and is using secure defaults ()","vm-8.restrict-host-info","P2","Virtual machines must not be able to obtain host information from the hypervisor.","FALSE or Undefined","VMCH-80-000198","1.4.5","Get-VM -Name $VM | Get-AdvancedSetting tools.guestlib.enableHostInfo | Remove-AdvancedSetting"
"VM","NC-ESXi04","PASS","NC-ESXi04: tools.guest.desktop.autolock configured correctly (TRUE)","vm-8.vmrc-lock","P0","Virtual machines must be configured to lock when the last console connection is closed.","TRUE","VMCH-80-000201","N/A","Get-VM -Name $VM | Get-AdvancedSetting -Name tools.guest.desktop.autolock | Set-AdvancedSetting -Value $true"
"VM","NC-ESXi04","PASS","NC-ESXi04: isolation.tools.paste.disable not configured and is using secure defaults ()","vm-8.deactivate-console-paste","P2","Virtual machines must have console paste operations deactivated.","TRUE or Undefined","VMCH-80-000192","3.4.2","Get-VM -Name $VM | Get-AdvancedSetting -Name isolation.tools.paste.disable | Remove-AdvancedSetting"
"VM","NC-ESXi04","PASS","NC-ESXi04: isolation.device.connectable.disable not configured and is using secure defaults ()","vm-8.isolation-device-connectable-deactivate","P2","Virtual machines must prevent unauthorized removal, connection and modification of devices.","TRUE or Undefined","VMCH-80-000197","N/A","Get-VM -Name $VM | Get-AdvancedSetting -Name isolation.device.connectable.disable | Remove-AdvancedSetting"
"VM","NC-ESXi04","PASS","NC-ESXi04: isolation.tools.diskWiper.disable not configured and is using secure defaults ()","vm-8.deactivate-disk-shrinking-wiper","P2","Virtual machines must have virtual disk wiping operations deactivated.","TRUE or Undefined","VMCH-80-000194","N/A","Get-VM -Name $VM | Get-AdvancedSetting -Name isolation.tools.diskWiper.disable | Remove-AdvancedSetting"
"VM","NC-ESXi04","PASS","NC-ESXi04: mks.enable3d not configured and is using secure defaults ()","vm-8.deactivate-non-essential-3d-features","P2","Virtual machines must have 3D graphics features deactivated when not required.","FALSE","VMCH-80-000202","N/A","Get-VM -Name $VM | Get-AdvancedSetting mks.enable3d | Set-AdvancedSetting -Value $false"
"VM","NC-ESXi04","PASS","NC-ESXi04: isolation.tools.diskShrink.disable not configured and is using secure defaults ()","vm-8.deactivate-disk-shrinking-shrink","P2","Virtual machines must have virtual disk shrinking operations deactivated.","TRUE or Undefined","VMCH-80-000193","N/A","Get-VM -Name $VM | Get-AdvancedSetting -Name isolation.tools.diskShrink.disable | Remove-AdvancedSetting"
"VM","NC-ESXi04","PASS","NC-ESXi04: isolation.tools.copy.disable not configured and is using secure defaults ()","vm-8.deactivate-console-copy","P2","Virtual machines must have console copy operations deactivated.","TRUE or Undefined","VMCH-80-000189","3.4.2","Get-VM -Name $VM | Get-AdvancedSetting -Name isolation.tools.copy.disable | Remove-AdvancedSetting"
"VM","NC-ESXi04","PASS","NC-ESXi04: sched.mem.pshare.salt not configured ().","vm-8.transparentpagesharing-inter-vm-enabled","P2","Virtual machines must restrict sharing of memory pages between VMs.","Not Present","VMCH-80-000199","N/A","Get-VM -Name $VM | Get-AdvancedSetting -Name sched.mem.pshare.salt | Remove-AdvancedSetting"
"VM","NC-ESXi04","PASS","NC-ESXi04: isolation.tools.dnd.disable not configured and is using secure defaults ()","vm-8.isolation-tools-dnd-deactivate","P2","Virtual machines must have console drag and drop operations deactivated.","TRUE or Undefined","VMCH-80-000191","N/A","Get-VM -Name $VM | Get-AdvancedSetting -Name isolation.tools.dnd.disable | Remove-AdvancedSetting"
"VM","NC-ESXi04","PASS","NC-ESXi04: log.keepOld not configured and is using secure defaults","vm-8.log-retention","P2","Virtual machines must limit the number of retained diagnostic logs.","10 or Undefined","VMCH-80-000206","10.5.1","Get-VM -Name $VM | Get-AdvancedSetting -Name log.keepOld | Remove-AdvancedSetting"
"VM","NC-ESXi04","PASS","NC-ESXi04: tools.setInfo.sizeLimit not configured and is using secure defaults","vm-8.limit-setinfo-size","P2","Virtual machines must limit informational messages from the virtual machine to the VMX file.","1048576 or Undefined","VMCH-80-000196","N/A","Get-VM -Name $VM | Get-AdvancedSetting -Name tools.setInfo.sizeLimit | Remove-AdvancedSetting"
"VM","NC-ESXi04","PASS","NC-ESXi04: log.rotateSize not configured and is using secure defaults","vm-8.log-rotation-size","P2","Virtual machines must limit the size of diagnostic logs.","2048000 or Undefined","VMCH-80-000205","10.5.1","Get-VM -Name $VM | Get-AdvancedSetting -Name log.rotateSize | Remove-AdvancedSetting"
"VM","NC-ESXi04","FAIL","NC-ESXi04: RemoteDisplay.maxConnections configured incorrectly (-1, expected eq 1)","vm-8.limit-console-connections","P0","Virtual machines must limit console sharing.","1","VMCH-80-000195","N/A","Get-VM -Name $VM | Get-AdvancedSetting RemoteDisplay.maxConnections | Set-AdvancedSetting -Value 1"
"VM","NC-ESXi04","FAIL","NC-ESXi04: Encrypted vMotion defaults configured (opportunistic).","vm-8.vmotion-encrypted","P1","Virtual machines must require encryption for vMotion.","required","VMCH-80-000203","2.2.7
4.2.1","$VMview = Get-VM -Name $VM | Get-View  $ConfigSpec = New-Object VMware.Vim.VirtualMachineConfigSpec $ConfigSpec.MigrateEncryption = New-Object VMware.Vim.VirtualMachineConfigSpecEncryptedVMotionModes $ConfigSpec.MigrateEncryption = ""required"" $VMview.ReconfigVM_Task($ConfigSpec)"
"VM","NC-ESXi04","FAIL","NC-ESXi04: Encrypted Fault Tolerance defaults configured (ftEncryptionOpportunistic)","vm-8.ft-encrypted","P1","Virtual machines must require encryption for Fault Tolerance.","ftEncryptionRequired","VMCH-80-000204","2.2.7
4.2.1","$VMview = Get-VM -Name $VM | Get-View  $ConfigSpec = New-Object VMware.Vim.VirtualMachineConfigSpec $ConfigSpec.FtEncryptionMode = New-object VMware.Vim.VirtualMachineConfigSpecEncryptedFtModes $ConfigSpec.FtEncryptionMode = ""ftEncryptionRequired""  $VMview.ReconfigVM_Task($ConfigSpec)"
"VM","NC-ESXi04","PASS","NC-ESXi04: Diagnostic logging configured correctly (True)","vm-8.log-enable","P2","Virtual machines must enable diagnostic logging.","TRUE","VMCH-80-000207","10.5.1","$VMview = Get-VM -Name $VM | Get-View  $ConfigSpec = New-Object VMware.Vim.VirtualMachineConfigSpec $ConfigSpec.Flags = New-Object VMware.Vim.VirtualMachineFlagInfo $ConfigSpec.Flags.EnableLogging = $true $VMview.ReconfigVM_Task($ConfigSpec)"
"VM","NC-ESXi04","PASS","NC-ESXi04: dvFilters not configured ()","vm-8.dvfilter","P2","Virtual machines must limit access through the ""dvfilter"" network Application Programming Interface (API).","Not Present","VMCH-80-000200","N/A","Get-VM -Name $VM | Get-AdvancedSetting ""ethernet*.filter*.name*"" | Remove-AdvancedSetting"
"VM","NC-ESXi04","PASS","NC-ESXi04: Passthrough hardware devices not configured","vm-8.pci-passthrough","P0","Virtual machines must limit PCI device passthrough functionality.","Not Present","VMCH-80-000214","N/A","Get-VM -Name $VM | Get-PassthroughDevice | Remove-PassthroughDevice"
"VM","NC-ESXi04","FAIL","NC-ESXi04: VirtualCdrom device present. Evaluate and remove if not necessary.",,,,,,,
"VM","NC-ESXi04","FAIL","NC-ESXi04: VM permitted to boot from all possible sources. ()",,,,,,,
"VM","NC-ESXi04","INFO","NC-ESXi04: Audit of NC-ESXi04 completed at 2026-09-07 09:01:56",,,,,,,
"VM","Nice-AD","INFO","VMware Virtual Machine Security Settings Audit Utility 8.0.3",,,,,,,
"VM","Nice-AD","INFO","Audit of Nice-AD started at 2026-09-07 09:01:56 from HCSVDI-28 by broadcom",,,,,,,
"VM","Nice-AD","INFO","EULA accepted.",,,,,,,
"VM","Nice-AD","PASS","Nice-AD: Secure Boot configured (True)",,,,,,,
"VM","Nice-AD","PASS","Nice-AD: VM is VM Hardware 21 (vSphere 8) (vmx-21)",,,,,,,
"VM","Nice-AD","PASS","Nice-AD: tools.guestlib.enableHostInfo not configured and is using secure defaults ()","vm-8.restrict-host-info","P2","Virtual machines must not be able to obtain host information from the hypervisor.","FALSE or Undefined","VMCH-80-000198","1.4.5","Get-VM -Name $VM | Get-AdvancedSetting tools.guestlib.enableHostInfo | Remove-AdvancedSetting"
"VM","Nice-AD","PASS","Nice-AD: tools.guest.desktop.autolock configured correctly (TRUE)","vm-8.vmrc-lock","P0","Virtual machines must be configured to lock when the last console connection is closed.","TRUE","VMCH-80-000201","N/A","Get-VM -Name $VM | Get-AdvancedSetting -Name tools.guest.desktop.autolock | Set-AdvancedSetting -Value $true"
"VM","Nice-AD","PASS","Nice-AD: isolation.tools.paste.disable not configured and is using secure defaults ()","vm-8.deactivate-console-paste","P2","Virtual machines must have console paste operations deactivated.","TRUE or Undefined","VMCH-80-000192","3.4.2","Get-VM -Name $VM | Get-AdvancedSetting -Name isolation.tools.paste.disable | Remove-AdvancedSetting"
"VM","Nice-AD","PASS","Nice-AD: isolation.device.connectable.disable not configured and is using secure defaults ()","vm-8.isolation-device-connectable-deactivate","P2","Virtual machines must prevent unauthorized removal, connection and modification of devices.","TRUE or Undefined","VMCH-80-000197","N/A","Get-VM -Name $VM | Get-AdvancedSetting -Name isolation.device.connectable.disable | Remove-AdvancedSetting"
"VM","Nice-AD","PASS","Nice-AD: isolation.tools.diskWiper.disable not configured and is using secure defaults ()","vm-8.deactivate-disk-shrinking-wiper","P2","Virtual machines must have virtual disk wiping operations deactivated.","TRUE or Undefined","VMCH-80-000194","N/A","Get-VM -Name $VM | Get-AdvancedSetting -Name isolation.tools.diskWiper.disable | Remove-AdvancedSetting"
"VM","Nice-AD","PASS","Nice-AD: mks.enable3d not configured and is using secure defaults ()","vm-8.deactivate-non-essential-3d-features","P2","Virtual machines must have 3D graphics features deactivated when not required.","FALSE","VMCH-80-000202","N/A","Get-VM -Name $VM | Get-AdvancedSetting mks.enable3d | Set-AdvancedSetting -Value $false"
"VM","Nice-AD","PASS","Nice-AD: isolation.tools.diskShrink.disable not configured and is using secure defaults ()","vm-8.deactivate-disk-shrinking-shrink","P2","Virtual machines must have virtual disk shrinking operations deactivated.","TRUE or Undefined","VMCH-80-000193","N/A","Get-VM -Name $VM | Get-AdvancedSetting -Name isolation.tools.diskShrink.disable | Remove-AdvancedSetting"
"VM","Nice-AD","PASS","Nice-AD: isolation.tools.copy.disable not configured and is using secure defaults ()","vm-8.deactivate-console-copy","P2","Virtual machines must have console copy operations deactivated.","TRUE or Undefined","VMCH-80-000189","3.4.2","Get-VM -Name $VM | Get-AdvancedSetting -Name isolation.tools.copy.disable | Remove-AdvancedSetting"
"VM","Nice-AD","PASS","Nice-AD: sched.mem.pshare.salt not configured ().","vm-8.transparentpagesharing-inter-vm-enabled","P2","Virtual machines must restrict sharing of memory pages between VMs.","Not Present","VMCH-80-000199","N/A","Get-VM -Name $VM | Get-AdvancedSetting -Name sched.mem.pshare.salt | Remove-AdvancedSetting"
"VM","Nice-AD","PASS","Nice-AD: isolation.tools.dnd.disable not configured and is using secure defaults ()","vm-8.isolation-tools-dnd-deactivate","P2","Virtual machines must have console drag and drop operations deactivated.","TRUE or Undefined","VMCH-80-000191","N/A","Get-VM -Name $VM | Get-AdvancedSetting -Name isolation.tools.dnd.disable | Remove-AdvancedSetting"
"VM","Nice-AD","PASS","Nice-AD: log.keepOld not configured and is using secure defaults","vm-8.log-retention","P2","Virtual machines must limit the number of retained diagnostic logs.","10 or Undefined","VMCH-80-000206","10.5.1","Get-VM -Name $VM | Get-AdvancedSetting -Name log.keepOld | Remove-AdvancedSetting"
"VM","Nice-AD","PASS","Nice-AD: tools.setInfo.sizeLimit not configured and is using secure defaults","vm-8.limit-setinfo-size","P2","Virtual machines must limit informational messages from the virtual machine to the VMX file.","1048576 or Undefined","VMCH-80-000196","N/A","Get-VM -Name $VM | Get-AdvancedSetting -Name tools.setInfo.sizeLimit | Remove-AdvancedSetting"
"VM","Nice-AD","PASS","Nice-AD: log.rotateSize not configured and is using secure defaults","vm-8.log-rotation-size","P2","Virtual machines must limit the size of diagnostic logs.","2048000 or Undefined","VMCH-80-000205","10.5.1","Get-VM -Name $VM | Get-AdvancedSetting -Name log.rotateSize | Remove-AdvancedSetting"
"VM","Nice-AD","FAIL","Nice-AD: RemoteDisplay.maxConnections configured incorrectly (-1, expected eq 1)","vm-8.limit-console-connections","P0","Virtual machines must limit console sharing.","1","VMCH-80-000195","N/A","Get-VM -Name $VM | Get-AdvancedSetting RemoteDisplay.maxConnections | Set-AdvancedSetting -Value 1"
"VM","Nice-AD","FAIL","Nice-AD: Encrypted vMotion defaults configured (opportunistic).","vm-8.vmotion-encrypted","P1","Virtual machines must require encryption for vMotion.","required","VMCH-80-000203","2.2.7
4.2.1","$VMview = Get-VM -Name $VM | Get-View  $ConfigSpec = New-Object VMware.Vim.VirtualMachineConfigSpec $ConfigSpec.MigrateEncryption = New-Object VMware.Vim.VirtualMachineConfigSpecEncryptedVMotionModes $ConfigSpec.MigrateEncryption = ""required"" $VMview.ReconfigVM_Task($ConfigSpec)"
"VM","Nice-AD","FAIL","Nice-AD: Encrypted Fault Tolerance defaults configured (ftEncryptionOpportunistic)","vm-8.ft-encrypted","P1","Virtual machines must require encryption for Fault Tolerance.","ftEncryptionRequired","VMCH-80-000204","2.2.7
4.2.1","$VMview = Get-VM -Name $VM | Get-View  $ConfigSpec = New-Object VMware.Vim.VirtualMachineConfigSpec $ConfigSpec.FtEncryptionMode = New-object VMware.Vim.VirtualMachineConfigSpecEncryptedFtModes $ConfigSpec.FtEncryptionMode = ""ftEncryptionRequired""  $VMview.ReconfigVM_Task($ConfigSpec)"
"VM","Nice-AD","PASS","Nice-AD: Diagnostic logging configured correctly (True)","vm-8.log-enable","P2","Virtual machines must enable diagnostic logging.","TRUE","VMCH-80-000207","10.5.1","$VMview = Get-VM -Name $VM | Get-View  $ConfigSpec = New-Object VMware.Vim.VirtualMachineConfigSpec $ConfigSpec.Flags = New-Object VMware.Vim.VirtualMachineFlagInfo $ConfigSpec.Flags.EnableLogging = $true $VMview.ReconfigVM_Task($ConfigSpec)"
"VM","Nice-AD","PASS","Nice-AD: dvFilters not configured ()","vm-8.dvfilter","P2","Virtual machines must limit access through the ""dvfilter"" network Application Programming Interface (API).","Not Present","VMCH-80-000200","N/A","Get-VM -Name $VM | Get-AdvancedSetting ""ethernet*.filter*.name*"" | Remove-AdvancedSetting"
"VM","Nice-AD","PASS","Nice-AD: Passthrough hardware devices not configured","vm-8.pci-passthrough","P0","Virtual machines must limit PCI device passthrough functionality.","Not Present","VMCH-80-000214","N/A","Get-VM -Name $VM | Get-PassthroughDevice | Remove-PassthroughDevice"
"VM","Nice-AD","FAIL","Nice-AD: VirtualUSBXHCIController device present. Evaluate and remove if not necessary.",,,,,,,
"VM","Nice-AD","FAIL","Nice-AD: VirtualAHCIController device present. Evaluate and remove if not necessary.",,,,,,,
"VM","Nice-AD","FAIL","Nice-AD: VirtualCdrom device present. Evaluate and remove if not necessary.",,,,,,,
"VM","Nice-AD","FAIL","Nice-AD: VM permitted to boot from all possible sources. ()",,,,,,,
"VM","Nice-AD","INFO","Nice-AD: Audit of Nice-AD completed at 2026-09-07 09:01:57",,,,,,,
"VM","Nice-Builder","INFO","VMware Virtual Machine Security Settings Audit Utility 8.0.3",,,,,,,
"VM","Nice-Builder","INFO","Audit of Nice-Builder started at 2026-09-07 09:01:57 from HCSVDI-28 by broadcom",,,,,,,
"VM","Nice-Builder","INFO","EULA accepted.",,,,,,,
"VM","Nice-Builder","FAIL","Nice-Builder: VM does not have Secure Boot configured (False)","guest-8.secure-boot","P0","The guest OS must enable Secure Boot.","TRUE","N/A","5.2.3","$VMobj = (Get-VM -Name $VM) $ConfigSpec = New-Object VMware.Vim.VirtualMachineConfigSpec $bootOptions = New-Object VMware.Vim.VirtualMachineBootOptions $bootOptions.EfiSecureBootEnabled = $true $ConfigSpec.BootOptions = $bootOptions $task = $VMobj.ExtensionData.ReconfigVM_Task($ConfigSpec)"
"VM","Nice-Builder","FAIL","Nice-Builder: VM Hardware version should be version 19 or later (vmx-13)",,,,,,,
"VM","Nice-Builder","PASS","Nice-Builder: tools.guestlib.enableHostInfo not configured and is using secure defaults ()","vm-8.restrict-host-info","P2","Virtual machines must not be able to obtain host information from the hypervisor.","FALSE or Undefined","VMCH-80-000198","1.4.5","Get-VM -Name $VM | Get-AdvancedSetting tools.guestlib.enableHostInfo | Remove-AdvancedSetting"
"VM","Nice-Builder","PASS","Nice-Builder: tools.guest.desktop.autolock not configured and is using secure defaults ()","vm-8.vmrc-lock","P0","Virtual machines must be configured to lock when the last console connection is closed.","TRUE","VMCH-80-000201","N/A","Get-VM -Name $VM | Get-AdvancedSetting -Name tools.guest.desktop.autolock | Set-AdvancedSetting -Value $true"
"VM","Nice-Builder","PASS","Nice-Builder: isolation.tools.paste.disable not configured and is using secure defaults ()","vm-8.deactivate-console-paste","P2","Virtual machines must have console paste operations deactivated.","TRUE or Undefined","VMCH-80-000192","3.4.2","Get-VM -Name $VM | Get-AdvancedSetting -Name isolation.tools.paste.disable | Remove-AdvancedSetting"
"VM","Nice-Builder","PASS","Nice-Builder: isolation.device.connectable.disable not configured and is using secure defaults ()","vm-8.isolation-device-connectable-deactivate","P2","Virtual machines must prevent unauthorized removal, connection and modification of devices.","TRUE or Undefined","VMCH-80-000197","N/A","Get-VM -Name $VM | Get-AdvancedSetting -Name isolation.device.connectable.disable | Remove-AdvancedSetting"
"VM","Nice-Builder","PASS","Nice-Builder: isolation.tools.diskWiper.disable not configured and is using secure defaults ()","vm-8.deactivate-disk-shrinking-wiper","P2","Virtual machines must have virtual disk wiping operations deactivated.","TRUE or Undefined","VMCH-80-000194","N/A","Get-VM -Name $VM | Get-AdvancedSetting -Name isolation.tools.diskWiper.disable | Remove-AdvancedSetting"
"VM","Nice-Builder","PASS","Nice-Builder: mks.enable3d not configured and is using secure defaults ()","vm-8.deactivate-non-essential-3d-features","P2","Virtual machines must have 3D graphics features deactivated when not required.","FALSE","VMCH-80-000202","N/A","Get-VM -Name $VM | Get-AdvancedSetting mks.enable3d | Set-AdvancedSetting -Value $false"
"VM","Nice-Builder","PASS","Nice-Builder: isolation.tools.diskShrink.disable not configured and is using secure defaults ()","vm-8.deactivate-disk-shrinking-shrink","P2","Virtual machines must have virtual disk shrinking operations deactivated.","TRUE or Undefined","VMCH-80-000193","N/A","Get-VM -Name $VM | Get-AdvancedSetting -Name isolation.tools.diskShrink.disable | Remove-AdvancedSetting"
"VM","Nice-Builder","PASS","Nice-Builder: isolation.tools.copy.disable not configured and is using secure defaults ()","vm-8.deactivate-console-copy","P2","Virtual machines must have console copy operations deactivated.","TRUE or Undefined","VMCH-80-000189","3.4.2","Get-VM -Name $VM | Get-AdvancedSetting -Name isolation.tools.copy.disable | Remove-AdvancedSetting"
"VM","Nice-Builder","PASS","Nice-Builder: sched.mem.pshare.salt not configured ().","vm-8.transparentpagesharing-inter-vm-enabled","P2","Virtual machines must restrict sharing of memory pages between VMs.","Not Present","VMCH-80-000199","N/A","Get-VM -Name $VM | Get-AdvancedSetting -Name sched.mem.pshare.salt | Remove-AdvancedSetting"
"VM","Nice-Builder","PASS","Nice-Builder: isolation.tools.dnd.disable not configured and is using secure defaults ()","vm-8.isolation-tools-dnd-deactivate","P2","Virtual machines must have console drag and drop operations deactivated.","TRUE or Undefined","VMCH-80-000191","N/A","Get-VM -Name $VM | Get-AdvancedSetting -Name isolation.tools.dnd.disable | Remove-AdvancedSetting"
"VM","Nice-Builder","PASS","Nice-Builder: log.keepOld not configured and is using secure defaults","vm-8.log-retention","P2","Virtual machines must limit the number of retained diagnostic logs.","10 or Undefined","VMCH-80-000206","10.5.1","Get-VM -Name $VM | Get-AdvancedSetting -Name log.keepOld | Remove-AdvancedSetting"
"VM","Nice-Builder","PASS","Nice-Builder: tools.setInfo.sizeLimit not configured and is using secure defaults","vm-8.limit-setinfo-size","P2","Virtual machines must limit informational messages from the virtual machine to the VMX file.","1048576 or Undefined","VMCH-80-000196","N/A","Get-VM -Name $VM | Get-AdvancedSetting -Name tools.setInfo.sizeLimit | Remove-AdvancedSetting"
"VM","Nice-Builder","PASS","Nice-Builder: log.rotateSize not configured and is using secure defaults","vm-8.log-rotation-size","P2","Virtual machines must limit the size of diagnostic logs.","2048000 or Undefined","VMCH-80-000205","10.5.1","Get-VM -Name $VM | Get-AdvancedSetting -Name log.rotateSize | Remove-AdvancedSetting"
"VM","Nice-Builder","FAIL","Nice-Builder: RemoteDisplay.maxConnections not configured","vm-8.limit-console-connections","P0","Virtual machines must limit console sharing.","1","VMCH-80-000195","N/A","Get-VM -Name $VM | Get-AdvancedSetting RemoteDisplay.maxConnections | Set-AdvancedSetting -Value 1"
"VM","Nice-Builder","FAIL","Nice-Builder: Encrypted vMotion defaults configured (opportunistic).","vm-8.vmotion-encrypted","P1","Virtual machines must require encryption for vMotion.","required","VMCH-80-000203","2.2.7
4.2.1","$VMview = Get-VM -Name $VM | Get-View  $ConfigSpec = New-Object VMware.Vim.VirtualMachineConfigSpec $ConfigSpec.MigrateEncryption = New-Object VMware.Vim.VirtualMachineConfigSpecEncryptedVMotionModes $ConfigSpec.MigrateEncryption = ""required"" $VMview.ReconfigVM_Task($ConfigSpec)"
"VM","Nice-Builder","FAIL","Nice-Builder: Encrypted Fault Tolerance defaults configured (ftEncryptionOpportunistic)","vm-8.ft-encrypted","P1","Virtual machines must require encryption for Fault Tolerance.","ftEncryptionRequired","VMCH-80-000204","2.2.7
4.2.1","$VMview = Get-VM -Name $VM | Get-View  $ConfigSpec = New-Object VMware.Vim.VirtualMachineConfigSpec $ConfigSpec.FtEncryptionMode = New-object VMware.Vim.VirtualMachineConfigSpecEncryptedFtModes $ConfigSpec.FtEncryptionMode = ""ftEncryptionRequired""  $VMview.ReconfigVM_Task($ConfigSpec)"
"VM","Nice-Builder","PASS","Nice-Builder: Diagnostic logging configured correctly (True)","vm-8.log-enable","P2","Virtual machines must enable diagnostic logging.","TRUE","VMCH-80-000207","10.5.1","$VMview = Get-VM -Name $VM | Get-View  $ConfigSpec = New-Object VMware.Vim.VirtualMachineConfigSpec $ConfigSpec.Flags = New-Object VMware.Vim.VirtualMachineFlagInfo $ConfigSpec.Flags.EnableLogging = $true $VMview.ReconfigVM_Task($ConfigSpec)"
"VM","Nice-Builder","PASS","Nice-Builder: dvFilters not configured ()","vm-8.dvfilter","P2","Virtual machines must limit access through the ""dvfilter"" network Application Programming Interface (API).","Not Present","VMCH-80-000200","N/A","Get-VM -Name $VM | Get-AdvancedSetting ""ethernet*.filter*.name*"" | Remove-AdvancedSetting"
"VM","Nice-Builder","PASS","Nice-Builder: Passthrough hardware devices not configured","vm-8.pci-passthrough","P0","Virtual machines must limit PCI device passthrough functionality.","Not Present","VMCH-80-000214","N/A","Get-VM -Name $VM | Get-PassthroughDevice | Remove-PassthroughDevice"
"VM","Nice-Builder","FAIL","Nice-Builder: VirtualAHCIController device present. Evaluate and remove if not necessary.",,,,,,,
"VM","Nice-Builder","FAIL","Nice-Builder: VirtualCdrom device present. Evaluate and remove if not necessary.",,,,,,,
"VM","Nice-Builder","FAIL","Nice-Builder: VM permitted to boot from all possible sources. ()",,,,,,,
"VM","Nice-Builder","INFO","Nice-Builder: Audit of Nice-Builder completed at 2026-09-07 09:01:58",,,,,,,
"VM","Nice-Depot","INFO","VMware Virtual Machine Security Settings Audit Utility 8.0.3",,,,,,,
"VM","Nice-Depot","INFO","Audit of Nice-Depot started at 2026-09-07 09:01:58 from HCSVDI-28 by broadcom",,,,,,,
"VM","Nice-Depot","INFO","EULA accepted.",,,,,,,
"VM","Nice-Depot","PASS","Nice-Depot: Secure Boot configured (True)",,,,,,,
"VM","Nice-Depot","PASS","Nice-Depot: VM is VM Hardware 21 (vSphere 8) (vmx-21)",,,,,,,
"VM","Nice-Depot","PASS","Nice-Depot: tools.guestlib.enableHostInfo not configured and is using secure defaults ()","vm-8.restrict-host-info","P2","Virtual machines must not be able to obtain host information from the hypervisor.","FALSE or Undefined","VMCH-80-000198","1.4.5","Get-VM -Name $VM | Get-AdvancedSetting tools.guestlib.enableHostInfo | Remove-AdvancedSetting"
"VM","Nice-Depot","PASS","Nice-Depot: tools.guest.desktop.autolock configured correctly (TRUE)","vm-8.vmrc-lock","P0","Virtual machines must be configured to lock when the last console connection is closed.","TRUE","VMCH-80-000201","N/A","Get-VM -Name $VM | Get-AdvancedSetting -Name tools.guest.desktop.autolock | Set-AdvancedSetting -Value $true"
"VM","Nice-Depot","PASS","Nice-Depot: isolation.tools.paste.disable not configured and is using secure defaults ()","vm-8.deactivate-console-paste","P2","Virtual machines must have console paste operations deactivated.","TRUE or Undefined","VMCH-80-000192","3.4.2","Get-VM -Name $VM | Get-AdvancedSetting -Name isolation.tools.paste.disable | Remove-AdvancedSetting"
"VM","Nice-Depot","PASS","Nice-Depot: isolation.device.connectable.disable not configured and is using secure defaults ()","vm-8.isolation-device-connectable-deactivate","P2","Virtual machines must prevent unauthorized removal, connection and modification of devices.","TRUE or Undefined","VMCH-80-000197","N/A","Get-VM -Name $VM | Get-AdvancedSetting -Name isolation.device.connectable.disable | Remove-AdvancedSetting"
"VM","Nice-Depot","PASS","Nice-Depot: isolation.tools.diskWiper.disable not configured and is using secure defaults ()","vm-8.deactivate-disk-shrinking-wiper","P2","Virtual machines must have virtual disk wiping operations deactivated.","TRUE or Undefined","VMCH-80-000194","N/A","Get-VM -Name $VM | Get-AdvancedSetting -Name isolation.tools.diskWiper.disable | Remove-AdvancedSetting"
"VM","Nice-Depot","PASS","Nice-Depot: mks.enable3d not configured and is using secure defaults ()","vm-8.deactivate-non-essential-3d-features","P2","Virtual machines must have 3D graphics features deactivated when not required.","FALSE","VMCH-80-000202","N/A","Get-VM -Name $VM | Get-AdvancedSetting mks.enable3d | Set-AdvancedSetting -Value $false"
"VM","Nice-Depot","PASS","Nice-Depot: isolation.tools.diskShrink.disable not configured and is using secure defaults ()","vm-8.deactivate-disk-shrinking-shrink","P2","Virtual machines must have virtual disk shrinking operations deactivated.","TRUE or Undefined","VMCH-80-000193","N/A","Get-VM -Name $VM | Get-AdvancedSetting -Name isolation.tools.diskShrink.disable | Remove-AdvancedSetting"
"VM","Nice-Depot","PASS","Nice-Depot: isolation.tools.copy.disable not configured and is using secure defaults ()","vm-8.deactivate-console-copy","P2","Virtual machines must have console copy operations deactivated.","TRUE or Undefined","VMCH-80-000189","3.4.2","Get-VM -Name $VM | Get-AdvancedSetting -Name isolation.tools.copy.disable | Remove-AdvancedSetting"
"VM","Nice-Depot","PASS","Nice-Depot: sched.mem.pshare.salt not configured ().","vm-8.transparentpagesharing-inter-vm-enabled","P2","Virtual machines must restrict sharing of memory pages between VMs.","Not Present","VMCH-80-000199","N/A","Get-VM -Name $VM | Get-AdvancedSetting -Name sched.mem.pshare.salt | Remove-AdvancedSetting"
"VM","Nice-Depot","PASS","Nice-Depot: isolation.tools.dnd.disable not configured and is using secure defaults ()","vm-8.isolation-tools-dnd-deactivate","P2","Virtual machines must have console drag and drop operations deactivated.","TRUE or Undefined","VMCH-80-000191","N/A","Get-VM -Name $VM | Get-AdvancedSetting -Name isolation.tools.dnd.disable | Remove-AdvancedSetting"
"VM","Nice-Depot","PASS","Nice-Depot: log.keepOld not configured and is using secure defaults","vm-8.log-retention","P2","Virtual machines must limit the number of retained diagnostic logs.","10 or Undefined","VMCH-80-000206","10.5.1","Get-VM -Name $VM | Get-AdvancedSetting -Name log.keepOld | Remove-AdvancedSetting"
"VM","Nice-Depot","PASS","Nice-Depot: tools.setInfo.sizeLimit not configured and is using secure defaults","vm-8.limit-setinfo-size","P2","Virtual machines must limit informational messages from the virtual machine to the VMX file.","1048576 or Undefined","VMCH-80-000196","N/A","Get-VM -Name $VM | Get-AdvancedSetting -Name tools.setInfo.sizeLimit | Remove-AdvancedSetting"
"VM","Nice-Depot","PASS","Nice-Depot: log.rotateSize not configured and is using secure defaults","vm-8.log-rotation-size","P2","Virtual machines must limit the size of diagnostic logs.","2048000 or Undefined","VMCH-80-000205","10.5.1","Get-VM -Name $VM | Get-AdvancedSetting -Name log.rotateSize | Remove-AdvancedSetting"
"VM","Nice-Depot","FAIL","Nice-Depot: RemoteDisplay.maxConnections configured incorrectly (-1, expected eq 1)","vm-8.limit-console-connections","P0","Virtual machines must limit console sharing.","1","VMCH-80-000195","N/A","Get-VM -Name $VM | Get-AdvancedSetting RemoteDisplay.maxConnections | Set-AdvancedSetting -Value 1"
"VM","Nice-Depot","FAIL","Nice-Depot: Encrypted vMotion defaults configured (opportunistic).","vm-8.vmotion-encrypted","P1","Virtual machines must require encryption for vMotion.","required","VMCH-80-000203","2.2.7
4.2.1","$VMview = Get-VM -Name $VM | Get-View  $ConfigSpec = New-Object VMware.Vim.VirtualMachineConfigSpec $ConfigSpec.MigrateEncryption = New-Object VMware.Vim.VirtualMachineConfigSpecEncryptedVMotionModes $ConfigSpec.MigrateEncryption = ""required"" $VMview.ReconfigVM_Task($ConfigSpec)"
"VM","Nice-Depot","FAIL","Nice-Depot: Encrypted Fault Tolerance defaults configured (ftEncryptionOpportunistic)","vm-8.ft-encrypted","P1","Virtual machines must require encryption for Fault Tolerance.","ftEncryptionRequired","VMCH-80-000204","2.2.7
4.2.1","$VMview = Get-VM -Name $VM | Get-View  $ConfigSpec = New-Object VMware.Vim.VirtualMachineConfigSpec $ConfigSpec.FtEncryptionMode = New-object VMware.Vim.VirtualMachineConfigSpecEncryptedFtModes $ConfigSpec.FtEncryptionMode = ""ftEncryptionRequired""  $VMview.ReconfigVM_Task($ConfigSpec)"
"VM","Nice-Depot","PASS","Nice-Depot: Diagnostic logging configured correctly (True)","vm-8.log-enable","P2","Virtual machines must enable diagnostic logging.","TRUE","VMCH-80-000207","10.5.1","$VMview = Get-VM -Name $VM | Get-View  $ConfigSpec = New-Object VMware.Vim.VirtualMachineConfigSpec $ConfigSpec.Flags = New-Object VMware.Vim.VirtualMachineFlagInfo $ConfigSpec.Flags.EnableLogging = $true $VMview.ReconfigVM_Task($ConfigSpec)"
"VM","Nice-Depot","PASS","Nice-Depot: dvFilters not configured ()","vm-8.dvfilter","P2","Virtual machines must limit access through the ""dvfilter"" network Application Programming Interface (API).","Not Present","VMCH-80-000200","N/A","Get-VM -Name $VM | Get-AdvancedSetting ""ethernet*.filter*.name*"" | Remove-AdvancedSetting"
"VM","Nice-Depot","PASS","Nice-Depot: Passthrough hardware devices not configured","vm-8.pci-passthrough","P0","Virtual machines must limit PCI device passthrough functionality.","Not Present","VMCH-80-000214","N/A","Get-VM -Name $VM | Get-PassthroughDevice | Remove-PassthroughDevice"
"VM","Nice-Depot","FAIL","Nice-Depot: VirtualAHCIController device present. Evaluate and remove if not necessary.",,,,,,,
"VM","Nice-Depot","FAIL","Nice-Depot: VirtualCdrom device present. Evaluate and remove if not necessary.",,,,,,,
"VM","Nice-Depot","FAIL","Nice-Depot: VM permitted to boot from all possible sources. ()",,,,,,,
"VM","Nice-Depot","INFO","Nice-Depot: Audit of Nice-Depot completed at 2026-09-07 09:01:58",,,,,,,
"VM","psh-esxi01","INFO","VMware Virtual Machine Security Settings Audit Utility 8.0.3",,,,,,,
"VM","psh-esxi01","INFO","Audit of psh-esxi01 started at 2026-09-07 09:01:58 from HCSVDI-28 by broadcom",,,,,,,
"VM","psh-esxi01","INFO","EULA accepted.",,,,,,,
"VM","psh-esxi01","FAIL","psh-esxi01: VM does not have Secure Boot configured (False)","guest-8.secure-boot","P0","The guest OS must enable Secure Boot.","TRUE","N/A","5.2.3","$VMobj = (Get-VM -Name $VM) $ConfigSpec = New-Object VMware.Vim.VirtualMachineConfigSpec $bootOptions = New-Object VMware.Vim.VirtualMachineBootOptions $bootOptions.EfiSecureBootEnabled = $true $ConfigSpec.BootOptions = $bootOptions $task = $VMobj.ExtensionData.ReconfigVM_Task($ConfigSpec)"
"VM","psh-esxi01","PASS","psh-esxi01: VM is VM Hardware 21 (vSphere 8) (vmx-21)",,,,,,,
"VM","psh-esxi01","PASS","psh-esxi01: tools.guestlib.enableHostInfo not configured and is using secure defaults ()","vm-8.restrict-host-info","P2","Virtual machines must not be able to obtain host information from the hypervisor.","FALSE or Undefined","VMCH-80-000198","1.4.5","Get-VM -Name $VM | Get-AdvancedSetting tools.guestlib.enableHostInfo | Remove-AdvancedSetting"
"VM","psh-esxi01","PASS","psh-esxi01: tools.guest.desktop.autolock configured correctly (TRUE)","vm-8.vmrc-lock","P0","Virtual machines must be configured to lock when the last console connection is closed.","TRUE","VMCH-80-000201","N/A","Get-VM -Name $VM | Get-AdvancedSetting -Name tools.guest.desktop.autolock | Set-AdvancedSetting -Value $true"
"VM","psh-esxi01","PASS","psh-esxi01: isolation.tools.paste.disable not configured and is using secure defaults ()","vm-8.deactivate-console-paste","P2","Virtual machines must have console paste operations deactivated.","TRUE or Undefined","VMCH-80-000192","3.4.2","Get-VM -Name $VM | Get-AdvancedSetting -Name isolation.tools.paste.disable | Remove-AdvancedSetting"
"VM","psh-esxi01","PASS","psh-esxi01: isolation.device.connectable.disable not configured and is using secure defaults ()","vm-8.isolation-device-connectable-deactivate","P2","Virtual machines must prevent unauthorized removal, connection and modification of devices.","TRUE or Undefined","VMCH-80-000197","N/A","Get-VM -Name $VM | Get-AdvancedSetting -Name isolation.device.connectable.disable | Remove-AdvancedSetting"
"VM","psh-esxi01","PASS","psh-esxi01: isolation.tools.diskWiper.disable not configured and is using secure defaults ()","vm-8.deactivate-disk-shrinking-wiper","P2","Virtual machines must have virtual disk wiping operations deactivated.","TRUE or Undefined","VMCH-80-000194","N/A","Get-VM -Name $VM | Get-AdvancedSetting -Name isolation.tools.diskWiper.disable | Remove-AdvancedSetting"
"VM","psh-esxi01","PASS","psh-esxi01: mks.enable3d not configured and is using secure defaults ()","vm-8.deactivate-non-essential-3d-features","P2","Virtual machines must have 3D graphics features deactivated when not required.","FALSE","VMCH-80-000202","N/A","Get-VM -Name $VM | Get-AdvancedSetting mks.enable3d | Set-AdvancedSetting -Value $false"
"VM","psh-esxi01","PASS","psh-esxi01: isolation.tools.diskShrink.disable not configured and is using secure defaults ()","vm-8.deactivate-disk-shrinking-shrink","P2","Virtual machines must have virtual disk shrinking operations deactivated.","TRUE or Undefined","VMCH-80-000193","N/A","Get-VM -Name $VM | Get-AdvancedSetting -Name isolation.tools.diskShrink.disable | Remove-AdvancedSetting"
"VM","psh-esxi01","PASS","psh-esxi01: isolation.tools.copy.disable not configured and is using secure defaults ()","vm-8.deactivate-console-copy","P2","Virtual machines must have console copy operations deactivated.","TRUE or Undefined","VMCH-80-000189","3.4.2","Get-VM -Name $VM | Get-AdvancedSetting -Name isolation.tools.copy.disable | Remove-AdvancedSetting"
"VM","psh-esxi01","PASS","psh-esxi01: sched.mem.pshare.salt not configured ().","vm-8.transparentpagesharing-inter-vm-enabled","P2","Virtual machines must restrict sharing of memory pages between VMs.","Not Present","VMCH-80-000199","N/A","Get-VM -Name $VM | Get-AdvancedSetting -Name sched.mem.pshare.salt | Remove-AdvancedSetting"
"VM","psh-esxi01","PASS","psh-esxi01: isolation.tools.dnd.disable not configured and is using secure defaults ()","vm-8.isolation-tools-dnd-deactivate","P2","Virtual machines must have console drag and drop operations deactivated.","TRUE or Undefined","VMCH-80-000191","N/A","Get-VM -Name $VM | Get-AdvancedSetting -Name isolation.tools.dnd.disable | Remove-AdvancedSetting"
"VM","psh-esxi01","PASS","psh-esxi01: log.keepOld not configured and is using secure defaults","vm-8.log-retention","P2","Virtual machines must limit the number of retained diagnostic logs.","10 or Undefined","VMCH-80-000206","10.5.1","Get-VM -Name $VM | Get-AdvancedSetting -Name log.keepOld | Remove-AdvancedSetting"
"VM","psh-esxi01","PASS","psh-esxi01: tools.setInfo.sizeLimit not configured and is using secure defaults","vm-8.limit-setinfo-size","P2","Virtual machines must limit informational messages from the virtual machine to the VMX file.","1048576 or Undefined","VMCH-80-000196","N/A","Get-VM -Name $VM | Get-AdvancedSetting -Name tools.setInfo.sizeLimit | Remove-AdvancedSetting"
"VM","psh-esxi01","PASS","psh-esxi01: log.rotateSize not configured and is using secure defaults","vm-8.log-rotation-size","P2","Virtual machines must limit the size of diagnostic logs.","2048000 or Undefined","VMCH-80-000205","10.5.1","Get-VM -Name $VM | Get-AdvancedSetting -Name log.rotateSize | Remove-AdvancedSetting"
"VM","psh-esxi01","FAIL","psh-esxi01: RemoteDisplay.maxConnections configured incorrectly (-1, expected eq 1)","vm-8.limit-console-connections","P0","Virtual machines must limit console sharing.","1","VMCH-80-000195","N/A","Get-VM -Name $VM | Get-AdvancedSetting RemoteDisplay.maxConnections | Set-AdvancedSetting -Value 1"
"VM","psh-esxi01","FAIL","psh-esxi01: Encrypted vMotion defaults configured (opportunistic).","vm-8.vmotion-encrypted","P1","Virtual machines must require encryption for vMotion.","required","VMCH-80-000203","2.2.7
4.2.1","$VMview = Get-VM -Name $VM | Get-View  $ConfigSpec = New-Object VMware.Vim.VirtualMachineConfigSpec $ConfigSpec.MigrateEncryption = New-Object VMware.Vim.VirtualMachineConfigSpecEncryptedVMotionModes $ConfigSpec.MigrateEncryption = ""required"" $VMview.ReconfigVM_Task($ConfigSpec)"
"VM","psh-esxi01","FAIL","psh-esxi01: Encrypted Fault Tolerance defaults configured (ftEncryptionOpportunistic)","vm-8.ft-encrypted","P1","Virtual machines must require encryption for Fault Tolerance.","ftEncryptionRequired","VMCH-80-000204","2.2.7
4.2.1","$VMview = Get-VM -Name $VM | Get-View  $ConfigSpec = New-Object VMware.Vim.VirtualMachineConfigSpec $ConfigSpec.FtEncryptionMode = New-object VMware.Vim.VirtualMachineConfigSpecEncryptedFtModes $ConfigSpec.FtEncryptionMode = ""ftEncryptionRequired""  $VMview.ReconfigVM_Task($ConfigSpec)"
"VM","psh-esxi01","PASS","psh-esxi01: Diagnostic logging configured correctly (True)","vm-8.log-enable","P2","Virtual machines must enable diagnostic logging.","TRUE","VMCH-80-000207","10.5.1","$VMview = Get-VM -Name $VM | Get-View  $ConfigSpec = New-Object VMware.Vim.VirtualMachineConfigSpec $ConfigSpec.Flags = New-Object VMware.Vim.VirtualMachineFlagInfo $ConfigSpec.Flags.EnableLogging = $true $VMview.ReconfigVM_Task($ConfigSpec)"
"VM","psh-esxi01","PASS","psh-esxi01: dvFilters not configured ()","vm-8.dvfilter","P2","Virtual machines must limit access through the ""dvfilter"" network Application Programming Interface (API).","Not Present","VMCH-80-000200","N/A","Get-VM -Name $VM | Get-AdvancedSetting ""ethernet*.filter*.name*"" | Remove-AdvancedSetting"
"VM","psh-esxi01","PASS","psh-esxi01: Passthrough hardware devices not configured","vm-8.pci-passthrough","P0","Virtual machines must limit PCI device passthrough functionality.","Not Present","VMCH-80-000214","N/A","Get-VM -Name $VM | Get-PassthroughDevice | Remove-PassthroughDevice"
"VM","psh-esxi01","FAIL","psh-esxi01: VirtualCdrom device present. Evaluate and remove if not necessary.",,,,,,,
"VM","psh-esxi01","FAIL","psh-esxi01: VM permitted to boot from all possible sources. ()",,,,,,,
"VM","psh-esxi01","INFO","psh-esxi01: Audit of psh-esxi01 completed at 2026-09-07 09:01:59",,,,,,,
"VM","psh-esxi02","INFO","VMware Virtual Machine Security Settings Audit Utility 8.0.3",,,,,,,
"VM","psh-esxi02","INFO","Audit of psh-esxi02 started at 2026-09-07 09:01:59 from HCSVDI-28 by broadcom",,,,,,,
"VM","psh-esxi02","INFO","EULA accepted.",,,,,,,
"VM","psh-esxi02","FAIL","psh-esxi02: VM does not have Secure Boot configured (False)","guest-8.secure-boot","P0","The guest OS must enable Secure Boot.","TRUE","N/A","5.2.3","$VMobj = (Get-VM -Name $VM) $ConfigSpec = New-Object VMware.Vim.VirtualMachineConfigSpec $bootOptions = New-Object VMware.Vim.VirtualMachineBootOptions $bootOptions.EfiSecureBootEnabled = $true $ConfigSpec.BootOptions = $bootOptions $task = $VMobj.ExtensionData.ReconfigVM_Task($ConfigSpec)"
"VM","psh-esxi02","PASS","psh-esxi02: VM is VM Hardware 21 (vSphere 8) (vmx-21)",,,,,,,
"VM","psh-esxi02","PASS","psh-esxi02: tools.guestlib.enableHostInfo not configured and is using secure defaults ()","vm-8.restrict-host-info","P2","Virtual machines must not be able to obtain host information from the hypervisor.","FALSE or Undefined","VMCH-80-000198","1.4.5","Get-VM -Name $VM | Get-AdvancedSetting tools.guestlib.enableHostInfo | Remove-AdvancedSetting"
"VM","psh-esxi02","PASS","psh-esxi02: tools.guest.desktop.autolock configured correctly (TRUE)","vm-8.vmrc-lock","P0","Virtual machines must be configured to lock when the last console connection is closed.","TRUE","VMCH-80-000201","N/A","Get-VM -Name $VM | Get-AdvancedSetting -Name tools.guest.desktop.autolock | Set-AdvancedSetting -Value $true"
"VM","psh-esxi02","PASS","psh-esxi02: isolation.tools.paste.disable not configured and is using secure defaults ()","vm-8.deactivate-console-paste","P2","Virtual machines must have console paste operations deactivated.","TRUE or Undefined","VMCH-80-000192","3.4.2","Get-VM -Name $VM | Get-AdvancedSetting -Name isolation.tools.paste.disable | Remove-AdvancedSetting"
"VM","psh-esxi02","PASS","psh-esxi02: isolation.device.connectable.disable not configured and is using secure defaults ()","vm-8.isolation-device-connectable-deactivate","P2","Virtual machines must prevent unauthorized removal, connection and modification of devices.","TRUE or Undefined","VMCH-80-000197","N/A","Get-VM -Name $VM | Get-AdvancedSetting -Name isolation.device.connectable.disable | Remove-AdvancedSetting"
"VM","psh-esxi02","PASS","psh-esxi02: isolation.tools.diskWiper.disable not configured and is using secure defaults ()","vm-8.deactivate-disk-shrinking-wiper","P2","Virtual machines must have virtual disk wiping operations deactivated.","TRUE or Undefined","VMCH-80-000194","N/A","Get-VM -Name $VM | Get-AdvancedSetting -Name isolation.tools.diskWiper.disable | Remove-AdvancedSetting"
"VM","psh-esxi02","PASS","psh-esxi02: mks.enable3d not configured and is using secure defaults ()","vm-8.deactivate-non-essential-3d-features","P2","Virtual machines must have 3D graphics features deactivated when not required.","FALSE","VMCH-80-000202","N/A","Get-VM -Name $VM | Get-AdvancedSetting mks.enable3d | Set-AdvancedSetting -Value $false"
"VM","psh-esxi02","PASS","psh-esxi02: isolation.tools.diskShrink.disable not configured and is using secure defaults ()","vm-8.deactivate-disk-shrinking-shrink","P2","Virtual machines must have virtual disk shrinking operations deactivated.","TRUE or Undefined","VMCH-80-000193","N/A","Get-VM -Name $VM | Get-AdvancedSetting -Name isolation.tools.diskShrink.disable | Remove-AdvancedSetting"
"VM","psh-esxi02","PASS","psh-esxi02: isolation.tools.copy.disable not configured and is using secure defaults ()","vm-8.deactivate-console-copy","P2","Virtual machines must have console copy operations deactivated.","TRUE or Undefined","VMCH-80-000189","3.4.2","Get-VM -Name $VM | Get-AdvancedSetting -Name isolation.tools.copy.disable | Remove-AdvancedSetting"
"VM","psh-esxi02","PASS","psh-esxi02: sched.mem.pshare.salt not configured ().","vm-8.transparentpagesharing-inter-vm-enabled","P2","Virtual machines must restrict sharing of memory pages between VMs.","Not Present","VMCH-80-000199","N/A","Get-VM -Name $VM | Get-AdvancedSetting -Name sched.mem.pshare.salt | Remove-AdvancedSetting"
"VM","psh-esxi02","PASS","psh-esxi02: isolation.tools.dnd.disable not configured and is using secure defaults ()","vm-8.isolation-tools-dnd-deactivate","P2","Virtual machines must have console drag and drop operations deactivated.","TRUE or Undefined","VMCH-80-000191","N/A","Get-VM -Name $VM | Get-AdvancedSetting -Name isolation.tools.dnd.disable | Remove-AdvancedSetting"
"VM","psh-esxi02","PASS","psh-esxi02: log.keepOld not configured and is using secure defaults","vm-8.log-retention","P2","Virtual machines must limit the number of retained diagnostic logs.","10 or Undefined","VMCH-80-000206","10.5.1","Get-VM -Name $VM | Get-AdvancedSetting -Name log.keepOld | Remove-AdvancedSetting"
"VM","psh-esxi02","PASS","psh-esxi02: tools.setInfo.sizeLimit not configured and is using secure defaults","vm-8.limit-setinfo-size","P2","Virtual machines must limit informational messages from the virtual machine to the VMX file.","1048576 or Undefined","VMCH-80-000196","N/A","Get-VM -Name $VM | Get-AdvancedSetting -Name tools.setInfo.sizeLimit | Remove-AdvancedSetting"
"VM","psh-esxi02","PASS","psh-esxi02: log.rotateSize not configured and is using secure defaults","vm-8.log-rotation-size","P2","Virtual machines must limit the size of diagnostic logs.","2048000 or Undefined","VMCH-80-000205","10.5.1","Get-VM -Name $VM | Get-AdvancedSetting -Name log.rotateSize | Remove-AdvancedSetting"
"VM","psh-esxi02","FAIL","psh-esxi02: RemoteDisplay.maxConnections configured incorrectly (-1, expected eq 1)","vm-8.limit-console-connections","P0","Virtual machines must limit console sharing.","1","VMCH-80-000195","N/A","Get-VM -Name $VM | Get-AdvancedSetting RemoteDisplay.maxConnections | Set-AdvancedSetting -Value 1"
"VM","psh-esxi02","FAIL","psh-esxi02: Encrypted vMotion defaults configured (opportunistic).","vm-8.vmotion-encrypted","P1","Virtual machines must require encryption for vMotion.","required","VMCH-80-000203","2.2.7
4.2.1","$VMview = Get-VM -Name $VM | Get-View  $ConfigSpec = New-Object VMware.Vim.VirtualMachineConfigSpec $ConfigSpec.MigrateEncryption = New-Object VMware.Vim.VirtualMachineConfigSpecEncryptedVMotionModes $ConfigSpec.MigrateEncryption = ""required"" $VMview.ReconfigVM_Task($ConfigSpec)"
"VM","psh-esxi02","FAIL","psh-esxi02: Encrypted Fault Tolerance defaults configured (ftEncryptionOpportunistic)","vm-8.ft-encrypted","P1","Virtual machines must require encryption for Fault Tolerance.","ftEncryptionRequired","VMCH-80-000204","2.2.7
4.2.1","$VMview = Get-VM -Name $VM | Get-View  $ConfigSpec = New-Object VMware.Vim.VirtualMachineConfigSpec $ConfigSpec.FtEncryptionMode = New-object VMware.Vim.VirtualMachineConfigSpecEncryptedFtModes $ConfigSpec.FtEncryptionMode = ""ftEncryptionRequired""  $VMview.ReconfigVM_Task($ConfigSpec)"
"VM","psh-esxi02","PASS","psh-esxi02: Diagnostic logging configured correctly (True)","vm-8.log-enable","P2","Virtual machines must enable diagnostic logging.","TRUE","VMCH-80-000207","10.5.1","$VMview = Get-VM -Name $VM | Get-View  $ConfigSpec = New-Object VMware.Vim.VirtualMachineConfigSpec $ConfigSpec.Flags = New-Object VMware.Vim.VirtualMachineFlagInfo $ConfigSpec.Flags.EnableLogging = $true $VMview.ReconfigVM_Task($ConfigSpec)"
"VM","psh-esxi02","PASS","psh-esxi02: dvFilters not configured ()","vm-8.dvfilter","P2","Virtual machines must limit access through the ""dvfilter"" network Application Programming Interface (API).","Not Present","VMCH-80-000200","N/A","Get-VM -Name $VM | Get-AdvancedSetting ""ethernet*.filter*.name*"" | Remove-AdvancedSetting"
"VM","psh-esxi02","PASS","psh-esxi02: Passthrough hardware devices not configured","vm-8.pci-passthrough","P0","Virtual machines must limit PCI device passthrough functionality.","Not Present","VMCH-80-000214","N/A","Get-VM -Name $VM | Get-PassthroughDevice | Remove-PassthroughDevice"
"VM","psh-esxi02","FAIL","psh-esxi02: VirtualCdrom device present. Evaluate and remove if not necessary.",,,,,,,
"VM","psh-esxi02","FAIL","psh-esxi02: VM permitted to boot from all possible sources. ()",,,,,,,
"VM","psh-esxi02","INFO","psh-esxi02: Audit of psh-esxi02 completed at 2026-09-07 09:02:00",,,,,,,
"VM","psh-esxi03","INFO","VMware Virtual Machine Security Settings Audit Utility 8.0.3",,,,,,,
"VM","psh-esxi03","INFO","Audit of psh-esxi03 started at 2026-09-07 09:02:00 from HCSVDI-28 by broadcom",,,,,,,
"VM","psh-esxi03","INFO","EULA accepted.",,,,,,,
"VM","psh-esxi03","FAIL","psh-esxi03: VM does not have Secure Boot configured (False)","guest-8.secure-boot","P0","The guest OS must enable Secure Boot.","TRUE","N/A","5.2.3","$VMobj = (Get-VM -Name $VM) $ConfigSpec = New-Object VMware.Vim.VirtualMachineConfigSpec $bootOptions = New-Object VMware.Vim.VirtualMachineBootOptions $bootOptions.EfiSecureBootEnabled = $true $ConfigSpec.BootOptions = $bootOptions $task = $VMobj.ExtensionData.ReconfigVM_Task($ConfigSpec)"
"VM","psh-esxi03","PASS","psh-esxi03: VM is VM Hardware 21 (vSphere 8) (vmx-21)",,,,,,,
"VM","psh-esxi03","PASS","psh-esxi03: tools.guestlib.enableHostInfo not configured and is using secure defaults ()","vm-8.restrict-host-info","P2","Virtual machines must not be able to obtain host information from the hypervisor.","FALSE or Undefined","VMCH-80-000198","1.4.5","Get-VM -Name $VM | Get-AdvancedSetting tools.guestlib.enableHostInfo | Remove-AdvancedSetting"
"VM","psh-esxi03","PASS","psh-esxi03: tools.guest.desktop.autolock configured correctly (TRUE)","vm-8.vmrc-lock","P0","Virtual machines must be configured to lock when the last console connection is closed.","TRUE","VMCH-80-000201","N/A","Get-VM -Name $VM | Get-AdvancedSetting -Name tools.guest.desktop.autolock | Set-AdvancedSetting -Value $true"
"VM","psh-esxi03","PASS","psh-esxi03: isolation.tools.paste.disable not configured and is using secure defaults ()","vm-8.deactivate-console-paste","P2","Virtual machines must have console paste operations deactivated.","TRUE or Undefined","VMCH-80-000192","3.4.2","Get-VM -Name $VM | Get-AdvancedSetting -Name isolation.tools.paste.disable | Remove-AdvancedSetting"
"VM","psh-esxi03","PASS","psh-esxi03: isolation.device.connectable.disable not configured and is using secure defaults ()","vm-8.isolation-device-connectable-deactivate","P2","Virtual machines must prevent unauthorized removal, connection and modification of devices.","TRUE or Undefined","VMCH-80-000197","N/A","Get-VM -Name $VM | Get-AdvancedSetting -Name isolation.device.connectable.disable | Remove-AdvancedSetting"
"VM","psh-esxi03","PASS","psh-esxi03: isolation.tools.diskWiper.disable not configured and is using secure defaults ()","vm-8.deactivate-disk-shrinking-wiper","P2","Virtual machines must have virtual disk wiping operations deactivated.","TRUE or Undefined","VMCH-80-000194","N/A","Get-VM -Name $VM | Get-AdvancedSetting -Name isolation.tools.diskWiper.disable | Remove-AdvancedSetting"
"VM","psh-esxi03","PASS","psh-esxi03: mks.enable3d not configured and is using secure defaults ()","vm-8.deactivate-non-essential-3d-features","P2","Virtual machines must have 3D graphics features deactivated when not required.","FALSE","VMCH-80-000202","N/A","Get-VM -Name $VM | Get-AdvancedSetting mks.enable3d | Set-AdvancedSetting -Value $false"
"VM","psh-esxi03","PASS","psh-esxi03: isolation.tools.diskShrink.disable not configured and is using secure defaults ()","vm-8.deactivate-disk-shrinking-shrink","P2","Virtual machines must have virtual disk shrinking operations deactivated.","TRUE or Undefined","VMCH-80-000193","N/A","Get-VM -Name $VM | Get-AdvancedSetting -Name isolation.tools.diskShrink.disable | Remove-AdvancedSetting"
"VM","psh-esxi03","PASS","psh-esxi03: isolation.tools.copy.disable not configured and is using secure defaults ()","vm-8.deactivate-console-copy","P2","Virtual machines must have console copy operations deactivated.","TRUE or Undefined","VMCH-80-000189","3.4.2","Get-VM -Name $VM | Get-AdvancedSetting -Name isolation.tools.copy.disable | Remove-AdvancedSetting"
"VM","psh-esxi03","PASS","psh-esxi03: sched.mem.pshare.salt not configured ().","vm-8.transparentpagesharing-inter-vm-enabled","P2","Virtual machines must restrict sharing of memory pages between VMs.","Not Present","VMCH-80-000199","N/A","Get-VM -Name $VM | Get-AdvancedSetting -Name sched.mem.pshare.salt | Remove-AdvancedSetting"
"VM","psh-esxi03","PASS","psh-esxi03: isolation.tools.dnd.disable not configured and is using secure defaults ()","vm-8.isolation-tools-dnd-deactivate","P2","Virtual machines must have console drag and drop operations deactivated.","TRUE or Undefined","VMCH-80-000191","N/A","Get-VM -Name $VM | Get-AdvancedSetting -Name isolation.tools.dnd.disable | Remove-AdvancedSetting"
"VM","psh-esxi03","PASS","psh-esxi03: log.keepOld not configured and is using secure defaults","vm-8.log-retention","P2","Virtual machines must limit the number of retained diagnostic logs.","10 or Undefined","VMCH-80-000206","10.5.1","Get-VM -Name $VM | Get-AdvancedSetting -Name log.keepOld | Remove-AdvancedSetting"
"VM","psh-esxi03","PASS","psh-esxi03: tools.setInfo.sizeLimit not configured and is using secure defaults","vm-8.limit-setinfo-size","P2","Virtual machines must limit informational messages from the virtual machine to the VMX file.","1048576 or Undefined","VMCH-80-000196","N/A","Get-VM -Name $VM | Get-AdvancedSetting -Name tools.setInfo.sizeLimit | Remove-AdvancedSetting"
"VM","psh-esxi03","PASS","psh-esxi03: log.rotateSize not configured and is using secure defaults","vm-8.log-rotation-size","P2","Virtual machines must limit the size of diagnostic logs.","2048000 or Undefined","VMCH-80-000205","10.5.1","Get-VM -Name $VM | Get-AdvancedSetting -Name log.rotateSize | Remove-AdvancedSetting"
"VM","psh-esxi03","FAIL","psh-esxi03: RemoteDisplay.maxConnections configured incorrectly (-1, expected eq 1)","vm-8.limit-console-connections","P0","Virtual machines must limit console sharing.","1","VMCH-80-000195","N/A","Get-VM -Name $VM | Get-AdvancedSetting RemoteDisplay.maxConnections | Set-AdvancedSetting -Value 1"
"VM","psh-esxi03","FAIL","psh-esxi03: Encrypted vMotion defaults configured (opportunistic).","vm-8.vmotion-encrypted","P1","Virtual machines must require encryption for vMotion.","required","VMCH-80-000203","2.2.7
4.2.1","$VMview = Get-VM -Name $VM | Get-View  $ConfigSpec = New-Object VMware.Vim.VirtualMachineConfigSpec $ConfigSpec.MigrateEncryption = New-Object VMware.Vim.VirtualMachineConfigSpecEncryptedVMotionModes $ConfigSpec.MigrateEncryption = ""required"" $VMview.ReconfigVM_Task($ConfigSpec)"
"VM","psh-esxi03","FAIL","psh-esxi03: Encrypted Fault Tolerance defaults configured (ftEncryptionOpportunistic)","vm-8.ft-encrypted","P1","Virtual machines must require encryption for Fault Tolerance.","ftEncryptionRequired","VMCH-80-000204","2.2.7
4.2.1","$VMview = Get-VM -Name $VM | Get-View  $ConfigSpec = New-Object VMware.Vim.VirtualMachineConfigSpec $ConfigSpec.FtEncryptionMode = New-object VMware.Vim.VirtualMachineConfigSpecEncryptedFtModes $ConfigSpec.FtEncryptionMode = ""ftEncryptionRequired""  $VMview.ReconfigVM_Task($ConfigSpec)"
"VM","psh-esxi03","PASS","psh-esxi03: Diagnostic logging configured correctly (True)","vm-8.log-enable","P2","Virtual machines must enable diagnostic logging.","TRUE","VMCH-80-000207","10.5.1","$VMview = Get-VM -Name $VM | Get-View  $ConfigSpec = New-Object VMware.Vim.VirtualMachineConfigSpec $ConfigSpec.Flags = New-Object VMware.Vim.VirtualMachineFlagInfo $ConfigSpec.Flags.EnableLogging = $true $VMview.ReconfigVM_Task($ConfigSpec)"
"VM","psh-esxi03","PASS","psh-esxi03: dvFilters not configured ()","vm-8.dvfilter","P2","Virtual machines must limit access through the ""dvfilter"" network Application Programming Interface (API).","Not Present","VMCH-80-000200","N/A","Get-VM -Name $VM | Get-AdvancedSetting ""ethernet*.filter*.name*"" | Remove-AdvancedSetting"
"VM","psh-esxi03","PASS","psh-esxi03: Passthrough hardware devices not configured","vm-8.pci-passthrough","P0","Virtual machines must limit PCI device passthrough functionality.","Not Present","VMCH-80-000214","N/A","Get-VM -Name $VM | Get-PassthroughDevice | Remove-PassthroughDevice"
"VM","psh-esxi03","FAIL","psh-esxi03: VirtualCdrom device present. Evaluate and remove if not necessary.",,,,,,,
"VM","psh-esxi03","FAIL","psh-esxi03: VM permitted to boot from all possible sources. ()",,,,,,,
"VM","psh-esxi03","INFO","psh-esxi03: Audit of psh-esxi03 completed at 2026-09-07 09:02:00",,,,,,,
"VM","SSK_JumpHost","INFO","VMware Virtual Machine Security Settings Audit Utility 8.0.3",,,,,,,
"VM","SSK_JumpHost","INFO","Audit of SSK_JumpHost started at 2026-09-07 09:02:00 from HCSVDI-28 by broadcom",,,,,,,
"VM","SSK_JumpHost","INFO","EULA accepted.",,,,,,,
"VM","SSK_JumpHost","FAIL","SSK_JumpHost: VM does not have Secure Boot configured (False)","guest-8.secure-boot","P0","The guest OS must enable Secure Boot.","TRUE","N/A","5.2.3","$VMobj = (Get-VM -Name $VM) $ConfigSpec = New-Object VMware.Vim.VirtualMachineConfigSpec $bootOptions = New-Object VMware.Vim.VirtualMachineBootOptions $bootOptions.EfiSecureBootEnabled = $true $ConfigSpec.BootOptions = $bootOptions $task = $VMobj.ExtensionData.ReconfigVM_Task($ConfigSpec)"
"VM","SSK_JumpHost","PASS","SSK_JumpHost: VM is VM Hardware 21 (vSphere 8) (vmx-21)",,,,,,,
"VM","SSK_JumpHost","PASS","SSK_JumpHost: tools.guestlib.enableHostInfo not configured and is using secure defaults ()","vm-8.restrict-host-info","P2","Virtual machines must not be able to obtain host information from the hypervisor.","FALSE or Undefined","VMCH-80-000198","1.4.5","Get-VM -Name $VM | Get-AdvancedSetting tools.guestlib.enableHostInfo | Remove-AdvancedSetting"
"VM","SSK_JumpHost","PASS","SSK_JumpHost: tools.guest.desktop.autolock configured correctly (TRUE)","vm-8.vmrc-lock","P0","Virtual machines must be configured to lock when the last console connection is closed.","TRUE","VMCH-80-000201","N/A","Get-VM -Name $VM | Get-AdvancedSetting -Name tools.guest.desktop.autolock | Set-AdvancedSetting -Value $true"
"VM","SSK_JumpHost","PASS","SSK_JumpHost: isolation.tools.paste.disable not configured and is using secure defaults ()","vm-8.deactivate-console-paste","P2","Virtual machines must have console paste operations deactivated.","TRUE or Undefined","VMCH-80-000192","3.4.2","Get-VM -Name $VM | Get-AdvancedSetting -Name isolation.tools.paste.disable | Remove-AdvancedSetting"
"VM","SSK_JumpHost","PASS","SSK_JumpHost: isolation.device.connectable.disable not configured and is using secure defaults ()","vm-8.isolation-device-connectable-deactivate","P2","Virtual machines must prevent unauthorized removal, connection and modification of devices.","TRUE or Undefined","VMCH-80-000197","N/A","Get-VM -Name $VM | Get-AdvancedSetting -Name isolation.device.connectable.disable | Remove-AdvancedSetting"
"VM","SSK_JumpHost","PASS","SSK_JumpHost: isolation.tools.diskWiper.disable not configured and is using secure defaults ()","vm-8.deactivate-disk-shrinking-wiper","P2","Virtual machines must have virtual disk wiping operations deactivated.","TRUE or Undefined","VMCH-80-000194","N/A","Get-VM -Name $VM | Get-AdvancedSetting -Name isolation.tools.diskWiper.disable | Remove-AdvancedSetting"
"VM","SSK_JumpHost","PASS","SSK_JumpHost: mks.enable3d not configured and is using secure defaults ()","vm-8.deactivate-non-essential-3d-features","P2","Virtual machines must have 3D graphics features deactivated when not required.","FALSE","VMCH-80-000202","N/A","Get-VM -Name $VM | Get-AdvancedSetting mks.enable3d | Set-AdvancedSetting -Value $false"
"VM","SSK_JumpHost","PASS","SSK_JumpHost: isolation.tools.diskShrink.disable not configured and is using secure defaults ()","vm-8.deactivate-disk-shrinking-shrink","P2","Virtual machines must have virtual disk shrinking operations deactivated.","TRUE or Undefined","VMCH-80-000193","N/A","Get-VM -Name $VM | Get-AdvancedSetting -Name isolation.tools.diskShrink.disable | Remove-AdvancedSetting"
"VM","SSK_JumpHost","PASS","SSK_JumpHost: isolation.tools.copy.disable not configured and is using secure defaults ()","vm-8.deactivate-console-copy","P2","Virtual machines must have console copy operations deactivated.","TRUE or Undefined","VMCH-80-000189","3.4.2","Get-VM -Name $VM | Get-AdvancedSetting -Name isolation.tools.copy.disable | Remove-AdvancedSetting"
"VM","SSK_JumpHost","PASS","SSK_JumpHost: sched.mem.pshare.salt not configured ().","vm-8.transparentpagesharing-inter-vm-enabled","P2","Virtual machines must restrict sharing of memory pages between VMs.","Not Present","VMCH-80-000199","N/A","Get-VM -Name $VM | Get-AdvancedSetting -Name sched.mem.pshare.salt | Remove-AdvancedSetting"
"VM","SSK_JumpHost","PASS","SSK_JumpHost: isolation.tools.dnd.disable not configured and is using secure defaults ()","vm-8.isolation-tools-dnd-deactivate","P2","Virtual machines must have console drag and drop operations deactivated.","TRUE or Undefined","VMCH-80-000191","N/A","Get-VM -Name $VM | Get-AdvancedSetting -Name isolation.tools.dnd.disable | Remove-AdvancedSetting"
"VM","SSK_JumpHost","PASS","SSK_JumpHost: log.keepOld not configured and is using secure defaults","vm-8.log-retention","P2","Virtual machines must limit the number of retained diagnostic logs.","10 or Undefined","VMCH-80-000206","10.5.1","Get-VM -Name $VM | Get-AdvancedSetting -Name log.keepOld | Remove-AdvancedSetting"
"VM","SSK_JumpHost","PASS","SSK_JumpHost: tools.setInfo.sizeLimit not configured and is using secure defaults","vm-8.limit-setinfo-size","P2","Virtual machines must limit informational messages from the virtual machine to the VMX file.","1048576 or Undefined","VMCH-80-000196","N/A","Get-VM -Name $VM | Get-AdvancedSetting -Name tools.setInfo.sizeLimit | Remove-AdvancedSetting"
"VM","SSK_JumpHost","PASS","SSK_JumpHost: log.rotateSize not configured and is using secure defaults","vm-8.log-rotation-size","P2","Virtual machines must limit the size of diagnostic logs.","2048000 or Undefined","VMCH-80-000205","10.5.1","Get-VM -Name $VM | Get-AdvancedSetting -Name log.rotateSize | Remove-AdvancedSetting"
"VM","SSK_JumpHost","FAIL","SSK_JumpHost: RemoteDisplay.maxConnections configured incorrectly (-1, expected eq 1)","vm-8.limit-console-connections","P0","Virtual machines must limit console sharing.","1","VMCH-80-000195","N/A","Get-VM -Name $VM | Get-AdvancedSetting RemoteDisplay.maxConnections | Set-AdvancedSetting -Value 1"
"VM","SSK_JumpHost","FAIL","SSK_JumpHost: Encrypted vMotion defaults configured (opportunistic).","vm-8.vmotion-encrypted","P1","Virtual machines must require encryption for vMotion.","required","VMCH-80-000203","2.2.7
4.2.1","$VMview = Get-VM -Name $VM | Get-View  $ConfigSpec = New-Object VMware.Vim.VirtualMachineConfigSpec $ConfigSpec.MigrateEncryption = New-Object VMware.Vim.VirtualMachineConfigSpecEncryptedVMotionModes $ConfigSpec.MigrateEncryption = ""required"" $VMview.ReconfigVM_Task($ConfigSpec)"
"VM","SSK_JumpHost","FAIL","SSK_JumpHost: Encrypted Fault Tolerance defaults configured (ftEncryptionOpportunistic)","vm-8.ft-encrypted","P1","Virtual machines must require encryption for Fault Tolerance.","ftEncryptionRequired","VMCH-80-000204","2.2.7
4.2.1","$VMview = Get-VM -Name $VM | Get-View  $ConfigSpec = New-Object VMware.Vim.VirtualMachineConfigSpec $ConfigSpec.FtEncryptionMode = New-object VMware.Vim.VirtualMachineConfigSpecEncryptedFtModes $ConfigSpec.FtEncryptionMode = ""ftEncryptionRequired""  $VMview.ReconfigVM_Task($ConfigSpec)"
"VM","SSK_JumpHost","PASS","SSK_JumpHost: Diagnostic logging configured correctly (True)","vm-8.log-enable","P2","Virtual machines must enable diagnostic logging.","TRUE","VMCH-80-000207","10.5.1","$VMview = Get-VM -Name $VM | Get-View  $ConfigSpec = New-Object VMware.Vim.VirtualMachineConfigSpec $ConfigSpec.Flags = New-Object VMware.Vim.VirtualMachineFlagInfo $ConfigSpec.Flags.EnableLogging = $true $VMview.ReconfigVM_Task($ConfigSpec)"
"VM","SSK_JumpHost","PASS","SSK_JumpHost: dvFilters not configured ()","vm-8.dvfilter","P2","Virtual machines must limit access through the ""dvfilter"" network Application Programming Interface (API).","Not Present","VMCH-80-000200","N/A","Get-VM -Name $VM | Get-AdvancedSetting ""ethernet*.filter*.name*"" | Remove-AdvancedSetting"
"VM","SSK_JumpHost","PASS","SSK_JumpHost: Passthrough hardware devices not configured","vm-8.pci-passthrough","P0","Virtual machines must limit PCI device passthrough functionality.","Not Present","VMCH-80-000214","N/A","Get-VM -Name $VM | Get-PassthroughDevice | Remove-PassthroughDevice"
"VM","SSK_JumpHost","FAIL","SSK_JumpHost: VirtualAHCIController device present. Evaluate and remove if not necessary.",,,,,,,
"VM","SSK_JumpHost","FAIL","SSK_JumpHost: VirtualCdrom device present. Evaluate and remove if not necessary.",,,,,,,
"VM","SSK_JumpHost","FAIL","SSK_JumpHost: VM permitted to boot from all possible sources. ()",,,,,,,
"VM","SSK_JumpHost","INFO","SSK_JumpHost: Audit of SSK_JumpHost completed at 2026-09-07 09:02:01",,,,,,,
"VM","ssk-ako-test","INFO","VMware Virtual Machine Security Settings Audit Utility 8.0.3",,,,,,,
"VM","ssk-ako-test","INFO","Audit of ssk-ako-test started at 2026-09-07 09:02:01 from HCSVDI-28 by broadcom",,,,,,,
"VM","ssk-ako-test","INFO","EULA accepted.",,,,,,,
"VM","ssk-ako-test","FAIL","ssk-ako-test: VM does not have Secure Boot configured (False)","guest-8.secure-boot","P0","The guest OS must enable Secure Boot.","TRUE","N/A","5.2.3","$VMobj = (Get-VM -Name $VM) $ConfigSpec = New-Object VMware.Vim.VirtualMachineConfigSpec $bootOptions = New-Object VMware.Vim.VirtualMachineBootOptions $bootOptions.EfiSecureBootEnabled = $true $ConfigSpec.BootOptions = $bootOptions $task = $VMobj.ExtensionData.ReconfigVM_Task($ConfigSpec)"
"VM","ssk-ako-test","PASS","ssk-ako-test: VM is VM Hardware 21 (vSphere 8) (vmx-21)",,,,,,,
"VM","ssk-ako-test","PASS","ssk-ako-test: tools.guestlib.enableHostInfo not configured and is using secure defaults ()","vm-8.restrict-host-info","P2","Virtual machines must not be able to obtain host information from the hypervisor.","FALSE or Undefined","VMCH-80-000198","1.4.5","Get-VM -Name $VM | Get-AdvancedSetting tools.guestlib.enableHostInfo | Remove-AdvancedSetting"
"VM","ssk-ako-test","PASS","ssk-ako-test: tools.guest.desktop.autolock configured correctly (TRUE)","vm-8.vmrc-lock","P0","Virtual machines must be configured to lock when the last console connection is closed.","TRUE","VMCH-80-000201","N/A","Get-VM -Name $VM | Get-AdvancedSetting -Name tools.guest.desktop.autolock | Set-AdvancedSetting -Value $true"
"VM","ssk-ako-test","PASS","ssk-ako-test: isolation.tools.paste.disable not configured and is using secure defaults ()","vm-8.deactivate-console-paste","P2","Virtual machines must have console paste operations deactivated.","TRUE or Undefined","VMCH-80-000192","3.4.2","Get-VM -Name $VM | Get-AdvancedSetting -Name isolation.tools.paste.disable | Remove-AdvancedSetting"
"VM","ssk-ako-test","PASS","ssk-ako-test: isolation.device.connectable.disable not configured and is using secure defaults ()","vm-8.isolation-device-connectable-deactivate","P2","Virtual machines must prevent unauthorized removal, connection and modification of devices.","TRUE or Undefined","VMCH-80-000197","N/A","Get-VM -Name $VM | Get-AdvancedSetting -Name isolation.device.connectable.disable | Remove-AdvancedSetting"
"VM","ssk-ako-test","PASS","ssk-ako-test: isolation.tools.diskWiper.disable not configured and is using secure defaults ()","vm-8.deactivate-disk-shrinking-wiper","P2","Virtual machines must have virtual disk wiping operations deactivated.","TRUE or Undefined","VMCH-80-000194","N/A","Get-VM -Name $VM | Get-AdvancedSetting -Name isolation.tools.diskWiper.disable | Remove-AdvancedSetting"
"VM","ssk-ako-test","PASS","ssk-ako-test: mks.enable3d not configured and is using secure defaults ()","vm-8.deactivate-non-essential-3d-features","P2","Virtual machines must have 3D graphics features deactivated when not required.","FALSE","VMCH-80-000202","N/A","Get-VM -Name $VM | Get-AdvancedSetting mks.enable3d | Set-AdvancedSetting -Value $false"
"VM","ssk-ako-test","PASS","ssk-ako-test: isolation.tools.diskShrink.disable not configured and is using secure defaults ()","vm-8.deactivate-disk-shrinking-shrink","P2","Virtual machines must have virtual disk shrinking operations deactivated.","TRUE or Undefined","VMCH-80-000193","N/A","Get-VM -Name $VM | Get-AdvancedSetting -Name isolation.tools.diskShrink.disable | Remove-AdvancedSetting"
"VM","ssk-ako-test","PASS","ssk-ako-test: isolation.tools.copy.disable not configured and is using secure defaults ()","vm-8.deactivate-console-copy","P2","Virtual machines must have console copy operations deactivated.","TRUE or Undefined","VMCH-80-000189","3.4.2","Get-VM -Name $VM | Get-AdvancedSetting -Name isolation.tools.copy.disable | Remove-AdvancedSetting"
"VM","ssk-ako-test","PASS","ssk-ako-test: sched.mem.pshare.salt not configured ().","vm-8.transparentpagesharing-inter-vm-enabled","P2","Virtual machines must restrict sharing of memory pages between VMs.","Not Present","VMCH-80-000199","N/A","Get-VM -Name $VM | Get-AdvancedSetting -Name sched.mem.pshare.salt | Remove-AdvancedSetting"
"VM","ssk-ako-test","PASS","ssk-ako-test: isolation.tools.dnd.disable not configured and is using secure defaults ()","vm-8.isolation-tools-dnd-deactivate","P2","Virtual machines must have console drag and drop operations deactivated.","TRUE or Undefined","VMCH-80-000191","N/A","Get-VM -Name $VM | Get-AdvancedSetting -Name isolation.tools.dnd.disable | Remove-AdvancedSetting"
"VM","ssk-ako-test","PASS","ssk-ako-test: log.keepOld not configured and is using secure defaults","vm-8.log-retention","P2","Virtual machines must limit the number of retained diagnostic logs.","10 or Undefined","VMCH-80-000206","10.5.1","Get-VM -Name $VM | Get-AdvancedSetting -Name log.keepOld | Remove-AdvancedSetting"
"VM","ssk-ako-test","PASS","ssk-ako-test: tools.setInfo.sizeLimit not configured and is using secure defaults","vm-8.limit-setinfo-size","P2","Virtual machines must limit informational messages from the virtual machine to the VMX file.","1048576 or Undefined","VMCH-80-000196","N/A","Get-VM -Name $VM | Get-AdvancedSetting -Name tools.setInfo.sizeLimit | Remove-AdvancedSetting"
"VM","ssk-ako-test","PASS","ssk-ako-test: log.rotateSize not configured and is using secure defaults","vm-8.log-rotation-size","P2","Virtual machines must limit the size of diagnostic logs.","2048000 or Undefined","VMCH-80-000205","10.5.1","Get-VM -Name $VM | Get-AdvancedSetting -Name log.rotateSize | Remove-AdvancedSetting"
"VM","ssk-ako-test","FAIL","ssk-ako-test: RemoteDisplay.maxConnections configured incorrectly (-1, expected eq 1)","vm-8.limit-console-connections","P0","Virtual machines must limit console sharing.","1","VMCH-80-000195","N/A","Get-VM -Name $VM | Get-AdvancedSetting RemoteDisplay.maxConnections | Set-AdvancedSetting -Value 1"
"VM","ssk-ako-test","FAIL","ssk-ako-test: Encrypted vMotion defaults configured (opportunistic).","vm-8.vmotion-encrypted","P1","Virtual machines must require encryption for vMotion.","required","VMCH-80-000203","2.2.7
4.2.1","$VMview = Get-VM -Name $VM | Get-View  $ConfigSpec = New-Object VMware.Vim.VirtualMachineConfigSpec $ConfigSpec.MigrateEncryption = New-Object VMware.Vim.VirtualMachineConfigSpecEncryptedVMotionModes $ConfigSpec.MigrateEncryption = ""required"" $VMview.ReconfigVM_Task($ConfigSpec)"
"VM","ssk-ako-test","FAIL","ssk-ako-test: Encrypted Fault Tolerance defaults configured (ftEncryptionOpportunistic)","vm-8.ft-encrypted","P1","Virtual machines must require encryption for Fault Tolerance.","ftEncryptionRequired","VMCH-80-000204","2.2.7
4.2.1","$VMview = Get-VM -Name $VM | Get-View  $ConfigSpec = New-Object VMware.Vim.VirtualMachineConfigSpec $ConfigSpec.FtEncryptionMode = New-object VMware.Vim.VirtualMachineConfigSpecEncryptedFtModes $ConfigSpec.FtEncryptionMode = ""ftEncryptionRequired""  $VMview.ReconfigVM_Task($ConfigSpec)"
"VM","ssk-ako-test","PASS","ssk-ako-test: Diagnostic logging configured correctly (True)","vm-8.log-enable","P2","Virtual machines must enable diagnostic logging.","TRUE","VMCH-80-000207","10.5.1","$VMview = Get-VM -Name $VM | Get-View  $ConfigSpec = New-Object VMware.Vim.VirtualMachineConfigSpec $ConfigSpec.Flags = New-Object VMware.Vim.VirtualMachineFlagInfo $ConfigSpec.Flags.EnableLogging = $true $VMview.ReconfigVM_Task($ConfigSpec)"
"VM","ssk-ako-test","PASS","ssk-ako-test: dvFilters not configured ()","vm-8.dvfilter","P2","Virtual machines must limit access through the ""dvfilter"" network Application Programming Interface (API).","Not Present","VMCH-80-000200","N/A","Get-VM -Name $VM | Get-AdvancedSetting ""ethernet*.filter*.name*"" | Remove-AdvancedSetting"
"VM","ssk-ako-test","PASS","ssk-ako-test: Passthrough hardware devices not configured","vm-8.pci-passthrough","P0","Virtual machines must limit PCI device passthrough functionality.","Not Present","VMCH-80-000214","N/A","Get-VM -Name $VM | Get-PassthroughDevice | Remove-PassthroughDevice"
"VM","ssk-ako-test","FAIL","ssk-ako-test: VirtualAHCIController device present. Evaluate and remove if not necessary.",,,,,,,
"VM","ssk-ako-test","FAIL","ssk-ako-test: VirtualCdrom device present. Evaluate and remove if not necessary.",,,,,,,
"VM","ssk-ako-test","FAIL","ssk-ako-test: VM permitted to boot from all possible sources. ()",,,,,,,
"VM","ssk-ako-test","INFO","ssk-ako-test: Audit of ssk-ako-test completed at 2026-09-07 09:02:02",,,,,,,
"VM","ssk-avi-controller","INFO","VMware Virtual Machine Security Settings Audit Utility 8.0.3",,,,,,,
"VM","ssk-avi-controller","INFO","Audit of ssk-avi-controller started at 2026-09-07 09:02:02 from HCSVDI-28 by broadcom",,,,,,,
"VM","ssk-avi-controller","INFO","EULA accepted.",,,,,,,
"VM","ssk-avi-controller","FAIL","ssk-avi-controller: VM does not have Secure Boot configured (False)","guest-8.secure-boot","P0","The guest OS must enable Secure Boot.","TRUE","N/A","5.2.3","$VMobj = (Get-VM -Name $VM) $ConfigSpec = New-Object VMware.Vim.VirtualMachineConfigSpec $bootOptions = New-Object VMware.Vim.VirtualMachineBootOptions $bootOptions.EfiSecureBootEnabled = $true $ConfigSpec.BootOptions = $bootOptions $task = $VMobj.ExtensionData.ReconfigVM_Task($ConfigSpec)"
"VM","ssk-avi-controller","PASS","ssk-avi-controller: VM is VM Hardware 21 (vSphere 8) (vmx-21)",,,,,,,
"VM","ssk-avi-controller","PASS","ssk-avi-controller: tools.guestlib.enableHostInfo not configured and is using secure defaults ()","vm-8.restrict-host-info","P2","Virtual machines must not be able to obtain host information from the hypervisor.","FALSE or Undefined","VMCH-80-000198","1.4.5","Get-VM -Name $VM | Get-AdvancedSetting tools.guestlib.enableHostInfo | Remove-AdvancedSetting"
"VM","ssk-avi-controller","PASS","ssk-avi-controller: tools.guest.desktop.autolock not configured and is using secure defaults ()","vm-8.vmrc-lock","P0","Virtual machines must be configured to lock when the last console connection is closed.","TRUE","VMCH-80-000201","N/A","Get-VM -Name $VM | Get-AdvancedSetting -Name tools.guest.desktop.autolock | Set-AdvancedSetting -Value $true"
"VM","ssk-avi-controller","PASS","ssk-avi-controller: isolation.tools.paste.disable not configured and is using secure defaults ()","vm-8.deactivate-console-paste","P2","Virtual machines must have console paste operations deactivated.","TRUE or Undefined","VMCH-80-000192","3.4.2","Get-VM -Name $VM | Get-AdvancedSetting -Name isolation.tools.paste.disable | Remove-AdvancedSetting"
"VM","ssk-avi-controller","PASS","ssk-avi-controller: isolation.device.connectable.disable not configured and is using secure defaults ()","vm-8.isolation-device-connectable-deactivate","P2","Virtual machines must prevent unauthorized removal, connection and modification of devices.","TRUE or Undefined","VMCH-80-000197","N/A","Get-VM -Name $VM | Get-AdvancedSetting -Name isolation.device.connectable.disable | Remove-AdvancedSetting"
"VM","ssk-avi-controller","PASS","ssk-avi-controller: isolation.tools.diskWiper.disable not configured and is using secure defaults ()","vm-8.deactivate-disk-shrinking-wiper","P2","Virtual machines must have virtual disk wiping operations deactivated.","TRUE or Undefined","VMCH-80-000194","N/A","Get-VM -Name $VM | Get-AdvancedSetting -Name isolation.tools.diskWiper.disable | Remove-AdvancedSetting"
"VM","ssk-avi-controller","PASS","ssk-avi-controller: mks.enable3d not configured and is using secure defaults ()","vm-8.deactivate-non-essential-3d-features","P2","Virtual machines must have 3D graphics features deactivated when not required.","FALSE","VMCH-80-000202","N/A","Get-VM -Name $VM | Get-AdvancedSetting mks.enable3d | Set-AdvancedSetting -Value $false"
"VM","ssk-avi-controller","PASS","ssk-avi-controller: isolation.tools.diskShrink.disable not configured and is using secure defaults ()","vm-8.deactivate-disk-shrinking-shrink","P2","Virtual machines must have virtual disk shrinking operations deactivated.","TRUE or Undefined","VMCH-80-000193","N/A","Get-VM -Name $VM | Get-AdvancedSetting -Name isolation.tools.diskShrink.disable | Remove-AdvancedSetting"
"VM","ssk-avi-controller","PASS","ssk-avi-controller: isolation.tools.copy.disable not configured and is using secure defaults ()","vm-8.deactivate-console-copy","P2","Virtual machines must have console copy operations deactivated.","TRUE or Undefined","VMCH-80-000189","3.4.2","Get-VM -Name $VM | Get-AdvancedSetting -Name isolation.tools.copy.disable | Remove-AdvancedSetting"
"VM","ssk-avi-controller","PASS","ssk-avi-controller: sched.mem.pshare.salt not configured ().","vm-8.transparentpagesharing-inter-vm-enabled","P2","Virtual machines must restrict sharing of memory pages between VMs.","Not Present","VMCH-80-000199","N/A","Get-VM -Name $VM | Get-AdvancedSetting -Name sched.mem.pshare.salt | Remove-AdvancedSetting"
"VM","ssk-avi-controller","PASS","ssk-avi-controller: isolation.tools.dnd.disable not configured and is using secure defaults ()","vm-8.isolation-tools-dnd-deactivate","P2","Virtual machines must have console drag and drop operations deactivated.","TRUE or Undefined","VMCH-80-000191","N/A","Get-VM -Name $VM | Get-AdvancedSetting -Name isolation.tools.dnd.disable | Remove-AdvancedSetting"
"VM","ssk-avi-controller","PASS","ssk-avi-controller: log.keepOld not configured and is using secure defaults","vm-8.log-retention","P2","Virtual machines must limit the number of retained diagnostic logs.","10 or Undefined","VMCH-80-000206","10.5.1","Get-VM -Name $VM | Get-AdvancedSetting -Name log.keepOld | Remove-AdvancedSetting"
"VM","ssk-avi-controller","PASS","ssk-avi-controller: tools.setInfo.sizeLimit not configured and is using secure defaults","vm-8.limit-setinfo-size","P2","Virtual machines must limit informational messages from the virtual machine to the VMX file.","1048576 or Undefined","VMCH-80-000196","N/A","Get-VM -Name $VM | Get-AdvancedSetting -Name tools.setInfo.sizeLimit | Remove-AdvancedSetting"
"VM","ssk-avi-controller","PASS","ssk-avi-controller: log.rotateSize not configured and is using secure defaults","vm-8.log-rotation-size","P2","Virtual machines must limit the size of diagnostic logs.","2048000 or Undefined","VMCH-80-000205","10.5.1","Get-VM -Name $VM | Get-AdvancedSetting -Name log.rotateSize | Remove-AdvancedSetting"
"VM","ssk-avi-controller","FAIL","ssk-avi-controller: RemoteDisplay.maxConnections not configured","vm-8.limit-console-connections","P0","Virtual machines must limit console sharing.","1","VMCH-80-000195","N/A","Get-VM -Name $VM | Get-AdvancedSetting RemoteDisplay.maxConnections | Set-AdvancedSetting -Value 1"
"VM","ssk-avi-controller","FAIL","ssk-avi-controller: Encrypted vMotion defaults configured (opportunistic).","vm-8.vmotion-encrypted","P1","Virtual machines must require encryption for vMotion.","required","VMCH-80-000203","2.2.7
4.2.1","$VMview = Get-VM -Name $VM | Get-View  $ConfigSpec = New-Object VMware.Vim.VirtualMachineConfigSpec $ConfigSpec.MigrateEncryption = New-Object VMware.Vim.VirtualMachineConfigSpecEncryptedVMotionModes $ConfigSpec.MigrateEncryption = ""required"" $VMview.ReconfigVM_Task($ConfigSpec)"
"VM","ssk-avi-controller","FAIL","ssk-avi-controller: Encrypted Fault Tolerance defaults configured (ftEncryptionOpportunistic)","vm-8.ft-encrypted","P1","Virtual machines must require encryption for Fault Tolerance.","ftEncryptionRequired","VMCH-80-000204","2.2.7
4.2.1","$VMview = Get-VM -Name $VM | Get-View  $ConfigSpec = New-Object VMware.Vim.VirtualMachineConfigSpec $ConfigSpec.FtEncryptionMode = New-object VMware.Vim.VirtualMachineConfigSpecEncryptedFtModes $ConfigSpec.FtEncryptionMode = ""ftEncryptionRequired""  $VMview.ReconfigVM_Task($ConfigSpec)"
"VM","ssk-avi-controller","PASS","ssk-avi-controller: Diagnostic logging configured correctly (True)","vm-8.log-enable","P2","Virtual machines must enable diagnostic logging.","TRUE","VMCH-80-000207","10.5.1","$VMview = Get-VM -Name $VM | Get-View  $ConfigSpec = New-Object VMware.Vim.VirtualMachineConfigSpec $ConfigSpec.Flags = New-Object VMware.Vim.VirtualMachineFlagInfo $ConfigSpec.Flags.EnableLogging = $true $VMview.ReconfigVM_Task($ConfigSpec)"
"VM","ssk-avi-controller","PASS","ssk-avi-controller: dvFilters not configured ()","vm-8.dvfilter","P2","Virtual machines must limit access through the ""dvfilter"" network Application Programming Interface (API).","Not Present","VMCH-80-000200","N/A","Get-VM -Name $VM | Get-AdvancedSetting ""ethernet*.filter*.name*"" | Remove-AdvancedSetting"
"VM","ssk-avi-controller","PASS","ssk-avi-controller: Passthrough hardware devices not configured","vm-8.pci-passthrough","P0","Virtual machines must limit PCI device passthrough functionality.","Not Present","VMCH-80-000214","N/A","Get-VM -Name $VM | Get-PassthroughDevice | Remove-PassthroughDevice"
"VM","ssk-avi-controller","FAIL","ssk-avi-controller: VM permitted to boot from all possible sources. ()",,,,,,,
"VM","ssk-avi-controller","INFO","ssk-avi-controller: Audit of ssk-avi-controller completed at 2026-09-07 09:02:02",,,,,,,
"VM","VCSA","INFO","VMware Virtual Machine Security Settings Audit Utility 8.0.3",,,,,,,
"VM","VCSA","INFO","Audit of VCSA started at 2026-09-07 09:02:02 from HCSVDI-28 by broadcom",,,,,,,
"VM","VCSA","INFO","EULA accepted.",,,,,,,
"VM","VCSA","ERROR","VCSA: The specified object may be a VMware virtual appliance or vCLS container.",,,,,,,
"VM","VCSA","ERROR","VCSA: Altering these types of objects is not supported and may result in operational issues.",,,,,,,
"VM","VCSA","ERROR","VCSA: vCLS Containers are managed by the vSphere Cluster Service and cannot be altered.",,,,,,,
"VM","VCSA","ERROR","VCSA: If you wish to audit this component anyhow consider the -NoSafetyChecks",,,,,,,
"VM","VCSA","ERROR","VCSA: or the -NoSafetyChecksExceptAppliances flag.",,,,,,,
